city_ar,district_ar,property_type_ar,year,quarter,target_median_price_per_sqm,deals_count,std_price,min_price,max_price,iqr_price,prev_year_median_price_per_sqm,latitude,longitude,dist_school_km,dist_hospital_km,dist_mall_km,count_school_3km,count_hospital_3km,count_mall_3km,year_quarter_idx,baseline_price_per_sqm,baseline_log,target_log,target_resid
الخبر,38/ 2,قطعة أرض-سكنى,2023,1,1970.0,16,0.0,1970.0,1970.0,0.0,1900.0,26.3,50.1,1.183,0.496,0.525,34,65,89,8093,1850.5980168056403,7.523804338085922,7.58629630715272,0.06249196906679799
الخبر,43/ 2,قطعة أرض-سكنى,2019,3,898.0,10,167.64529353502428,500.0,1134.0,153.5,797.0,26.3,50.1,1.183,0.496,0.525,34,65,89,8079,1970.0,7.58629630715272,6.80128303447162,-0.7850132726811001
الخبر,489/ 2,قطعة أرض-تجارى,2020,3,571.0,10,21.884545536367266,550.0,596.0,46.0,2048.0,26.3,50.1,1.183,0.496,0.525,34,65,89,8083,1850.5980168056403,7.523804338085922,6.349138991379798,-1.1746653467061243
الخبر,489/ 2,قطعة أرض-سكنى,2020,3,596.0,10,51.5477125260342,550.0,686.0,43.75,2048.0,26.3,50.1,1.183,0.496,0.525,34,65,89,8083,1434.0,7.268920128193722,6.391917113392602,-0.8770030148011196
الخبر,أخرى,قطعة أرض-تجارى,2021,1,1599.5,24,1420.527264836873,533.0,6617.0,1207.5,2048.0,26.3,50.1,1.183,0.496,0.525,34,65,89,8085,571.0,6.349138991379798,7.378071359409918,1.0289323680301203
الخبر,أخرى,قطعة أرض-تجارى,2021,2,2300.0,16,1090.0446760721934,666.0,4157.0,1020.25,2048.0,26.3,50.1,1.183,0.496,0.525,34,65,89,8086,1599.5,7.378071359409918,7.741099090035366,0.3630277306254479
الخبر,أخرى,قطعة أرض-تجارى,2021,3,2768.0,11,1835.1356600832244,534.0,7577.0,1324.0,2048.0,26.3,50.1,1.183,0.496,0.525,34,65,89,8087,1949.75,7.575969192996871,7.926241523170962,0.3502723301740911
الخبر,أخرى,قطعة أرض-تجارى,2021,4,1013.5,14,1315.5470700079845,540.0,5119.0,1697.75,2048.0,26.3,50.1,1.183,0.496,0.525,34,65,89,8088,2300.0,7.741099090035366,6.922151159265869,-0.8189479307694967
الخبر,أخرى,قطعة أرض-تجارى,2025,4,3081.05539592586,18,1992.279001018781,1260.0,7222.222222222223,3419.0,2048.0,26.3,50.1,1.183,0.496,0.525,34,65,89,8104,1949.75,7.575969192996871,8.033351989737303,0.4573827967404327
الخبر,أخرى,قطعة أرض-سكنى,2021,1,1850.0,235,2273.577589673327,500.0,14883.0,2091.0,820.0,26.3,50.1,1.183,0.496,0.525,34,65,89,8085,898.0,6.80128303447162,7.523481312573497,0.7221982781018772
الخبر,أخرى,قطعة أرض-سكنى,2021,2,2100.0,147,1655.5810566030161,579.0,10986.0,1513.5,820.0,26.3,50.1,1.183,0.496,0.525,34,65,89,8086,1850.0,7.523481312573497,7.650168700845001,0.1266873882715034
الخبر,أخرى,قطعة أرض-سكنى,2021,3,2300.0,123,2876.382281058846,520.0,17203.0,1761.0,820.0,26.3,50.1,1.183,0.496,0.525,34,65,89,8087,1975.0,7.588829878307813,7.741099090035366,0.15226921172755326
الخبر,أخرى,قطعة أرض-سكنى,2021,4,2380.0,118,1697.8054545315424,515.0,9521.0,1290.25,820.0,26.3,50.1,1.183,0.496,0.525,34,65,89,8088,2100.0,7.650168700845001,7.7752758464868625,0.12510714564186198
الخبر,أخرى,قطعة أرض-سكنى,2025,3,3749.0,61,2589.9923252412827,651.0,12902.0,1294.0,2048.0,26.3,50.1,1.183,0.496,0.525,34,65,89,8103,2200.0,7.696667081526462,8.229511118964457,0.5328440374379948
الخبر,أخرى,قطعة أرض-سكنى,2025,4,3887.255169561621,234,3186.6645739658493,537.0,15181.297535049942,2942.0,2048.0,26.3,50.1,1.183,0.496,0.525,34,65,89,8104,2300.0,7.741099090035366,8.265715793458055,0.524616703422689
الخبر,أخرى,قطعة أرض-سكنى,2026,1,3495.5,48,2989.07932875648,518.0,13320.0,2220.0,3818.1275847808106,26.3,50.1,1.183,0.496,0.525,34,65,89,8105,2340.0,7.75833346749091,8.159517747143921,0.40118427965301073
الخبر,اشبيليا,قطعة أرض-تجارى,2025,4,3599.0,13,758.1024524325793,2050.0,3700.0,1640.0,2048.0,26.3,50.1,1.183,0.496,0.525,34,65,89,8104,1949.75,7.575969192996871,8.1886891244442,0.6127199314473302
الخبر,اشبيليا,قطعة أرض-سكنى,2016,2,1714.0,17,1058.3983494773936,1275.0,5687.0,707.0,2048.0,26.3,50.1,1.183,0.496,0.525,34,65,89,8066,2340.0,7.75833346749091,7.44716835960004,-0.3111651078908704
الخبر,اشبيليا,قطعة أرض-سكنى,2017,1,2983.0,10,719.917402669686,1800.0,3500.0,1327.75,2310.0,26.3,50.1,1.183,0.496,0.525,34,65,89,8069,1714.0,7.44716835960004,8.001019961323651,0.5538516017236113
الخبر,اشبيليا,قطعة أرض-سكنى,2025,4,3737.0386979603245,60,930.2630997577376,1273.0,6342.154400875668,565.5756630177475,2048.0,26.3,50.1,1.183,0.496,0.525,34,65,89,8104,2348.5,7.761957818542871,8.226316340546276,0.46435852200340566
الخبر,اشبيليا,قطعة أرض-سكنى,2026,1,3700.0,39,890.9551494169638,1650.0,7718.0,819.5,3995.2693489801622,26.3,50.1,1.183,0.496,0.525,34,65,89,8105,2983.0,8.001019961323651,8.216358332386156,0.2153383710625043
الخبر,الأمواج,قطعة أرض-سكنى,2019,2,571.0,15,887.8403545897737,571.0,3810.0,35.0,2428.5,26.139912,50.14352,1.194,3.892,1.103,5,0,10,8078,3597.75,8.188341841926386,6.349138991379798,-1.839202850546588
الخبر,الأمواج,قطعة أرض-سكنى,2019,3,600.0,34,355.0112649162965,567.0,2670.0,53.0,2428.5,26.139912,50.14352,1.194,3.892,1.103,5,0,10,8079,571.0,6.349138991379798,6.398594934535208,0.0494559431554098
الخبر,الأندلس,قطعة أرض-سكنى,2025,4,3457.719011922215,13,262.14374409828,3000.0,3800.0,350.0,2048.0,26.32102,50.18589,0.183,1.269,0.591,104,102,105,8104,3239.25,8.083405766303484,8.148653571732403,0.06524780542891939
الخبر,الامواج,قطعة أرض-تجارى,2019,2,600.0,12,594.5853915786931,594.0,2133.0,23.5,2664.0,26.3,50.1,1.183,0.496,0.525,34,65,89,8078,2300.0,7.741099090035366,6.398594934535208,-1.3425041555001584
الخبر,الامواج,قطعة أرض-تجارى,2019,4,629.0,30,64.92414672204944,530.0,728.0,118.75,2664.0,26.3,50.1,1.183,0.496,0.525,34,65,89,8080,600.0,6.398594934535208,6.4457198193855785,0.04712488485037092
الخبر,الامواج,قطعة أرض-تجارى,2020,1,725.0,28,361.9247981609018,664.0,2629.0,22.25,624.0,26.3,50.1,1.183,0.496,0.525,34,65,89,8081,614.5,6.4224349456245085,6.587550014824796,0.1651150692002874
الخبر,الامواج,قطعة أرض-تجارى,2020,4,900.0,25,474.5187140672115,561.0,2891.0,539.0,624.0,26.3,50.1,1.183,0.496,0.525,34,65,89,8084,629.0,6.4457198193855785,6.803505257608338,0.3577854382227592
الخبر,الامواج,قطعة أرض-تجارى,2021,1,1000.0,13,99.9111785024258,875.0,1100.0,201.0,779.25,26.3,50.1,1.183,0.496,0.525,34,65,89,8085,677.0,6.519147287940395,6.90875477931522,0.3896074913748251
الخبر,الامواج,قطعة أرض-تجارى,2021,2,950.0,55,145.0817672621863,550.0,1199.0,33.0,779.25,26.3,50.1,1.183,0.496,0.525,34,65,89,8086,725.0,6.587550014824796,6.85751406254539,0.26996404772059446
الخبر,الامواج,قطعة أرض-تجارى,2021,3,950.0,38,609.836296038421,650.0,3316.0,180.0,779.25,26.3,50.1,1.183,0.496,0.525,34,65,89,8087,812.5,6.7013459266590925,6.85751406254539,0.15616813588629785
الخبر,الامواج,قطعة أرض-تجارى,2021,4,1150.0,35,595.5726895782147,599.0,3128.0,173.5,779.25,26.3,50.1,1.183,0.496,0.525,34,65,89,8088,900.0,6.803505257608338,7.048386408721883,0.24488115111354514
الخبر,الامواج,قطعة أرض-سكنى,2016,1,3075.5,12,823.0826019889921,640.0,4154.0,596.25,2048.0,26.3,50.1,1.183,0.496,0.525,34,65,89,8065,3220.3595059611075,8.077558756254454,8.031547866180546,-0.04601089007390868
الخبر,الامواج,قطعة أرض-سكنى,2016,2,1684.0,14,1239.968946793019,700.0,3272.0,2483.0,2048.0,26.3,50.1,1.183,0.496,0.525,34,65,89,8066,3075.5,8.031547866180546,7.429520842786462,-0.6020270233940836
الخبر,الامواج,قطعة أرض-سكنى,2017,1,550.0,11,1178.766142278365,550.0,2987.0,2230.0,3075.5,26.3,50.1,1.183,0.496,0.525,34,65,89,8069,2379.75,7.7751708430741555,6.311734809152915,-1.4634360339212407
الخبر,الامواج,قطعة أرض-سكنى,2017,2,577.0,12,705.8129849308311,508.0,2469.0,57.75,3075.5,26.3,50.1,1.183,0.496,0.525,34,65,89,8070,1684.0,7.429520842786462,6.359573868672378,-1.0699469741140843
الخبر,الامواج,قطعة أرض-سكنى,2017,4,700.0,11,819.0961426530409,610.0,2696.0,765.0,3075.5,26.3,50.1,1.183,0.496,0.525,34,65,89,8072,1130.5,7.031299465073592,6.55250788703459,-0.47879157803900174
الخبر,الامواج,قطعة أرض-سكنى,2019,1,596.5,22,515.04125838179,538.0,2432.0,42.75,2571.0,26.3,50.1,1.183,0.496,0.525,34,65,89,8077,700.0,6.55250788703459,6.392754283805666,-0.15975360322892396
الخبر,الامواج,قطعة أرض-سكنى,2019,2,594.0,54,524.6163714342124,500.0,2933.0,57.0,2571.0,26.3,50.1,1.183,0.496,0.525,34,65,89,8078,648.25,6.475817850542858,6.38856140554563,-0.08725644499722751
الخبر,الامواج,قطعة أرض-سكنى,2019,3,615.0,63,302.7744222064465,505.0,2400.0,68.5,2571.0,26.3,50.1,1.183,0.496,0.525,34,65,89,8079,596.5,6.392754283805666,6.423246963533519,0.0304926797278533
الخبر,الامواج,قطعة أرض-سكنى,2019,4,651.5,86,352.3374587172381,502.0,3380.0,52.0,2571.0,26.3,50.1,1.183,0.496,0.525,34,65,89,8080,605.75,6.4081168446067105,6.480811139196849,0.07269429459013832
الخبر,الامواج,قطعة أرض-سكنى,2020,1,741.0,34,766.6499781179848,675.0,3662.0,125.0,605.75,26.3,50.1,1.183,0.496,0.525,34,65,89,8081,605.75,6.4081168446067105,6.60934924316738,0.20123239856066988
الخبر,الامواج,قطعة أرض-سكنى,2020,2,2857.0,25,838.6251387439643,704.0,3890.0,457.0,605.75,26.3,50.1,1.183,0.496,0.525,34,65,89,8082,605.75,6.4081168446067105,7.957877358489813,1.5497605138831023
الخبر,الامواج,قطعة أرض-سكنى,2020,3,920.0,31,674.3848539096914,603.0,2741.0,838.5,605.75,26.3,50.1,1.183,0.496,0.525,34,65,89,8083,633.25,6.452443198479391,6.825460036255307,0.373016837775916
الخبر,الامواج,قطعة أرض-سكنى,2020,4,900.0,83,600.8070258247158,561.0,3476.0,240.0,605.75,26.3,50.1,1.183,0.496,0.525,34,65,89,8084,675.75,6.517301928494411,6.803505257608338,0.28620332911392676
الخبر,الامواج,قطعة أرض-سكنى,2021,1,1050.0,81,685.0498524258231,679.0,4800.0,100.0,910.0,26.3,50.1,1.183,0.496,0.525,34,65,89,8085,696.25,6.547144026507598,6.957497370876951,0.4103533443693532
الخبر,الامواج,قطعة أرض-سكنى,2021,2,950.0,137,286.8530980679646,500.0,3391.0,81.0,910.0,26.3,50.1,1.183,0.496,0.525,34,65,89,8086,820.5,6.711131937477322,6.85751406254539,0.14638212506806791
الخبر,الامواج,قطعة أرض-سكنى,2021,3,1000.0,130,791.5775452456631,500.0,4230.0,160.0,910.0,26.3,50.1,1.183,0.496,0.525,34,65,89,8087,910.0,6.814542897259958,6.90875477931522,0.09421188205526221
الخبر,الامواج,قطعة أرض-سكنى,2021,4,1124.5,136,649.0443619842401,731.0,4156.0,100.0,910.0,26.3,50.1,1.183,0.496,0.525,34,65,89,8088,935.0,6.841615476477592,7.025982660346787,0.18436718386919537
الخبر,الامواج,قطعة أرض-سكنى,2023,1,1333.0,13,832.9180093240932,734.0,2948.0,1649.0,1386.0,26.3,50.1,1.183,0.496,0.525,34,65,89,8093,975.0,6.883462586413092,7.195937226475569,0.3124746400624767
الخبر,الامواج,قطعة أرض-سكنى,2025,3,1150.0,35,429.1212008768814,845.0,2590.0,208.5,2048.0,26.3,50.1,1.183,0.496,0.525,34,65,89,8103,1025.0,6.933423025730715,7.048386408721883,0.11496338299116804
الخبر,الامواج,قطعة أرض-سكنى,2025,4,1200.0,94,634.5215918293256,729.0,3343.752271570837,447.25,2048.0,26.3,50.1,1.183,0.496,0.525,34,65,89,8104,1025.0,6.933423025730715,7.0909098220799835,0.15748679634926877
الخبر,الامواج,قطعة أرض-سكنى,2026,1,1000.0,15,1215.493754268884,894.0,4574.0,870.5,1175.0,26.3,50.1,1.183,0.496,0.525,34,65,89,8105,1087.25,6.992326180432407,6.90875477931522,-0.08357140111718664
الخبر,البحر,قطعة أرض-تجارى,2021,1,1600.0,17,291.32175965255135,1250.0,2200.0,370.0,2048.0,26.357881,50.226128,1.228,1.51,0.895,20,26,15,8085,925.0,6.8308742346461795,7.3783837129967145,0.547509478350535
الخبر,البحر,قطعة أرض-تجارى,2021,2,2000.0,15,226.92064902159294,1500.0,2200.0,350.0,2048.0,26.357881,50.226128,1.228,1.51,0.895,20,26,15,8086,1600.0,7.3783837129967145,7.601402334583733,0.2230186215870189
الخبر,البحر,قطعة أرض-سكنى,2021,1,1700.0,76,411.40556397571413,842.0,4632.0,250.0,2048.0,26.357881,50.226128,1.228,1.51,0.895,20,26,15,8085,1087.25,6.992326180432407,7.438971592395862,0.44664541196345464
الخبر,البحر,قطعة أرض-سكنى,2021,2,1926.0,49,262.66161367683645,1100.0,2600.0,202.0,2048.0,26.357881,50.226128,1.228,1.51,0.895,20,26,15,8086,1700.0,7.438971592395862,7.563719668414366,0.12474807601850468
الخبر,البحر,قطعة أرض-سكنى,2021,3,2049.5,14,482.87793943770555,1180.0,2800.0,702.25,2048.0,26.357881,50.226128,1.228,1.51,0.895,20,26,15,8087,1813.0,7.503289630675082,7.625838944832114,0.12254931415703219
الخبر,البحر,قطعة أرض-سكنى,2021,4,2100.0,27,710.4107876288812,1310.0,5161.0,125.0,2048.0,26.357881,50.226128,1.228,1.51,0.895,20,26,15,8088,1926.0,7.563719668414366,7.650168700845001,0.08644903243063418
الخبر,البحر,قطعة أرض-سكنى,2025,4,5919.439998616723,106,1945.994297768497,2650.0,8277.529761904761,4315.323330201238,2048.0,26.357881,50.226128,1.228,1.51,0.895,20,26,15,8104,1987.75,7.595261579651996,8.686166049206816,1.09090446955482
الخبر,البحيرة,قطعة أرض-تجارى,2021,4,2913.5,10,1169.4868247797122,1900.0,5371.0,1730.25,1892.0,26.189871,50.178971,0.214,0.763,0.27,32,32,51,8088,975.0,6.883462586413092,7.977453557485604,1.093990971072512
الخبر,البحيرة,قطعة أرض-سكنى,2021,1,1430.0,36,1425.5069148501925,539.0,4875.0,2794.0,2703.0,26.189871,50.178971,0.214,0.763,0.27,32,32,51,8085,1813.0,7.503289630675082,7.266128779556451,-0.23716085111863094
الخبر,البحيرة,قطعة أرض-سكنى,2021,2,3480.0,20,1500.5216636749683,539.0,4649.0,2516.75,2703.0,26.189871,50.178971,0.214,0.763,0.27,32,32,51,8086,1430.0,7.266128779556451,8.15507488781144,0.8889461082549888
الخبر,البحيرة,قطعة أرض-سكنى,2021,3,3352.0,15,1138.656882137062,1500.0,4986.0,1476.5,2703.0,26.189871,50.178971,0.214,0.763,0.27,32,32,51,8087,2455.0,7.806289289267033,8.117610746466228,0.31132145719919535
الخبر,البحيرة,قطعة أرض-سكنى,2021,4,1737.5,16,1231.9616724963485,520.0,4533.0,1795.0,2703.0,26.189871,50.178971,0.214,0.763,0.27,32,32,51,8088,3352.0,8.117610746466228,7.460777951447916,-0.6568327950183122
الخبر,البحيرة,قطعة أرض-سكنى,2022,1,1440.0,10,824.0064724664891,1150.0,3529.0,1115.75,2544.75,26.189871,50.178971,0.214,0.763,0.27,32,32,51,8089,2544.75,7.842180581051775,7.273092595999522,-0.5690879850522528
الخبر,البحيره,قطعة أرض-تجارى,2016,1,2800.0,11,1505.6808487132384,916.0,4961.0,2315.5,2048.0,26.3,50.1,1.183,0.496,0.525,34,65,89,8065,1075.0,6.98100574072173,7.937731775260109,0.956726034538379
الخبر,البحيره,قطعة أرض-تجارى,2017,1,950.0,10,504.768472778472,950.0,2551.0,0.0,3362.5,26.3,50.1,1.183,0.496,0.525,34,65,89,8069,2800.0,7.937731775260109,6.85751406254539,-1.0802177127147186
الخبر,البحيره,قطعة أرض-تجارى,2020,1,1397.0,13,1404.8978838700568,571.0,5149.0,1496.0,1481.0,26.3,50.1,1.183,0.496,0.525,34,65,89,8081,1875.0,7.53689712956617,7.242797922793756,-0.2940992067724144
الخبر,البحيره,قطعة أرض-سكنى,2016,1,3750.0,12,1929.0376368918921,887.0,5139.0,3760.75,2048.0,26.3,50.1,1.183,0.496,0.525,34,65,89,8065,2074.75,7.63807781314214,8.229777750081887,0.5916999369397464
الخبر,البحيره,قطعة أرض-سكنى,2016,2,4740.5,16,1074.6489019675216,1000.0,5139.0,1225.0,2048.0,26.3,50.1,1.183,0.496,0.525,34,65,89,8066,3750.0,8.229777750081887,8.464108820323782,0.23433107024189503
الخبر,البحيره,قطعة أرض-سكنى,2017,1,1083.0,20,1482.6219875257268,733.0,4892.0,2586.5,3548.0,26.3,50.1,1.183,0.496,0.525,34,65,89,8069,4245.25,8.353791519474793,6.988413181999592,-1.3653783374752013
الخبر,البحيره,قطعة أرض-سكنى,2017,4,3205.0,11,422.026647155237,2536.0,4133.0,179.5,3548.0,26.3,50.1,1.183,0.496,0.525,34,65,89,8072,3750.0,8.229777750081887,8.072779333169498,-0.1569984169123888
الخبر,البحيره,قطعة أرض-سكنى,2019,2,2327.0,17,1202.6067764749746,749.0,4861.0,1839.0,2809.5,26.3,50.1,1.183,0.496,0.525,34,65,89,8078,3477.5,8.154356445363696,7.752764808851328,-0.40159163651236796
الخبر,البحيره,قطعة أرض-سكنى,2019,3,782.5,16,1066.5618828741256,676.0,4051.0,440.5,2809.5,26.3,50.1,1.183,0.496,0.525,34,65,89,8079,3205.0,8.072779333169498,6.6637710617960755,-1.4090082713734224
الخبر,البحيره,قطعة أرض-سكنى,2019,4,1025.0,22,1265.7542692520813,920.0,3970.0,2157.25,2809.5,26.3,50.1,1.183,0.496,0.525,34,65,89,8080,2766.0,7.925518979786926,6.933423025730715,-0.9920959540562109
الخبر,البندرية,قطعة أرض-سكنى,2016,1,4342.0,11,2687.0310686027365,704.0,7687.0,4664.0,2048.0,26.307382,50.213584,0.152,0.153,0.221,79,147,184,8065,1883.5,7.5414178127071905,8.376320632534823,0.834902819827632
الخبر,البندرية,قطعة أرض-سكنى,2025,4,4801.070946603517,34,1082.7932972754327,2124.0,7481.446013885563,1169.5695366852133,2048.0,26.307382,50.213584,0.152,0.153,0.221,79,147,184,8104,4342.0,8.376320632534823,8.476802551058464,0.10048191852364141
الخبر,التحلية,قطعة أرض-تجارى,2021,1,718.0,77,1029.6234700553687,500.0,6685.0,271.0,1225.0,26.18751,50.195773,0.367,0.693,0.692,28,35,59,8085,1498.5,7.312886998189064,6.577861357721047,-0.7350256404680167
الخبر,التحلية,قطعة أرض-تجارى,2021,2,963.0,59,703.4187393381934,514.0,4686.0,473.0,1225.0,26.18751,50.195773,0.367,0.693,0.692,28,35,59,8086,718.0,6.577861357721047,6.871091294610546,0.2932299368894986
الخبر,التحلية,قطعة أرض-تجارى,2021,3,1017.0,27,1109.0232477737175,571.0,4408.0,953.5,1225.0,26.18751,50.195773,0.367,0.693,0.692,28,35,59,8087,840.5,6.735186013630861,6.925595197110468,0.19040918347960734
الخبر,التحلية,قطعة أرض-تجارى,2021,4,950.0,52,725.3356998321399,532.0,4109.0,242.0,1225.0,26.18751,50.195773,0.367,0.693,0.692,28,35,59,8088,963.0,6.871091294610546,6.85751406254539,-0.013577232065155265
الخبر,التحلية,قطعة أرض-تجارى,2025,4,829.2727272727273,14,658.056043003505,696.0,2620.0,421.8877551020407,2048.0,26.18751,50.195773,0.367,0.693,0.692,28,35,59,8104,956.5,6.864325721054801,6.721754233893308,-0.1425714871614927
الخبر,التحلية,قطعة أرض-سكنى,2016,1,1922.0,42,1504.3625582738866,571.0,5786.0,2766.25,2048.0,26.18751,50.195773,0.367,0.693,0.692,28,35,59,8065,2766.0,7.925518979786926,7.56164174558878,-0.36387723419814577
الخبر,التحلية,قطعة أرض-سكنى,2016,2,3084.0,45,1430.7465565539237,633.0,5689.0,2611.0,2048.0,26.18751,50.195773,0.367,0.693,0.692,28,35,59,8066,1922.0,7.56164174558878,8.034306936339489,0.4726651907507087
الخبر,التحلية,قطعة أرض-سكنى,2016,3,3571.0,17,1168.1448999815652,900.0,4433.0,1045.0,2048.0,26.18751,50.195773,0.367,0.693,0.692,28,35,59,8067,2503.0,7.825644732219989,8.18088094199639,0.35523620977640125
الخبر,التحلية,قطعة أرض-سكنى,2016,4,3247.0,26,1245.4053699035567,733.0,5243.0,1443.75,2048.0,26.18751,50.195773,0.367,0.693,0.692,28,35,59,8068,3084.0,8.034306936339489,8.085794701281568,0.051487764942079295
الخبر,التحلية,قطعة أرض-سكنى,2017,1,1200.0,39,1133.5268888858616,784.0,4706.0,1820.0,3165.5,26.18751,50.195773,0.367,0.693,0.692,28,35,59,8069,3165.5,8.060382155956486,7.0909098220799835,-0.9694723338765021
الخبر,التحلية,قطعة أرض-سكنى,2017,2,2595.0,21,1169.2424674202728,900.0,4433.0,2009.0,3165.5,26.18751,50.195773,0.367,0.693,0.692,28,35,59,8070,3084.0,8.034306936339489,7.86172707782398,-0.17257985851550828
الخبر,التحلية,قطعة أرض-سكنى,2017,3,1627.5,18,1239.3253290568343,792.0,4287.0,1897.75,3165.5,26.18751,50.195773,0.367,0.693,0.692,28,35,59,8071,2839.5,7.951735371997182,7.395414624716288,-0.5563207472808935
الخبر,التحلية,قطعة أرض-سكنى,2017,4,2088.0,25,1225.1055437525915,780.0,4200.0,2215.0,3165.5,26.18751,50.195773,0.367,0.693,0.692,28,35,59,8072,2595.0,7.86172707782398,7.644440761556566,-0.21728631626741457
الخبر,التحلية,قطعة أرض-سكنى,2018,1,2960.0,17,1038.6651607599392,808.0,4462.0,1192.0,1857.75,26.18751,50.195773,0.367,0.693,0.692,28,35,59,8073,2341.5,7.758974014112577,7.993282328101591,0.23430831398901386
الخبر,التحلية,قطعة أرض-سكنى,2018,2,1076.0,17,1069.4813441983151,665.0,3437.0,1786.0,1857.75,26.18751,50.195773,0.367,0.693,0.692,28,35,59,8074,2777.5,7.929666492719976,6.981934677156389,-0.9477318155635874
الخبر,التحلية,قطعة أرض-سكنى,2018,3,1006.0,19,1055.0532094893608,644.0,3504.0,2064.5,1857.75,26.18751,50.195773,0.367,0.693,0.692,28,35,59,8075,2341.5,7.758974014112577,6.914730892718563,-0.8442431213940145
الخبر,التحلية,قطعة أرض-سكنى,2018,4,1587.0,30,1076.9306234925682,507.0,4000.0,1973.0,1857.75,26.18751,50.195773,0.367,0.693,0.692,28,35,59,8076,1857.75,7.527659497774365,7.370230641807081,-0.15742885596728406
الخبر,التحلية,قطعة أرض-سكنى,2019,1,1047.0,49,966.5317651589232,507.0,4265.0,609.0,1331.5,26.18751,50.195773,0.367,0.693,0.692,28,35,59,8077,1607.25,7.3829019102911095,6.954638864880987,-0.42826304541012217
الخبر,التحلية,قطعة أرض-سكنى,2019,2,1000.0,27,1199.2073343543354,749.0,5265.0,1767.0,1331.5,26.18751,50.195773,0.367,0.693,0.692,28,35,59,8078,1607.25,7.3829019102911095,6.90875477931522,-0.4741471309758891
الخبر,التحلية,قطعة أرض-سكنى,2019,3,1050.0,16,1017.4652962959802,850.0,3724.0,553.25,1331.5,26.18751,50.195773,0.367,0.693,0.692,28,35,59,8079,1331.5,7.194812156039999,6.957497370876951,-0.23731478516304794
الخبر,التحلية,قطعة أرض-سكنى,2019,4,1714.0,35,1342.5617692313754,619.0,4912.0,2311.5,1331.5,26.18751,50.195773,0.367,0.693,0.692,28,35,59,8080,1063.0,6.96979066990159,7.44716835960004,0.47737768969845007
الخبر,التحلية,قطعة أرض-سكنى,2020,1,1112.0,32,1321.755368452218,753.0,5334.0,1264.5,1048.5,26.18751,50.195773,0.367,0.693,0.692,28,35,59,8081,1063.0,6.96979066990159,7.014814351275545,0.04502368137395507
الخبر,التحلية,قطعة أرض-سكنى,2020,2,1200.5,40,1536.500806236073,868.0,5320.0,2659.0,1048.5,26.18751,50.195773,0.367,0.693,0.692,28,35,59,8082,1063.0,6.96979066990159,7.091326055176523,0.12153538527493346
الخبر,التحلية,قطعة أرض-سكنى,2020,3,2019.5,32,1117.1832519093607,529.0,3981.0,1817.75,1048.5,26.18751,50.195773,0.367,0.693,0.692,28,35,59,8083,1081.0,6.9865664594064265,7.611100284518528,0.6245338251121018
الخبر,التحلية,قطعة أرض-سكنى,2020,4,1233.5,46,1133.8830050239424,857.0,4444.0,1695.5,1048.5,26.18751,50.195773,0.367,0.693,0.692,28,35,59,8084,1156.25,7.05380177991138,7.118421308785234,0.06461952887385447
الخبر,التحلية,قطعة أرض-سكنى,2021,1,1083.0,250,905.8057074752726,500.0,4258.0,663.0,1217.0,26.18751,50.195773,0.367,0.693,0.692,28,35,59,8085,1156.25,7.05380177991138,6.988413181999592,-0.06538859791178808
الخبر,التحلية,قطعة أرض-سكنى,2021,2,1136.0,172,778.5032366931324,519.0,4000.0,641.5,1217.0,26.18751,50.195773,0.367,0.693,0.692,28,35,59,8086,1156.25,7.05380177991138,7.036148493750536,-0.017653286160843606
الخبر,التحلية,قطعة أرض-سكنى,2021,3,1600.0,121,813.8334898328734,500.0,4175.0,850.0,1217.0,26.18751,50.195773,0.367,0.693,0.692,28,35,59,8087,1168.25,7.064117796605996,7.3783837129967145,0.31426591639071866
الخبر,التحلية,قطعة أرض-سكنى,2021,4,1547.5,178,781.216314238541,507.0,5076.0,742.0,1217.0,26.18751,50.195773,0.367,0.693,0.692,28,35,59,8088,1217.0,7.1049654482698426,7.345041999413257,0.24007655114341464
الخبر,التحلية,قطعة أرض-سكنى,2022,1,2476.0,21,994.1616209507531,937.0,4762.0,1624.0,1341.75,26.18751,50.195773,0.367,0.693,0.692,28,35,59,8089,1217.0,7.1049654482698426,7.814803429489359,0.7098379812195166
الخبر,التحلية,قطعة أرض-سكنى,2022,2,1749.0,13,1263.2308039715324,650.0,5354.0,1520.0,1341.75,26.18751,50.195773,0.367,0.693,0.692,28,35,59,8090,1390.5,7.238137580965946,7.4673710669175595,0.22923348595161386
الخبر,التحلية,قطعة أرض-سكنى,2022,3,3560.0,12,1150.2322393957902,1500.0,4716.0,2135.0,1341.75,26.18751,50.195773,0.367,0.693,0.692,28,35,59,8091,1573.75,7.361851808502038,8.177796683277778,0.8159448747757398
الخبر,التحلية,قطعة أرض-سكنى,2023,2,2254.0,11,6500.1993633762,714.0,17857.0,1210.5,2756.0,26.18751,50.195773,0.367,0.693,0.692,28,35,59,8094,1573.75,7.361851808502038,7.720905251936779,0.35905344343474077
الخبر,التحلية,قطعة أرض-سكنى,2025,3,1886.0,31,1039.5053858984224,663.0,4395.0,1863.0,2048.0,26.18751,50.195773,0.367,0.693,0.692,28,35,59,8103,1674.5,7.4238669071773655,7.54274354536855,0.11887663819118455
الخبر,التحلية,قطعة أرض-سكنى,2025,4,1545.1608371962354,109,1230.652334411439,634.0,5369.6819496076005,1377.0,2048.0,26.18751,50.195773,0.367,0.693,0.692,28,35,59,8104,1817.5,7.5057672644270435,7.343530258145113,-0.16223700628193072
الخبر,التحلية,قطعة أرض-سكنى,2026,1,1497.0,28,1120.661869814007,607.0,4848.0,1387.25,1715.5804185981178,26.18751,50.195773,0.367,0.693,0.692,28,35,59,8105,1817.5,7.5057672644270435,7.311886164077165,-0.19388110034987882
الخبر,التعاون,قطعة أرض-سكنى,2017,4,2351.0,17,556.0320623954743,1544.0,3280.0,964.0,1386.5,26.220721,50.184179,0.438,0.073,0.046,29,46,69,8072,1817.5,7.5057672644270435,7.763021309018518,0.25725404459147416
الخبر,التعاون,قطعة أرض-سكنى,2025,4,3201.3610120012972,34,931.5168921771306,1489.0,4729.8096251625875,362.4917572126301,2048.0,26.220721,50.184179,0.438,0.073,0.046,29,46,69,8104,2351.0,7.763021309018518,8.071643632985621,0.30862232396710354
الخبر,الثقبة,قطعة أرض-تجارى,2023,1,3040.5,10,1795.9504942446988,1229.0,6143.0,2853.0,2048.0,26.27614,50.193713,0.874,0.036,0.059,87,154,227,8093,956.5,6.864325721054801,8.02010609376076,1.1557803727059586
الخبر,الثقبة,قطعة أرض-سكنى,2016,1,4977.5,40,2325.537454284934,616.0,10522.0,3921.75,2048.0,26.27614,50.193713,0.874,0.036,0.059,87,154,227,8065,2070.0,7.635786861395585,8.51288391982814,0.8770970584325548
الخبر,الثقبة,قطعة أرض-سكنى,2016,2,3991.0,32,2760.8573876824876,1229.0,13815.0,2728.5,2048.0,26.27614,50.193713,0.874,0.036,0.059,87,154,227,8066,4977.5,8.51288391982814,8.292047637431354,-0.22083628239678532
الخبر,الثقبة,قطعة أرض-سكنى,2016,3,4070.0,21,2485.5654180928423,1536.0,12759.0,2039.0,2048.0,26.27614,50.193713,0.874,0.036,0.059,87,154,227,8067,4484.25,8.408549514299494,8.31164394850298,-0.09690556579651499
الخبر,الثقبة,قطعة أرض-سكنى,2016,4,4763.0,24,3002.4951254349885,1849.0,12593.0,3187.0,2048.0,26.27614,50.193713,0.874,0.036,0.059,87,154,227,8068,4070.0,8.31164394850298,8.46884293047519,0.15719898197221127
الخبر,الثقبة,قطعة أرض-سكنى,2017,1,4000.0,24,3679.7872368787375,1093.0,17814.0,4491.75,4416.5,26.27614,50.193713,0.874,0.036,0.059,87,154,227,8069,4416.5,8.39332920419385,8.294299608857235,-0.09902959533661537
الخبر,الثقبة,قطعة أرض-سكنى,2017,2,4518.0,11,2917.598399057317,1845.0,10745.0,4220.0,4416.5,26.27614,50.193713,0.874,0.036,0.059,87,154,227,8070,4070.0,8.31164394850298,8.41604600941128,0.10440206090830095
الخبر,الثقبة,قطعة أرض-سكنى,2017,3,4991.0,20,2068.280202817892,1142.0,9030.0,2871.0,4416.5,26.27614,50.193713,0.874,0.036,0.059,87,154,227,8071,4294.0,8.365206834418355,8.515591910049263,0.15038507563090775
الخبر,الثقبة,قطعة أرض-سكنى,2017,4,4608.0,26,2286.518645317509,921.0,9445.0,2869.5,4416.5,26.27614,50.193713,0.874,0.036,0.059,87,154,227,8072,4518.0,8.41604600941128,8.435766192720509,0.019720183309228645
الخبر,الثقبة,قطعة أرض-سكنى,2018,1,2457.0,23,1312.1044828492295,1000.0,5936.0,1919.5,4563.0,26.27614,50.193713,0.874,0.036,0.059,87,154,227,8073,4563.0,8.425954710981966,7.80710329012598,-0.6188514208559859
الخبر,الثقبة,قطعة أرض-سكنى,2018,2,3479.5,12,1503.260544666664,1536.0,5244.0,2669.75,4563.0,26.27614,50.193713,0.874,0.036,0.059,87,154,227,8074,4294.0,8.365206834418355,8.154931240608722,-0.21027559380963368
الخبر,الثقبة,قطعة أرض-سكنى,2018,4,3375.0,15,3114.59654958177,1014.0,10750.0,3288.5,4563.0,26.27614,50.193713,0.874,0.036,0.059,87,154,227,8076,4294.0,8.365206834418355,8.124446855715847,-0.2407599787025081
الخبر,الثقبة,قطعة أرض-سكنى,2019,1,2543.0,14,1390.8418926426075,1365.0,6143.0,1203.75,2916.0,26.27614,50.193713,0.874,0.036,0.059,87,154,227,8077,4259.0,8.357024439263416,7.841492924460013,-0.5155315148034028
الخبر,الثقبة,قطعة أرض-سكنى,2019,2,2004.0,16,1396.980730897889,584.0,5836.0,1114.25,2916.0,26.27614,50.193713,0.874,0.036,0.059,87,154,227,8078,3739.75,8.22704140506353,7.60339933974067,-0.6236420653228594
الخبر,الثقبة,قطعة أرض-سكنى,2019,4,1641.5,12,5330.266136968125,1044.0,19839.0,975.25,2916.0,26.27614,50.193713,0.874,0.036,0.059,87,154,227,8080,3427.25,8.139805205879963,7.403974750358765,-0.7358304555211976
الخبر,الثقبة,قطعة أرض-سكنى,2020,1,2274.0,13,1106.2463848992068,768.0,4454.0,1573.0,2230.5,26.27614,50.193713,0.874,0.036,0.059,87,154,227,8081,2959.0,7.992944547318106,7.729735331385051,-0.26320921593305524
الخبر,الثقبة,قطعة أرض-سكنى,2020,3,1611.0,10,687.3642815534973,646.0,2611.0,937.5,2230.5,26.27614,50.193713,0.874,0.036,0.059,87,154,227,8083,2500.0,7.824445930877619,7.385230923066573,-0.43921500781104594
الخبر,الثقبة,قطعة أرض-سكنى,2020,4,2580.0,24,1897.6852141757993,750.0,8190.0,2883.0,2230.5,26.27614,50.193713,0.874,0.036,0.059,87,154,227,8084,2365.5,7.7691673493463025,7.855932199718614,0.08676485037231174
الخبر,الثقبة,قطعة أرض-سكنى,2021,1,2259.0,31,2432.400597489375,1354.0,11057.0,2044.0,2243.5,26.27614,50.193713,0.874,0.036,0.059,87,154,227,8085,2408.5,7.7871745360803875,7.723120092266331,-0.06405444381405623
الخبر,الثقبة,قطعة أرض-سكنى,2021,2,1942.0,16,2404.012353510966,614.0,9133.0,2545.25,2243.5,26.27614,50.193713,0.874,0.036,0.059,87,154,227,8086,2266.5,7.726433181989291,7.57198844937744,-0.154444732611851
الخبر,الثقبة,قطعة أرض-سكنى,2021,3,2119.0,19,1938.6360174584436,614.0,7142.0,3184.5,2243.5,26.27614,50.193713,0.874,0.036,0.059,87,154,227,8087,2131.5,7.665050279365834,7.659171367666058,-0.005878911699776168
الخبر,الثقبة,قطعة أرض-سكنى,2021,4,1947.5,26,2220.8170069732305,1076.0,9214.0,1338.25,2243.5,26.27614,50.193713,0.874,0.036,0.059,87,154,227,8088,2061.5,7.631674118208836,7.574815124778764,-0.056858993430071614
الخبر,الثقبة,قطعة أرض-سكنى,2022,1,2452.5,36,2295.03445957461,921.0,11057.0,2352.5,2033.25,26.27614,50.193713,0.874,0.036,0.059,87,154,227,8089,2033.25,7.617882479576767,7.805270855529958,0.18738837595319158
الخبر,الثقبة,قطعة أرض-سكنى,2022,2,1664.0,23,2035.6519539131325,651.0,8106.0,2731.0,2033.25,26.27614,50.193713,0.874,0.036,0.059,87,154,227,8090,2189.0,7.691656822810547,7.417580402414544,-0.27407642039600244
الخبر,الثقبة,قطعة أرض-سكنى,2022,3,2396.0,23,1349.0386637178096,738.0,5836.0,1794.5,2033.25,26.27614,50.193713,0.874,0.036,0.059,87,154,227,8091,2033.25,7.617882479576767,7.781973234434385,0.16409075485761804
الخبر,الثقبة,قطعة أرض-سكنى,2022,4,2150.0,33,3095.340787523902,724.0,14326.0,3658.0,2033.25,26.27614,50.193713,0.874,0.036,0.059,87,154,227,8092,2189.0,7.691656822810547,7.67368812926773,-0.017968693542816716
الخبر,الثقبة,قطعة أرض-سكنى,2023,1,2342.0,18,2591.4677623691737,1183.0,12174.0,1755.75,2273.0,26.27614,50.193713,0.874,0.036,0.059,87,154,227,8093,2134.5,7.666456090281521,7.759187438507795,0.09273134822627416
الخبر,الثقبة,قطعة أرض-سكنى,2023,2,2195.0,26,1850.8576594067456,615.0,7556.0,2000.0,2273.0,26.27614,50.193713,0.874,0.036,0.059,87,154,227,8094,2134.5,7.666456090281521,7.694392802629421,0.027936712347900183
الخبر,الثقبة,قطعة أرض-سكنى,2023,3,2677.5,20,1568.1050003444486,873.0,6143.0,2246.5,2273.0,26.27614,50.193713,0.874,0.036,0.059,87,154,227,8095,2172.5,7.684094050428847,7.893012215321015,0.20891816489216808
الخبر,الثقبة,قطعة أرض-سكنى,2025,3,3593.0,14,3902.0792175172737,983.0,17199.0,1554.25,2048.0,26.27614,50.193713,0.874,0.036,0.059,87,154,227,8103,2268.5,7.72731482189652,8.187021067343505,0.45970624544698424
الخبر,الثقبة,قطعة أرض-سكنى,2025,4,3604.321389950256,88,2731.808992424023,1057.0,13802.622498274672,2253.947481508591,2048.0,26.27614,50.193713,0.874,0.036,0.059,87,154,227,8104,2369.0,7.7706452341291765,8.19016619691044,0.41952096278126305
الخبر,الثقبة,قطعة أرض-سكنى,2026,1,3347.5,22,3494.0789990994836,921.0,12285.0,3844.0,3598.660694975128,26.27614,50.193713,0.874,0.036,0.059,87,154,227,8105,2369.0,7.7706452341291765,8.116267763350105,0.34562252922092895
الخبر,الثنيانيه,قطعة أرض-سكنى,2019,3,950.0,57,116.597593229308,500.0,1150.0,0.0,833.0,26.3,50.1,1.183,0.496,0.525,34,65,89,8079,2536.75,7.83903314066454,6.85751406254539,-0.9815190781191498
الخبر,الثنيانيه,قطعة أرض-سكنى,2019,4,1119.5,12,65.86550805630479,1095.0,1324.0,62.75,833.0,26.3,50.1,1.183,0.496,0.525,34,65,89,8080,950.0,6.85751406254539,7.021530293240982,0.16401623069559168
الخبر,الثنيانيه,قطعة أرض-سكنى,2020,4,1200.0,74,537.7511539655333,1000.0,3725.0,0.0,1084.75,26.3,50.1,1.183,0.496,0.525,34,65,89,8084,1034.75,6.942881080957511,7.0909098220799835,0.14802874112247277
الخبر,الجسر,قطعة أرض-سكنى,2017,3,1632.0,10,1150.00200966008,733.0,3600.0,2059.25,1767.75,26.210335,50.207989,0.0,0.031,0.038,35,47,72,8071,2436.25,7.798625633509381,7.398174092970465,-0.4004515405389162
الخبر,الجسر,قطعة أرض-سكنى,2021,1,1320.0,15,781.8012961530997,1200.0,3589.0,723.0,1300.0,26.210335,50.207989,0.0,0.031,0.038,35,47,72,8085,1632.0,7.398174092970465,7.186144304522325,-0.2120297884481399
الخبر,الجسر,قطعة أرض-سكنى,2021,2,1725.0,12,1142.2025075186177,659.0,4200.0,1372.25,1300.0,26.210335,50.207989,0.0,0.031,0.038,35,47,72,8086,1476.0,7.29776828253138,7.453561871643373,0.15579358911199304
الخبر,الجسر,قطعة أرض-سكنى,2022,1,1637.5,12,1268.1619812177232,952.0,5556.0,1421.75,1841.0,26.210335,50.207989,0.0,0.031,0.038,35,47,72,8089,1632.0,7.398174092970465,7.401536468138869,0.003362375168403986
الخبر,الجسر,قطعة أرض-سكنى,2025,4,2428.142329858188,10,814.9237973598973,1802.0,3861.0038610038614,1171.5143097643095,2048.0,26.210335,50.207989,0.0,0.031,0.038,35,47,72,8104,1634.75,7.3998566937498484,7.795293523357201,0.3954368296073527
الخبر,الحزام الأخضر,قطعة أرض-سكنى,2025,4,3150.0,10,587.9317717071032,2671.0,4303.984259714707,447.87419768934524,2048.0,26.309455,50.19725,0.402,0.494,0.529,116,174,178,8104,1476.0,7.29776828253138,8.055475141757274,0.7577068592258938
الخبر,الحزام الاخضر,قطعة أرض-سكنى,2016,4,4719.0,20,956.9757407693535,2959.0,7895.0,830.0,2048.0,26.3,50.1,1.183,0.496,0.525,34,65,89,8068,1634.75,7.3998566937498484,8.459564078579602,1.0597073848297534
الخبر,الحزام الاخضر,قطعة أرض-سكنى,2022,3,3492.5,10,1204.916428637273,2529.0,6349.0,1236.0,2048.0,26.3,50.1,1.183,0.496,0.525,34,65,89,8091,4719.0,8.459564078579602,8.158659377992505,-0.30090470058709684
الخبر,الحزام الذهبي,قطعة أرض-سكنى,2025,3,4300.0,12,1335.21298664182,2500.0,6860.0,1331.75,2048.0,26.317309,50.196796,0.055,0.705,0.697,100,131,143,8103,2076.5711649290943,7.638954781223101,8.366602832783736,0.7276480515606343
الخبر,الحزام الذهبي,قطعة أرض-سكنى,2025,4,6227.54491017964,18,1138.2738365339917,3416.0,7402.119185391148,884.4049682589712,2048.0,26.317309,50.196796,0.055,0.705,0.697,100,131,143,8104,4300.0,8.366602832783736,8.736898022732783,0.3702951899490472
الخبر,الحمراء,قطعة أرض-سكنى,2025,3,3642.0,13,937.3946641677968,1159.0,4659.0,935.0,2048.0,26.226649,50.203491,0.304,1.023,0.592,33,51,75,8103,3321.25,8.108397543211618,8.200562797008564,0.09216525379694573
الخبر,الحمراء,قطعة أرض-سكنى,2025,4,3570.939685938615,110,649.2038719699342,1952.0,5250.833747250408,586.0968617581498,2048.0,26.226649,50.203491,0.304,1.023,0.592,33,51,75,8104,3642.0,8.200562797008564,8.180864056618283,-0.019698740390280634
الخبر,الحمراء,قطعة أرض-سكنى,2026,1,3726.0,15,526.8488352820904,2381.0,4427.0,462.0,3606.4698429693076,26.226649,50.203491,0.304,1.023,0.592,33,51,75,8105,3606.4698429693076,8.190761931075818,8.223358899479258,0.03259696840344084
الخبر,الخبر,قطعة أرض-سكنى,2022,1,750.0,10,709.9136488960391,591.0,2597.0,79.5,2672.0,26.3,50.1,1.183,0.496,0.525,34,65,89,8089,3684.0,8.212025804623437,6.621405651764134,-1.5906201528593025
الخبر,الخبر الجنوبية,قطعة أرض-سكنى,2016,1,2429.0,10,2444.6348534426706,900.0,7240.0,4578.5,2048.0,26.27472,50.205519,0.362,0.514,0.039,68,157,228,8065,3684.0,8.212025804623437,7.795646536334594,-0.41637926828884275
الخبر,الخبر الجنوبية,قطعة أرض-سكنى,2022,4,3097.5,12,1580.8744032300222,1843.0,5836.0,2760.25,2579.5,26.27472,50.205519,0.362,0.514,0.039,68,157,228,8092,2429.0,7.795646536334594,8.038673402402162,0.2430268660675683
الخبر,الخبر الجنوبية,قطعة أرض-سكنى,2023,2,2150.0,15,2163.1693282905853,1758.0,8598.0,3625.0,3074.0,26.27472,50.205519,0.362,0.514,0.039,68,157,228,8094,2763.25,7.924524629422511,7.67368812926773,-0.2508365001547812
الخبر,الخبر الجنوبية,قطعة أرض-سكنى,2025,4,4482.687910805333,32,2695.889820762563,1600.0,13234.077750206783,2051.3598965497854,2048.0,26.27472,50.205519,0.362,0.514,0.039,68,157,228,8104,2429.0,7.795646536334594,8.408201181146561,0.6125546448119668
الخبر,الخبر الشمالية,قطعة أرض-سكنى,2016,1,6540.0,19,3524.9796698016034,1190.0,12903.0,4199.0,2048.0,26.291203,50.213649,0.191,0.152,0.035,87,184,241,8065,3334.2198429693076,8.112293876107929,8.785845337961213,0.6735514618532843
الخبر,الخبر الشمالية,قطعة أرض-سكنى,2016,2,9297.0,22,5055.449642159991,1654.0,19850.0,6566.75,2048.0,26.291203,50.213649,0.191,0.152,0.035,87,184,241,8066,6540.0,8.785845337961213,9.13755460225053,0.35170926428931715
الخبر,الخبر الشمالية,قطعة أرض-سكنى,2016,3,8996.0,17,5080.056802600445,993.0,17535.0,6283.0,2048.0,26.291203,50.213649,0.191,0.152,0.035,87,184,241,8067,7918.5,8.977083351502475,9.104646467417119,0.12756311591464353
الخبر,الخبر الشمالية,قطعة أرض-سكنى,2016,4,5677.5,10,3345.9934183371543,3309.0,11768.0,5444.25,2048.0,26.291203,50.213649,0.191,0.152,0.035,87,184,241,8068,8996.0,9.104646467417119,8.644442392331701,-0.46020407508541794
الخبر,الخبر الشمالية,قطعة أرض-سكنى,2017,4,4963.0,18,3696.0505758819268,1178.0,14888.0,3778.25,7768.0,26.291203,50.213649,0.191,0.152,0.035,87,184,241,8072,7768.0,8.95789673495042,8.509967146324497,-0.44792958862592336
الخبر,الخبر الشمالية,قطعة أرض-سكنى,2020,4,2083.0,13,1550.3855889290815,1600.0,6231.0,1211.0,4135.75,26.291203,50.213649,0.191,0.152,0.035,87,184,241,8084,6540.0,8.785845337961213,7.642044402873258,-1.1438009350879552
الخبر,الخبر الشمالية,قطعة أرض-سكنى,2021,1,3242.0,10,2659.42443438843,1654.0,8271.0,3763.25,2992.5,26.291203,50.213649,0.191,0.152,0.035,87,184,241,8085,6108.75,8.717641134798258,8.084254106307318,-0.6333870284909402
الخبر,الخبر الشمالية,قطعة أرض-سكنى,2022,1,3027.0,18,2046.0309424950199,680.0,7279.0,3612.25,3702.5,26.291203,50.213649,0.191,0.152,0.035,87,184,241,8089,5677.5,8.644442392331701,8.01565761455734,-0.6287847777743618
الخبر,الخبر الشمالية,قطعة أرض-سكنى,2022,2,4363.5,14,2368.8759007105105,1985.0,8602.0,3724.5,3702.5,26.291203,50.213649,0.191,0.152,0.035,87,184,241,8090,5320.25,8.579463517142361,8.381258914175405,-0.19820460296695686
الخبر,الخبر الشمالية,قطعة أرض-سكنى,2022,4,3000.0,12,1173.4819852460325,1300.0,4963.0,1676.0,3702.5,26.291203,50.213649,0.191,0.152,0.035,87,184,241,8092,4663.25,8.447682328652109,8.006700845440367,-0.4409814832117416
الخبر,الخبر الشمالية,قطعة أرض-سكنى,2025,3,3667.0,10,1799.276586112689,601.0,6805.0,2263.75,2048.0,26.291203,50.213649,0.191,0.152,0.035,87,184,241,8103,3802.75,8.24374270121118,8.207401833376355,-0.036340867834825374
الخبر,الخبر الشمالية,قطعة أرض-سكنى,2025,4,5447.872462438353,23,1695.3123629775378,2818.0,8767.576509511993,2058.3476496001804,2048.0,26.291203,50.213649,0.191,0.152,0.035,87,184,241,8104,3454.5,8.14772244353145,8.603163978627103,0.45544153509565355
الخبر,الخبر/ اشبيليا,قطعة أرض-تجارى,2025,4,3100.0,37,2012.9559277578962,799.6161842315688,8469.387755102041,3179.6631316281964,2048.0,26.3,50.1,1.183,0.496,0.525,34,65,89,8104,956.5,6.864325721054801,8.03947991910045,1.1751541980456484
الخبر,الخبر/ اشبيليا,قطعة أرض-تجارى,2026,1,1401.3452914798206,85,1364.144097273115,583.3333333333334,6617.038875103392,1930.0,3100.0,26.3,50.1,1.183,0.496,0.525,34,65,89,8105,3100.0,8.03947991910045,7.245901322207057,-0.7935785968933917
الخبر,الخبر/ اشبيليا,قطعة أرض-سكنى,2025,4,2481.3895781637716,203,2167.1227638787695,512.6783352498171,11447.807801493009,2617.1222786047747,2048.0,26.3,50.1,1.183,0.496,0.525,34,65,89,8104,3454.5,8.14772244353145,7.8169769148349015,-0.33074552869654816
الخبر,الخبر/ اشبيليا,قطعة أرض-سكنى,2026,1,3142.3658504742443,524,2130.4116422108655,557.3621017977601,15013.747143945162,2411.735613737819,2481.3895781637716,26.3,50.1,1.183,0.496,0.525,34,65,89,8105,2481.3895781637716,7.8169769148349015,8.05304943170151,0.23607251686660824
الخبر,الخبر/ الأندلس,قطعة أرض-تجارى,2025,4,3327.148250047988,23,1213.248511274801,900.0000000000001,4734.80777013355,1876.2121427102243,2048.0,26.3,50.1,1.183,0.496,0.525,34,65,89,8104,990.0,6.898714534329988,8.1101713472374,1.2114568129074126
الخبر,الخبر/ الأندلس,قطعة أرض-تجارى,2026,1,3637.766631758805,67,1702.5488414586168,503.77833753148616,9085.402786190189,1919.3755586680645,3327.148250047988,26.3,50.1,1.183,0.496,0.525,34,65,89,8105,3327.148250047988,8.1101713472374,8.199400065783514,0.08922871854611358
الخبر,الخبر/ الأندلس,قطعة أرض-سكنى,2025,4,2400.0,96,1692.73152121262,751.8796992481203,8771.929824561403,1649.2129599999998,2048.0,26.3,50.1,1.183,0.496,0.525,34,65,89,8104,3192.182925237122,8.068773480531092,7.783640596221253,-0.2851328843098395
الخبر,الخبر/ الأندلس,قطعة أرض-سكنى,2026,1,2150.537634408602,123,1652.2801293748419,579.9999704590807,9051.821679112922,2021.7288428978163,2400.0,26.3,50.1,1.183,0.496,0.525,34,65,89,8105,2400.0,7.783640596221253,7.673938044297921,-0.10970255192333234
الخبر,الخبر/ الامواج,قطعة أرض-تجارى,2025,4,1100.0,23,1077.3574483337375,621.1694550273314,4600.0,971.4285714285716,2048.0,26.3,50.1,1.183,0.496,0.525,34,65,89,8104,2220.9226457399104,7.706128156695262,7.00397413672268,-0.702154019972582
الخبر,الخبر/ الامواج,قطعة أرض-تجارى,2026,1,1125.0,61,920.6690243042697,571.4285714285714,4678.571428571428,620.0,1100.0,26.3,50.1,1.183,0.496,0.525,34,65,89,8105,1100.0,7.00397413672268,7.026426808699636,0.022452671976956218
الخبر,الخبر/ الامواج,قطعة أرض-سكنى,2025,4,2285.714285714286,113,1918.6133834616164,600.0664007902514,8827.238335435057,2431.580855103256,2048.0,26.3,50.1,1.183,0.496,0.525,34,65,89,8104,3071.182925237122,8.030143638470397,7.734871256491385,-0.2952723819790126
الخبر,الخبر/ الامواج,قطعة أرض-سكنى,2026,1,2300.0,277,1866.3476690393466,650.7088078085056,8214.75186885605,2860.7172024649194,2285.714285714286,26.3,50.1,1.183,0.496,0.525,34,65,89,8105,2285.714285714286,7.734871256491385,7.741099090035366,0.006227833543981376
الخبر,الخبر/ البحر,قطعة أرض-تجارى,2026,1,1557.763354166778,12,1317.180726616848,733.9269987278599,4571.596702720732,1499.454177897574,2500.0,26.3,50.1,1.183,0.496,0.525,34,65,89,8105,2220.9226457399104,7.706128156695262,7.351648064185633,-0.354480092509629
الخبر,الخبر/ البحر,قطعة أرض-سكنى,2025,4,2903.927999564964,54,1419.4114515204815,1400.0,7225.806451612903,1787.7481440568317,2048.0,26.3,50.1,1.183,0.496,0.525,34,65,89,8104,2440.6947890818856,7.800447662863547,7.974163883975404,0.17371622111185658
الخبر,الخبر/ البحر,قطعة أرض-سكنى,2026,1,3278.6203519934315,112,1870.823501318482,600.0,10750.046071626022,2411.80491270552,2903.927999564964,26.3,50.1,1.183,0.496,0.525,34,65,89,8105,2903.927999564964,7.974163883975404,8.095482948335599,0.12131906436019513
الخبر,الخبر/ البحيرة,قطعة أرض-تجارى,2025,4,1182.1875275257642,21,1457.448369105407,617.2654765289479,6700.0,1627.2516244446642,2048.0,26.3,50.1,1.183,0.496,0.525,34,65,89,8104,2299.131677083389,7.740721651184292,7.0759673700342045,-0.6647542811500875
الخبر,الخبر/ البحيرة,قطعة أرض-تجارى,2026,1,2590.0109569028486,47,1410.7887837068952,650.0,6750.945992432061,2027.2197936776302,1182.1875275257642,26.3,50.1,1.183,0.496,0.525,34,65,89,8105,1182.1875275257642,7.0759673700342045,7.859803409384836,0.7838360393506312
الخبر,الخبر/ البحيرة,قطعة أرض-سكنى,2025,4,1970.0,191,2197.0026657866856,580.7366038001779,15471.918842123956,2202.5903731089006,2048.0,26.3,50.1,1.183,0.496,0.525,34,65,89,8104,2440.6947890818856,7.800447662863547,7.58629630715272,-0.21415135571082722
الخبر,الخبر/ البحيرة,قطعة أرض-سكنى,2026,1,2564.102564102564,443,2085.5823306018306,541.1648390941597,15095.00976735926,2309.3187526551137,1970.0,26.3,50.1,1.183,0.496,0.525,34,65,89,8105,1970.0,7.58629630715272,7.849753742810349,0.2634574356576289
الخبر,الخبر/ البندرية,قطعة أرض-تجارى,2026,1,2525.0621441550575,33,1957.4680173386455,600.0,8736.63639498793,2704.7619047619046,2338.168295367375,26.3,50.1,1.183,0.496,0.525,34,65,89,8105,1479.5543228232993,7.3001718390828225,7.834416904411086,0.5342450653282631
الخبر,الخبر/ البندرية,قطعة أرض-سكنى,2025,4,2628.370911511245,82,1433.7550673243472,548.5955952760933,6288.948602138243,1591.431728512211,2048.0,26.3,50.1,1.183,0.496,0.525,34,65,89,8104,2350.0,7.762596048540069,7.874499899415597,0.11190385087552812
الخبر,الخبر/ البندرية,قطعة أرض-سكنى,2026,1,2022.4305938591656,97,1956.013615235233,700.0,9100.681860065117,2615.168414008476,2628.370911511245,26.3,50.1,1.183,0.496,0.525,34,65,89,8105,2628.370911511245,7.874499899415597,7.6125496636827705,-0.2619502357328267
الخبر,الخبر/ التحلية,قطعة أرض-تجارى,2025,4,2805.6063523136654,42,2080.9844018568983,665.3083288286415,7927.80635911276,3720.8121590517676,2048.0,26.3,50.1,1.183,0.496,0.525,34,65,89,8104,2041.4127491609179,7.621887108152659,7.939731328662891,0.3178442205102314
الخبر,الخبر/ التحلية,قطعة أرض-تجارى,2026,1,2000.0,111,1907.3284679278772,550.0,7989.183874139627,2536.6630076838637,2805.6063523136654,26.3,50.1,1.183,0.496,0.525,34,65,89,8105,2805.6063523136654,7.939731328662891,7.601402334583733,-0.3383289940791574
الخبر,الخبر/ التحلية,قطعة أرض-سكنى,2025,4,3612.409689757756,226,2263.132103543502,556.3798219584569,11901.562559987711,3155.1253556364354,2048.0,26.3,50.1,1.183,0.496,0.525,34,65,89,8104,2432.051282051282,7.7969014202643425,8.19240711795403,0.39550569768968735
الخبر,الخبر/ التحلية,قطعة أرض-سكنى,2026,1,1460.0,457,2072.34815750973,525.7142857142857,16622.90105760197,2499.743774142289,3612.409689757756,26.3,50.1,1.183,0.496,0.525,34,65,89,8105,3612.409689757756,8.19240711795403,7.2868764117507,-0.9055307062033302
الخبر,الخبر/ الثقبة,قطعة أرض-تجارى,2025,4,2213.6048628648614,16,2046.499637903253,500.0,7682.458386683738,1171.51379055173,2048.0,26.3,50.1,1.183,0.496,0.525,34,65,89,8104,1778.8816770833891,7.484302167528009,7.7028292750824505,0.2185271075544417
الخبر,الخبر/ الثقبة,قطعة أرض-تجارى,2026,1,2068.245927691696,32,1936.5909132700533,636.3636363636364,10750.046071626022,2060.8607146437625,2213.6048628648614,26.3,50.1,1.183,0.496,0.525,34,65,89,8105,2213.6048628648614,7.7028292750824505,7.634939533751823,-0.0678897413306272
الخبر,الخبر/ الثقبة,قطعة أرض-سكنى,2025,4,3209.6566128140553,91,2309.621557535141,537.2733378106111,11871.549830830416,2726.6053187012512,2048.0,26.3,50.1,1.183,0.496,0.525,34,65,89,8104,2596.236737806905,7.86220336569327,8.074230747484618,0.21202738179134784
الخبر,الخبر/ الثقبة,قطعة أرض-سكنى,2026,1,3333.3333333333335,177,2326.1491025755554,500.0,12285.766939001169,2792.575680703535,3209.6566128140553,26.3,50.1,1.183,0.496,0.525,34,65,89,8105,3209.6566128140553,8.074230747484618,8.11202803831707,0.037797290832452646
الخبر,الخبر/ الجسر,قطعة أرض-تجارى,2025,4,3050.0,11,1310.4135442836734,720.0,4609.144542772861,1295.36668626539,2048.0,26.3,50.1,1.183,0.496,0.525,34,65,89,8104,2140.9253952782788,7.669460420932543,8.02322468471667,0.35376426378412695
الخبر,الخبر/ الجسر,قطعة أرض-تجارى,2026,1,2083.3333333333335,47,1640.9914824482978,590.0,10212.308519215265,933.8599986512677,3050.0,26.3,50.1,1.183,0.496,0.525,34,65,89,8105,3050.0,8.02322468471667,7.642204338899188,-0.3810203458174817
الخبر,الخبر/ الجسر,قطعة أرض-سكنى,2025,4,3450.419645632577,27,1280.9151460793737,704.7619047619048,6688.524590163935,1484.2105720492395,2048.0,26.3,50.1,1.183,0.496,0.525,34,65,89,8104,2596.236737806905,7.86220336569327,8.146540916873706,0.28433755118043536
الخبر,الخبر/ الجسر,قطعة أرض-سكنى,2026,1,2366.8639053254437,107,1808.8187345024317,685.7142857142857,12283.503255128364,2506.827278158124,3450.419645632577,26.3,50.1,1.183,0.496,0.525,34,65,89,8105,3450.419645632577,8.146540916873706,7.769743521939052,-0.3767973949346537
الخبر,الخبر/ الجوهرة,قطعة أرض-سكنى,2026,1,3500.0,10,1077.2493885908684,1636.3636363636365,4497.138184791496,1553.0845221582267,3669.490761604326,26.3,50.1,1.183,0.496,0.525,34,65,89,8105,2919.01376216265,7.9793436083206215,8.160803920954665,0.1814603126340435
الخبر,الخبر/ الحزام الذهبي,قطعة أرض-سكنى,2025,4,3798.8341501745235,24,1896.8163012529942,742.8571428571429,6995.860782370431,3533.3061668024993,2048.0,26.3,50.1,1.183,0.496,0.525,34,65,89,8104,3271.4949730736944,8.093307961670941,8.242712700071104,0.14940473840016288
الخبر,الخبر/ الحزام الذهبي,قطعة أرض-سكنى,2026,1,2727.380528874659,19,1435.885620449782,666.6666666666666,6133.333333333333,1469.308894235206,3798.8341501745235,26.3,50.1,1.183,0.496,0.525,34,65,89,8105,3798.8341501745235,8.242712700071104,7.911463499292212,-0.33124920077889186
الخبر,الخبر/ الحمراء,قطعة أرض-تجارى,2025,4,2507.142857142857,28,1557.152999608086,587.8645936209637,6466.666666666667,2427.600835676172,2048.0,26.3,50.1,1.183,0.496,0.525,34,65,89,8104,2369.3335035099594,7.770785943009791,7.827297860713895,0.05651191770410424
الخبر,الخبر/ الحمراء,قطعة أرض-تجارى,2026,1,2625.48,104,1220.4037169303735,660.0,5591.237527239363,2012.741149264013,2507.142857142857,26.3,50.1,1.183,0.496,0.525,34,65,89,8105,2507.142857142857,7.827297860713895,7.873399825668661,0.04610196495476515
الخبر,الخبر/ الحمراء,قطعة أرض-سكنى,2025,4,3200.0,117,1799.7332149338174,537.8298779556441,11861.067073170732,2444.997971053699,2048.0,26.3,50.1,1.183,0.496,0.525,34,65,89,8104,3271.4949730736944,8.093307961670941,8.071218539969863,-0.02208942170107875
الخبر,الخبر/ الحمراء,قطعة أرض-سكنى,2026,1,3292.534535824207,203,1938.6762258382482,500.0,14520.657777777778,1867.474293525153,3200.0,26.3,50.1,1.183,0.496,0.525,34,65,89,8105,3200.0,8.071218539969863,8.099716594081396,0.028498054111533833
الخبر,الخبر/ الخبر الجنوبية,قطعة أرض-تجارى,2025,4,1617.6684114225777,30,844.4665697199662,753.2956685499058,4021.042762643888,1298.8372399602883,2048.0,26.3,50.1,1.183,0.496,0.525,34,65,89,8104,2360.373860003859,7.766998872708961,7.389359121967623,-0.3776397507413378
الخبر,الخبر/ الخبر الجنوبية,قطعة أرض-تجارى,2026,1,2368.0843554543626,38,1523.7423916463713,737.1460163400701,7558.578987150416,1684.9279698119885,1617.6684114225777,26.3,50.1,1.183,0.496,0.525,34,65,89,8105,1617.6684114225777,7.389359121967623,7.770258811568043,0.38089968960041976
الخبر,الخبر/ الخبر الجنوبية,قطعة أرض-سكنى,2025,4,1540.454972576059,86,1342.2192022344072,605.5718475073314,8271.298593879239,1597.7644026745775,2048.0,26.3,50.1,1.183,0.496,0.525,34,65,89,8104,3312.9339345787703,8.105891262536975,7.340482036764037,-0.7654092257729381
الخبر,الخبر/ الخبر الجنوبية,قطعة أرض-سكنى,2026,1,2600.283353010626,215,2004.0795769962697,600.0,12187.5,2378.249697337751,1540.454972576059,26.3,50.1,1.183,0.496,0.525,34,65,89,8105,1540.454972576059,7.340482036764037,7.863760199542271,0.5232781627782339
الخبر,الخبر/ الخبر الشمالية,قطعة أرض-سكنى,2025,4,4197.430969960554,23,1635.057833646654,1399.3399339933994,8767.576509511993,1867.5011808381114,2048.0,26.3,50.1,1.183,0.496,0.525,34,65,89,8104,2963.6902644373295,7.994527842041642,8.342466155892778,0.3479383138511354
الخبر,الخبر/ الخبر الشمالية,قطعة أرض-سكنى,2026,1,2976.8605245533026,52,1907.714961716946,679.1136000334333,10408.83594518013,2058.3567629179333,4197.430969960554,26.3,50.1,1.183,0.496,0.525,34,65,89,8105,4197.430969960554,8.342466155892778,7.998960376872905,-0.343505779019873
الخبر,الخبر/ الخبر الغربية,قطعة أرض-تجارى,2025,4,3395.5717894836534,20,1767.9478069478232,601.496523350095,6805.213840757996,2851.5631768547055,2048.0,26.3,50.1,1.183,0.496,0.525,34,65,89,8104,2290.844609159612,7.737112278485526,8.130521904719972,0.39340962623444575
الخبر,الخبر/ الخبر الغربية,قطعة أرض-تجارى,2026,1,2981.4846028334014,30,1667.7083723713115,510.3894031279923,7680.0,2284.837881079616,3395.5717894836534,26.3,50.1,1.183,0.496,0.525,34,65,89,8105,3395.5717894836534,8.130521904719972,8.000511991455276,-0.13000991326469524
الخبر,الخبر/ الخبر الغربية,قطعة أرض-سكنى,2025,4,2705.3627372688743,20,1997.3881672886616,651.4285714285714,8346.664811852263,2683.453891090546,2048.0,26.3,50.1,1.183,0.496,0.525,34,65,89,8104,3088.4302622766513,8.035741971751257,7.903360848996335,-0.1323811227549223
الخبر,الخبر/ الخبر الغربية,قطعة أرض-سكنى,2026,1,3034.9665377294777,76,2047.6227376281497,649.1248406166686,10717.529518619436,2461.2278366884802,2705.3627372688743,26.3,50.1,1.183,0.496,0.525,34,65,89,8105,2705.3627372688743,7.903360848996335,8.018285116626544,0.11492426763020891
الخبر,الخبر/ الخزامى,قطعة أرض-تجارى,2025,4,1468.3591428571428,31,496.9831891253194,833.9786739739084,3166.6666666666665,238.03387743280473,2048.0,26.3,50.1,1.183,0.496,0.525,34,65,89,8104,2566.311428571428,7.850614493563658,7.292581627475758,-0.5580328660878999
الخبر,الخبر/ الخزامى,قطعة أرض-تجارى,2026,1,1332.3464100666174,79,1524.0053851282235,508.6562392137628,6782.464846980976,1437.460180543288,1468.3591428571428,26.3,50.1,1.183,0.496,0.525,34,65,89,8105,1468.3591428571428,7.292581627475758,7.195447158935787,-0.09713446853997088
الخبر,الخبر/ الخزامى,قطعة أرض-سكنى,2025,4,2800.0,86,1481.4668565470336,594.2857142857143,7156.678241047526,2494.1148141025005,2048.0,26.3,50.1,1.183,0.496,0.525,34,65,89,8104,3005.91353114139,8.008669426719198,7.937731775260109,-0.07093765145908915
الخبر,الخبر/ الخزامى,قطعة أرض-سكنى,2026,1,2578.1278857142856,221,1535.4609308089841,532.9457364341085,9054.593874833556,1989.1979957948938,2800.0,26.3,50.1,1.183,0.496,0.525,34,65,89,8105,2800.0,7.937731775260109,7.85520659197814,-0.08252518328196867
الخبر,الخبر/ الخور,قطعة أرض-تجارى,2025,4,2600.0,83,2312.890535983921,626.3075836520395,12976.912444592726,2062.7601434717817,2048.0,26.3,50.1,1.183,0.496,0.525,34,65,89,8104,2437.6136062986097,7.799184962663871,7.8636512654486515,0.06446630278478072
الخبر,الخبر/ الخور,قطعة أرض-تجارى,2026,1,2600.0,180,2556.8492164754625,519.4805194805194,14524.947605075638,2164.912296601902,2600.0,26.3,50.1,1.183,0.496,0.525,34,65,89,8105,2600.0,7.8636512654486515,7.8636512654486515,0.0
الخبر,الخبر/ الخور,قطعة أرض-سكنى,2025,4,2026.3779123473264,144,1735.3970684785118,553.1192530768143,8907.181030775846,2368.50059650597,2048.0,26.3,50.1,1.183,0.496,0.525,34,65,89,8104,2752.681368634437,7.920693974931506,7.614498568318235,-0.3061954066132708
الخبر,الخبر/ الخور,قطعة أرض-سكنى,2026,1,2622.3956529723473,460,1857.5645986315444,507.9365079365079,12899.896800825592,2655.072700578995,2026.3779123473264,26.3,50.1,1.183,0.496,0.525,34,65,89,8105,2026.3779123473264,7.614498568318235,7.872224808359145,0.2577262400409097
الخبر,الخبر/ الدرة,قطعة أرض-تجارى,2025,4,2192.3414206372404,29,1861.325794112116,644.9235304956698,7305.867289297281,3022.924702464296,2048.0,26.3,50.1,1.183,0.496,0.525,34,65,89,8104,2484.0421777271813,7.818044911315134,7.693181422865082,-0.12486348845005235
الخبر,الخبر/ الدرة,قطعة أرض-تجارى,2026,1,3202.7019157980553,65,1399.9355279575266,652.8949361468752,6570.004531037608,2210.4927721996723,2192.3414206372404,26.3,50.1,1.183,0.496,0.525,34,65,89,8105,2192.3414206372404,7.693181422865082,8.07206226884089,0.3788808459758082
الخبر,الخبر/ الدرة,قطعة أرض-سكنى,2025,4,1500.0,99,1929.4621846367995,587.9692446856626,7857.142857142857,1984.9629995290973,2048.0,26.3,50.1,1.183,0.496,0.525,34,65,89,8104,2752.681368634437,7.920693974931506,7.313886831633462,-0.6068071432980444
الخبر,الخبر/ الدرة,قطعة أرض-سكنى,2026,1,3200.0,125,1986.5839243266141,685.7142857142857,8752.387014640355,2529.126466753585,1500.0,26.3,50.1,1.183,0.496,0.525,34,65,89,8105,1500.0,7.313886831633462,8.071218539969863,0.7573317083364008
الخبر,الخبر/ الدوحة الجنوبية,قطعة أرض-تجارى,2025,4,2857.1428571428573,13,2038.5527925998745,600.0,6449.948400412796,2917.2548102164938,2048.0,26.3,50.1,1.183,0.496,0.525,34,65,89,8104,2600.0,7.8636512654486515,7.957927342245103,0.09427607679645167
الخبر,الخبر/ الدوحة الجنوبية,قطعة أرض-تجارى,2026,1,1677.4770729166669,61,1155.794395060176,511.4973231640088,5319.148936170212,1600.0,2857.1428571428573,26.3,50.1,1.183,0.496,0.525,34,65,89,8105,2857.1428571428573,7.957927342245103,7.425642157057612,-0.532285185187491
الخبر,الخبر/ الدوحة الجنوبية,قطعة أرض-سكنى,2025,4,3271.357966580372,67,1274.8738466328157,595.3582038345106,6617.038875103392,1293.8795246916306,2048.0,26.3,50.1,1.183,0.496,0.525,34,65,89,8104,2663.879195120611,7.88791400541138,8.093266094727678,0.2053520893162979
الخبر,الخبر/ الدوحة الجنوبية,قطعة أرض-سكنى,2026,1,1717.5851483701213,297,1586.5504706393613,629.3961109945562,8856.920674953462,2501.628664495114,3271.357966580372,26.3,50.1,1.183,0.496,0.525,34,65,89,8105,3271.357966580372,8.093266094727678,7.449256643139305,-0.6440094515883734
الخبر,الخبر/ الراكة الجنوبية,قطعة أرض-تجارى,2025,4,1500.0,16,1652.573205307116,849.9378094285785,5571.428571428572,1474.7200972403666,2048.0,26.3,50.1,1.183,0.496,0.525,34,65,89,8104,2396.17071031862,7.782044450220808,7.313886831633462,-0.4681576185873464
الخبر,الخبر/ الراكة الجنوبية,قطعة أرض-تجارى,2026,1,3009.3651443291524,40,1891.5286088300636,700.0,7244.192884445752,3455.859202903458,1500.0,26.3,50.1,1.183,0.496,0.525,34,65,89,8105,1500.0,7.313886831633462,8.009816660793765,0.6959298291603035
الخبر,الخبر/ الراكة الجنوبية,قطعة أرض-سكنى,2025,4,1333.3333333333333,85,1550.6077732137478,571.4285714285714,8133.472367049009,2069.8659139026113,2048.0,26.3,50.1,1.183,0.496,0.525,34,65,89,8104,2600.2617693433167,7.863751902192877,7.196187070324464,-0.6675648318684129
الخبر,الخبر/ الراكة الجنوبية,قطعة أرض-سكنى,2026,1,2325.0,207,1820.555516378978,555.5555555555555,8133.472367049009,2978.3907276854193,1333.3333333333333,26.3,50.1,1.183,0.496,0.525,34,65,89,8105,1333.3333333333333,7.196187070324464,7.75190533307861,0.5557182627541462
الخبر,الخبر/ الراكه,قطعة أرض-تجارى,2025,4,1185.2881959076649,30,1100.0494854313188,577.74,4865.771812080537,1172.6248643870022,2048.0,26.3,50.1,1.183,0.496,0.525,34,65,89,8104,2600.0,7.8636512654486515,7.078584548274186,-0.7850667171744652
الخبر,الخبر/ الراكه,قطعة أرض-تجارى,2026,1,1700.0,81,1121.5538662360336,636.3636363636364,6238.8869825623115,1543.367074285714,1185.2881959076649,26.3,50.1,1.183,0.496,0.525,34,65,89,8105,1185.2881959076649,7.078584548274186,7.438971592395862,0.36038704412167544
الخبر,الخبر/ الراكه,قطعة أرض-سكنى,2025,4,1842.865040850175,121,1838.3520841798002,600.0,13437.248051599034,1787.142857142857,2048.0,26.3,50.1,1.183,0.496,0.525,34,65,89,8104,2175.6889561736634,7.685560173752232,7.519619213179023,-0.1659409605732085
الخبر,الخبر/ الراكه,قطعة أرض-سكنى,2026,1,2821.040258595357,341,1780.8730077318496,502.8571428571428,15385.568935294565,1519.9845617012897,1842.865040850175,26.3,50.1,1.183,0.496,0.525,34,65,89,8105,1842.865040850175,7.519619213179023,7.945215398290929,0.4255961851119059
الخبر,الخبر/ الرجاء,قطعة أرض-تجارى,2026,1,2519.170612244898,11,1061.6118364229621,750.7695387772467,3889.205084424208,1550.361684156971,2524.995219142553,26.3,50.1,1.183,0.496,0.525,34,65,89,8105,1946.1707103186202,7.574132680172011,7.832081881485491,0.25794920131348054
الخبر,الخبر/ الرجاء,قطعة أرض-سكنى,2025,4,2949.5101159668984,17,1395.3860932304492,1000.0,5338.769171034751,1996.3446291813816,2048.0,26.3,50.1,1.183,0.496,0.525,34,65,89,8104,2083.9325204250877,7.642491769404652,7.9897333550515555,0.34724158564690377
الخبر,الخبر/ الرجاء,قطعة أرض-سكنى,2026,1,2893.7045849141537,43,1262.8506393207338,1611.3208571428572,7145.214995120271,1294.0805139834483,2949.5101159668984,26.3,50.1,1.183,0.496,0.525,34,65,89,8105,2949.5101159668984,7.9897333550515555,7.970638341592787,-0.019095013458768406
الخبر,الخبر/ الروابى,قطعة أرض-تجارى,2026,1,4413.530117929525,19,2712.7538645799577,1009.3805286490726,12210.0,3845.4096865460333,5185.869565217392,26.3,50.1,1.183,0.496,0.525,34,65,89,8105,2109.585306122449,7.654720584269445,8.392656678819106,0.7379360945496618
الخبر,الخبر/ الروابى,قطعة أرض-سكنى,2025,4,2410.0,41,1952.730527248757,728.8190116208934,11182.475054478726,1580.2252554771026,2048.0,26.3,50.1,1.183,0.496,0.525,34,65,89,8104,2573.0201292976785,7.853224208365463,7.787796878181171,-0.06542733018429203
الخبر,الخبر/ الروابى,قطعة أرض-سكنى,2026,1,2700.0,39,1670.9653904070344,620.6435596295236,7445.646778516828,2297.5409181636724,2410.0,26.3,50.1,1.183,0.496,0.525,34,65,89,8105,2410.0,7.787796878181171,7.901377353792616,0.11358047561144513
الخبر,الخبر/ الشراع,قطعة أرض-تجارى,2025,4,2941.1373355054634,28,1587.3379575629021,833.3333333333334,6571.428571428572,1974.3484821722923,2048.0,26.3,50.1,1.183,0.496,0.525,34,65,89,8104,2109.585306122449,7.654720584269445,7.986891581073036,0.3321709968035913
الخبر,الخبر/ الشراع,قطعة أرض-تجارى,2026,1,3413.3152393178066,127,2162.554506778647,733.028668293074,9210.526315789471,3134.956440520382,2941.1373355054634,26.3,50.1,1.183,0.496,0.525,34,65,89,8105,2941.1373355054634,7.986891581073036,8.135732236325838,0.1488406552528021
الخبر,الخبر/ الشراع,قطعة أرض-سكنى,2025,4,3291.1392405063293,63,2155.5306246364535,857.1428571428571,11694.386694386694,2701.3450354692222,2048.0,26.3,50.1,1.183,0.496,0.525,34,65,89,8104,2555.0,7.846198815497425,8.099292857532596,0.25309404203517083
الخبر,الخبر/ الشراع,قطعة أرض-سكنى,2026,1,2700.0,255,1748.101819232917,565.2272213429799,11367.33388475324,2523.990050835371,3291.1392405063293,26.3,50.1,1.183,0.496,0.525,34,65,89,8105,3291.1392405063293,8.099292857532596,7.901377353792616,-0.19791550373998046
الخبر,الخبر/ الشفاء,قطعة أرض-تجارى,2026,1,2851.1898234455534,13,1683.65846613001,900.0,6577.885391444714,2418.4333333333334,3300.0,26.3,50.1,1.183,0.496,0.525,34,65,89,8105,2730.153973875181,7.912479499919263,7.9558423373296625,0.04336283741039981
الخبر,الخبر/ الشفاء,قطعة أرض-سكنى,2025,4,3260.8695652173915,25,2005.8089061925878,692.999969326517,7611.689106487148,3407.643331961437,2048.0,26.3,50.1,1.183,0.496,0.525,34,65,89,8104,2760.5201292976785,7.9235365785769165,8.090055796243353,0.16651921766643696
الخبر,الخبر/ الشفاء,قطعة أرض-سكنى,2026,1,3473.9454094292805,55,1603.1730926724545,933.3333333333334,7080.025745548165,2508.4333333333334,3260.8695652173915,26.3,50.1,1.183,0.496,0.525,34,65,89,8105,3260.8695652173915,8.090055796243353,8.153334048358744,0.06327825211539029
الخبر,الخبر/ الصدفة,قطعة أرض-تجارى,2025,4,2554.7448979591836,38,1849.3523878754754,516.1647777777778,8502.437365378075,2524.145524226041,2048.0,26.3,50.1,1.183,0.496,0.525,34,65,89,8104,2896.1635794755084,7.971487461303149,7.846099005336269,-0.1253884559668803
الخبر,الخبر/ الصدفة,قطعة أرض-تجارى,2026,1,3086.9101124630465,84,2972.3428283130806,578.6654321804114,19768.706138183257,2783.1918505858584,2554.7448979591836,26.3,50.1,1.183,0.496,0.525,34,65,89,8105,2554.7448979591836,7.846099005336269,8.035249802062662,0.189150796726393
الخبر,الخبر/ الصدفة,قطعة أرض-سكنى,2025,4,2605.3627372688743,224,2097.9564250962326,529.4754934304309,16276.631237786569,2539.965353843709,2048.0,26.3,50.1,1.183,0.496,0.525,34,65,89,8104,2921.607350440526,7.980231425072128,7.8657109411176185,-0.11452048395450909
الخبر,الخبر/ الصدفة,قطعة أرض-سكنى,2026,1,2700.0,551,2695.8934230979726,528.5272587933722,19426.01728049428,2801.4338630660773,2605.3627372688743,26.3,50.1,1.183,0.496,0.525,34,65,89,8105,2605.3627372688743,7.8657109411176185,7.901377353792616,0.03566641267499726
الخبر,الخبر/ الصواري,قطعة أرض-تجارى,2025,4,1500.0,21,1231.9473243108193,800.0,4483.799572842379,1674.7186796699175,2048.0,26.3,50.1,1.183,0.496,0.525,34,65,89,8104,2896.1635794755084,7.971487461303149,7.313886831633462,-0.6576006296696875
الخبر,الخبر/ الصواري,قطعة أرض-تجارى,2026,1,2298.6421725239616,66,1351.357511044113,729.7838721394842,6964.9815498154985,1912.93613297897,1500.0,26.3,50.1,1.183,0.496,0.525,34,65,89,8105,1500.0,7.313886831633462,7.740508812650364,0.4266219810169023
الخبر,الخبر/ الصواري,قطعة أرض-سكنى,2025,4,3585.9998556686155,175,3339.0770709280214,636.9047619047619,14067.41573033708,2074.5833892352553,2048.0,26.3,50.1,1.183,0.496,0.525,34,65,89,8104,2700.0,7.901377353792616,8.18507143729493,0.28369408350231407
الخبر,الخبر/ الصواري,قطعة أرض-سكنى,2026,1,3071.4417347502917,563,3634.2100193180986,530.0,18350.20213894544,2368.139661792058,3585.9998556686155,26.3,50.1,1.183,0.496,0.525,34,65,89,8105,3585.9998556686155,8.18507143729493,8.030227877794243,-0.15484355950068718
الخبر,الخبر/ العقربية,قطعة أرض-تجارى,2025,4,3061.4744060739654,11,1652.1506835663897,742.8571428571429,5682.16720928804,2546.6081224924264,2048.0,26.3,50.1,1.183,0.496,0.525,34,65,89,8104,2896.1635794755084,7.971487461303149,8.026978497617723,0.05549103631457353
الخبر,الخبر/ العقربية,قطعة أرض-تجارى,2026,1,2042.4437780239307,42,2155.339289529902,608.058191737228,13234.077750206783,1538.0649717514125,3061.4744060739654,26.3,50.1,1.183,0.496,0.525,34,65,89,8105,3061.4744060739654,8.026978497617723,7.622391790036635,-0.40458670758108806
الخبر,الخبر/ العقربية,قطعة أرض-سكنى,2025,4,1250.0,45,1660.89042737484,737.2830199112495,7475.409836065573,2230.4347826086955,2048.0,26.3,50.1,1.183,0.496,0.525,34,65,89,8104,3166.1556499838416,8.060589192784004,7.1316985104669115,-0.9288906823170926
الخبر,الخبر/ العقربية,قطعة أرض-سكنى,2026,1,920.0,165,1303.2067725479376,602.0408163265306,7011.834319526627,1376.6658666666667,1250.0,26.3,50.1,1.183,0.496,0.525,34,65,89,8105,1250.0,7.1316985104669115,6.825460036255307,-0.30623847421160466
الخبر,الخبر/ العقيق,قطعة أرض-تجارى,2026,1,2449.9986619209462,67,1116.6577730767099,599.2509363295881,6666.666666666667,921.5811965811968,2349.9990132422886,26.3,50.1,1.183,0.496,0.525,34,65,89,8105,2702.9673607023688,7.902475366343837,7.804250837596077,-0.09822452874776033
الخبر,الخبر/ العقيق,قطعة أرض-سكنى,2025,4,3054.4242873009994,29,1574.067244995536,783.6708648194794,7071.96029776675,1737.1155036512637,2048.0,26.3,50.1,1.183,0.496,0.525,34,65,89,8104,2885.7208673751456,7.967876488939056,8.02467374487594,0.05679725593688456
الخبر,الخبر/ العقيق,قطعة أرض-سكنى,2026,1,3597.9997560678135,123,1837.7776612682053,715.7976542288303,9933.18661971831,3152.9005130205646,3054.4242873009994,26.3,50.1,1.183,0.496,0.525,34,65,89,8105,3054.4242873009994,8.02467374487594,8.18841124030126,0.16373749542531968
الخبر,الخبر/ العليا,قطعة أرض-تجارى,2026,1,3071.4417347502917,13,2287.348890950233,1352.3481681829358,9935.89903846154,2610.7518887253536,2200.0,26.3,50.1,1.183,0.496,0.525,34,65,89,8105,2502.3717799400647,7.825393814137274,8.030227877794243,0.20483406365696855
الخبر,الخبر/ العليا,قطعة أرض-سكنى,2025,4,4718.756920351369,23,1406.1617824892355,1000.0,7481.446013885563,1676.8377722254445,2048.0,26.3,50.1,1.183,0.496,0.525,34,65,89,8104,2877.2121436504995,7.964924596909474,8.459512577327876,0.4945879804184026
الخبر,الخبر/ العليا,قطعة أرض-سكنى,2026,1,2980.448259418217,85,2259.156665467419,788.5714285714286,12000.0,3349.378911212535,4718.756920351369,26.3,50.1,1.183,0.496,0.525,34,65,89,8105,4718.756920351369,8.459512577327876,8.000164454536415,-0.45934812279146087
الخبر,الخبر/ الكوثر,قطعة أرض-تجارى,2025,4,2847.704786920708,38,1835.8013517003847,525.7142857142857,7347.0478226021905,3151.329386532468,2048.0,26.3,50.1,1.183,0.496,0.525,34,65,89,8104,2502.3717799400647,7.825393814137274,7.954619709234545,0.1292258950972709
الخبر,الخبر/ الكوثر,قطعة أرض-تجارى,2026,1,3800.0,87,1784.0248311673724,737.1428571428571,9117.520034550604,2846.8719190069082,2847.704786920708,26.3,50.1,1.183,0.496,0.525,34,65,89,8105,2847.704786920708,7.954619709234545,8.24301946898925,0.28839975975470455
الخبر,الخبر/ الكوثر,قطعة أرض-سكنى,2025,4,3280.4945946442876,94,1428.757257323958,500.0,6677.987445383603,2467.575404129738,2048.0,26.3,50.1,1.183,0.496,0.525,34,65,89,8104,3062.9330110256456,8.027454667379194,8.09605426669142,0.06859959931222548
الخبر,الخبر/ الكوثر,قطعة أرض-سكنى,2026,1,2551.1466666666665,325,1470.2839839162,522.7559694710513,10246.569580989431,2141.7701094463923,3280.4945946442876,26.3,50.1,1.183,0.496,0.525,34,65,89,8105,3280.4945946442876,8.09605426669142,7.844690114077639,-0.25136415261378087
الخبر,الخبر/ الكورنيش,قطعة أرض-تجارى,2026,1,2572.720093892701,12,2708.8127276902064,1250.0,11182.475054478726,1226.1862839993541,3326.0695033834154,26.3,50.1,1.183,0.496,0.525,34,65,89,8105,2648.851724420827,7.882258964366093,7.853107638611625,-0.02915132575446755
الخبر,الخبر/ الكورنيش,قطعة أرض-سكنى,2025,4,3207.511109082885,16,2344.7053902251605,879.1208791208791,8611.111111111111,1930.738859566136,2048.0,26.3,50.1,1.183,0.496,0.525,34,65,89,8104,3017.436273359608,8.012494185990962,8.073562279576,0.06106809358503895
الخبر,الخبر/ الكورنيش,قطعة أرض-سكنى,2026,1,2511.5001838573266,68,1144.372428585391,700.0,5650.0,1483.1209971566411,3207.511109082885,26.3,50.1,1.183,0.496,0.525,34,65,89,8105,3207.511109082885,8.073562279576,7.8290336255443735,-0.24452865403162694
الخبر,الخبر/ اللؤلؤ,قطعة أرض-تجارى,2026,1,3399.7416196369077,32,1434.4745793554039,551.6778201530306,7324.768988054992,1886.9276606727253,2424.7686610691662,26.3,50.1,1.183,0.496,0.525,34,65,89,8105,2710.2124404067044,7.905151208806475,8.131748810241417,0.2265976014349418
الخبر,الخبر/ اللؤلؤ,قطعة أرض-سكنى,2025,4,2000.0,80,2180.9377847954875,612.2448979591836,8717.121838153784,2895.646661916223,2048.0,26.3,50.1,1.183,0.496,0.525,34,65,89,8104,3130.967698191942,8.049416743581117,7.601402334583733,-0.4480144089973841
الخبر,الخبر/ اللؤلؤ,قطعة أرض-سكنى,2026,1,3354.9358470803877,193,1715.0529487861618,563.9027079861155,10535.045150193502,1469.44917127287,2000.0,26.3,50.1,1.183,0.496,0.525,34,65,89,8105,2000.0,7.601402334583733,8.11848595151654,0.5170836169328066
الخبر,الخبر/ المرجان,قطعة أرض-تجارى,2026,1,3943.839722353683,11,2390.6966411218095,654.5216537580451,8869.179600886919,3307.6334305833198,4829.829024052548,26.3,50.1,1.183,0.496,0.525,34,65,89,8105,2954.589596497337,7.991453434979125,8.280163604407404,0.28871016942827943
الخبر,الخبر/ المرجان,قطعة أرض-سكنى,2025,4,3970.0194551029945,18,1446.0401326831166,672.3585912486659,4303.984259714707,2570.414532951847,2048.0,26.3,50.1,1.183,0.496,0.525,34,65,89,8104,3093.979684250551,8.037536621042404,8.286778130414891,0.2492415093724869
الخبر,الخبر/ المرجان,قطعة أرض-سكنى,2026,1,3540.944854699039,43,1498.5365819546446,600.0,9521.469377725904,1599.949286952362,3970.0194551029945,26.3,50.1,1.183,0.496,0.525,34,65,89,8105,3970.0194551029945,8.286778130414891,8.172431249248978,-0.11434688116591296
الخبر,الخبر/ الواحه,قطعة أرض-سكنى,2025,4,2000.0,19,1167.5946938476238,1243.1585942028987,5432.971618156266,1648.6982452116072,2048.0,26.3,50.1,1.183,0.496,0.525,34,65,89,8104,3244.0028518635863,8.084871507986367,7.601402334583733,-0.48346917340263396
الخبر,الخبر/ جنوب خط الانابيب,قطعة أرض-سكنى,2025,4,2712.042823205801,17,1482.6180731097409,555.806,5447.872462438353,2263.5511728680394,2048.0,26.3,50.1,1.183,0.496,0.525,34,65,89,8104,2879.328887874776,7.965659763788731,7.905826096981761,-0.059833666806970776
الخبر,الخبر/ جنوب خط الانابيب,قطعة أرض-سكنى,2026,1,2759.1498881431767,20,1108.8164928013455,937.1428571428572,6664.677210782851,513.5433438128784,2712.042823205801,26.3,50.1,1.183,0.496,0.525,34,65,89,8105,2712.042823205801,7.905826096981761,7.92304026453486,0.017214167553099458
الخبر,الخبر/ جنوب غرب الانابيب,قطعة أرض-تجارى,2025,4,1180.3405572755416,56,1613.454755406063,629.108580493987,9923.01112061591,1929.2281154970983,2048.0,26.3,50.1,1.183,0.496,0.525,34,65,89,8104,2959.5732608355,7.99313819776783,7.074405138113398,-0.9187330596544321
الخبر,الخبر/ جنوب غرب الانابيب,قطعة أرض-تجارى,2026,1,1532.5128495308154,105,1453.4220170007445,581.0200129115558,7784.431137724551,2036.4197530864199,1180.3405572755416,26.3,50.1,1.183,0.496,0.525,34,65,89,8105,1180.3405572755416,7.074405138113398,7.335316362737209,0.2609112246238112
الخبر,الخبر/ جنوب غرب الانابيب,قطعة أرض-سكنى,2025,4,3520.651115900716,162,1513.9329256078206,500.0,7302.937925027638,2434.637521230763,2048.0,26.3,50.1,1.183,0.496,0.525,34,65,89,8104,2735.596355674489,7.914470221246543,8.166685225631849,0.2522150043853051
الخبر,الخبر/ جنوب غرب الانابيب,قطعة أرض-سكنى,2026,1,3034.5800988002825,261,1629.5719267537106,524.081547088727,9350.44265393415,2471.5291455391193,3520.651115900716,26.3,50.1,1.183,0.496,0.525,34,65,89,8105,3520.651115900716,8.166685225631849,8.018157821572137,-0.14852740405971154
الخبر,الخبر/ جوهرة الدانة,قطعة أرض-تجارى,2025,4,1324.1537145543343,22,1492.076776871402,510.70840197693576,5636.095583266786,2371.4417347502917,2048.0,26.3,50.1,1.183,0.496,0.525,34,65,89,8104,2959.5732608355,7.99313819776783,7.189283742675972,-0.8038544550918578
الخبر,الخبر/ جوهرة الدانة,قطعة أرض-تجارى,2026,1,3459.215845185266,29,3817.7278109278764,674.8338870431893,17199.862401100792,2830.2983913615217,1324.1537145543343,26.3,50.1,1.183,0.496,0.525,34,65,89,8105,1324.1537145543343,7.189283742675972,8.149086249107553,0.9598025064315809
الخبر,الخبر/ جوهرة الدانة,قطعة أرض-سكنى,2025,4,2000.0,50,1836.692630992545,554.0512393251406,8600.301010535368,2501.98706346594,2048.0,26.3,50.1,1.183,0.496,0.525,34,65,89,8104,3194.757972940335,8.069579575902356,7.601402334583733,-0.4681772413186227
الخبر,الخبر/ جوهرة الدانة,قطعة أرض-سكنى,2026,1,2457.1533878002338,63,1707.8425891452632,624.8698187877526,7000.0,2754.719664745504,2000.0,26.3,50.1,1.183,0.496,0.525,34,65,89,8105,2000.0,7.601402334583733,7.807165691677837,0.20576335709410376
الخبر,الخبر/ شمال الخبر,قطعة أرض-سكنى,2025,4,2150.0,16,1821.4630418331526,988.296488946684,6308.062851244409,870.5862907355727,2048.0,26.3,50.1,1.183,0.496,0.525,34,65,89,8104,2735.596355674489,7.914470221246543,7.67368812926773,-0.24078209197881328
الخبر,الخبر/ صناعية الفوازية,قطعة أرض-تجارى,2026,1,1825.0,10,2197.759945996668,798.4796073230424,7661.546511193333,2979.461338931348,600.0,26.3,50.1,1.183,0.496,0.525,34,65,89,8105,2986.2308567648042,8.002102102395598,7.509883061154913,-0.49221904124068505
الخبر,الخبر/ صناعية الفوازية,قطعة أرض-سكنى,2025,4,3114.9659863945576,21,1522.5096765598519,599.994557872491,6285.526891123743,1775.982398239824,2048.0,26.3,50.1,1.183,0.496,0.525,34,65,89,8104,2584.5981055030175,7.857712135615731,8.04429449113984,0.1865823555241093
الخبر,الخبر/ صناعية الفوازية,قطعة أرض-سكنى,2026,1,2011.044657257659,21,1463.6611584296209,789.439521789666,5108.900242000538,2179.61342890597,3114.9659863945576,26.3,50.1,1.183,0.496,0.525,34,65,89,8105,3114.9659863945576,8.04429449113984,7.606906726429408,-0.43738776471043295
الخبر,الخبر/ صناعية نتاج,قطعة أرض-سكنى,2025,4,1708.3333333333335,16,3778.925484846748,1013.3333333333334,13964.054252689251,2923.727096105641,2048.0,26.3,50.1,1.183,0.496,0.525,34,65,89,8104,2608.151637971705,7.86678040455612,7.443858709932396,-0.42292169462372353
الخبر,الخبر/ صناعية نتاج,قطعة أرض-سكنى,2026,1,2958.140389862196,22,1115.5288491146969,782.3565117690699,4000.0,1832.5,1708.3333333333335,26.3,50.1,1.183,0.496,0.525,34,65,89,8105,1708.3333333333335,7.443858709932396,7.9926540963109565,0.5487953863785604
الخبر,الخبر/ غرب الظهران,قطعة أرض-تجارى,2026,1,3936.254141902909,21,2318.8607195903637,1500.0,7777.777777777777,4277.927433467768,1779.4325050369375,26.3,50.1,1.183,0.496,0.525,34,65,89,8105,2198.8600469463504,7.696149022298499,8.27823884103278,0.5820898187342802
الخبر,الخبر/ غرب الظهران,قطعة أرض-سكنى,2025,4,3308.628904182107,33,2463.942075139363,508.130081300813,14401.4401440144,1256.6137566137568,2048.0,26.3,50.1,1.183,0.496,0.525,34,65,89,8104,2303.576693900117,7.7426522916675955,8.104591348545767,0.36193905687817196
الخبر,الخبر/ غرب الظهران,قطعة أرض-سكنى,2026,1,3402.3350762839336,123,2078.9548655115477,539.3389880081895,13821.063300469918,2321.322751322751,3308.628904182107,26.3,50.1,1.183,0.496,0.525,34,65,89,8105,3308.628904182107,8.104591348545767,8.132511134620911,0.02791978607514345
الخبر,الخبر/ غرب العزيزية,قطعة أرض-تجارى,2025,4,2315.403824669778,13,1738.0987299773672,1000.0,7142.857142857143,1538.4851844949685,2048.0,26.3,50.1,1.183,0.496,0.525,34,65,89,8104,2612.370809818454,7.868396165065275,7.747771186476924,-0.12062497858835108
الخبر,الخبر/ غرب العزيزية,قطعة أرض-تجارى,2026,1,7366.211189274797,11,2663.496315315991,2100.0,9326.388888888889,4030.222042470883,2315.403824669778,26.3,50.1,1.183,0.496,0.525,34,65,89,8105,2315.403824669778,7.747771186476924,8.904794513202127,1.157023326725203
الخبر,الخبر/ غرب العزيزية,قطعة أرض-سكنى,2025,4,2126.7155337967597,40,1812.3006886683845,850.0,9375.0,1525.1829995047806,2048.0,26.3,50.1,1.183,0.496,0.525,34,65,89,8104,2707.6468888312147,7.904204486166177,7.662804163798785,-0.24140032236739195
الخبر,الخبر/ غرب العزيزية,قطعة أرض-سكنى,2026,1,950.0,49,1661.4385868554143,784.637621309106,6137.4795417348605,3063.3498513379586,2126.7155337967597,26.3,50.1,1.183,0.496,0.525,34,65,89,8105,2126.7155337967597,7.662804163798785,6.85751406254539,-0.8052901012533944
الخبر,الخبر/ قرطبة,قطعة أرض-تجارى,2026,1,2846.648044692737,20,1650.5417389966703,605.7142857142857,5534.059209934311,2981.4475564141985,2219.4300762730727,26.3,50.1,1.183,0.496,0.525,34,65,89,8105,2070.201912334889,7.635884351734936,7.954248685082309,0.3183643333473727
الخبر,الخبر/ قرطبة,قطعة أرض-سكنى,2025,4,3631.7914481237376,24,1884.2286485707498,578.3132530120482,7234.7961299239805,2636.9564659030825,2048.0,26.3,50.1,1.183,0.496,0.525,34,65,89,8104,2542.4279618294777,7.841268041404282,8.197756625708006,0.3564885843037242
الخبر,الخبر/ قرطبة,قطعة أرض-سكنى,2026,1,3450.0,61,1839.8034338016664,685.7142857142857,8768.952251640643,2014.2401087088033,3631.7914481237376,26.3,50.1,1.183,0.496,0.525,34,65,89,8105,3631.7914481237376,8.197756625708006,8.146419323098003,-0.05133730261000302
الخبر,الخبر/ مدينة العمال,قطعة أرض-تجارى,2026,1,2680.4860614724803,13,1269.4937631949797,500.51302585149784,4155.41242468315,2390.639764326608,3428.5714285714284,26.3,50.1,1.183,0.496,0.525,34,65,89,8105,2581.0259346812572,7.856329615771812,7.894126420375713,0.037796804603901
الخبر,الخبر/ مدينة العمال,قطعة أرض-سكنى,2025,4,1994.8134849391583,51,2192.304799301437,1000.0,11891.062523973917,2947.690910488239,2048.0,26.3,50.1,1.183,0.496,0.525,34,65,89,8104,3133.3846470221515,8.050188148959212,7.598807008085948,-0.45138114087326375
الخبر,الخبر/ مدينة العمال,قطعة أرض-سكنى,2026,1,2300.0,105,1426.894324922454,628.5714285714286,7228.915662650603,1605.5721853190948,1994.8134849391583,26.3,50.1,1.183,0.496,0.525,34,65,89,8105,1994.8134849391583,7.598807008085948,7.741099090035366,0.14229208194941823
الخبر,الخبر/أخرى,قطعة أرض-تجارى,2025,4,3558.176180552026,43,2949.815524381568,666.6666666666666,13389.373264098538,2947.6749815973735,2048.0,26.3,50.1,1.183,0.496,0.525,34,65,89,8104,2763.5670530826087,7.9246393205327115,8.177284387109365,0.25264506657665375
الخبر,الخبر/أخرى,قطعة أرض-تجارى,2026,1,2866.1271282827715,166,2533.379254555126,569.6484201157099,15191.51256190476,1733.1101170202733,3558.176180552026,26.3,50.1,1.183,0.496,0.525,34,65,89,8105,3558.176180552026,8.177284387109365,7.9610658068196445,-0.21621858028972074
الخبر,الخبر/أخرى,قطعة أرض-سكنى,2025,4,3462.9972568560397,206,2598.49733490086,537.2733378106111,15181.297535049942,2501.0910402467416,2048.0,26.3,50.1,1.183,0.496,0.525,34,65,89,8104,2804.3144520910537,7.939270915805881,8.150178477781331,0.2109075619754499
الخبر,الخبر/أخرى,قطعة أرض-سكنى,2026,1,2610.725474537748,638,2980.6213198182863,564.9717514124294,17111.457155555556,2177.5063438535194,3462.9972568560397,26.3,50.1,1.183,0.496,0.525,34,65,89,8105,3462.9972568560397,8.150178477781331,7.867766383240962,-0.2824120945403692
الخبر,الخزامى,قطعة أرض-سكنى,2017,1,3200.0,11,1201.8278125043917,1100.0,4059.0,2137.0,3435.0,26.208713,50.188967,0.34,0.033,0.058,43,50,75,8069,2455.3627372688743,7.806436972689017,8.071218539969863,0.26478156728084556
الخبر,الخزامى,قطعة أرض-سكنى,2019,3,2848.0,13,875.0705246303997,1000.0,4008.0,820.0,2363.25,26.208713,50.188967,0.34,0.033,0.058,43,50,75,8079,3200.0,8.071218539969863,7.954723334497908,-0.11649520547195458
الخبر,الخزامى,قطعة أرض-سكنى,2020,1,1050.0,37,643.702749512327,733.0,3841.0,250.0,2795.5,26.208713,50.188967,0.34,0.033,0.058,43,50,75,8081,3024.0,8.014666370464942,6.957497370876951,-1.057168999587991
الخبر,الخزامى,قطعة أرض-سكنى,2020,2,1574.5,22,1062.6329517021813,1100.0,4112.0,2000.75,2795.5,26.208713,50.188967,0.34,0.033,0.058,43,50,75,8082,2848.0,7.954723334497908,7.362327961197329,-0.5923953733005787
الخبر,الخزامى,قطعة أرض-سكنى,2020,4,2198.0,11,1261.871611391731,604.0,4000.0,2390.5,2795.5,26.208713,50.188967,0.34,0.033,0.058,43,50,75,8084,2211.25,7.70176537614746,7.695757990554761,-0.006007385592698533
الخبر,الخزامى,قطعة أرض-سكنى,2021,1,1300.0,37,798.8005817282368,980.0,4111.0,341.0,1886.25,26.208713,50.188967,0.34,0.033,0.058,43,50,75,8085,2198.0,7.695757990554761,7.170888478512505,-0.5248695120422564
الخبر,الخزامى,قطعة أرض-سكنى,2021,2,3333.0,19,1171.8949940984398,726.0,4457.0,1540.0,1886.25,26.208713,50.188967,0.34,0.033,0.058,43,50,75,8086,1886.25,7.542876022019734,8.111928063310739,0.5690520412910045
الخبر,الخزامى,قطعة أرض-سكنى,2022,1,2646.0,10,1052.2139041088556,1200.0,4373.0,1568.25,2678.5,26.208713,50.188967,0.34,0.033,0.058,43,50,75,8089,2198.0,7.695757990554761,7.881182202227102,0.18542421167234036
الخبر,الخزامى,قطعة أرض-سكنى,2025,4,2531.5718335968595,19,1306.0604873020534,1660.0,5136.986301369863,2054.0382770428323,2048.0,26.208713,50.188967,0.34,0.033,0.058,43,50,75,8104,2422.0,7.792761720816526,7.836990600418242,0.04422887960171629
الخبر,الخور,قطعة أرض-سكنى,2025,3,4784.5,14,1324.4267617549667,3415.0,8502.0,1454.5,2048.0,26.229011,50.214034,1.233,0.583,0.357,27,34,41,8103,2364.7859167984298,7.768865557265459,8.47334579163596,0.7044802343705019
الخبر,الخور,قطعة أرض-سكنى,2025,4,4427.526260817666,74,907.6153648673826,3400.0,8543.638275499474,925.2181550837231,2048.0,26.229011,50.214034,1.233,0.583,0.357,27,34,41,8104,4784.5,8.47334579163596,8.395822135189754,-0.07752365644620696
الخبر,الخور,قطعة أرض-سكنى,2026,1,4802.0,70,793.6613511899585,3462.0,6465.0,1402.0,4606.013130408834,26.229011,50.214034,1.233,0.583,0.357,27,34,41,8105,4606.013130408834,8.43533501503145,8.476996001664824,0.041660986633374364
الخبر,الدرة,قطعة أرض-سكنى,2025,4,980.0,22,179.39286029477674,600.0,1199.9386220653676,230.0,2048.0,26.3,50.1,1.183,0.496,0.525,34,65,89,8104,2989.5,8.003195876484611,6.8885724595653635,-1.1146234169192475
الخبر,الراكة الجنوبية,قطعة أرض-سكنى,2016,1,4757.5,10,2313.7624986156206,1045.0,6162.0,4526.5,2048.0,26.352546,50.205622,0.256,0.198,0.283,55,70,43,8065,2989.5,8.003195876484611,8.467687771512399,0.46449189502778765
الخبر,الراكة الجنوبية,قطعة أرض-سكنى,2016,2,4751.0,17,1929.2971022689921,741.0,5875.0,3197.0,2048.0,26.352546,50.205622,0.256,0.198,0.283,55,70,43,8066,4757.5,8.467687771512399,8.466320861042481,-0.0013669104699172152
الخبر,الراكة الجنوبية,قطعة أرض-سكنى,2016,4,4310.0,32,1706.7967687095672,1044.0,5602.0,3489.0,2048.0,26.352546,50.205622,0.256,0.198,0.283,55,70,43,8068,4754.25,8.46700454983295,8.368925174747135,-0.0980793750858151
الخبر,الراكة الجنوبية,قطعة أرض-سكنى,2017,3,1999.0,15,1325.7081557740055,1893.0,6545.0,100.0,4530.5,26.352546,50.205622,0.256,0.198,0.283,55,70,43,8071,4751.0,8.466320861042481,7.600902459542082,-0.8654184015003992
الخبر,الراكة الجنوبية,قطعة أرض-سكنى,2018,4,1496.0,26,1042.3933968738258,1040.0,5200.0,300.0,2634.0,26.352546,50.205622,0.256,0.198,0.283,55,70,43,8076,4530.5,8.418808289494836,7.311218384419629,-1.1075899050752067
الخبر,الراكة الجنوبية,قطعة أرض-سكنى,2019,1,2007.0,13,1561.2564631058356,750.0,4930.0,2677.0,2076.25,26.352546,50.205622,0.256,0.198,0.283,55,70,43,8077,4310.0,8.368925174747135,7.60489448081162,-0.7640306939355153
الخبر,الراكة الجنوبية,قطعة أرض-سكنى,2019,2,2094.0,12,1216.061563931994,1350.0,4976.0,1935.0,2076.25,26.352546,50.205622,0.256,0.198,0.283,55,70,43,8078,3158.5,8.05816906621351,7.647308832356238,-0.41086023385727266
الخبر,الراكة الجنوبية,قطعة أرض-سكنى,2019,3,3274.0,12,1611.9136260602763,1300.0,6204.0,2319.75,2076.25,26.352546,50.205622,0.256,0.198,0.283,55,70,43,8079,2094.0,7.647308832356238,8.094073148069352,0.44676431571311426
الخبر,الراكة الجنوبية,قطعة أرض-سكنى,2019,4,1300.0,15,1493.8367603813565,1300.0,6120.0,50.0,2076.25,26.352546,50.205622,0.256,0.198,0.283,55,70,43,8080,2684.0,7.895436006942965,7.170888478512505,-0.7245475284304606
الخبر,الراكة الجنوبية,قطعة أرض-سكنى,2020,1,1400.0,12,1616.4533754957224,1300.0,5137.0,2694.75,2050.5,26.352546,50.205622,0.256,0.198,0.283,55,70,43,8081,2050.5,7.626326511882241,7.244941546337007,-0.3813849655452346
الخبر,الراكة الجنوبية,قطعة أرض-سكنى,2020,3,3903.0,10,1676.4157532598463,1388.0,6600.0,2371.5,2050.5,26.352546,50.205622,0.256,0.198,0.283,55,70,43,8083,2003.0,7.602900462204755,8.269756947532983,0.6668564853282275
الخبر,الراكة الجنوبية,قطعة أرض-سكنى,2020,4,3900.0,11,1121.2347171351282,1704.0,4874.0,1377.5,2050.5,26.352546,50.205622,0.256,0.198,0.283,55,70,43,8084,2003.0,7.602900462204755,8.268988209506656,0.6660877473019005
الخبر,الراكة الجنوبية,قطعة أرض-سكنى,2022,1,3200.0,11,1977.4854924189135,1350.0,8785.0,843.5,3396.5,26.352546,50.205622,0.256,0.198,0.283,55,70,43,8089,2050.5,7.626326511882241,8.071218539969863,0.4448920280876214
الخبر,الراكة الجنوبية,قطعة أرض-سكنى,2023,2,1900.0,22,2056.641843150059,643.0,8302.0,0.0,2697.0,26.352546,50.205622,0.256,0.198,0.283,55,70,43,8094,2647.0,7.881559917056899,7.550135342488429,-0.3314245745684703
الخبر,الراكة الجنوبية,قطعة أرض-سكنى,2023,3,2000.0,15,1916.9318441817632,1425.0,6833.0,1929.0,2697.0,26.352546,50.205622,0.256,0.198,0.283,55,70,43,8095,2647.0,7.881559917056899,7.601402334583733,-0.2801575824731657
الخبر,الراكة الجنوبية,قطعة أرض-سكنى,2025,4,2445.0,22,1407.1136032199154,1370.0,6688.524590163935,1410.9876616673837,2048.0,26.352546,50.205622,0.256,0.198,0.283,55,70,43,8104,2600.0,7.8636512654486515,7.802209316247118,-0.061441949201533674
الخبر,الراكة الجنوبية,قطعة أرض-سكنى,2026,1,2577.5,10,904.0938987615045,2062.0,5000.0,1145.75,2918.0,26.352546,50.205622,0.256,0.198,0.283,55,70,43,8105,2222.5,7.706837809950751,7.854963113491014,0.14812530354026254
الخبر,الراكة الشمالية,قطعة أرض-سكنى,2021,1,1500.0,17,256.93314248240216,1007.0,2000.0,263.0,2048.0,26.36878,50.194287,0.077,0.221,0.388,94,83,36,8085,2511.25,7.828934044929068,7.313886831633462,-0.5150472132956061
الخبر,الراكة الشمالية,قطعة أرض-سكنى,2021,2,1750.0,19,581.5235585277755,1400.0,3877.0,313.0,2048.0,26.36878,50.194287,0.077,0.221,0.388,94,83,36,8086,1500.0,7.313886831633462,7.467942332285852,0.15405550065239026
الخبر,الراكة الشمالية,قطعة أرض-سكنى,2021,4,1483.5,12,587.9323489736697,550.0,2826.0,383.5,2048.0,26.36878,50.194287,0.077,0.221,0.388,94,83,36,8088,1625.0,7.3938782901077555,7.302833294203815,-0.09104499590394077
الخبر,الراكة الشمالية,قطعة أرض-سكنى,2025,4,2722.323049001815,15,1549.641321479996,1800.0,7558.578987150416,2142.9959179663165,2048.0,26.36878,50.194287,0.077,0.221,0.388,94,83,36,8104,1500.0,7.313886831633462,7.909608122802486,0.5957212911690242
الخبر,الراكه,قطعة أرض-سكنى,2019,4,1510.5,10,335.3856155399499,1300.0,2150.0,475.25,1316.5,26.3,50.1,1.183,0.496,0.525,34,65,89,8080,1950.0,7.576097340623111,7.320857814219512,-0.2552395264035985
الخبر,الراكه,قطعة أرض-سكنى,2020,1,1400.0,22,608.402215159721,1300.0,4167.0,350.0,2106.25,26.3,50.1,1.183,0.496,0.525,34,65,89,8081,1510.5,7.320857814219512,7.244941546337007,-0.07591626788250583
الخبر,الراكه,قطعة أرض-سكنى,2020,2,1350.0,15,474.8759035890574,1350.0,3016.0,50.0,2106.25,26.3,50.1,1.183,0.496,0.525,34,65,89,8082,1455.25,7.28361991731401,7.208600337960199,-0.07501957935381132
الخبر,الراكه,قطعة أرض-سكنى,2020,4,1550.0,21,566.0005805145938,1180.0,3842.0,100.0,2106.25,26.3,50.1,1.183,0.496,0.525,34,65,89,8084,1400.0,7.244941546337007,7.346655163176539,0.1017136168395325
الخبر,الراكه,قطعة أرض-سكنى,2021,1,1800.0,30,473.407918682466,1500.0,4292.0,100.0,1475.0,26.3,50.1,1.183,0.496,0.525,34,65,89,8085,1455.25,7.28361991731401,7.496097345175956,0.21247742786194568
الخبر,الراكه,قطعة أرض-سكنى,2025,4,4014.11090721413,10,676.5144877295362,2867.0,4681.968710745689,817.8349305642432,2048.0,26.3,50.1,1.183,0.496,0.525,34,65,89,8104,1510.5,7.320857814219512,8.29782024921582,0.9769624349963069
الخبر,الرجاء,قطعة أرض-سكنى,2020,4,644.5,10,128.51307758789028,514.0,933.0,172.5,523.5,26.171898,50.129539,0.583,1.473,2.0,12,4,6,8084,1530.25,7.333839674293037,6.470025210286697,-0.8638144640063397
الخبر,الرجاء,قطعة أرض-سكنى,2022,1,983.5,10,48.6776243371748,948.0,1097.0,66.25,863.75,26.171898,50.129539,0.583,1.473,2.0,12,4,6,8089,644.5,6.470025210286697,6.89213389807918,0.4221086877924831
الخبر,الرجاء,قطعة أرض-سكنى,2022,2,1000.0,11,166.45059327019536,533.0,1086.0,94.0,863.75,26.171898,50.129539,0.583,1.473,2.0,12,4,6,8090,814.0,6.703188113240863,6.90875477931522,0.20556666607435758
الخبر,السفن,قطعة أرض-سكنى,2025,4,3539.7428925876147,12,982.4879583233517,1603.0,3889.205084424208,1969.8498290471816,2048.0,26.136723,50.160892,0.757,4.236,1.598,4,0,9,8104,1375.0,7.226936018493289,8.17209184077416,0.9451558222808707
الخبر,الشراع,قطعة أرض-تجارى,2025,4,1485.0,11,729.7123323169088,528.0,2628.5714285714284,875.2142857142858,2048.0,26.167021,50.145583,0.58,0.883,1.473,16,7,12,8104,2856.3875864877546,7.957663055083326,7.303843225277705,-0.653819829805621
الخبر,الشراع,قطعة أرض-سكنى,2016,1,2130.0,10,1090.4211673579262,1600.0,4800.0,1613.75,2048.0,26.167021,50.145583,0.58,0.883,1.473,16,7,12,8065,1450.0,7.280008252884188,7.664346632098617,0.38433837921442926
الخبر,الشراع,قطعة أرض-سكنى,2016,2,3180.0,16,1135.6645172907945,659.0,4937.0,657.0,2048.0,26.167021,50.145583,0.58,0.883,1.473,16,7,12,8066,2130.0,7.664346632098617,8.064950891749143,0.4006042596505264
الخبر,الشراع,قطعة أرض-سكنى,2016,3,2823.0,10,970.7551527891401,1800.0,4800.0,1150.75,2048.0,26.167021,50.145583,0.58,0.883,1.473,16,7,12,8067,2655.0,7.884576510596324,7.945909598613133,0.06133308801680837
الخبر,الشراع,قطعة أرض-سكنى,2016,4,3086.0,13,880.6549136427259,2286.0,4800.0,1273.0,2048.0,26.167021,50.145583,0.58,0.883,1.473,16,7,12,8068,2823.0,7.945909598613133,8.034955024502159,0.08904542588902586
الخبر,الشراع,قطعة أرض-سكنى,2017,1,3096.0,13,706.560112310122,2263.0,4600.0,629.0,2954.5,26.167021,50.145583,0.58,0.883,1.473,16,7,12,8069,2954.5,7.991423120264424,8.038189179973203,0.04676605970877912
الخبر,الشراع,قطعة أرض-سكنى,2017,2,2857.0,13,513.6989041282491,1600.0,3600.0,257.0,2954.5,26.167021,50.145583,0.58,0.883,1.473,16,7,12,8070,3086.0,8.034955024502159,7.957877358489813,-0.07707766601234578
الخبر,الشراع,قطعة أرض-سكنى,2017,3,2457.0,10,443.36377088496226,1371.0,2857.0,565.75,2954.5,26.167021,50.145583,0.58,0.883,1.473,16,7,12,8071,2971.5,7.997158628564937,7.80710329012598,-0.19005533843895694
الخبر,الشراع,قطعة أرض-سكنى,2017,4,2365.5,16,1192.0811056719253,583.0,4473.0,2047.5,2954.5,26.167021,50.145583,0.58,0.883,1.473,16,7,12,8072,2857.0,7.957877358489813,7.7691673493463025,-0.18871000914351033
الخبر,الشراع,قطعة أرض-سكنى,2018,1,2286.0,11,423.98827170743135,1714.0,3006.0,658.0,2657.0,26.167021,50.145583,0.58,0.883,1.473,16,7,12,8073,2840.0,7.951911381854188,7.734996194022781,-0.2169151878314075
الخبر,الشراع,قطعة أرض-سكنى,2018,2,2625.0,17,712.8535139514578,833.0,2971.0,872.0,2657.0,26.167021,50.145583,0.58,0.883,1.473,16,7,12,8074,2840.0,7.951911381854188,7.873217054862741,-0.07869432699144685
الخبر,الشراع,قطعة أرض-سكنى,2018,4,2371.5,14,767.6083737066809,691.0,3276.0,760.25,2657.0,26.167021,50.145583,0.58,0.883,1.473,16,7,12,8076,2724.0,7.9102237070973445,7.771699530484083,-0.13852417661326122
الخبر,الشراع,قطعة أرض-سكنى,2019,1,2500.0,15,1086.1714194274089,571.0,3400.0,1953.5,2442.75,26.167021,50.145583,0.58,0.883,1.473,16,7,12,8077,2541.0,7.8407064517494,7.824445930877619,-0.016260520871780315
الخبر,الشراع,قطعة أرض-سكنى,2019,4,987.5,12,1307.2013448817308,709.0,3800.0,2280.25,2442.75,26.167021,50.145583,0.58,0.883,1.473,16,7,12,8080,2478.5,7.815812205929189,6.896188642610672,-0.9196235633185168
الخبر,الشراع,قطعة أرض-سكنى,2020,1,2737.0,12,1996.8908313736738,731.0,8027.0,2107.0,2193.0,26.167021,50.145583,0.58,0.883,1.473,16,7,12,8081,2414.25,7.789558080397619,7.914983005848394,0.12542492545077533
الخبر,الشراع,قطعة أرض-سكنى,2020,2,2857.0,11,1061.6607573214542,816.0,3800.0,1334.0,2193.0,26.167021,50.145583,0.58,0.883,1.473,16,7,12,8082,2414.25,7.789558080397619,7.957877358489813,0.16831927809219405
الخبر,الشراع,قطعة أرض-سكنى,2020,4,2513.5,14,966.1557134527346,861.0,3515.0,1769.5,2193.0,26.167021,50.145583,0.58,0.883,1.473,16,7,12,8084,2435.75,7.79842046321732,7.82982925561202,0.03140879239469996
الخبر,الشراع,قطعة أرض-سكنى,2021,1,1250.0,35,1024.7345071207633,571.0,3726.0,1744.5,2625.25,26.167021,50.145583,0.58,0.883,1.473,16,7,12,8085,2506.75,7.827141215763595,7.1316985104669115,-0.6954427052966832
الخبر,الشراع,قطعة أرض-سكنى,2021,2,1250.0,17,996.5163844171176,911.0,3694.0,1757.0,2625.25,26.167021,50.145583,0.58,0.883,1.473,16,7,12,8086,2506.75,7.827141215763595,7.1316985104669115,-0.6954427052966832
الخبر,الشراع,قطعة أرض-سكنى,2021,3,2564.0,12,1041.324797233473,800.0,3956.0,1459.25,2625.25,26.167021,50.145583,0.58,0.883,1.473,16,7,12,8087,2435.75,7.79842046321732,7.84971375760487,0.05129329438755015
الخبر,الشراع,قطعة أرض-سكنى,2021,4,1187.0,19,881.4207198495602,971.0,3561.0,763.5,2625.25,26.167021,50.145583,0.58,0.883,1.473,16,7,12,8088,2506.75,7.827141215763595,7.080026499922591,-0.7471147158410041
الخبر,الشراع,قطعة أرض-سكنى,2025,3,1473.0,15,1211.7124521381577,657.0,4342.0,1750.0,2048.0,26.167021,50.145583,0.58,0.883,1.473,16,7,12,8103,1881.75,7.540488752981461,7.295735072749282,-0.24475368023217925
الخبر,الشراع,قطعة أرض-سكنى,2025,4,2285.357142857143,44,1190.581616862026,967.2896685714284,5293.714285714285,1754.43115942029,2048.0,26.167021,50.145583,0.58,0.883,1.473,16,7,12,8104,1993.25,7.598023318791239,7.734715062623238,0.13669174383199856
الخبر,الشراع,قطعة أرض-سكنى,2026,1,1750.0,13,881.2645416148843,1085.0,3746.0,1288.0,1879.1785714285716,26.167021,50.145583,0.58,0.883,1.473,16,7,12,8105,1879.1785714285716,7.539122036115656,7.467942332285852,-0.0711797038298041
الخبر,الشفاء,قطعة أرض-سكنى,2025,3,1332.5,10,568.729002054386,1100.0,2843.0,591.25,2048.0,26.3,50.1,1.183,0.496,0.525,34,65,89,8103,1611.5,7.3855410486699276,7.195562343622069,-0.1899787050478583
الخبر,الشفاء,قطعة أرض-سكنى,2025,4,1194.2222222222222,22,306.78640446418166,1000.0,2368.040919747093,188.4578681552366,2048.0,26.3,50.1,1.183,0.496,0.525,34,65,89,8104,1332.5,7.195562343622069,7.086087407095786,-0.10947493652628282
الخبر,الصدفة,قطعة أرض-تجارى,2017,4,1400.0,15,747.6889027116124,1102.0,3845.0,349.5,2048.0,26.374104,50.217237,0.263,1.005,1.423,35,39,16,8072,2856.3875864877546,7.957663055083326,7.244941546337007,-0.712721508746319
الخبر,الصدفة,قطعة أرض-تجارى,2019,3,1418.0,11,46.36475934468884,1310.0,1418.0,75.0,1108.75,26.374104,50.217237,0.263,1.005,1.423,35,39,16,8079,1400.0,7.244941546337007,7.257707677160043,0.012766130823036015
الخبر,الصدفة,قطعة أرض-تجارى,2019,4,1450.0,15,362.85628796299744,1200.0,2368.0,175.0,1108.75,26.374104,50.217237,0.263,1.005,1.423,35,39,16,8080,1409.0,7.251344983372214,7.280008252884188,0.02866326951197351
الخبر,الصدفة,قطعة أرض-تجارى,2020,1,1300.0,44,237.3872526415475,841.0,2050.0,142.5,1334.0,26.374104,50.217237,0.263,1.005,1.423,35,39,16,8081,1418.0,7.257707677160043,7.170888478512505,-0.08681919864753773
الخبر,الصدفة,قطعة أرض-تجارى,2020,2,1320.0,105,225.1548112099518,790.0,2228.0,150.0,1334.0,26.374104,50.217237,0.263,1.005,1.423,35,39,16,8082,1409.0,7.251344983372214,7.186144304522325,-0.06520067884988912
الخبر,الصدفة,قطعة أرض-تجارى,2020,3,1400.0,23,120.6941550009088,1300.0,1700.0,125.0,1334.0,26.374104,50.217237,0.263,1.005,1.423,35,39,16,8083,1400.0,7.244941546337007,7.244941546337007,0.0
الخبر,الصدفة,قطعة أرض-تجارى,2020,4,1600.0,16,190.68576900230394,1020.0,1700.0,178.25,1334.0,26.374104,50.217237,0.263,1.005,1.423,35,39,16,8084,1400.0,7.244941546337007,7.3783837129967145,0.13344216665970787
الخبر,الصدفة,قطعة أرض-تجارى,2021,1,1599.0,17,223.9606878581202,1000.0,1800.0,300.0,1360.0,26.374104,50.217237,0.263,1.005,1.423,35,39,16,8085,1400.0,7.244941546337007,7.3777589082278725,0.1328173618908659
الخبر,الصدفة,قطعة أرض-تجارى,2021,2,1873.5,12,1394.2240238885136,1865.0,5902.0,122.25,1360.0,26.374104,50.217237,0.263,1.005,1.423,35,39,16,8086,1409.0,7.251344983372214,7.536097236175967,0.28475225280375227
الخبر,الصدفة,قطعة أرض-تجارى,2022,1,2300.0,10,1665.2137967507024,1620.0,7000.0,610.0,2024.75,26.374104,50.217237,0.263,1.005,1.423,35,39,16,8089,1434.0,7.268920128193722,7.741099090035366,0.4721789618416441
الخبر,الصدفة,قطعة أرض-تجارى,2023,1,2325.0,24,2354.0349445000884,1800.0,7857.0,3838.5,3953.0,26.374104,50.217237,0.263,1.005,1.423,35,39,16,8093,1524.5,7.3300775041567245,7.75190533307861,0.4218278289218853
الخبر,الصدفة,قطعة أرض-سكنى,2017,4,1354.0,48,368.5773246383839,750.0,2614.0,145.75,2048.0,26.374104,50.217237,0.263,1.005,1.423,35,39,16,8072,1402.75,7.246902506052653,7.2115567333138015,-0.03534577273885109
الخبر,الصدفة,قطعة أرض-سكنى,2018,1,1314.5,24,222.83450266893175,553.0,1368.0,150.0,1354.0,26.374104,50.217237,0.263,1.005,1.423,35,39,16,8073,1354.0,7.2115567333138015,7.181972100480348,-0.029584632833453917
الخبر,الصدفة,قطعة أرض-سكنى,2018,4,1212.0,24,81.47441138262316,1100.0,1349.0,129.75,1354.0,26.374104,50.217237,0.263,1.005,1.423,35,39,16,8076,1334.25,7.19687381921988,7.10085190894405,-0.09602191027582929
الخبر,الصدفة,قطعة أرض-سكنى,2019,1,1200.0,28,199.51970106009858,520.0,1343.0,250.0,1256.0,26.374104,50.217237,0.263,1.005,1.423,35,39,16,8077,1314.5,7.181972100480348,7.0909098220799835,-0.09106227840036407
الخبر,الصدفة,قطعة أرض-سكنى,2019,2,1250.0,53,93.83938892793716,912.0,1572.0,80.0,1256.0,26.374104,50.217237,0.263,1.005,1.423,35,39,16,8078,1263.25,7.142234339960092,7.1316985104669115,-0.01053582949318077
الخبر,الصدفة,قطعة أرض-سكنى,2019,3,1263.0,54,85.30651766819258,1000.0,1500.0,143.0,1256.0,26.374104,50.217237,0.263,1.005,1.423,35,39,16,8079,1250.0,7.1316985104669115,7.142036574706803,0.010338064239891587
الخبر,الصدفة,قطعة أرض-سكنى,2019,4,1330.0,62,154.49364589145904,580.0,1510.0,112.0,1256.0,26.374104,50.217237,0.263,1.005,1.423,35,39,16,8080,1256.5,7.136880901973894,7.193685818395112,0.056804916421217655
الخبر,الصدفة,قطعة أرض-سكنى,2020,1,1350.0,198,166.50492967602952,832.0,2250.0,90.0,1256.5,26.374104,50.217237,0.263,1.005,1.423,35,39,16,8081,1263.0,7.142036574706803,7.208600337960199,0.06656376325339597
الخبر,الصدفة,قطعة أرض-سكنى,2020,2,1370.0,414,164.24908241529133,624.0,2920.0,98.75,1256.5,26.374104,50.217237,0.263,1.005,1.423,35,39,16,8082,1288.75,7.162203680124759,7.223295679562314,0.06109199943755517
الخبر,الصدفة,قطعة أرض-سكنى,2020,3,1380.0,54,125.8093032437167,1000.0,1650.0,73.75,1256.5,26.374104,50.217237,0.263,1.005,1.423,35,39,16,8083,1288.75,7.162203680124759,7.2305631534092925,0.0683594732845334
الخبر,الصدفة,قطعة أرض-سكنى,2020,4,1500.0,119,130.68535827910196,1153.0,2250.0,51.0,1256.5,26.374104,50.217237,0.263,1.005,1.423,35,39,16,8084,1296.5,7.1681946150400435,7.313886831633462,0.14569221659341824
الخبر,الصدفة,قطعة أرض-سكنى,2021,1,1546.5,56,921.6289388761761,529.0,5278.0,200.0,1375.0,26.374104,50.217237,0.263,1.005,1.423,35,39,16,8085,1340.0,7.201170883281678,7.344396004558751,0.143225121277073
الخبر,الصدفة,قطعة أرض-سكنى,2021,2,1849.0,18,1231.4602788156235,775.0,4688.0,1409.5,1375.0,26.374104,50.217237,0.263,1.005,1.423,35,39,16,8086,1360.0,7.215975002651466,7.52294091807237,0.30696591542090435
الخبر,الصدفة,قطعة أرض-سكنى,2021,3,1976.5,22,1291.7684277747583,1650.0,7222.0,101.25,1375.0,26.374104,50.217237,0.263,1.005,1.423,35,39,16,8087,1375.0,7.226936018493289,7.589588699641809,0.36265268114852045
الخبر,الصدفة,قطعة أرض-سكنى,2021,4,2000.0,35,1753.4431563415476,1650.0,6540.0,1178.0,1375.0,26.374104,50.217237,0.263,1.005,1.423,35,39,16,8088,1440.0,7.273092595999522,7.601402334583733,0.32830973858421153
الخبر,الصدفة,قطعة أرض-سكنى,2022,1,2400.0,36,1547.9272920868411,1949.0,6381.0,2962.0,1912.75,26.374104,50.217237,0.263,1.005,1.423,35,39,16,8089,1523.25,7.329257764787926,7.783640596221253,0.45438283143332736
الخبر,الصدفة,قطعة أرض-سكنى,2022,2,2250.0,28,1267.1599431123805,1500.0,5910.0,300.0,1912.75,26.374104,50.217237,0.263,1.005,1.423,35,39,16,8090,1697.75,7.437647965465353,7.719129840906732,0.28148187544137926
الخبر,الصدفة,قطعة أرض-سكنى,2022,3,2200.0,13,1516.0650356457973,545.0,6872.0,190.0,1912.75,26.374104,50.217237,0.263,1.005,1.423,35,39,16,8091,1912.75,7.556819946971894,7.696667081526462,0.139847134554568
الخبر,الصدفة,قطعة أرض-سكنى,2022,4,3300.0,23,1785.6560734498178,1943.0,7332.0,2930.0,1912.75,26.374104,50.217237,0.263,1.005,1.423,35,39,16,8092,1988.25,7.5955129622576445,8.101980731853192,0.506467769595548
الخبر,الصدفة,قطعة أرض-سكنى,2023,1,2300.0,15,2308.1995457189446,2098.0,7528.0,4081.5,2325.0,26.374104,50.217237,0.263,1.005,1.423,35,39,16,8093,2100.0,7.650168700845001,7.741099090035366,0.09093038919036545
الخبر,الصدفة,قطعة أرض-سكنى,2023,2,2500.0,27,1853.593745155548,750.0,7333.0,2778.5,2325.0,26.374104,50.217237,0.263,1.005,1.423,35,39,16,8094,2225.0,7.70796153183549,7.824445930877619,0.11648439904212893
الخبر,الصدفة,قطعة أرض-سكنى,2023,3,2470.5,12,2000.2389459534804,2000.0,7613.0,3376.5,2325.0,26.374104,50.217237,0.263,1.005,1.423,35,39,16,8095,2275.0,7.730174795246222,7.812580532747014,0.0824057375007925
الخبر,الصدفة,قطعة أرض-سكنى,2023,4,2325.0,10,291.63007389499467,1500.0,2600.0,162.5,2325.0,26.374104,50.217237,0.263,1.005,1.423,35,39,16,8096,2350.0,7.762596048540069,7.75190533307861,-0.010690715461459277
الخبر,الصدفة,قطعة أرض-سكنى,2025,4,2300.0,51,1033.6232430575665,1881.0,5500.0,422.0690198834727,2048.0,26.374104,50.217237,0.263,1.005,1.423,35,39,16,8104,2362.5,7.767898850233291,7.741099090035366,-0.026799760197924627
الخبر,الصوارى,قطعة أرض-تجارى,2018,4,789.0,11,245.28410243856186,609.0,1250.0,394.5,691.0,26.3,50.1,1.183,0.496,0.525,34,65,89,8076,1599.5,7.378071359409918,6.672032945461067,-0.7060384139488507
الخبر,الصوارى,قطعة أرض-تجارى,2019,3,982.0,12,456.7948531658253,667.0,2160.0,515.75,741.0,26.3,50.1,1.183,0.496,0.525,34,65,89,8079,789.0,6.672032945461067,6.890609120147166,0.21857617468609902
الخبر,الصوارى,قطعة أرض-تجارى,2019,4,1106.0,18,494.4590098464185,677.0,2280.0,826.5,741.0,26.3,50.1,1.183,0.496,0.525,34,65,89,8080,885.5,6.787281125514262,7.009408932708637,0.22212780719437486
الخبر,الصوارى,قطعة أرض-تجارى,2020,1,1871.0,17,1038.6261074980114,806.0,4000.0,1004.0,1053.0,26.3,50.1,1.183,0.496,0.525,34,65,89,8081,982.0,6.890609120147166,7.534762657037537,0.6441535368903706
الخبر,الصوارى,قطعة أرض-تجارى,2023,1,1150.5,10,989.0696189405026,662.0,3622.0,315.0,1549.75,26.3,50.1,1.183,0.496,0.525,34,65,89,8093,1044.0,6.951772164398911,7.04882071926074,0.0970485548618285
الخبر,الصوارى,قطعة أرض-تجارى,2023,3,2360.5,10,1135.559969550021,1093.0,4513.0,1809.5,1549.75,26.3,50.1,1.183,0.496,0.525,34,65,89,8095,1106.0,7.009408932708637,7.7670522893361715,0.7576433566275345
الخبر,الصوارى,قطعة أرض-سكنى,2016,1,811.0,102,1341.4460696773629,556.0,7413.0,2164.75,2048.0,26.3,50.1,1.183,0.496,0.525,34,65,89,8065,2312.5,7.746516808347054,6.699500340161678,-1.047016468185376
الخبر,الصوارى,قطعة أرض-سكنى,2016,2,759.0,67,1076.7460680121603,527.0,4073.0,1387.5,2048.0,26.3,50.1,1.183,0.496,0.525,34,65,89,8066,811.0,6.699500340161678,6.633318433280377,-0.06618190688130099
الخبر,الصوارى,قطعة أرض-سكنى,2016,3,832.5,66,1078.4934294604104,560.0,3840.0,1813.0,2048.0,26.3,50.1,1.183,0.496,0.525,34,65,89,8067,785.0,6.666956792429207,6.725633702190849,0.05867690976164219
الخبر,الصوارى,قطعة أرض-سكنى,2016,4,680.0,74,1025.2921791241367,512.0,4224.0,733.0,2048.0,26.3,50.1,1.183,0.496,0.525,34,65,89,8068,811.0,6.699500340161678,6.523562306149512,-0.1759380340121659
الخبر,الصوارى,قطعة أرض-سكنى,2017,1,701.0,74,978.0761894634841,532.0,4041.0,1230.75,785.0,26.3,50.1,1.183,0.496,0.525,34,65,89,8069,785.0,6.666956792429207,6.553933404025811,-0.11302338840339576
الخبر,الصوارى,قطعة أرض-سكنى,2017,2,756.0,73,1040.5127921482024,549.0,4320.0,1491.0,785.0,26.3,50.1,1.183,0.496,0.525,34,65,89,8070,759.0,6.633318433280377,6.6293632534374485,-0.00395517984292848
الخبر,الصوارى,قطعة أرض-سكنى,2017,3,850.0,73,1002.8422943951364,537.0,3925.0,1715.0,785.0,26.3,50.1,1.183,0.496,0.525,34,65,89,8071,757.5,6.631342798788587,6.7464121285733745,0.11506932978478712
الخبر,الصوارى,قطعة أرض-سكنى,2017,4,912.5,96,987.0228200849366,500.0,3389.0,1820.25,785.0,26.3,50.1,1.183,0.496,0.525,34,65,89,8072,759.0,6.633318433280377,6.817283375818062,0.1839649425376848
الخبر,الصوارى,قطعة أرض-سكنى,2018,1,1257.0,76,987.1586349347887,519.0,3709.0,1790.25,803.0,26.3,50.1,1.183,0.496,0.525,34,65,89,8073,785.0,6.666956792429207,7.1372784372603855,0.4703216448311789
الخبر,الصوارى,قطعة أرض-سكنى,2018,2,1075.0,45,977.1601204562643,527.0,3212.0,1775.0,803.0,26.3,50.1,1.183,0.496,0.525,34,65,89,8074,795.75,6.680540953297446,6.98100574072173,0.30046478742428384
الخبر,الصوارى,قطعة أرض-سكنى,2018,3,667.0,51,870.2708656549655,502.0,2912.0,1559.0,803.0,26.3,50.1,1.183,0.496,0.525,34,65,89,8075,841.25,6.736076882286662,6.504288173536645,-0.23178870875001678
الخبر,الصوارى,قطعة أرض-سكنى,2018,4,699.0,157,786.9048175082784,501.0,3250.0,545.0,803.0,26.3,50.1,1.183,0.496,0.525,34,65,89,8076,803.0,6.6895992691789665,6.551080335043404,-0.13851893413556216
الخبر,الصوارى,قطعة أرض-سكنى,2019,1,798.0,130,662.1019592273093,510.0,3040.0,139.5,887.0,26.3,50.1,1.183,0.496,0.525,34,65,89,8077,803.0,6.6895992691789665,6.683360945766275,-0.006238323412691926
الخبر,الصوارى,قطعة أرض-سكنى,2019,2,860.0,87,895.7413175049995,502.0,3345.0,1581.5,887.0,26.3,50.1,1.183,0.496,0.525,34,65,89,8078,824.0,6.715383386334681,6.7580945044277305,0.04271111809304973
الخبر,الصوارى,قطعة أرض-سكنى,2019,3,939.5,122,868.3073990993707,501.0,3824.0,195.75,887.0,26.3,50.1,1.183,0.496,0.525,34,65,89,8079,855.0,6.752270376141742,6.846411648741085,0.09414127259934268
الخبر,الصوارى,قطعة أرض-سكنى,2019,4,978.0,99,1053.1097262129138,538.0,3796.0,1837.5,887.0,26.3,50.1,1.183,0.496,0.525,34,65,89,8080,886.25,6.788126791526606,6.88653164253051,0.09840485100390417
الخبر,الصوارى,قطعة أرض-سكنى,2020,1,1015.0,77,1002.1217543765172,500.0,4036.0,1626.0,899.75,26.3,50.1,1.183,0.496,0.525,34,65,89,8081,899.75,6.803227749628203,6.923628628138427,0.12040087851022463
الخبر,الصوارى,قطعة أرض-سكنى,2020,2,3067.0,41,1140.4760532552975,527.0,4265.0,2380.0,899.75,26.3,50.1,1.183,0.496,0.525,34,65,89,8082,899.75,6.803227749628203,8.028781162487148,1.225553412858945
الخبر,الصوارى,قطعة أرض-سكنى,2020,3,960.0,53,923.1770449450626,580.0,3750.0,1202.0,899.75,26.3,50.1,1.183,0.496,0.525,34,65,89,8083,899.75,6.803227749628203,6.8679744089702925,0.06474665934208979
الخبر,الصوارى,قطعة أرض-سكنى,2020,4,1020.5,54,695.1624198753757,605.0,3900.0,134.0,899.75,26.3,50.1,1.183,0.496,0.525,34,65,89,8084,949.75,6.857251146808369,6.929027414257677,0.07177626744930787
الخبر,الصوارى,قطعة أرض-سكنى,2022,1,1264.0,33,1143.3529348858651,533.0,4259.0,1851.0,2048.0,26.3,50.1,1.183,0.496,0.525,34,65,89,8089,969.0,6.877296071497429,7.142827401161621,0.26553132966419213
الخبر,الصوارى,قطعة أرض-سكنى,2022,2,1255.0,35,1006.7753815561658,623.0,4200.0,512.0,2048.0,26.3,50.1,1.183,0.496,0.525,34,65,89,8090,996.5,6.905252148764019,7.135687347028144,0.23043519826412506
الخبر,الصوارى,قطعة أرض-سكنى,2022,3,1255.0,28,652.864113169464,604.0,3333.0,111.0,2048.0,26.3,50.1,1.183,0.496,0.525,34,65,89,8091,1017.75,6.9263316645550725,7.135687347028144,0.20935568247307135
الخبر,الصوارى,قطعة أرض-سكنى,2022,4,1300.0,23,709.7015851193717,589.0,4250.0,309.5,2048.0,26.3,50.1,1.183,0.496,0.525,34,65,89,8092,1137.75,7.037686448574168,7.170888478512505,0.13320202993833696
الخبر,الصوارى,قطعة أرض-سكنى,2023,1,1323.0,13,1184.1243925040465,821.0,4215.0,1602.0,1259.5,26.3,50.1,1.183,0.496,0.525,34,65,89,8093,1255.0,7.135687347028144,7.188412736496954,0.05272538946880978
الخبر,الصوارى,قطعة أرض-سكنى,2023,2,1286.0,19,922.3086498640437,658.0,4100.0,251.0,1259.5,26.3,50.1,1.183,0.496,0.525,34,65,89,8094,1259.5,7.139263746627974,7.160069207596127,0.020805460968152723
الخبر,الصوارى,قطعة أرض-سكنى,2023,3,1306.0,16,1061.6659157506504,1000.0,4300.0,907.0,1259.5,26.3,50.1,1.183,0.496,0.525,34,65,89,8095,1259.5,7.139263746627974,7.175489713624222,0.03622596699624747
الخبر,الصوارى,قطعة أرض-سكنى,2023,4,2137.5,14,1356.0923499299233,619.0,5431.0,1448.5,1259.5,26.3,50.1,1.183,0.496,0.525,34,65,89,8096,1275.0,7.151485463904735,7.667859927666964,0.5163744637622285
الخبر,الصواري,قطعة أرض-تجارى,2021,2,1100.0,17,1706.8901374067607,625.0,7750.0,347.0,2048.0,26.188046,50.159337,0.37,1.112,0.381,19,9,12,8086,1510.75,7.321023199153323,7.00397413672268,-0.3170490624306428
الخبر,الصواري,قطعة أرض-سكنى,2021,1,1040.0,91,583.50475429991,640.0,3960.0,263.0,2048.0,26.188046,50.159337,0.37,1.112,0.381,19,9,12,8085,1293.0,7.165493475060845,6.947937068614969,-0.21755640644587615
الخبر,الصواري,قطعة أرض-سكنى,2021,2,1161.0,59,900.2737362140978,520.0,3902.0,923.5,2048.0,26.188046,50.159337,0.37,1.112,0.381,19,9,12,8086,1040.0,6.947937068614969,7.057897937411856,0.10996086879688693
الخبر,الصواري,قطعة أرض-سكنى,2021,3,1225.0,31,966.1562174716569,548.0,4360.0,681.5,2048.0,26.188046,50.159337,0.37,1.112,0.381,19,9,12,8087,1100.5,7.0044281662423975,7.111512116496157,0.1070839502537595
الخبر,الصواري,قطعة أرض-سكنى,2021,4,1150.0,45,984.6596432937188,524.0,4352.0,520.0,2048.0,26.188046,50.159337,0.37,1.112,0.381,19,9,12,8088,1161.0,7.057897937411856,7.048386408721883,-0.009511528689973403
الخبر,الصواري,قطعة أرض-سكنى,2025,3,1429.5,14,1183.9076873168415,1228.0,4750.0,1378.25,2048.0,26.188046,50.159337,0.37,1.112,0.381,19,9,12,8103,1155.5,7.053153481671494,7.265779312490165,0.2126258308186708
الخبر,الصواري,قطعة أرض-سكنى,2025,4,1465.0581395348836,102,946.2311163714448,787.0,4871.794871794872,589.8670886075952,2048.0,26.188046,50.159337,0.37,1.112,0.381,19,9,12,8104,1161.0,7.057897937411856,7.2903325402788255,0.23243460286696926
الخبر,الصواري,قطعة أرض-سكنى,2026,1,1516.0,21,973.0621939698066,801.0,4307.0,1265.0,1447.2790697674418,26.188046,50.159337,0.37,1.112,0.381,19,9,12,8105,1193.0,7.085064293952548,7.324489979348532,0.2394256853959842
الخبر,العزيزية,قطعة أرض-تجارى,2016,1,774.0,34,814.1189873048019,525.0,3265.0,570.75,2048.0,26.457426,50.071764,0.315,0.184,0.302,211,182,338,8065,1128.25,7.029308974534714,6.652863029353347,-0.3764459451813664
الخبر,العزيزية,قطعة أرض-تجارى,2016,2,820.0,33,1627.9586771615104,514.0,8051.0,1675.0,2048.0,26.457426,50.071764,0.315,0.184,0.302,211,182,338,8066,774.0,6.652863029353347,6.710523109452428,0.057660080099080524
الخبر,العزيزية,قطعة أرض-تجارى,2016,3,731.0,33,778.7995716018805,500.0,3371.0,509.0,2048.0,26.457426,50.071764,0.315,0.184,0.302,211,182,338,8067,797.0,6.682108597449809,6.595780513961311,-0.08632808348849785
الخبر,العزيزية,قطعة أرض-تجارى,2016,4,811.0,25,948.1622522894837,520.0,3726.0,749.0,2048.0,26.457426,50.071764,0.315,0.184,0.302,211,182,338,8068,774.0,6.652863029353347,6.699500340161678,0.04663731080833067
الخبر,العزيزية,قطعة أرض-تجارى,2017,1,824.0,50,1124.7807223940972,502.0,5750.0,1328.75,792.5,26.457426,50.071764,0.315,0.184,0.302,211,182,338,8069,792.5,6.676453539966464,6.715383386334681,0.038929846368216836
الخبر,العزيزية,قطعة أرض-تجارى,2017,2,1120.0,31,1015.9440188624399,513.0,3992.0,1242.5,792.5,26.457426,50.071764,0.315,0.184,0.302,211,182,338,8070,811.0,6.699500340161678,7.02197642307216,0.322476082910482
الخبر,العزيزية,قطعة أرض-تجارى,2017,3,651.5,16,1135.4357093204353,520.0,4513.0,1209.75,792.5,26.457426,50.071764,0.315,0.184,0.302,211,182,338,8071,815.5,6.70502691241052,6.480811139196849,-0.22421577321367092
الخبر,العزيزية,قطعة أرض-تجارى,2017,4,936.0,36,1184.369958757123,514.0,6369.0,731.25,792.5,26.457426,50.071764,0.315,0.184,0.302,211,182,338,8072,811.0,6.699500340161678,6.842683282238422,0.1431829420767441
الخبر,العزيزية,قطعة أرض-تجارى,2018,1,937.5,16,1324.2476543305638,515.0,5772.0,1465.0,880.0,26.457426,50.071764,0.315,0.184,0.302,211,182,338,8073,815.5,6.70502691241052,6.844282856026563,0.13925594361604343
الخبر,العزيزية,قطعة أرض-تجارى,2018,2,850.0,15,585.0950431543661,514.0,2802.0,433.5,880.0,26.457426,50.071764,0.315,0.184,0.302,211,182,338,8074,822.0,6.71295620067707,6.7464121285733745,0.033455927896304694
الخبر,العزيزية,قطعة أرض-تجارى,2018,3,807.0,17,1338.4346679214932,514.0,6127.0,1028.0,880.0,26.457426,50.071764,0.315,0.184,0.302,211,182,338,8075,837.0,6.731018100482083,6.694562058521095,-0.03645604196098784
الخبر,العزيزية,قطعة أرض-تجارى,2018,4,629.0,38,612.8751749625274,503.0,2783.0,407.25,880.0,26.457426,50.071764,0.315,0.184,0.302,211,182,338,8076,837.0,6.731018100482083,6.4457198193855785,-0.28529828109650435
الخبر,العزيزية,قطعة أرض-تجارى,2019,1,640.0,28,392.92056630898236,525.0,2117.0,211.5,828.5,26.457426,50.071764,0.315,0.184,0.302,211,182,338,8077,837.0,6.731018100482083,6.46302945692067,-0.26798864356141294
الخبر,العزيزية,قطعة أرض-تجارى,2019,2,686.0,20,136.75925832221415,503.0,1157.0,110.5,828.5,26.457426,50.071764,0.315,0.184,0.302,211,182,338,8078,828.5,6.7208231096305,6.532334292222349,-0.1884888174081505
الخبر,العزيزية,قطعة أرض-تجارى,2019,3,737.0,39,984.1061790578896,500.0,5143.0,208.0,828.5,26.457426,50.071764,0.315,0.184,0.302,211,182,338,8079,746.5,6.616734305264841,6.6039438246004725,-0.012790480664368609
الخبر,العزيزية,قطعة أرض-تجارى,2019,4,660.5,48,330.3477831035323,500.0,1887.0,279.75,828.5,26.457426,50.071764,0.315,0.184,0.302,211,182,338,8080,772.0,6.650279048587422,6.494509983555011,-0.15576906503241172
الخبر,العزيزية,قطعة أرض-تجارى,2020,1,600.0,115,338.9791895131021,500.0,2811.0,149.5,673.25,26.457426,50.071764,0.315,0.184,0.302,211,182,338,8081,711.5,6.568779912142806,6.398594934535208,-0.17018497760759832
الخبر,العزيزية,قطعة أرض-تجارى,2020,2,707.0,111,413.52828966764343,500.0,2857.0,229.0,673.25,26.457426,50.071764,0.315,0.184,0.302,211,182,338,8082,673.25,6.513600962019839,6.56244409369372,0.048843131673880436
الخبر,العزيزية,قطعة أرض-تجارى,2020,3,660.0,62,253.75181446079756,500.0,2011.0,184.0,673.25,26.457426,50.071764,0.315,0.184,0.302,211,182,338,8083,673.25,6.513600962019839,6.493753839851686,-0.01984712216815332
الخبر,العزيزية,قطعة أرض-تجارى,2020,4,779.0,140,478.71261518182695,507.0,4571.0,314.25,673.25,26.457426,50.071764,0.315,0.184,0.302,211,182,338,8084,660.25,6.494131983172509,6.659293919683638,0.16516193651112854
الخبر,العزيزية,قطعة أرض-تجارى,2022,1,1150.0,88,689.5303048270011,520.0,4351.0,244.25,1168.0,26.457426,50.071764,0.315,0.184,0.302,211,182,338,8089,673.25,6.513600962019839,7.048386408721883,0.5347854467020436
الخبر,العزيزية,قطعة أرض-تجارى,2022,2,1120.0,65,1156.1719031837517,571.0,8051.0,318.0,1168.0,26.457426,50.071764,0.315,0.184,0.302,211,182,338,8090,696.5,6.5475025136955205,7.02197642307216,0.47447390937663947
الخبر,العزيزية,قطعة أرض-تجارى,2022,3,1041.0,78,830.688938103856,649.0,4412.0,429.0,1168.0,26.457426,50.071764,0.315,0.184,0.302,211,182,338,8091,722.0,6.583409222158765,6.948897222313312,0.3654880001545475
الخبر,العزيزية,قطعة أرض-تجارى,2022,4,1110.0,48,792.2123476770963,610.0,3743.0,866.5,1168.0,26.457426,50.071764,0.315,0.184,0.302,211,182,338,8092,743.0,6.612041034833092,7.01301578963963,0.40097475480653877
الخبر,العزيزية,قطعة أرض-تجارى,2023,1,1260.5,60,1150.4953371934866,500.0,4620.0,1641.75,1115.0,26.457426,50.071764,0.315,0.184,0.302,211,182,338,8093,910.0,6.814542897259958,7.140056768081112,0.3255138708211538
الخبر,العزيزية,قطعة أرض-تجارى,2023,2,1034.0,36,921.5847927123854,579.0,4000.0,303.5,1115.0,26.457426,50.071764,0.315,0.184,0.302,211,182,338,8094,1075.5,6.981470316804418,6.942156705699469,-0.0393136111049488
الخبر,العزيزية,قطعة أرض-تجارى,2023,3,1103.0,32,1011.8244296375187,509.0,4877.0,485.0,1115.0,26.457426,50.071764,0.315,0.184,0.302,211,182,338,8095,1075.5,6.981470316804418,7.00669522683704,0.025224910032622283
الخبر,العزيزية,قطعة أرض-تجارى,2023,4,2146.0,14,1211.414521481868,626.0,3680.0,2145.0,1115.0,26.457426,50.071764,0.315,0.184,0.302,211,182,338,8096,1106.5,7.009860501919291,7.671826797878781,0.6619662959594903
الخبر,العزيزية,قطعة أرض-سكنى,2016,1,963.0,169,1365.369683816617,500.0,5143.0,2178.0,2048.0,26.457426,50.071764,0.315,0.184,0.302,211,182,338,8065,1327.25,7.191617565331053,6.871091294610546,-0.32052627072050743
الخبر,العزيزية,قطعة أرض-سكنى,2016,2,900.0,119,1199.0694675842867,520.0,5538.0,1755.0,2048.0,26.457426,50.071764,0.315,0.184,0.302,211,182,338,8066,963.0,6.871091294610546,6.803505257608338,-0.06758603700220789
الخبر,العزيزية,قطعة أرض-سكنى,2016,3,880.0,120,1138.2267241460395,500.0,4956.0,1690.0,2048.0,26.457426,50.071764,0.315,0.184,0.302,211,182,338,8067,931.5,6.837869151517971,6.78105762593618,-0.056811525581791145
الخبر,العزيزية,قطعة أرض-سكنى,2016,4,875.0,113,1129.9138536577634,500.0,4113.0,1856.0,2048.0,26.457426,50.071764,0.315,0.184,0.302,211,182,338,8068,900.0,6.803505257608338,6.775366090936392,-0.028139166671945937
الخبر,العزيزية,قطعة أرض-سكنى,2017,1,824.5,140,1006.0688705306269,500.0,3833.0,1726.0,890.0,26.457426,50.071764,0.315,0.184,0.302,211,182,338,8069,890.0,6.792344427470809,6.715989263360183,-0.07635516411062593
الخبر,العزيزية,قطعة أرض-سكنى,2017,2,875.0,132,871.3248153485815,507.0,4000.0,1190.75,890.0,26.457426,50.071764,0.315,0.184,0.302,211,182,338,8070,880.0,6.78105762593618,6.775366090936392,-0.005691534999788139
الخبر,العزيزية,قطعة أرض-سكنى,2017,3,969.5,82,1026.4424291568337,500.0,4185.0,1698.5,890.0,26.457426,50.071764,0.315,0.184,0.302,211,182,338,8071,877.5,6.7782159076271515,6.877811402609065,0.09959549498191311
الخبر,العزيزية,قطعة أرض-سكنى,2017,4,875.0,147,1017.9733135660318,510.0,4500.0,1740.0,890.0,26.457426,50.071764,0.315,0.184,0.302,211,182,338,8072,880.0,6.78105762593618,6.775366090936392,-0.005691534999788139
الخبر,العزيزية,قطعة أرض-سكنى,2018,1,850.0,98,945.4865729705413,500.0,4063.0,1478.0,875.0,26.457426,50.071764,0.315,0.184,0.302,211,182,338,8073,877.5,6.7782159076271515,6.7464121285733745,-0.03180377905377707
الخبر,العزيزية,قطعة أرض-سكنى,2018,2,778.0,80,704.4712529284157,503.0,3112.0,900.25,875.0,26.457426,50.071764,0.315,0.184,0.302,211,182,338,8074,875.0,6.775366090936392,6.658011045870748,-0.11735504506564354
الخبر,العزيزية,قطعة أرض-سكنى,2018,3,729.0,46,806.4441952774031,503.0,3127.0,941.25,875.0,26.457426,50.071764,0.315,0.184,0.302,211,182,338,8075,875.0,6.775366090936392,6.593044534142437,-0.1823215567939549
الخبر,العزيزية,قطعة أرض-سكنى,2018,4,750.0,176,800.6354794218718,500.0,5520.0,461.75,875.0,26.457426,50.071764,0.315,0.184,0.302,211,182,338,8076,862.5,6.760993897586733,6.621405651764134,-0.13958824582259854
الخبر,العزيزية,قطعة أرض-سكنى,2019,1,733.0,161,747.0810407992823,500.0,4868.0,367.0,764.0,26.457426,50.071764,0.315,0.184,0.302,211,182,338,8077,837.25,6.731316385346338,6.598509028614515,-0.13280735673182242
الخبر,العزيزية,قطعة أرض-سكنى,2019,2,735.5,132,827.8712825756986,500.0,6819.0,416.75,764.0,26.457426,50.071764,0.315,0.184,0.302,211,182,338,8078,814.0,6.703188113240863,6.601909235902685,-0.10127887733817786
الخبر,العزيزية,قطعة أرض-سكنى,2019,3,650.5,220,464.5486284628606,500.0,3400.0,360.25,764.0,26.457426,50.071764,0.315,0.184,0.302,211,182,338,8079,764.0,6.639875833826536,6.4792773965649,-0.16059843726163603
الخبر,العزيزية,قطعة أرض-سكنى,2019,4,641.0,402,531.0871044784166,500.0,4303.0,272.5,764.0,26.457426,50.071764,0.315,0.184,0.302,211,182,338,8080,742.75,6.61170495685984,6.464588303689961,-0.14711665316987865
الخبر,العزيزية,قطعة أرض-سكنى,2020,1,671.0,313,719.9013430754079,500.0,5926.0,155.0,691.75,26.457426,50.071764,0.315,0.184,0.302,211,182,338,8081,734.25,6.600210577434105,6.51025834052315,-0.08995223691095511
الخبر,العزيزية,قطعة أرض-سكنى,2020,2,725.0,219,821.9819132559495,500.0,4052.0,250.0,691.75,26.457426,50.071764,0.315,0.184,0.302,211,182,338,8082,731.0,6.595780513961311,6.587550014824796,-0.008230499136515412
الخبر,العزيزية,قطعة أرض-سكنى,2020,3,700.0,219,667.6358619253906,514.0,5270.0,193.0,691.75,26.457426,50.071764,0.315,0.184,0.302,211,182,338,8083,727.0,6.590301048196686,6.55250788703459,-0.037793161162095856
الخبر,العزيزية,قطعة أرض-سكنى,2020,4,800.0,354,549.5791238983526,500.0,4473.0,239.0,691.75,26.457426,50.071764,0.315,0.184,0.302,211,182,338,8084,712.5,6.570182436916891,6.68586094706836,0.11567851015146857
الخبر,العزيزية,قطعة أرض-سكنى,2021,1,850.0,67,594.9706388203915,544.0,2828.0,111.0,712.5,26.457426,50.071764,0.315,0.184,0.302,211,182,338,8085,712.5,6.570182436916891,6.7464121285733745,0.1762296916564834
الخبر,العزيزية,قطعة أرض-سكنى,2021,2,956.0,12,572.0049997132628,612.0,2448.0,591.0,712.5,26.457426,50.071764,0.315,0.184,0.302,211,182,338,8086,712.5,6.570182436916891,6.863803391452954,0.2936209545360633
الخبر,العزيزية,قطعة أرض-سكنى,2022,1,1120.0,329,637.8383404114061,507.0,4800.0,175.0,933.0,26.457426,50.071764,0.315,0.184,0.302,211,182,338,8089,712.5,6.570182436916891,7.02197642307216,0.4517939861552689
الخبر,العزيزية,قطعة أرض-سكنى,2022,2,1150.0,226,622.8006079686628,500.0,4487.0,220.75,933.0,26.457426,50.071764,0.315,0.184,0.302,211,182,338,8090,762.5,6.637913124658687,7.048386408721883,0.4104732840631957
الخبر,العزيزية,قطعة أرض-سكنى,2022,3,1143.0,195,840.312155787767,555.0,5000.0,331.5,933.0,26.457426,50.071764,0.315,0.184,0.302,211,182,338,8091,825.0,6.716594773520978,7.042286171939743,0.3256913984187655
الخبر,العزيزية,قطعة أرض-سكنى,2022,4,1150.0,158,932.898807046782,523.0,4600.0,586.75,933.0,26.457426,50.071764,0.315,0.184,0.302,211,182,338,8092,903.0,6.806829360392176,7.048386408721883,0.2415570483297067
الخبر,العزيزية,قطعة أرض-سكنى,2023,1,1158.0,92,1155.7806984087174,565.0,6286.0,559.5,1146.5,26.457426,50.071764,0.315,0.184,0.302,211,182,338,8093,1038.0,6.946013991099227,7.055312843339752,0.10929885224052427
الخبر,العزيزية,قطعة أرض-سكنى,2023,2,1120.0,96,1322.4079232033046,514.0,11139.0,894.0,1146.5,26.457426,50.071764,0.315,0.184,0.302,211,182,338,8094,1131.5,7.032182857357189,7.02197642307216,-0.010206434285029431
الخبر,العزيزية,قطعة أرض-سكنى,2023,3,1135.5,96,991.2471715740271,541.0,5112.0,694.0,1146.5,26.457426,50.071764,0.315,0.184,0.302,211,182,338,8095,1131.5,7.032182857357189,7.0357086432925975,0.003525785935408088
الخبر,العزيزية,قطعة أرض-سكنى,2023,4,1230.0,49,1106.4511153133838,640.0,4466.0,1895.0,1146.5,26.457426,50.071764,0.315,0.184,0.302,211,182,338,8096,1139.25,7.03900281559181,7.115582126184454,0.07657931059264378
الخبر,العزيزيه,قطعة أرض-سكنى,2016,1,2015.5,36,1401.6852948764981,729.0,5458.0,2449.0,2048.0,26.3,50.1,1.183,0.496,0.525,34,65,89,8065,1146.5,7.0453409419347,7.609118614313423,0.5637776723787224
الخبر,العزيزيه,قطعة أرض-سكنى,2016,2,2933.0,11,1149.7251687409316,600.0,3533.0,2199.5,2048.0,26.3,50.1,1.183,0.496,0.525,34,65,89,8066,2015.5,7.609118614313423,7.984121958702927,0.375003344389504
الخبر,العزيزيه,قطعة أرض-سكنى,2016,3,900.0,25,1199.7670148824727,605.0,4306.0,1995.0,2048.0,26.3,50.1,1.183,0.496,0.525,34,65,89,8067,2474.25,7.814096680002624,6.803505257608338,-1.0105914223942865
الخبر,العزيزيه,قطعة أرض-سكنى,2016,4,1370.0,21,1124.9319365653914,730.0,4190.0,2049.0,2048.0,26.3,50.1,1.183,0.496,0.525,34,65,89,8068,2015.5,7.609118614313423,7.223295679562314,-0.3858229347511086
الخبر,العزيزيه,قطعة أرض-سكنى,2017,1,850.0,31,1370.5894038618912,500.0,4190.0,2509.0,1692.75,26.3,50.1,1.183,0.496,0.525,34,65,89,8069,1692.75,7.434700284628011,6.7464121285733745,-0.6882881560546368
الخبر,العزيزيه,قطعة أرض-سكنى,2017,2,2814.0,10,1320.4069448469286,692.0,4196.0,2033.5,1692.75,26.3,50.1,1.183,0.496,0.525,34,65,89,8070,1370.0,7.223295679562314,7.942717540573791,0.7194218610114769
الخبر,العزيزيه,قطعة أرض-سكنى,2017,3,1387.0,16,1258.0496661499499,728.0,3555.0,2503.0,1692.75,26.3,50.1,1.183,0.496,0.525,34,65,89,8071,1692.75,7.434700284628011,7.23561914106675,-0.19908114356126116
الخبر,العزيزيه,قطعة أرض-سكنى,2017,4,2482.0,15,1217.4174343764794,633.0,4105.0,1982.5,1692.75,26.3,50.1,1.183,0.496,0.525,34,65,89,8072,1387.0,7.23561914106675,7.817222785508166,0.5816036444414161
الخبر,العزيزيه,قطعة أرض-سكنى,2018,1,1950.0,12,1245.4961041506897,592.0,4219.0,1693.75,1934.5,26.3,50.1,1.183,0.496,0.525,34,65,89,8073,1701.25,7.439706184363076,7.576097340623111,0.13639115626003484
الخبر,العزيزيه,قطعة أرض-سكنى,2018,4,857.0,18,602.3695828800496,577.0,2351.0,892.0,1934.5,26.3,50.1,1.183,0.496,0.525,34,65,89,8076,1668.5,7.42027945938371,6.754604099487962,-0.6656753598957472
الخبر,العزيزيه,قطعة أرض-سكنى,2019,1,1101.0,13,784.2527637413192,588.0,2967.0,1327.0,1403.5,26.3,50.1,1.183,0.496,0.525,34,65,89,8077,1378.5,7.2294763936573405,7.004881989712859,-0.22459440394448116
الخبر,العزيزيه,قطعة أرض-سكنى,2019,2,730.0,24,629.1101361493049,545.0,2566.0,137.0,1403.5,26.3,50.1,1.183,0.496,0.525,34,65,89,8078,1378.5,7.2294763936573405,6.594413459749778,-0.6350629339075624
الخبر,العزيزيه,قطعة أرض-سكنى,2019,3,725.0,11,536.2815237608627,538.0,2401.0,385.5,1403.5,26.3,50.1,1.183,0.496,0.525,34,65,89,8079,1244.0,7.126890808898808,6.587550014824796,-0.539340794074012
الخبر,العزيزيه,قطعة أرض-سكنى,2019,4,826.0,23,431.1694411209145,575.0,2783.0,260.0,1403.5,26.3,50.1,1.183,0.496,0.525,34,65,89,8080,1244.0,7.126890808898808,6.717804695023691,-0.40908611387511673
الخبر,العزيزيه,قطعة أرض-سكنى,2020,1,933.0,25,813.2081385885576,662.0,4161.0,150.0,778.0,26.3,50.1,1.183,0.496,0.525,34,65,89,8081,979.0,6.887552571664617,6.839476438228843,-0.04807613343577444
الخبر,العزيزيه,قطعة أرض-سكنى,2020,3,868.5,20,791.501988227712,569.0,3548.0,231.0,778.0,26.3,50.1,1.183,0.496,0.525,34,65,89,8083,895.0,6.79794041297493,6.767918333794338,-0.03002207918059252
الخبر,العزيزيه,قطعة أرض-سكنى,2020,4,999.0,15,97.12559370413625,778.0,1111.0,50.0,778.0,26.3,50.1,1.183,0.496,0.525,34,65,89,8084,862.75,6.76128337508188,6.907755278982137,0.14647190390025688
الخبر,العزيزيه,قطعة أرض-سكنى,2022,1,1148.5,12,644.5086159708077,623.0,2971.0,541.5,2048.0,26.3,50.1,1.183,0.496,0.525,34,65,89,8089,862.75,6.76128337508188,7.047082344203236,0.28579896912135627
الخبر,العقربية,قطعة أرض-سكنى,2016,1,2654.0,17,4134.6166370407445,600.0,14623.0,5115.0,2048.0,26.296872,50.193256,0.0,0.014,0.233,108,201,280,8065,900.75,6.804337319783649,7.884199933676039,1.0798626138923906
الخبر,العقربية,قطعة أرض-سكنى,2016,2,2835.0,13,3116.918613153966,1424.0,12000.0,1820.0,2048.0,26.296872,50.193256,0.0,0.014,0.233,108,201,280,8066,2654.0,7.884199933676039,7.950149887652018,0.06594995397597891
الخبر,العقربية,قطعة أرض-سكنى,2016,3,2061.0,10,1245.1161882419738,1434.0,5079.0,1306.25,2048.0,26.296872,50.193256,0.0,0.014,0.233,108,201,280,8067,2744.5,7.917718486718927,7.631431664576906,-0.2862868221420216
الخبر,العقربية,قطعة أرض-سكنى,2016,4,5358.5,12,2961.561867827464,1441.0,12488.0,2868.5,2048.0,26.296872,50.193256,0.0,0.014,0.233,108,201,280,8068,2654.0,7.884199933676039,8.586625966131574,0.7024260324555351
الخبر,العقربية,قطعة أرض-سكنى,2017,1,2839.0,13,2696.50073100448,846.0,11182.0,1052.0,2744.5,26.296872,50.193256,0.0,0.014,0.233,108,201,280,8069,2744.5,7.917718486718927,7.951559331155252,0.03384084443632496
الخبر,العقربية,قطعة أرض-سكنى,2017,2,2000.0,11,1197.9417196326217,1237.0,4512.0,1942.5,2744.5,26.296872,50.193256,0.0,0.014,0.233,108,201,280,8070,2835.0,7.950149887652018,7.601402334583733,-0.34874755306828487
الخبر,العقربية,قطعة أرض-سكنى,2017,3,2700.0,17,929.5014120484165,1000.0,4200.0,841.0,2744.5,26.296872,50.193256,0.0,0.014,0.233,108,201,280,8071,2744.5,7.917718486718927,7.901377353792616,-0.016341132926311452
الخبر,العقربية,قطعة أرض-سكنى,2017,4,2826.0,15,1802.2947198343718,1129.0,7586.0,2060.5,2744.5,26.296872,50.193256,0.0,0.014,0.233,108,201,280,8072,2700.0,7.901377353792616,7.946971357693591,0.04559400390097501
الخبر,العقربية,قطعة أرض-سكنى,2018,1,2597.5,14,2206.683371034458,1361.0,9208.0,3159.75,2763.0,26.296872,50.193256,0.0,0.014,0.233,108,201,280,8073,2763.0,7.92443418488756,7.862689634448497,-0.06174455043906324
الخبر,العقربية,قطعة أرض-سكنى,2020,3,1756.5,10,1526.8942188493465,1204.0,5089.0,2557.0,2242.0,26.296872,50.193256,0.0,0.014,0.233,108,201,280,8083,2763.0,7.92443418488756,7.47164762368482,-0.45278656120273997
الخبر,العقربية,قطعة أرض-سكنى,2021,1,2202.0,10,733.9688534112178,1104.0,3460.0,756.75,2048.75,26.296872,50.193256,0.0,0.014,0.233,108,201,280,8085,2648.75,7.882220574907365,7.697575346802343,-0.1846452281050217
الخبر,العقربية,قطعة أرض-سكنى,2021,4,2867.0,13,2269.3117758248723,924.0,9680.0,1165.0,2048.75,26.296872,50.193256,0.0,0.014,0.233,108,201,280,8088,2648.75,7.882220574907365,7.961370201719511,0.07914962681214632
الخبر,العقربية,قطعة أرض-سكنى,2022,3,2019.5,14,1364.9620451189785,1280.0,5806.0,482.0,1972.0,26.296872,50.193256,0.0,0.014,0.233,108,201,280,8091,2648.75,7.882220574907365,7.611100284518528,-0.27112029038883634
الخبر,العقربية,قطعة أرض-سكنى,2022,4,2509.0,13,1121.7103641429194,1218.0,4731.0,684.0,1972.0,26.296872,50.193256,0.0,0.014,0.233,108,201,280,8092,2399.75,7.783536467518082,7.828038032125829,0.04450156460774757
الخبر,العقربية,قطعة أرض-سكنى,2025,4,3440.3807776121116,10,2119.983821809478,2827.0,7727.155431946556,3440.5868792292695,2048.0,26.296872,50.193256,0.0,0.014,0.233,108,201,280,8104,2553.25,7.845513917471533,8.143628058673224,0.2981141412016912
الخبر,العقيق,قطعة أرض-تجارى,2021,2,650.0,49,110.022044791651,500.0,950.0,195.0,600.0,26.094855,50.144559,3.283,8.879,3.315,0,0,0,8086,1115.0,7.017506142941256,6.478509642208569,-0.5389965007326873
الخبر,العقيق,قطعة أرض-تجارى,2021,3,650.0,26,240.80054944992258,500.0,1205.0,301.25,600.0,26.094855,50.144559,3.283,8.879,3.315,0,0,0,8087,650.0,6.478509642208569,6.478509642208569,0.0
الخبر,العقيق,قطعة أرض-تجارى,2021,4,1050.0,11,200.765761296818,650.0,1300.0,281.5,600.0,26.094855,50.144559,3.283,8.879,3.315,0,0,0,8088,650.0,6.478509642208569,6.957497370876951,0.4789877286683826
الخبر,العقيق,قطعة أرض-سكنى,2020,4,812.0,16,562.3085711303596,700.0,3025.0,100.5,639.75,26.094855,50.144559,3.283,8.879,3.315,0,0,0,8084,2553.25,7.845513917471533,6.70073110954781,-1.1447828079237228
الخبر,العقيق,قطعة أرض-سكنى,2021,1,937.0,21,507.12960210712737,700.0,2857.0,144.0,681.5,26.094855,50.144559,3.283,8.879,3.315,0,0,0,8085,812.0,6.70073110954781,6.843749949006225,0.14301883945841443
الخبر,العقيق,قطعة أرض-سكنى,2021,2,630.0,243,606.7413278107767,524.0,8800.0,165.0,681.5,26.094855,50.144559,3.283,8.879,3.315,0,0,0,8086,874.5,6.774795151725907,6.447305862541213,-0.3274892891846939
الخبر,العقيق,قطعة أرض-سكنى,2021,3,675.0,96,385.9976524789992,525.0,3194.0,357.0,681.5,26.094855,50.144559,3.283,8.879,3.315,0,0,0,8087,812.0,6.70073110954781,6.516193076042964,-0.18453803350484588
الخبر,العقيق,قطعة أرض-سكنى,2021,4,1060.0,128,329.8349853435722,570.0,3171.0,98.0,681.5,26.094855,50.144559,3.283,8.879,3.315,0,0,0,8088,743.5,6.612712852124064,6.966967138613983,0.35425428648991897
الخبر,العقيق,قطعة أرض-سكنى,2022,1,975.0,15,837.57427531334,752.0,3131.0,306.5,806.0,26.094855,50.144559,3.283,8.879,3.315,0,0,0,8089,812.0,6.70073110954781,6.883462586413092,0.1827314768652819
الخبر,العقيق,قطعة أرض-سكنى,2022,2,1000.0,24,800.8972855220085,800.0,4207.0,123.75,806.0,26.094855,50.144559,3.283,8.879,3.315,0,0,0,8090,874.5,6.774795151725907,6.90875477931522,0.1339596275893138
الخبر,الكوثر,قطعة أرض-تجارى,2019,1,526.0,10,22.86093222557259,503.0,568.0,20.25,691.5,26.151557,50.121287,2.53,3.468,1.734,3,0,5,8077,1076.5,6.9823988219779025,6.267200548541362,-0.7151982734365401
الخبر,الكوثر,قطعة أرض-تجارى,2019,3,565.5,10,125.95612110748904,526.0,949.0,43.25,691.5,26.151557,50.121287,2.53,3.468,1.734,3,0,5,8079,526.0,6.267200548541362,6.339477080468061,0.0722765319266987
الخبر,الكوثر,قطعة أرض-تجارى,2020,4,649.0,13,138.93191470312686,519.0,1021.0,141.0,560.25,26.151557,50.121287,2.53,3.468,1.734,3,0,5,8084,545.75,6.3039916595568775,6.476972362889683,0.17298070333280524
الخبر,الكوثر,قطعة أرض-تجارى,2021,1,885.5,18,408.84903009762013,524.0,2086.0,194.0,616.5,26.151557,50.121287,2.53,3.468,1.734,3,0,5,8085,565.5,6.339477080468061,6.787281125514262,0.4478040450462011
الخبر,الكوثر,قطعة أرض-سكنى,2019,1,516.5,12,74.2287108547058,503.0,770.0,31.0,928.5,26.151557,50.121287,2.53,3.468,1.734,3,0,5,8077,956.0,6.863803391452954,6.249009525139524,-0.6147938663134305
الخبر,الكوثر,قطعة أرض-سكنى,2019,3,537.0,13,614.2986515802662,503.0,2743.0,23.0,928.5,26.151557,50.121287,2.53,3.468,1.734,3,0,5,8079,516.5,6.249009525139524,6.2878585601617845,0.03884903502226056
الخبر,الكوثر,قطعة أرض-سكنى,2020,1,617.0,15,127.26567636622366,501.0,1057.0,52.0,534.5,26.151557,50.121287,2.53,3.468,1.734,3,0,5,8081,526.75,6.26862268672843,6.42648845745769,0.1578657707292601
الخبر,الكوثر,قطعة أرض-سكنى,2020,4,737.0,23,93.85044026716085,519.0,889.0,120.0,534.5,26.151557,50.121287,2.53,3.468,1.734,3,0,5,8084,537.0,6.2878585601617845,6.6039438246004725,0.316085264438688
الخبر,الكوثر,قطعة أرض-سكنى,2021,1,779.0,27,266.377893857922,595.0,1942.0,199.0,640.0,26.151557,50.121287,2.53,3.468,1.734,3,0,5,8085,577.0,6.359573868672378,6.659293919683638,0.29972005101125987
الخبر,الكوثر,قطعة أرض-سكنى,2021,2,967.0,10,636.4007821770457,807.0,2939.0,88.5,640.0,26.151557,50.121287,2.53,3.468,1.734,3,0,5,8086,617.0,6.42648845745769,6.875232087276577,0.44874362981888627
الخبر,الكوثر,قطعة أرض-سكنى,2021,3,972.0,12,473.6614313147646,568.0,2285.0,249.5,640.0,26.151557,50.121287,2.53,3.468,1.734,3,0,5,8087,677.0,6.519147287940395,6.880384082186005,0.3612367942456096
الخبر,الكوثر,قطعة أرض-سكنى,2021,4,1044.0,13,143.0956287744632,716.0,1275.0,171.0,640.0,26.151557,50.121287,2.53,3.468,1.734,3,0,5,8088,737.0,6.6039438246004725,6.951772164398911,0.34782833979843897
الخبر,الكوثر,قطعة أرض-سكنى,2022,3,951.5,14,238.58101579736203,519.0,1300.0,371.75,969.5,26.151557,50.121287,2.53,3.468,1.734,3,0,5,8091,758.0,6.63200177739563,6.859090107000856,0.22708832960522596
الخبر,الكوثر,قطعة أرض-سكنى,2025,4,937.2573243331926,22,244.54577815740075,685.0,1700.0,77.50264701323897,2048.0,26.151557,50.121287,2.53,3.468,1.734,3,0,5,8104,865.25,6.764173550504113,6.8440242443616315,0.07985069385751853
الخبر,الكورنيش,قطعة أرض-سكنى,2016,3,2507.0,14,617.6137524802596,1194.0,2649.0,975.75,2048.0,26.325653,50.221853,0.54,0.24,0.669,35,53,52,8067,944.3786621665963,6.851585547940047,7.827240901752812,0.9756553538127646
الخبر,الكورنيش,قطعة أرض-سكنى,2017,3,3800.0,14,682.3649445732228,2128.0,4244.0,228.25,3257.0,26.325653,50.221853,0.54,0.24,0.669,35,53,52,8071,2507.0,7.827240901752812,8.24301946898925,0.4157785672364378
الخبر,الكورنيش,قطعة أرض-سكنى,2017,4,2800.0,17,1819.772757710666,1550.0,8500.0,2490.0,3257.0,26.325653,50.221853,0.54,0.24,0.669,35,53,52,8072,3153.5,8.056585283810865,7.937731775260109,-0.11885350855075583
الخبر,الكورنيش,قطعة أرض-سكنى,2020,4,1825.0,24,450.1514398961528,560.0,2500.0,62.5,3628.0,26.325653,50.221853,0.54,0.24,0.669,35,53,52,8084,2800.0,7.937731775260109,7.509883061154913,-0.4278487141051954
الخبر,اللؤلؤ,قطعة أرض-تجارى,2019,4,602.5,18,227.33187424061686,502.0,1473.0,165.5,1940.0,26.123207,50.142416,1.218,5.749,0.171,2,0,2,8080,650.0,6.478509642208569,6.402746040537586,-0.07576360167098262
الخبر,اللؤلؤ,قطعة أرض-تجارى,2020,1,640.0,22,58.0462757622755,546.0,797.0,50.25,601.25,26.123207,50.142416,1.218,5.749,0.171,2,0,2,8081,602.5,6.402746040537586,6.46302945692067,0.060283416383083654
الخبر,اللؤلؤ,قطعة أرض-تجارى,2020,2,620.0,19,254.12842680412894,542.0,1700.0,89.0,601.25,26.123207,50.142416,1.218,5.749,0.171,2,0,2,8082,621.25,6.4333419412477015,6.431331081933479,-0.002010859314222735
الخبر,اللؤلؤ,قطعة أرض-تجارى,2020,4,781.0,52,498.14219107995336,518.0,2898.0,52.5,601.25,26.123207,50.142416,1.218,5.749,0.171,2,0,2,8084,620.0,6.431331081933479,6.661854740545311,0.23052365861183244
الخبر,اللؤلؤ,قطعة أرض-تجارى,2021,1,860.0,39,737.9590110733058,520.0,2942.0,411.0,710.5,26.123207,50.142416,1.218,5.749,0.171,2,0,2,8085,630.0,6.447305862541213,6.7580945044277305,0.3107886418865178
الخبر,اللؤلؤ,قطعة أرض-تجارى,2021,2,850.0,27,878.0726676571875,500.0,3343.0,786.0,710.5,26.123207,50.142416,1.218,5.749,0.171,2,0,2,8086,640.0,6.46302945692067,6.7464121285733745,0.2833826716527046
الخبر,اللؤلؤ,قطعة أرض-تجارى,2021,3,2600.0,15,903.8544341293227,641.0,3076.0,1766.0,710.5,26.123207,50.142416,1.218,5.749,0.171,2,0,2,8087,710.5,6.567375417529907,7.8636512654486515,1.2962758479187446
الخبر,اللؤلؤ,قطعة أرض-تجارى,2021,4,1075.0,26,829.0689198408983,891.0,3500.0,1090.75,710.5,26.123207,50.142416,1.218,5.749,0.171,2,0,2,8088,781.0,6.661854740545311,6.98100574072173,0.3191510001764186
الخبر,اللؤلؤ,قطعة أرض-تجارى,2023,1,1375.0,10,834.0033040169031,516.0,2720.0,1475.0,1121.0,26.123207,50.142416,1.218,5.749,0.171,2,0,2,8093,815.5,6.70502691241052,7.226936018493289,0.5219091060827692
الخبر,اللؤلؤ,قطعة أرض-سكنى,2019,1,571.0,10,931.0579168045587,503.0,2476.0,1759.25,2095.25,26.123207,50.142416,1.218,5.749,0.171,2,0,2,8077,1434.5,7.269268499561119,6.349138991379798,-0.9201295081813212
الخبر,اللؤلؤ,قطعة أرض-سكنى,2019,2,2478.0,11,1050.8667677856995,537.0,2672.0,2009.5,2095.25,26.123207,50.142416,1.218,5.749,0.171,2,0,2,8078,571.0,6.349138991379798,7.8156105320351905,1.4664715406553928
الخبر,اللؤلؤ,قطعة أرض-سكنى,2019,3,594.0,23,588.970267742426,500.0,2672.0,54.5,2095.25,26.123207,50.142416,1.218,5.749,0.171,2,0,2,8079,1524.5,7.3300775041567245,6.38856140554563,-0.9415160986110944
الخبر,اللؤلؤ,قطعة أرض-سكنى,2019,4,620.0,67,519.9182693311137,520.0,3885.0,83.5,2095.25,26.123207,50.142416,1.218,5.749,0.171,2,0,2,8080,594.0,6.38856140554563,6.431331081933479,0.042769676387848676
الخبر,اللؤلؤ,قطعة أرض-سكنى,2020,1,686.0,37,349.29328263981444,575.0,2519.0,76.0,607.0,26.123207,50.142416,1.218,5.749,0.171,2,0,2,8081,607.0,6.410174881966167,6.532334292222349,0.12215941025618182
الخبر,اللؤلؤ,قطعة أرض-سكنى,2020,2,600.0,35,598.3128618643167,506.0,2740.0,106.0,607.0,26.123207,50.142416,1.218,5.749,0.171,2,0,2,8082,620.0,6.431331081933479,6.398594934535208,-0.03273614739827124
الخبر,اللؤلؤ,قطعة أرض-سكنى,2020,3,781.5,22,770.6251931462456,591.0,3358.0,974.5,607.0,26.123207,50.142416,1.218,5.749,0.171,2,0,2,8083,610.0,6.415096959171596,6.662493922414308,0.24739696324271243
الخبر,اللؤلؤ,قطعة أرض-سكنى,2020,4,769.0,55,541.8166101710422,500.0,3064.0,56.0,607.0,26.123207,50.142416,1.218,5.749,0.171,2,0,2,8084,620.0,6.431331081933479,6.646390514847729,0.21505943291425034
الخبر,اللؤلؤ,قطعة أرض-سكنى,2021,1,936.5,86,610.9615269511663,510.0,3332.0,217.0,727.5,26.123207,50.142416,1.218,5.749,0.171,2,0,2,8085,653.0,6.483107351457199,6.843216757844566,0.3601094063873669
الخبر,اللؤلؤ,قطعة أرض-سكنى,2021,2,971.0,70,620.4089229508378,600.0,2980.0,250.0,727.5,26.123207,50.142416,1.218,5.749,0.171,2,0,2,8086,727.5,6.590987625635259,6.879355804460439,0.28836817882517973
الخبر,اللؤلؤ,قطعة أرض-سكنى,2021,3,1147.5,20,902.0069377723621,509.0,3328.0,1664.0,727.5,26.123207,50.142416,1.218,5.749,0.171,2,0,2,8087,727.5,6.590987625635259,7.046212022129153,0.455224396493894
الخبر,اللؤلؤ,قطعة أرض-سكنى,2021,4,1100.0,41,1058.1568461129048,612.0,4417.0,1734.0,727.5,26.123207,50.142416,1.218,5.749,0.171,2,0,2,8088,775.25,6.6544746332476885,7.00397413672268,0.34949950347499126
الخبر,اللؤلؤ,قطعة أرض-سكنى,2022,1,2700.0,11,1047.447494887192,1000.0,3505.0,2067.0,1035.5,26.123207,50.142416,1.218,5.749,0.171,2,0,2,8089,859.0,6.756932389247553,7.901377353792616,1.1444449645450625
الخبر,اللؤلؤ,قطعة أرض-سكنى,2025,3,1125.0,11,1157.0314131038494,807.0,4713.0,176.5,2048.0,26.123207,50.142416,1.218,5.749,0.171,2,0,2,8103,953.75,6.861449526105625,7.026426808699636,0.1649772825940108
الخبر,اللؤلؤ,قطعة أرض-سكنى,2025,4,1023.3918128654972,57,662.3349162893508,700.0,3260.329249393257,301.9230769230769,2048.0,26.123207,50.142416,1.218,5.749,0.171,2,0,2,8104,1035.5,6.943604931875834,6.93185436216682,-0.011750569709014336
الخبر,المرجان,قطعة أرض-تجارى,2022,1,715.0,10,423.97438339807485,626.0,1771.0,341.75,812.0,26.119543,50.116488,2.032,6.769,2.696,1,0,2,8089,855.0,6.752270376141742,6.573680166960646,-0.17859020918109625
الخبر,المرجان,قطعة أرض-سكنى,2022,1,703.0,11,86.64000755477177,638.0,928.0,48.0,630.0,26.119543,50.116488,2.032,6.769,2.696,1,0,2,8089,1061.6959064327486,6.968564266327143,6.556778356158042,-0.41178591016910104
الخبر,المرجان,قطعة أرض-سكنى,2022,4,685.0,11,55.93291436257284,531.0,726.0,61.0,630.0,26.119543,50.116488,2.032,6.769,2.696,1,0,2,8092,703.0,6.556778356158042,6.530877627725885,-0.025900728432157294
الخبر,النورس,قطعة أرض-سكنى,2018,3,800.0,10,0.0,800.0,800.0,0.0,1809.5,26.3,50.1,1.183,0.496,0.525,34,65,89,8075,1061.6959064327486,6.968564266327143,6.68586094706836,-0.28270331925878356
الخبر,بدون,قطعة أرض-سكنى,2021,1,1130.0,14,175.10411345668197,625.0,1180.0,225.25,884.5,26.3,50.1,1.183,0.496,0.525,34,65,89,8085,1061.6959064327486,6.968564266327143,7.030857476116121,0.06229320978897768
الخبر,بدون الارشادى بالثقبة,قطعة أرض-تجارى,2023,1,1954.0,15,1785.199967457294,1198.0,7137.0,1274.5,6186.0,26.3,50.1,1.183,0.496,0.525,34,65,89,8093,855.0,6.752270376141742,7.578145472419466,0.8258750962777244
الخبر,بدون الارشادى بالثقبة,قطعة أرض-سكنى,2016,1,4125.0,71,2474.6005023594553,983.0,13773.0,2612.0,2048.0,26.3,50.1,1.183,0.496,0.525,34,65,89,8065,1061.6959064327486,6.968564266327143,8.325063693631197,1.3564994273040538
الخبر,بدون الارشادى بالثقبة,قطعة أرض-سكنى,2016,2,3993.0,57,2618.3389246449315,614.0,11562.0,3514.0,2048.0,26.3,50.1,1.183,0.496,0.525,34,65,89,8066,4125.0,8.325063693631197,8.29254851397576,-0.032515179655437265
الخبر,بدون الارشادى بالثقبة,قطعة أرض-سكنى,2016,3,3962.0,51,3380.554929848869,614.0,19657.0,3898.0,2048.0,26.3,50.1,1.183,0.496,0.525,34,65,89,8067,4059.0,8.308938252595778,8.284756593190435,-0.024181659405343225
الخبر,بدون الارشادى بالثقبة,قطعة أرض-سكنى,2016,4,3921.0,40,3104.318387446917,614.0,14750.0,4197.5,2048.0,26.3,50.1,1.183,0.496,0.525,34,65,89,8068,3993.0,8.29254851397576,8.274357006756292,-0.01819150721946805
الخبر,بدون الارشادى بالثقبة,قطعة أرض-سكنى,2017,1,4669.0,37,2787.8493508443034,653.0,12132.0,3225.0,3977.5,26.3,50.1,1.183,0.496,0.525,34,65,89,8069,3977.5,8.288660142817589,8.448914350662942,0.1602542078453535
الخبر,بدون الارشادى بالثقبة,قطعة أرض-سكنى,2017,2,3701.0,37,3089.03948695253,2135.0,14750.0,3655.0,3977.5,26.3,50.1,1.183,0.496,0.525,34,65,89,8070,3993.0,8.29254851397576,8.216628493133443,-0.0759200208423163
الخبر,بدون الارشادى بالثقبة,قطعة أرض-سكنى,2017,3,3263.5,26,2190.0092363697045,614.0,9214.0,2605.5,3977.5,26.3,50.1,1.183,0.496,0.525,34,65,89,8071,3977.5,8.288660142817589,8.090861890626687,-0.19779825219090164
الخبر,بدون الارشادى بالثقبة,قطعة أرض-سكنى,2017,4,2793.5,46,2314.115405537271,614.0,13523.0,2366.5,3977.5,26.3,50.1,1.183,0.496,0.525,34,65,89,8072,3962.0,8.284756593190435,7.9354084787097525,-0.3493481144806827
الخبر,بدون الارشادى بالثقبة,قطعة أرض-سكنى,2018,1,2621.5,24,1706.9182927050183,512.0,6186.0,1839.0,3482.25,26.3,50.1,1.183,0.496,0.525,34,65,89,8073,3941.5,8.279570318837193,7.871883340270452,-0.4076869785667405
الخبر,بدون الارشادى بالثقبة,قطعة أرض-سكنى,2018,2,2764.0,17,1408.1055431281545,1147.0,6204.0,2201.0,3482.25,26.3,50.1,1.183,0.496,0.525,34,65,89,8074,3811.0,8.245909264774093,7.9247959139564355,-0.321113350817658
الخبر,بدون الارشادى بالثقبة,قطعة أرض-سكنى,2018,3,2764.0,14,3557.622509146019,768.0,13520.0,4933.5,3482.25,26.3,50.1,1.183,0.496,0.525,34,65,89,8075,3482.25,8.155721044993701,7.9247959139564355,-0.23092513103726553
الخبر,بدون الارشادى بالثقبة,قطعة أرض-سكنى,2018,4,2227.0,20,1648.2012995032526,921.0,6757.0,1527.0,3482.25,26.3,50.1,1.183,0.496,0.525,34,65,89,8076,3028.5,8.016152868385044,7.708859601047175,-0.30729326733786877
الخبر,بدون الارشادى بالثقبة,قطعة أرض-سكنى,2019,1,2104.5,24,2112.0328125882124,1536.0,9214.0,955.5,2692.75,26.3,50.1,1.183,0.496,0.525,34,65,89,8077,2778.75,7.930116274583359,7.652308247601982,-0.2778080269813765
الخبر,بدون الارشادى بالثقبة,قطعة أرض-سكنى,2019,2,1935.0,23,1421.7717013469457,1075.0,6604.0,860.0,2692.75,26.3,50.1,1.183,0.496,0.525,34,65,89,8078,2764.0,7.9247959139564355,7.568379267836522,-0.3564166461199134
الخبر,بدون الارشادى بالثقبة,قطعة أرض-سكنى,2019,3,2025.0,24,2383.083137267862,615.0,12363.0,1353.25,2692.75,26.3,50.1,1.183,0.496,0.525,34,65,89,8079,2692.75,7.898689553852058,7.613818684808629,-0.28487086904342895
الخبر,بدون الارشادى بالثقبة,قطعة أرض-سكنى,2019,4,2457.0,27,1697.9280544424364,921.0,8986.0,2147.0,2692.75,26.3,50.1,1.183,0.496,0.525,34,65,89,8080,2424.25,7.793689890841393,7.80710329012598,0.013413399284586625
الخبر,بدون الارشادى بالثقبة,قطعة أرض-سكنى,2020,1,2044.5,22,2391.5698171862327,921.0,11973.0,2221.25,2064.75,26.3,50.1,1.183,0.496,0.525,34,65,89,8081,2342.0,7.759187438507795,7.623397537369454,-0.13578990113834166
الخبر,بدون الارشادى بالثقبة,قطعة أرض-سكنى,2020,2,1981.0,28,1639.9769242795194,921.0,6146.0,2289.0,2064.75,26.3,50.1,1.183,0.496,0.525,34,65,89,8082,2165.75,7.680983628014454,7.591861714889934,-0.08912191312452045
الخبر,بدون الارشادى بالثقبة,قطعة أرض-سكنى,2020,3,1849.0,17,1132.0089962747907,1075.0,6143.0,689.0,2064.75,26.3,50.1,1.183,0.496,0.525,34,65,89,8083,2074.5,7.637957367493094,7.52294091807237,-0.11501644942072353
الخبر,بدون الارشادى بالثقبة,قطعة أرض-سكنى,2020,4,1843.0,27,2039.0276403101352,768.0,9214.0,1782.5,2064.75,26.3,50.1,1.183,0.496,0.525,34,65,89,8084,2034.75,7.61861958034724,7.519692404116539,-0.09892717623070091
الخبر,بدون الارشادى بالثقبة,قطعة أرض-سكنى,2022,1,2304.0,39,2498.456986439914,921.0,9429.0,3345.5,2048.0,26.3,50.1,1.183,0.496,0.525,34,65,89,8089,2003.0,7.602900462204755,7.742835955430749,0.13993549322599375
الخبر,بدون الارشادى بالثقبة,قطعة أرض-سكنى,2022,2,1996.0,45,2201.342757812544,614.0,11205.0,1412.0,2048.0,26.3,50.1,1.183,0.496,0.525,34,65,89,8090,2003.0,7.602900462204755,7.599401333415815,-0.003499128788940098
الخبر,بدون الارشادى بالثقبة,قطعة أرض-سكنى,2022,3,1987.0,32,1141.810475206075,1225.0,5221.0,1050.75,2048.0,26.3,50.1,1.183,0.496,0.525,34,65,89,8091,2010.5,7.606635991389843,7.59488438721652,-0.011751604173323216
الخبر,بدون الارشادى بالثقبة,قطعة أرض-سكنى,2022,4,2673.0,47,2146.085966363679,614.0,9214.0,2694.5,2048.0,26.3,50.1,1.183,0.496,0.525,34,65,89,8092,1991.5,7.59714541066437,7.891330757661889,0.2941853469975184
الخبر,بدون الارشادى بالثقبة,قطعة أرض-سكنى,2023,1,2764.0,21,2535.652714879581,1229.0,11911.0,2988.0,2150.0,26.3,50.1,1.183,0.496,0.525,34,65,89,8093,1991.5,7.59714541066437,7.9247959139564355,0.32765050329206513
الخبر,بدون الارشادى بالثقبة,قطعة أرض-سكنى,2023,2,1996.0,35,2375.012408636315,513.0,10750.0,1594.0,2150.0,26.3,50.1,1.183,0.496,0.525,34,65,89,8094,1991.5,7.59714541066437,7.599401333415815,0.0022559227514449276
الخبر,بدون الارشادى بالثقبة,قطعة أرض-سكنى,2023,3,1904.0,23,1840.8962147600248,1109.0,9214.0,1329.5,2150.0,26.3,50.1,1.183,0.496,0.525,34,65,89,8095,1996.0,7.599401333415815,7.552237287560802,-0.04716404585501355
الخبر,بدون الارشادى بالخبر الجنوبية,قطعة أرض-سكنى,2016,1,4550.0,11,1545.4359490859765,2115.0,7093.0,1669.5,2048.0,26.3,50.1,1.183,0.496,0.525,34,65,89,8065,1996.0,7.599401333415815,8.423102268016642,0.8237009346008266
الخبر,بدون الارشادى بالخبر الجنوبية,قطعة أرض-سكنى,2016,2,4063.5,10,2413.430847477415,637.0,9214.0,2296.25,2048.0,26.3,50.1,1.183,0.496,0.525,34,65,89,8066,4550.0,8.423102268016642,8.310046013186627,-0.11305625483001513
الخبر,بدون الارشادى بالخبر الجنوبية,قطعة أرض-سكنى,2016,3,4149.5,10,2241.4407593728142,662.0,7679.0,2651.75,2048.0,26.3,50.1,1.183,0.496,0.525,34,65,89,8067,4306.75,8.368171005023209,8.330984087895091,-0.037186917128117614
الخبر,بدون الارشادى بالخبر الجنوبية,قطعة أرض-سكنى,2017,2,4561.0,10,1764.1747960763726,3819.0,8600.0,2733.25,4349.75,26.3,50.1,1.183,0.496,0.525,34,65,89,8070,4149.5,8.330984087895091,8.425516402844334,0.09453231494924275
الخبر,بدون الارشادى بالخبر الجنوبية,قطعة أرض-سكنى,2017,3,4609.0,10,2693.776962226498,877.0,8827.0,2863.5,4349.75,26.3,50.1,1.183,0.496,0.525,34,65,89,8071,4349.75,8.378103523014284,8.435983135990694,0.057879612976410755
الخبر,بدون الارشادى بالخبر الجنوبية,قطعة أرض-سكنى,2017,4,3354.5,10,3716.3461446246724,1024.0,14063.0,2412.75,4349.75,26.3,50.1,1.183,0.496,0.525,34,65,89,8072,4550.0,8.423102268016642,8.118356069598294,-0.30474619841834816
الخبر,بدون الارشادى بالخبر الجنوبية,قطعة أرض-سكنى,2022,1,4087.0,11,2011.9746428909991,737.0,7242.0,2060.0,2048.0,26.3,50.1,1.183,0.496,0.525,34,65,89,8089,4349.75,8.378103523014284,8.31581113188354,-0.06229239113074314
الخبر,بدون الارشادى بالخبر الجنوبية,قطعة أرض-سكنى,2022,4,3225.0,10,3198.6702167550125,1225.0,10750.0,3783.75,2048.0,26.3,50.1,1.183,0.496,0.525,34,65,89,8092,4149.5,8.330984087895091,8.078998258685154,-0.2519858292099375
الخبر,بدون الارشادى بالخبر الشمالية,قطعة أرض-سكنى,2016,1,5624.0,13,4217.658829255871,2150.0,13704.0,7140.0,2048.0,26.3,50.1,1.183,0.496,0.525,34,65,89,8065,4118.25,8.323426386937541,8.63497622707262,0.31154984013507914
الخبر,بدون الارشادى بالخبر الشمالية,قطعة أرض-سكنى,2016,2,7525.0,11,4143.773916700485,3692.0,17204.0,5112.5,2048.0,26.3,50.1,1.183,0.496,0.525,34,65,89,8066,5624.0,8.63497622707262,8.926118971153382,0.29114274408076213
الخبر,بدون الارشادى بالخبر الشمالية,قطعة أرض-سكنى,2016,3,6880.0,11,2767.4915159597313,2018.0,10957.0,3067.0,2048.0,26.3,50.1,1.183,0.496,0.525,34,65,89,8067,6574.5,8.79110589978202,8.83651926920248,0.04541336942046037
الخبر,بدون الارشادى بالخبر الشمالية,قطعة أرض-سكنى,2018,3,4632.0,11,779.3552813354473,3225.0,5459.0,1021.0,5935.0,26.3,50.1,1.183,0.496,0.525,34,65,89,8075,6880.0,8.83651926920248,8.440959885416648,-0.395559383785832
الخبر,بدون الارشادى بالخبر الشمالية,قطعة أرض-سكنى,2022,1,5214.5,12,3310.737142124458,1860.0,14548.0,2945.25,2048.0,26.3,50.1,1.183,0.496,0.525,34,65,89,8089,6252.0,8.740816627567298,8.559390240116025,-0.18142638745127293
الخبر,بدون الارشادى بالخبر الشمالية,قطعة أرض-سكنى,2022,4,4195.0,11,1809.8320414286566,662.0,7370.0,2077.5,2048.0,26.3,50.1,1.183,0.496,0.525,34,65,89,8092,5624.0,8.63497622707262,8.341886969516187,-0.2930892575564332
الخبر,بدون الارشادى بالخبر الغربية,قطعة أرض-سكنى,2016,1,4588.0,17,2956.330455937881,878.0,12903.0,856.0,2048.0,26.3,50.1,1.183,0.496,0.525,34,65,89,8065,4923.25,8.501927257745804,8.431417414394833,-0.07050984335097077
الخبر,بدون الارشادى بالخبر الغربية,قطعة أرض-سكنى,2016,2,5035.0,10,2460.07024289958,3959.0,11491.0,2774.5,2048.0,26.3,50.1,1.183,0.496,0.525,34,65,89,8066,4588.0,8.431417414394833,8.524367395164237,0.0929499807694043
الخبر,بدون الارشادى بالخبر الغربية,قطعة أرض-سكنى,2022,4,2265.5,10,1185.5061788113971,1434.0,5445.0,1165.0,2048.0,26.3,50.1,1.183,0.496,0.525,34,65,89,8092,4811.5,8.47897197859604,7.7259920703809035,-0.7529799082151358
الخبر,تلال الخبر,قطعة أرض-سكنى,2020,1,631.0,27,30.62027334301802,500.0,678.0,0.0,2048.0,26.3,50.1,1.183,0.496,0.525,34,65,89,8081,4833.5,8.483532989923603,6.448889394146858,-2.0346435957767453
الخبر,جنوب خط الانابيب,قطعة أرض-سكنى,2025,4,3826.387333375853,22,387.3364933583675,3309.0,4759.939217267258,432.1946200907573,2048.0,26.3,50.1,1.183,0.496,0.525,34,65,89,8104,4610.0,8.436200032206706,8.249937691011286,-0.18626234119541962
الخبر,جنوب غرب الانابيب,قطعة أرض-تجارى,2022,3,1820.0,21,90.08725928628468,1660.0,2030.0,40.0,580.0,26.3,50.1,1.183,0.496,0.525,34,65,89,8091,967.5,6.875748482847051,7.507141079727608,0.6313925968805574
الخبر,جنوب غرب الانابيب,قطعة أرض-سكنى,2022,2,1720.0,55,209.29190705066065,1500.0,2404.0,225.0,1615.0,26.3,50.1,1.183,0.496,0.525,34,65,89,8090,4391.5,8.387653820061253,7.450660796211539,-0.9369930238497135
الخبر,جنوب غرب الانابيب,قطعة أرض-سكنى,2022,3,1709.5,82,244.48982456324305,1520.0,2600.0,305.0,1615.0,26.3,50.1,1.183,0.496,0.525,34,65,89,8091,1720.0,7.450660796211539,7.444541004417659,-0.006119791793880225
الخبر,جنوب غرب الانابيب,قطعة أرض-سكنى,2025,3,3600.0,30,697.8342226480805,1972.0,4669.0,918.25,2048.0,26.3,50.1,1.183,0.496,0.525,34,65,89,8103,1714.75,7.447605581788744,8.188966863648876,0.7413612818601321
الخبر,جنوب غرب الانابيب,قطعة أرض-سكنى,2025,4,3856.730833724596,93,691.2217664430593,2015.0,6846.036141066744,777.4527220630371,2048.0,26.3,50.1,1.183,0.496,0.525,34,65,89,8104,1720.0,7.450660796211539,8.257834422686647,0.8071736264751079
الخبر,جنوب غرب الانابيب,قطعة أرض-سكنى,2026,1,3933.5,10,677.271002709485,2922.0,5027.0,1004.0,3728.365416862298,26.3,50.1,1.183,0.496,0.525,34,65,89,8105,2660.0,7.886457270977689,8.277539087975038,0.3910818169973487
الخبر,جنوب غرب العزيزية,قطعة أرض-سكنى,2020,4,590.0,12,262.04144652510547,590.0,1500.0,0.0,1231.5,26.3,50.1,1.183,0.496,0.525,34,65,89,8084,2932.75,7.984036747165233,6.3818160174060985,-1.6022207297591349
الخبر,ش خ 480,قطعة أرض-سكنى,2019,4,605.0,38,56.71393239780464,595.0,755.0,100.5,620.5,26.3,50.1,1.183,0.496,0.525,34,65,89,8080,2660.0,7.886457270977689,6.406879986069314,-1.479577284908375
الخبر,ش خ 519,قطعة أرض-سكنى,2020,1,570.0,14,29.56832281827488,500.0,608.0,1.0,581.0,26.3,50.1,1.183,0.496,0.525,34,65,89,8081,2660.0,7.886457270977689,6.3473892096560105,-1.5390680613216787
الخبر,ش خ 519,قطعة أرض-سكنى,2020,4,764.0,21,77.51405402524482,643.0,896.0,127.0,581.0,26.3,50.1,1.183,0.496,0.525,34,65,89,8084,570.0,6.3473892096560105,6.639875833826536,0.2924866241705253
الخبر,ش خ 596,قطعة أرض-سكنى,2019,2,895.0,12,84.46713544152524,678.0,895.0,0.0,2501.75,26.3,50.1,1.183,0.496,0.525,34,65,89,8078,1236.75,7.1210504942415325,6.79794041297493,-0.3231100812666021
الخبر,ش خ 605,قطعة أرض-سكنى,2022,2,710.0,15,75.7549306897546,513.0,829.0,53.0,2048.0,26.3,50.1,1.183,0.496,0.525,34,65,89,8090,829.5,6.72202792905335,6.566672429803241,-0.15535549925010894
الخبر,ش خ 605,قطعة أرض-سكنى,2022,3,705.0,11,85.50023923411507,533.0,806.0,84.0,2048.0,26.3,50.1,1.183,0.496,0.525,34,65,89,8091,710.0,6.566672429803241,6.559615237493242,-0.007057192309998683
الخبر,ش خ 606,قطعة أرض-سكنى,2018,4,600.0,17,16.518038268368752,596.0,653.0,2.0,800.0,26.3,50.1,1.183,0.496,0.525,34,65,89,8076,707.5,6.563150059130735,6.398594934535208,-0.16455512459552768
الخبر,ش خ 613,قطعة أرض-سكنى,2017,3,3084.0,26,0.0,3084.0,3084.0,0.0,2048.0,26.3,50.1,1.183,0.496,0.525,34,65,89,8071,655.0,6.486160788944089,8.034306936339489,1.5481461473954
الخبر,ش خ 613,قطعة أرض-سكنى,2018,4,2150.0,25,120.01111059675556,2000.0,2400.0,100.0,3084.0,26.3,50.1,1.183,0.496,0.525,34,65,89,8076,3084.0,8.034306936339489,7.67368812926773,-0.3606188070717584
الخبر,ش خ 637,قطعة أرض-تجارى,2019,3,1000.0,14,110.59988772523761,750.0,1088.0,65.25,2954.0,26.3,50.1,1.183,0.496,0.525,34,65,89,8079,1225.0,7.111512116496157,6.90875477931522,-0.20275733718093658
الخبر,ش خ 637,قطعة أرض-سكنى,2019,3,1048.0,21,473.9463552123253,750.0,3028.0,421.0,833.0,26.3,50.1,1.183,0.496,0.525,34,65,89,8079,737.0,6.6039438246004725,6.955592608396297,0.35164878379582465
الخبر,ش خ 637,قطعة أرض-سكنى,2019,4,1057.0,10,916.477247095881,500.0,3122.0,526.5,833.0,26.3,50.1,1.183,0.496,0.525,34,65,89,8080,1048.0,6.955592608396297,6.964135612418245,0.008543004021947631
الخبر,ش خ 637,قطعة أرض-سكنى,2020,2,1034.5,10,1179.6999854011847,919.0,4362.0,1057.75,1424.0,26.3,50.1,1.183,0.496,0.525,34,65,89,8082,1052.5,6.9598732332442435,6.942639680835639,-0.017233552408604247
الخبر,ش خ 637,قطعة أرض-سكنى,2020,4,1250.0,13,912.8335147446252,1150.0,3768.0,0.0,1424.0,26.3,50.1,1.183,0.496,0.525,34,65,89,8084,1048.0,6.955592608396297,7.1316985104669115,0.17610590207061438
الخبر,ش خ 729,قطعة أرض-سكنى,2016,1,3800.0,22,847.5716573161908,1843.0,5441.0,120.0,2048.0,26.3,50.1,1.183,0.496,0.525,34,65,89,8065,1052.5,6.9598732332442435,8.24301946898925,1.283146235745006
الخبر,ش خ 777,قطعة أرض-سكنى,2018,4,550.0,12,25.746432527221874,550.0,600.0,50.0,2048.0,26.3,50.1,1.183,0.496,0.525,34,65,89,8076,1153.5,7.05142262879455,6.311734809152915,-0.7396878196416354
الخبر,ش.خ 738,قطعة أرض-تجارى,2017,2,2520.0,12,940.2372161998654,589.0,4200.0,530.75,2048.0,26.3,50.1,1.183,0.496,0.525,34,65,89,8070,1225.0,7.111512116496157,7.83241092718792,0.7208988106917626
الخبر,ش.خ 738,قطعة أرض-سكنى,2017,2,2360.0,87,823.3612999523896,509.0,4940.0,554.0,2048.0,26.3,50.1,1.183,0.496,0.525,34,65,89,8070,1153.5,7.05142262879455,7.766840537085513,0.7154179082909629
الخبر,ش.خ 738,قطعة أرض-سكنى,2017,3,2600.0,17,448.05846683874006,1950.0,3710.0,700.0,2048.0,26.3,50.1,1.183,0.496,0.525,34,65,89,8071,2360.0,7.766840537085513,7.8636512654486515,0.09681072836313831
الخبر,ش.خ 738,قطعة أرض-سكنى,2017,4,2480.0,35,349.17461380285044,500.0,2650.0,100.0,2048.0,26.3,50.1,1.183,0.496,0.525,34,65,89,8072,2480.0,7.816416983691801,7.816416983691801,0.0
الخبر,ش.خ 738,قطعة أرض-سكنى,2018,1,2510.0,28,385.6955563255976,1000.0,2900.0,540.0,2480.0,26.3,50.1,1.183,0.496,0.525,34,65,89,8073,2480.0,7.816416983691801,7.828436359157585,0.012019375465784243
الخبر,ش.خ 738,قطعة أرض-سكنى,2019,4,1600.0,11,446.1014356725283,1500.0,3067.0,0.0,2400.0,26.3,50.1,1.183,0.496,0.525,34,65,89,8080,2495.0,7.822444729489319,7.3783837129967145,-0.4440610164926042
الخبر,ش.خ 738,قطعة أرض-سكنى,2020,2,1800.0,24,809.6781063296482,1266.0,4430.0,500.0,1800.0,26.3,50.1,1.183,0.496,0.525,34,65,89,8082,2480.0,7.816416983691801,7.496097345175956,-0.3203196385158451
الخبر,ش.خ 738,قطعة أرض-سكنى,2020,4,1600.0,24,114.57546086262998,1600.0,1850.0,250.0,1800.0,26.3,50.1,1.183,0.496,0.525,34,65,89,8084,2420.0,7.791935956938058,7.3783837129967145,-0.4135522439413437
الخبر,ش.خ 738,قطعة أرض-سكنى,2022,1,2400.0,30,1483.4438531731632,2000.0,8182.0,237.5,2048.0,26.3,50.1,1.183,0.496,0.525,34,65,89,8089,2360.0,7.766840537085513,7.783640596221253,0.016800059135739787
الخبر,ش.خ 738,قطعة أرض-سكنى,2022,2,2530.0,13,77.47919489143939,2350.0,2600.0,100.0,2048.0,26.3,50.1,1.183,0.496,0.525,34,65,89,8090,2380.0,7.7752758464868625,7.836369760545124,0.06109391405826159
الخبر,ش.خ 738,قطعة أرض-سكنى,2023,2,2600.0,15,431.77630892903437,2000.0,3799.0,424.0,2515.0,26.3,50.1,1.183,0.496,0.525,34,65,89,8094,2440.0,7.80016307039296,7.8636512654486515,0.06348819505569114
الخبر,شاطئ التحلية والغروب,قطعة أرض-تجارى,2016,1,1214.0,11,65.76030855932918,996.0,1215.0,0.0,2048.0,26.3,50.1,1.183,0.496,0.525,34,65,89,8065,1597.5,7.376820968499896,7.102499355774649,-0.274321612725247
الخبر,شاطئ التحلية والغروب,قطعة أرض-تجارى,2020,1,800.0,12,109.67068473803327,800.0,1180.0,0.0,2048.0,26.3,50.1,1.183,0.496,0.525,34,65,89,8081,1214.0,7.102499355774649,6.68586094706836,-0.4166384087062891
الخبر,شاطئ التحلية والغروب,قطعة أرض-سكنى,2016,1,3800.0,54,554.6873134688323,1680.0,5008.0,160.0,2048.0,26.3,50.1,1.183,0.496,0.525,34,65,89,8065,2440.0,7.80016307039296,8.24301946898925,0.4428563985962892
الخبر,شاطئ التحلية والغروب,قطعة أرض-سكنى,2016,2,4463.0,12,397.0084343810557,3902.0,4810.0,766.75,2048.0,26.3,50.1,1.183,0.496,0.525,34,65,89,8066,3800.0,8.24301946898925,8.403800504061147,0.16078103507189745
الخبر,شاطئ التحليه والغروب,قطعة أرض-سكنى,2020,1,732.0,23,95.56238779182064,620.0,1000.0,27.5,721.0,26.3,50.1,1.183,0.496,0.525,34,65,89,8081,2465.0,7.81035268372429,6.597145701886651,-1.2132069818376383
الخبر,شاطئ التحليه والغروب,قطعة أرض-سكنى,2023,3,3691.5,14,1016.7851945559257,700.0,3922.0,647.25,4883.0,26.3,50.1,1.183,0.496,0.525,34,65,89,8095,732.0,6.597145701886651,8.214059014405535,1.616913312518884
الخبر,عين السيح,قطعة أرض-سكنى,2017,3,725.0,11,57.42489165699996,706.0,855.0,85.5,613.0,26.3,50.1,1.183,0.496,0.525,34,65,89,8071,2565.0,7.850103545175582,6.587550014824796,-1.262553530350786
الخبر,عين السيح,قطعة أرض-سكنى,2023,3,2551.0,31,177.4606786674679,2181.0,3028.0,266.5,1083.0,26.3,50.1,1.183,0.496,0.525,34,65,89,8095,725.0,6.587550014824796,7.844632644464681,1.2570826296398847
الخبر,عين السيح بالعزيزية,قطعة أرض-سكنى,2017,3,680.0,46,47.643426989100014,647.0,850.0,67.0,2048.0,26.3,50.1,1.183,0.496,0.525,34,65,89,8071,2575.5,7.854187167768279,6.523562306149512,-1.3306248616187668
الخبر,عين السيح بالعزيزية,قطعة أرض-سكنى,2017,4,700.0,23,44.9094389578614,614.0,829.0,72.5,2048.0,26.3,50.1,1.183,0.496,0.525,34,65,89,8072,680.0,6.523562306149512,6.55250788703459,0.028945580885078037
الخبر,عين السيح بالعزيزية,قطعة أرض-سكنى,2018,1,688.0,10,70.23136368065512,555.0,800.0,56.75,680.0,26.3,50.1,1.183,0.496,0.525,34,65,89,8073,690.0,6.53813982376767,6.535241271013659,-0.0028985527540115186
الخبر,عين السيح بالعزيزية,قطعة أرض-سكنى,2018,2,600.0,31,401.7989948445174,539.0,2400.0,16.0,680.0,26.3,50.1,1.183,0.496,0.525,34,65,89,8074,688.0,6.535241271013659,6.398594934535208,-0.13664633647845115
الخبر,عين السيح بالعزيزية,قطعة أرض-سكنى,2018,3,679.0,19,59.39869256442076,589.0,821.0,44.0,680.0,26.3,50.1,1.183,0.496,0.525,34,65,89,8075,684.0,6.529418838262226,6.522092798170152,-0.007326040092073605
الخبر,عين السيح بالعزيزية,قطعة أرض-سكنى,2018,4,675.0,24,200.7869977818805,550.0,1600.0,95.0,680.0,26.3,50.1,1.183,0.496,0.525,34,65,89,8076,680.0,6.523562306149512,6.516193076042964,-0.007369230106547775
الخبر,غرب العزيزية,قطعة أرض-تجارى,2021,4,920.0,11,0.0,920.0,920.0,0.0,590.0,26.3,50.1,1.183,0.496,0.525,34,65,89,8088,1294.5,7.1666520000021645,6.825460036255307,-0.3411919637468577
الخبر,غرب العزيزية,قطعة أرض-سكنى,2021,4,920.0,10,0.0,920.0,920.0,0.0,2048.0,26.3,50.1,1.183,0.496,0.525,34,65,89,8088,684.0,6.529418838262226,6.825460036255307,0.29604119799308126
الخبر,قرطبة,قطعة أرض-سكنى,2018,2,2404.0,10,1806.906383235661,1569.0,7000.0,1149.0,4093.5,26.344212,50.186123,0.104,0.112,0.044,85,81,55,8074,684.0,6.529418838262226,7.785305182539862,1.255886344277636
الخبر,قرطبة,قطعة أرض-سكنى,2022,2,2000.0,11,447.7253825525399,1450.0,2958.0,366.0,2356.0,26.344212,50.186123,0.104,0.112,0.044,85,81,55,8090,2404.0,7.785305182539862,7.601402334583733,-0.1839028479561282
الدمام,1093 ش د,قطعة أرض-تجارى,2018,4,872.0,19,0.0,872.0,872.0,0.0,3925.0,26.3,50.1,0.056,0.447,0.34,308,253,276,8076,1850.5980168056403,7.523804338085922,6.771935555839602,-0.7518687822463201
الدمام,1093 ش د,قطعة أرض-سكنى,2018,4,872.0,28,0.0,872.0,872.0,0.0,2048.0,26.3,50.1,0.056,0.447,0.34,308,253,276,8076,1850.5980168056403,7.523804338085922,6.771935555839602,-0.7518687822463201
الدمام,1168/ ش د,قطعة أرض-سكنى,2016,2,705.0,18,321.8858493317157,575.0,1667.0,70.0,2048.0,26.3,50.1,0.056,0.447,0.34,308,253,276,8066,872.0,6.771935555839602,6.559615237493242,-0.21232031834636
الدمام,337/ 1,قطعة أرض-تجارى,2018,3,4000.0,10,1329.378338422387,2500.0,6449.0,1600.0,3903.0,26.3,50.1,0.056,0.447,0.34,308,253,276,8075,872.0,6.771935555839602,8.294299608857235,1.5223640530176334
الدمام,337/ 1,قطعة أرض-تجارى,2020,4,1500.0,23,493.6854385668717,511.0,3333.0,175.0,2397.75,26.3,50.1,0.056,0.447,0.34,308,253,276,8084,4000.0,8.294299608857235,7.313886831633462,-0.9804127772237736
الدمام,337/ 1,قطعة أرض-تجارى,2022,4,2182.0,14,3708.121598021603,995.0,15551.0,467.75,2048.0,26.3,50.1,0.056,0.447,0.34,308,253,276,8092,2750.0,7.919719760924575,7.688455356549944,-0.23126440437463103
الدمام,337/ 1,قطعة أرض-تجارى,2023,1,2350.0,12,950.6262369744705,1587.0,4533.0,1216.0,2254.25,26.3,50.1,0.056,0.447,0.34,308,253,276,8093,2182.0,7.688455356549944,7.762596048540069,0.07414069199012552
الدمام,337/ 1,قطعة أرض-سكنى,2016,1,4333.0,39,1517.9215524546082,1558.0,6646.0,2421.5,2048.0,26.3,50.1,0.056,0.447,0.34,308,253,276,8065,788.5,6.671399833695697,8.374246182096304,1.7028463484006071
الدمام,337/ 1,قطعة أرض-سكنى,2016,2,1667.0,87,1917.2328019693748,533.0,8800.0,3010.5,2048.0,26.3,50.1,0.056,0.447,0.34,308,253,276,8066,4333.0,8.374246182096304,7.419380582918692,-0.9548655991776114
الدمام,337/ 1,قطعة أرض-سكنى,2016,3,3831.0,35,2711.3303091615658,1422.0,17421.0,2288.5,2048.0,26.3,50.1,0.056,0.447,0.34,308,253,276,8067,3000.0,8.006700845440367,8.251142139090751,0.24444129365038414
الدمام,337/ 1,قطعة أرض-سكنى,2016,4,3667.0,39,1352.5937885467,667.0,5768.0,2593.0,2048.0,26.3,50.1,0.056,0.447,0.34,308,253,276,8068,3831.0,8.251142139090751,8.207401833376355,-0.04374030571439569
الدمام,337/ 1,قطعة أرض-سكنى,2017,1,2667.5,36,1275.9742231933872,557.0,5333.0,2071.75,3749.0,26.3,50.1,0.056,0.447,0.34,308,253,276,8069,3749.0,8.229511118964457,7.8892717957739995,-0.340239323190457
الدمام,337/ 1,قطعة أرض-سكنى,2017,2,3333.0,56,1481.4080823640415,1267.0,11495.0,1602.75,3749.0,26.3,50.1,0.056,0.447,0.34,308,253,276,8070,3667.0,8.207401833376355,8.111928063310739,-0.09547377006561675
الدمام,337/ 1,قطعة أرض-سكنى,2017,3,3355.5,44,1219.1371632564485,500.0,5105.0,1902.75,3749.0,26.3,50.1,0.056,0.447,0.34,308,253,276,8071,3500.0,8.160803920954665,8.118654043378806,-0.04214987757585931
الدمام,337/ 1,قطعة أرض-سكنى,2017,4,3030.0,73,889.2199146988937,952.0,5951.0,1325.0,3749.0,26.3,50.1,0.056,0.447,0.34,308,253,276,8072,3355.5,8.118654043378806,8.016647877057803,-0.10200616632100257
الدمام,337/ 1,قطعة أرض-سكنى,2018,1,3111.0,35,1190.4389967747263,550.0,5296.0,1579.5,3181.5,26.3,50.1,0.056,0.447,0.34,308,253,276,8073,3344.25,8.115296708185099,8.043020885298283,-0.07227582288681589
الدمام,337/ 1,قطعة أرض-سكنى,2018,2,3085.5,28,1302.534693705653,990.0,7200.0,1436.25,3181.5,26.3,50.1,0.056,0.447,0.34,308,253,276,8074,3222.0,8.078067881815437,8.03479304183395,-0.04327483998148729
الدمام,337/ 1,قطعة أرض-سكنى,2018,3,2889.0,29,1085.9555892723795,1147.0,5095.0,1867.0,3181.5,26.3,50.1,0.056,0.447,0.34,308,253,276,8075,3222.0,8.078067881815437,7.969011781106478,-0.10905610070895921
الدمام,337/ 1,قطعة أرض-سكنى,2018,4,1900.0,51,1233.4623629378862,647.0,5714.0,1851.0,3181.5,26.3,50.1,0.056,0.447,0.34,308,253,276,8076,3098.25,8.038915425718256,7.550135342488429,-0.4887800832298277
الدمام,337/ 1,قطعة أرض-سكنى,2019,1,2733.0,37,2516.1255554544196,740.0,16057.0,2398.0,2987.25,26.3,50.1,0.056,0.447,0.34,308,253,276,8077,3057.75,8.025761614756881,7.913521017283895,-0.11224059747298654
الدمام,337/ 1,قطعة أرض-سكنى,2019,2,2633.0,31,1028.4218288545396,677.0,5000.0,1530.0,2987.25,26.3,50.1,0.056,0.447,0.34,308,253,276,8078,3057.75,8.025761614756881,7.876258882303226,-0.14950273245365509
الدمام,337/ 1,قطعة أرض-سكنى,2019,3,2444.0,23,1381.0810152742627,889.0,5714.0,2517.0,2987.25,26.3,50.1,0.056,0.447,0.34,308,253,276,8079,2959.5,7.993113451971831,7.801800401908973,-0.19131305006285793
الدمام,337/ 1,قطعة أرض-سكنى,2019,4,2386.0,32,1362.0162340347465,577.0,4975.0,2227.0,2987.25,26.3,50.1,0.056,0.447,0.34,308,253,276,8080,2811.0,7.941651252930556,7.77779262633883,-0.16385862659172545
الدمام,337/ 1,قطعة أرض-سكنى,2020,1,2000.0,25,1224.7991236661355,891.0,4800.0,1540.0,2538.5,26.3,50.1,0.056,0.447,0.34,308,253,276,8081,2683.0,7.895063498091573,7.601402334583733,-0.29366116350783944
الدمام,337/ 1,قطعة أرض-سكنى,2020,2,2857.0,23,1151.1688526331516,1301.0,5165.0,2008.5,2538.5,26.3,50.1,0.056,0.447,0.34,308,253,276,8082,2538.5,7.8397224902413,7.957877358489813,0.11815486824851273
الدمام,337/ 1,قطعة أرض-سكنى,2020,3,1956.5,28,1021.5835740052052,527.0,4286.0,1194.0,2538.5,26.3,50.1,0.056,0.447,0.34,308,253,276,8083,2538.5,7.8397224902413,7.579423427864958,-0.26029906237634215
الدمام,337/ 1,قطعة أرض-سكنى,2020,4,1960.0,20,1154.519461439306,667.0,5273.0,1688.0,2538.5,26.3,50.1,0.056,0.447,0.34,308,253,276,8084,2415.0,7.789868559054706,7.581209826196346,-0.20865873285835956
الدمام,337/ 1,قطعة أرض-سكنى,2022,1,2211.0,26,1174.0557718373584,1556.0,6546.0,1501.75,2048.0,26.3,50.1,0.056,0.447,0.34,308,253,276,8089,2415.0,7.789868559054706,7.701652362642226,-0.08821619641248013
الدمام,337/ 1,قطعة أرض-سكنى,2022,2,2025.0,34,1136.63942393164,878.0,5333.0,1158.5,2048.0,26.3,50.1,0.056,0.447,0.34,308,253,276,8090,2298.5,7.740446986979978,7.613818684808629,-0.12662830217134946
الدمام,337/ 1,قطعة أرض-سكنى,2022,3,2150.0,30,1223.7256547776217,1295.0,5884.0,1137.0,2048.0,26.3,50.1,0.056,0.447,0.34,308,253,276,8091,2118.0,7.6586995582682995,7.67368812926773,0.014988570999430628
الدمام,337/ 1,قطعة أرض-سكنى,2022,4,2150.0,43,945.6010908593171,1333.0,6133.0,284.5,2048.0,26.3,50.1,0.056,0.447,0.34,308,253,276,8092,2087.5,7.64420138393723,7.67368812926773,0.029486745330499886
الدمام,337/ 1,قطعة أرض-سكنى,2023,1,2556.0,19,1501.690676833578,1308.0,6333.0,2023.5,2150.0,26.3,50.1,0.056,0.447,0.34,308,253,276,8093,2087.5,7.64420138393723,7.846589975291186,0.20238859135395604
الدمام,337/ 1,قطعة أرض-سكنى,2023,2,2300.0,25,1082.2608327016183,1229.0,5125.0,1200.0,2150.0,26.3,50.1,0.056,0.447,0.34,308,253,276,8094,2150.0,7.67368812926773,7.741099090035366,0.06741096076763586
الدمام,337/ 1,قطعة أرض-سكنى,2023,3,2711.0,12,1213.902905981988,1600.0,5143.0,1944.5,2150.0,26.3,50.1,0.056,0.447,0.34,308,253,276,8095,2150.0,7.67368812926773,7.905441649060286,0.23175351979255598
الدمام,841ش.د,قطعة أرض-سكنى,2020,2,550.0,11,110.34878588119827,550.0,820.0,179.5,1183.0,26.3,50.1,0.056,0.447,0.34,308,253,276,8082,2180.5,7.687767992563664,6.311734809152915,-1.3760331834107493
الدمام,841ش.د,قطعة أرض-سكنى,2020,3,908.0,14,237.0955202324281,550.0,1237.0,276.25,1183.0,26.3,50.1,0.056,0.447,0.34,308,253,276,8083,550.0,6.311734809152915,6.812345094177479,0.500610285024564
الدمام,841ش.د,قطعة أرض-سكنى,2020,4,699.0,13,367.7232097303065,552.0,1600.0,550.0,1183.0,26.3,50.1,0.056,0.447,0.34,308,253,276,8084,729.0,6.593044534142437,6.551080335043404,-0.041964199099032484
الدمام,947/ ش.د,قطعة أرض-سكنى,2020,4,900.0,18,118.5705300158319,750.0,1200.0,80.25,1065.5,26.3,50.1,0.056,0.447,0.34,308,253,276,8084,2150.0,7.67368812926773,6.803505257608338,-0.8701828716593925
الدمام,أحد,قطعة أرض-سكنى,2025,4,1683.6112037345783,38,842.5192892058808,934.0,4006.31297802598,962.9341899738004,1694.997027758345,26.413333,50.04074,0.399,0.0,0.555,143,129,127,8104,1529.0,7.333023014386481,7.429290076538584,0.09626706215210312
الدمام,أحد,قطعة أرض-سكنى,2026,1,1382.0,11,752.3333521300732,835.0,3353.0,704.0,1683.6112037345783,26.413333,50.04074,0.399,0.0,0.555,143,129,127,8105,1683.6112037345783,7.429290076538584,7.232010331664759,-0.1972797448738257
الدمام,أخرى,قطعة أرض-سكنى,2021,1,1342.5,38,1390.826206351144,518.0,5227.0,2522.5,1817.75,26.3,50.1,0.056,0.447,0.34,308,253,276,8085,1145.0,7.044032897274685,7.203033428055546,0.15900053078086085
الدمام,أخرى,قطعة أرض-سكنى,2021,2,1040.5,30,737.3273427351162,542.0,3550.0,461.0,1817.75,26.3,50.1,0.056,0.447,0.34,308,253,276,8086,1342.5,7.203033428055546,6.948417260701027,-0.2546161673545191
الدمام,أخرى,قطعة أرض-سكنى,2021,3,925.0,38,797.8454241067857,500.0,3333.0,731.75,1817.75,26.3,50.1,0.056,0.447,0.34,308,253,276,8087,1191.5,7.083807222762497,6.8308742346461795,-0.25293298811631715
الدمام,أخرى,قطعة أرض-سكنى,2021,4,990.0,15,5678.047532466805,500.0,14677.0,670.5,1817.75,26.3,50.1,0.056,0.447,0.34,308,253,276,8088,1040.5,6.948417260701027,6.898714534329988,-0.049702726371038786
الدمام,أخرى,قطعة أرض-سكنى,2025,4,2677.403170522708,38,1137.3997071747367,600.0,4102.263570434401,1686.3847414628585,2048.0,26.3,50.1,0.056,0.447,0.34,308,253,276,8104,1015.25,6.923874660862021,7.892976064032026,0.9691014031700051
الدمام,احد,قطعة أرض-سكنى,2016,1,1745.0,30,786.1836007085041,1000.0,3725.0,905.75,2048.0,26.3,50.1,0.056,0.447,0.34,308,253,276,8065,1191.5,7.083807222762497,7.465082736399547,0.3812755136370507
الدمام,احد,قطعة أرض-سكنى,2016,2,2189.0,24,1112.907118147417,824.0,4241.0,1977.75,2048.0,26.3,50.1,0.056,0.447,0.34,308,253,276,8066,1745.0,7.465082736399547,7.691656822810547,0.22657408641099952
الدمام,احد,قطعة أرض-سكنى,2016,3,2105.0,13,912.3909207722819,1181.0,4480.0,1041.0,2048.0,26.3,50.1,0.056,0.447,0.34,308,253,276,8067,1967.0,7.584773077612199,7.652545692693921,0.06777261508172217
الدمام,احد,قطعة أرض-سكنى,2016,4,1680.0,17,1047.0157311026758,694.0,4124.0,1307.0,2048.0,26.3,50.1,0.056,0.447,0.34,308,253,276,8068,2105.0,7.652545692693921,7.427144133408616,-0.22540155928530492
الدمام,احد,قطعة أرض-سكنى,2017,1,1400.0,20,760.9684964777313,531.0,3191.0,945.25,1925.0,26.3,50.1,0.056,0.447,0.34,308,253,276,8069,1925.0,7.563200592358071,7.244941546337007,-0.3182590460210646
الدمام,احد,قطعة أرض-سكنى,2017,2,2222.0,31,826.5397283740481,808.0,4369.0,1075.5,1925.0,26.3,50.1,0.056,0.447,0.34,308,253,276,8070,1745.0,7.465082736399547,7.706612913964197,0.24153017756464923
الدمام,احد,قطعة أرض-سكنى,2017,3,1171.0,12,919.0331340681638,726.0,3338.0,1208.75,1925.0,26.3,50.1,0.056,0.447,0.34,308,253,276,8071,1925.0,7.563200592358071,7.066466970136958,-0.4967336222211136
الدمام,احد,قطعة أرض-سكنى,2017,4,1696.0,26,881.0309633954635,560.0,4034.0,1043.0,1925.0,26.3,50.1,0.056,0.447,0.34,308,253,276,8072,1745.0,7.465082736399547,7.436617265234227,-0.02846547116532072
الدمام,احد,قطعة أرض-سكنى,2018,1,1640.0,20,841.2388421094714,1032.0,3976.0,1174.5,1548.0,26.3,50.1,0.056,0.447,0.34,308,253,276,8073,1720.5,7.450951282778578,7.403061091090091,-0.04789019168848707
الدمام,احد,قطعة أرض-سكنى,2018,3,1327.5,16,533.8841907817338,778.0,2375.0,582.5,1548.0,26.3,50.1,0.056,0.447,0.34,308,253,276,8075,1688.0,7.4318919168078,7.191805765199868,-0.24008615160793134
الدمام,احد,قطعة أرض-سكنى,2018,4,1400.0,18,1181.8542827910865,564.0,5897.0,813.5,1548.0,26.3,50.1,0.056,0.447,0.34,308,253,276,8076,1660.0,7.415175109613295,7.244941546337007,-0.17023356327628836
الدمام,احد,قطعة أرض-سكنى,2019,1,1700.0,27,768.9226895885583,928.0,3503.0,1063.0,1363.75,26.3,50.1,0.056,0.447,0.34,308,253,276,8077,1520.0,7.327123292259293,7.438971592395862,0.1118483001365691
الدمام,احد,قطعة أرض-سكنى,2019,2,1628.0,18,1876.4456779648435,813.0,9001.0,1004.25,1363.75,26.3,50.1,0.056,0.447,0.34,308,253,276,8078,1520.0,7.327123292259293,7.395721608602045,0.0685983163427526
الدمام,احد,قطعة أرض-سكنى,2019,3,1830.5,20,997.3982193160045,662.0,4684.0,1131.0,1363.75,26.3,50.1,0.056,0.447,0.34,308,253,276,8079,1634.0,7.399398083331354,7.512890582218869,0.11349249888751523
الدمام,احد,قطعة أرض-سكنى,2019,4,1458.5,18,771.2696179219118,583.0,3300.0,1060.5,1363.75,26.3,50.1,0.056,0.447,0.34,308,253,276,8080,1634.0,7.399398083331354,7.2858491902941696,-0.1135488930371844
الدمام,احد,قطعة أرض-سكنى,2020,1,1692.0,19,957.7099360648959,882.0,4116.0,1306.5,1664.0,26.3,50.1,0.056,0.447,0.34,308,253,276,8081,1634.0,7.399398083331354,7.4342573821331355,0.03485929880178151
الدمام,احد,قطعة أرض-سكنى,2020,3,1576.0,12,866.2842410915925,757.0,3085.0,1577.0,1664.0,26.3,50.1,0.056,0.447,0.34,308,253,276,8083,1634.0,7.399398083331354,7.3632795869630385,-0.036118496368315434
الدمام,احد,قطعة أرض-سكنى,2020,4,1421.0,12,398.95100139635133,915.0,2433.0,322.5,1664.0,26.3,50.1,0.056,0.447,0.34,308,253,276,8084,1602.0,7.3796321526095525,7.259819610363186,-0.1198125422463665
الدمام,احد,قطعة أرض-سكنى,2022,1,1543.0,17,772.547975856516,545.0,3333.0,548.0,2048.0,26.3,50.1,0.056,0.447,0.34,308,253,276,8089,1602.0,7.3796321526095525,7.342131730584722,-0.037500422024830726
الدمام,احد,قطعة أرض-سكنى,2022,2,1694.0,15,730.7927658828231,526.0,3024.0,1129.0,2048.0,26.3,50.1,0.056,0.447,0.34,308,253,276,8090,1602.0,7.3796321526095525,7.43543801981455,0.05580586720499792
الدمام,احد,قطعة أرض-سكنى,2022,3,1657.0,22,1023.2401807652335,570.0,4960.0,534.75,2048.0,26.3,50.1,0.056,0.447,0.34,308,253,276,8091,1602.0,7.3796321526095525,7.4133673356952405,0.033735183085688014
الدمام,احد,قطعة أرض-سكنى,2022,4,2007.5,10,695.7293854493843,805.0,2880.0,996.25,2048.0,26.3,50.1,0.056,0.447,0.34,308,253,276,8092,1616.5,7.388637026375056,7.605143453799337,0.21650642742428072
الدمام,احد,قطعة أرض-سكنى,2023,1,2500.0,15,1007.794158877033,746.0,4167.0,1170.0,1675.5,26.3,50.1,0.056,0.447,0.34,308,253,276,8093,1616.5,7.388637026375056,7.824445930877619,0.43580890450256327
الدمام,احد,قطعة أرض-سكنى,2023,3,1744.0,15,1156.4986854829579,609.0,5338.0,704.5,1675.5,26.3,50.1,0.056,0.447,0.34,308,253,276,8095,1674.5,7.4238669071773655,7.4645098346365275,0.04064292745916198
الدمام,الأثير,قطعة أرض-سكنى,2025,4,2000.0,29,693.7036300471854,1496.0,4376.0129659643435,369.5188749074755,1358.528049893304,26.435145,50.058752,0.0,0.218,0.554,177,166,340,8104,1675.5,7.424463565906283,7.601402334583733,0.1769387686774504
الدمام,الأنوار,قطعة أرض-تجارى,2018,4,1028.0,14,389.1098039891048,710.0,2200.0,318.0,1300.5,26.366006,50.012477,1.265,1.402,2.552,24,16,4,8076,2182.0,7.688455356549944,6.9363427358340495,-0.7521126207158941
الدمام,الإسكان الجنوبي,قطعة أرض-سكنى,2025,4,2356.467491958281,129,378.224306871692,746.4914899970141,3196.4655110920894,408.97995991983953,2048.0,26.3,50.1,0.056,0.447,0.34,308,253,276,8104,1719.0,7.450079569807499,7.765343225211387,0.31526365540388834
الدمام,الإسكان الجنوبي,قطعة أرض-سكنى,2026,1,2424.0,29,416.39110428074457,1754.0,3606.0,618.0,2356.467491958281,26.3,50.1,0.056,0.447,0.34,308,253,276,8105,2356.467491958281,7.765343225211387,7.793586803371584,0.028243578160196847
الدمام,الاتصالات,قطعة أرض-سكنى,2025,4,2050.0,58,321.163554898407,554.0,2500.0,150.0,2048.0,26.413327,50.084627,0.149,0.249,0.471,290,236,241,8104,2003.75,7.603274643687138,7.62608275807238,0.022808114385242106
الدمام,الاتصالات,قطعة أرض-سكنى,2026,1,2450.0,15,405.96739254467695,1000.0,2450.0,450.0,2050.0,26.413327,50.084627,0.149,0.249,0.471,290,236,241,8105,2050.0,7.62608275807238,7.804251383528112,0.17816862545573198
الدمام,الاثير,قطعة أرض-سكنى,2016,2,2512.0,13,2225.861463885445,500.0,7242.0,2441.0,2048.0,26.3,50.1,0.056,0.447,0.34,308,253,276,8066,2203.2337459791406,7.698135219993772,7.829232537543592,0.1310973175498198
الدمام,الاسكان,قطعة أرض-سكنى,2025,4,975.609756097561,27,276.6494664416935,747.8592528886063,1687.06842435656,346.72902240823464,2048.0,26.3,50.1,0.056,0.447,0.34,308,253,276,8104,2390.2337459791406,7.779564723440881,6.884087141437953,-0.8954775820029282
الدمام,الاسكان,قطعة أرض-سكنى,2026,1,1040.0,13,328.5361861972371,593.0,1683.0,369.0,975.609756097561,26.3,50.1,0.056,0.447,0.34,308,253,276,8105,975.609756097561,6.884087141437953,6.947937068614969,0.06384992717701632
الدمام,الامانة,قطعة أرض-تجارى,2020,4,1063.0,11,87.01661283393481,914.0,1200.0,117.0,794.5,26.3,50.1,0.056,0.447,0.34,308,253,276,8084,1841.0,7.518607216815252,6.96979066990159,-0.5488165469136623
الدمام,الامانة,قطعة أرض-تجارى,2022,2,1329.0,15,897.4298062482976,571.0,3657.0,211.5,2048.0,26.3,50.1,0.056,0.447,0.34,308,253,276,8090,1063.0,6.96979066990159,7.1929342212158,0.2231435513142097
الدمام,الامانة,قطعة أرض-تجارى,2023,2,1387.0,10,945.3217206621011,914.0,4046.0,919.75,1350.0,26.3,50.1,0.056,0.447,0.34,308,253,276,8094,1196.0,7.087573705557973,7.23561914106675,0.14804543550877725
الدمام,الامانة,قطعة أرض-سكنى,2016,1,707.0,48,281.59665633970536,508.0,2000.0,121.0,2048.0,26.3,50.1,0.056,0.447,0.34,308,253,276,8065,2203.2337459791406,7.698135219993772,6.56244409369372,-1.1356911263000526
الدمام,الامانة,قطعة أرض-سكنى,2016,2,714.0,42,457.8625420726369,533.0,2950.0,133.0,2048.0,26.3,50.1,0.056,0.447,0.34,308,253,276,8066,707.0,6.56244409369372,6.5722825426940075,0.009838449000287852
الدمام,الامانة,قطعة أرض-سكنى,2016,3,720.0,49,667.5916603733153,587.0,4000.0,97.0,2048.0,26.3,50.1,0.056,0.447,0.34,308,253,276,8067,710.5,6.567375417529907,6.580639137284949,0.01326371975504248
الدمام,الامانة,قطعة أرض-سكنى,2016,4,675.0,21,512.6049625384519,533.0,2000.0,207.0,2048.0,26.3,50.1,0.056,0.447,0.34,308,253,276,8068,714.0,6.5722825426940075,6.516193076042964,-0.056089466651043196
الدمام,الامانة,قطعة أرض-سكنى,2017,1,658.0,45,324.19600942215885,500.0,2267.0,135.0,710.5,26.3,50.1,0.056,0.447,0.34,308,253,276,8069,710.5,6.567375417529907,6.490723534502507,-0.07665188302739967
الدمام,الامانة,قطعة أرض-سكنى,2017,2,700.0,43,568.5892978154396,527.0,2879.0,113.5,710.5,26.3,50.1,0.056,0.447,0.34,308,253,276,8070,707.0,6.56244409369372,6.55250788703459,-0.009936206659129532
الدمام,الامانة,قطعة أرض-سكنى,2017,3,728.0,37,792.3165677578271,520.0,3970.0,512.0,710.5,26.3,50.1,0.056,0.447,0.34,308,253,276,8071,703.5,6.557488331338735,6.591673732008658,0.03418540066992293
الدمام,الامانة,قطعة أرض-سكنى,2017,4,668.0,45,768.2382561301007,530.0,4037.0,358.0,710.5,26.3,50.1,0.056,0.447,0.34,308,253,276,8072,707.0,6.56244409369372,6.505784060128229,-0.056660033565490764
الدمام,الامانة,قطعة أرض-سكنى,2018,1,693.0,43,655.4293166675463,500.0,2750.0,905.5,684.0,26.3,50.1,0.056,0.447,0.34,308,253,276,8073,703.5,6.557488331338735,6.542471960506805,-0.015016370831930637
الدمام,الامانة,قطعة أرض-سكنى,2018,2,651.0,36,694.1364687880815,522.0,3212.0,687.0,684.0,26.3,50.1,0.056,0.447,0.34,308,253,276,8074,696.5,6.5475025136955205,6.480044561926653,-0.06745795176886737
الدمام,الامانة,قطعة أرض-سكنى,2018,3,646.0,38,439.7879977106,500.0,2374.0,89.25,684.0,26.3,50.1,0.056,0.447,0.34,308,253,276,8075,684.0,6.529418838262226,6.472346294500901,-0.057072543761324646
الدمام,الامانة,قطعة أرض-سكنى,2018,4,717.0,77,489.66613327646206,510.0,2667.0,133.0,684.0,26.3,50.1,0.056,0.447,0.34,308,253,276,8076,671.5,6.511002111475994,6.576469569048224,0.06546745757222983
الدمام,الامانة,قطعة أرض-سكنى,2019,1,783.0,72,348.4966090817399,500.0,2821.0,95.0,672.0,26.3,50.1,0.056,0.447,0.34,308,253,276,8077,680.5,6.524296251136588,6.664409020350408,0.14011276921382
الدمام,الامانة,قطعة أرض-سكنى,2019,2,867.0,49,637.2487266569078,500.0,3167.0,174.0,672.0,26.3,50.1,0.056,0.447,0.34,308,253,276,8078,696.5,6.5475025136955205,6.7661917146603505,0.21868920096483002
الدمام,الامانة,قطعة أرض-سكنى,2019,3,952.0,51,627.1449705751031,567.0,3433.0,118.5,672.0,26.3,50.1,0.056,0.447,0.34,308,253,276,8079,705.0,6.559615237493242,6.859614903654202,0.29999966616095985
الدمام,الامانة,قطعة أرض-سكنى,2019,4,1000.0,64,500.8707811746697,500.0,3100.0,127.5,672.0,26.3,50.1,0.056,0.447,0.34,308,253,276,8080,705.0,6.559615237493242,6.90875477931522,0.3491395418219785
الدمام,الامانة,قطعة أرض-سكنى,2020,1,1072.0,42,847.9030155681273,542.0,3972.0,520.5,909.5,26.3,50.1,0.056,0.447,0.34,308,253,276,8081,750.0,6.621405651764134,6.9782137426306985,0.35680809086656406
الدمام,الامانة,قطعة أرض-سكنى,2020,2,2167.0,41,1180.131196199771,533.0,4000.0,2400.0,909.5,26.3,50.1,0.056,0.447,0.34,308,253,276,8082,825.0,6.716594773520978,7.681560362559537,0.9649655890385596
الدمام,الامانة,قطعة أرض-سكنى,2020,3,816.5,20,521.6342134403944,500.0,2833.0,473.5,909.5,26.3,50.1,0.056,0.447,0.34,308,253,276,8083,909.5,6.813993899167663,6.706250902771409,-0.1077429963962544
الدمام,الامانة,قطعة أرض-سكنى,2020,4,1119.5,30,853.7626854041501,583.0,3720.0,375.25,909.5,26.3,50.1,0.056,0.447,0.34,308,253,276,8084,909.5,6.813993899167663,7.021530293240982,0.20753639407331903
الدمام,الامانة,قطعة أرض-سكنى,2022,1,1337.0,22,538.2264787468584,667.0,3200.0,468.5,2048.0,26.3,50.1,0.056,0.447,0.34,308,253,276,8089,976.0,6.884486652042782,7.198931240688173,0.31444458864539104
الدمام,الامانة,قطعة أرض-سكنى,2022,2,1416.5,16,912.448025917093,667.0,3968.0,230.5,2048.0,26.3,50.1,0.056,0.447,0.34,308,253,276,8090,1036.0,6.9440872082295275,7.256650035601907,0.3125628273723793
الدمام,الامانة,قطعة أرض-سكنى,2022,3,1464.5,20,841.088610076251,667.0,3636.0,366.25,2048.0,26.3,50.1,0.056,0.447,0.34,308,253,276,8091,1095.75,7.000106540046323,7.289951760150947,0.289845220104624
الدمام,الامانة,قطعة أرض-سكنى,2023,2,1366.0,15,310.4185806908073,716.0,2061.0,129.5,1440.5,26.3,50.1,0.056,0.447,0.34,308,253,276,8094,1228.25,7.114159506292049,7.220373836723949,0.1062143304319001
الدمام,الامراء,قطعة أرض-سكنى,2021,2,689.0,10,105.28063027504685,545.0,950.0,42.0,600.0,26.3,50.1,0.056,0.447,0.34,308,253,276,8086,1351.5,7.209710010720636,6.536691597591305,-0.6730184131293315
الدمام,البادية,قطعة أرض-سكنى,2016,1,3598.0,23,1952.3624687762685,1999.0,8071.0,2737.0,2048.0,26.428308,50.089644,0.0,0.426,0.063,319,292,414,8065,1351.5,7.209710010720636,8.188411308079031,0.9787012973583948
الدمام,البادية,قطعة أرض-سكنى,2016,2,3751.0,29,3421.431022809369,1625.0,17835.0,1966.0,2048.0,26.428308,50.089644,0.0,0.426,0.063,319,292,414,8066,3598.0,8.188411308079031,8.230044310126114,0.04163300204708342
الدمام,البادية,قطعة أرض-سكنى,2016,3,4273.0,19,2261.803249957977,1537.0,9532.0,2414.5,2048.0,26.428308,50.089644,0.0,0.426,0.063,319,292,414,8067,3674.5,8.209444456814142,8.360305435879093,0.15086097906495155
الدمام,البادية,قطعة أرض-سكنى,2016,4,4561.0,17,1778.842177554563,1846.0,8205.0,2153.0,2048.0,26.428308,50.089644,0.0,0.426,0.063,319,292,414,8068,3751.0,8.230044310126114,8.425516402844334,0.19547209271821941
الدمام,البادية,قطعة أرض-سكنى,2017,1,3707.0,17,2205.72255401583,1229.0,8535.0,2905.0,4012.0,26.428308,50.089644,0.0,0.426,0.063,319,292,414,8069,4012.0,8.297294370266917,8.218247926685745,-0.07904644358117174
الدمام,البادية,قطعة أرض-سكنى,2017,2,3845.5,14,3323.0801786334277,500.0,10648.0,5482.5,4012.0,26.428308,50.089644,0.0,0.426,0.063,319,292,414,8070,3751.0,8.230044310126114,8.25491892289899,0.024874612772874727
الدمام,البادية,قطعة أرض-سكنى,2017,4,3536.0,13,2171.6330083780094,1845.0,9225.0,1537.0,4012.0,26.428308,50.089644,0.0,0.426,0.063,319,292,414,8072,3798.25,8.242558957813715,8.17103418920548,-0.07152476860823498
الدمام,البادية,قطعة أرض-سكنى,2018,1,2152.0,13,1283.9526760589638,1184.0,5535.0,1815.0,3621.5,26.428308,50.089644,0.0,0.426,0.063,319,292,414,8073,3751.0,8.230044310126114,7.674617497364363,-0.5554268127617519
الدمام,البادية,قطعة أرض-سكنى,2019,1,2424.0,16,2175.4536844836143,1025.0,8302.0,2132.75,2090.5,26.428308,50.089644,0.0,0.426,0.063,319,292,414,8077,3729.0,8.224163512637862,7.793586803371584,-0.430576709266278
الدمام,البادية,قطعة أرض-سكنى,2019,4,2630.0,11,1460.4057032831042,1129.0,5277.0,2197.0,2090.5,26.428308,50.089644,0.0,0.426,0.063,319,292,414,8080,3729.0,8.224163512637862,7.875119281040293,-0.3490442315975688
الدمام,البادية,قطعة أرض-سكنى,2020,3,1620.5,10,777.6834831729424,900.0,3690.0,600.75,2527.0,26.428308,50.089644,0.0,0.426,0.063,319,292,414,8083,3621.5,8.194919674194837,7.391106925747373,-0.8038127484474646
الدمام,البادية,قطعة أرض-سكنى,2021,2,1560.0,11,375.04700311488233,1066.0,2288.0,562.5,1727.5,26.428308,50.089644,0.0,0.426,0.063,319,292,414,8086,3083.0,8.03398273468322,7.353081920515432,-0.6809008141677886
الدمام,البادية,قطعة أرض-سكنى,2021,3,2060.0,11,1765.1220508920776,1168.0,7142.0,962.5,1727.5,26.428308,50.089644,0.0,0.426,0.063,319,292,414,8087,2527.0,7.8351837552667485,7.630946580890459,-0.2042371743762894
الدمام,البادية,قطعة أرض-سكنى,2021,4,1977.5,10,1706.846813408996,790.0,6149.0,1744.75,1727.5,26.428308,50.089644,0.0,0.426,0.063,319,292,414,8088,2288.0,7.735870319952567,7.590094260825479,-0.1457760591270878
الدمام,البادية,قطعة أرض-سكنى,2022,1,2125.0,15,2078.8894654415394,1076.0,8933.0,1829.5,1846.5,26.428308,50.089644,0.0,0.426,0.063,319,292,414,8089,2106.0,7.653020413804189,7.661997558901893,0.008977145097704309
الدمام,البادية,قطعة أرض-سكنى,2022,3,1356.0,11,1140.4926208361971,765.0,4920.0,388.5,1846.5,26.428308,50.089644,0.0,0.426,0.063,319,292,414,8091,2092.5,7.646592585459198,7.213031659834869,-0.43356092562432824
الدمام,البادية,قطعة أرض-سكنى,2022,4,2921.0,12,2309.8752753944937,689.0,8610.0,3051.0,1846.5,26.428308,50.089644,0.0,0.426,0.063,319,292,414,8092,2018.75,7.610729020359818,7.980023592310645,0.36929457195082716
الدمام,البادية,قطعة أرض-سكنى,2023,2,1819.0,18,2294.3943517138614,1048.0,7687.0,2058.5,2000.0,26.428308,50.089644,0.0,0.426,0.063,319,292,414,8094,2018.75,7.610729020359818,7.506591780070841,-0.10413724028897686
الدمام,البادية,قطعة أرض-سكنى,2023,3,1998.5,12,1301.3838322293232,881.0,5417.0,1346.25,2000.0,26.428308,50.089644,0.0,0.426,0.063,319,292,414,8095,1898.25,7.549214350383331,7.600652428286873,0.05143807790354149
الدمام,البادية,قطعة أرض-سكنى,2025,4,1989.1191603632412,44,1515.991325322697,922.0,6728.11680010765,1578.3699945262213,1612.932072582295,26.428308,50.089644,0.0,0.426,0.063,319,292,414,8104,1988.0,7.5953872788539725,7.595949795505346,0.0005625166513736346
الدمام,البادية,قطعة أرض-سكنى,2026,1,2091.0,16,1445.6094317507295,825.0,6149.0,1375.25,1989.1191603632412,26.428308,50.089644,0.0,0.426,0.063,319,292,414,8105,1993.8095801816207,7.598303876237947,7.645875825184813,0.04757194894686645
الدمام,البديع,قطعة أرض-سكنى,2022,2,3250.0,10,882.0306369080636,1304.0,3250.0,1187.25,2394.0,26.451197,50.112524,0.05,0.02,0.519,198,199,291,8090,1993.8095801816207,7.598303876237947,8.086717920303906,0.48841404406595945
الدمام,البيضاء,قطعة أرض-سكنى,2026,1,610.0,36,52.12545915446206,570.0,820.0,70.0,625.0,26.3,50.1,0.056,0.447,0.34,308,253,276,8105,2044.75,7.623519749407491,6.415096959171596,-1.208422790235895
الدمام,الجامعة,قطعة أرض-سكنى,2025,4,3125.0,10,1436.938601398078,2500.0,5617.9775280898875,2682.1505387862353,2048.0,26.3,50.1,0.056,0.447,0.34,308,253,276,8104,1993.8095801816207,7.598303876237947,8.047509510981422,0.44920563474347563
الدمام,الجامعيين,قطعة أرض-سكنى,2021,1,1391.0,12,746.7729919561576,579.0,3180.0,1083.25,2028.0,26.395001,50.100202,0.116,0.185,0.243,210,134,107,8085,2044.75,7.623519749407491,7.238496840894365,-0.3850229085131254
الدمام,الجامعيين,قطعة أرض-سكنى,2021,4,1100.0,10,695.0669112474792,1099.0,3200.0,813.25,2028.0,26.395001,50.100202,0.116,0.185,0.243,210,134,107,8088,1391.0,7.238496840894365,7.00397413672268,-0.23452270417168553
الدمام,الجامعيين,قطعة أرض-سكنى,2025,4,2972.5712741521415,13,998.4867137878343,609.1718327374475,3753.653999468509,1393.0,1916.47657856595,26.395001,50.100202,0.116,0.185,0.243,210,134,107,8104,1245.5,7.128094902963612,7.997518958643182,0.8694240556795698
الدمام,الجلوية,قطعة أرض-سكنى,2016,1,2075.0,28,1514.43168309149,1030.0,8720.0,452.75,2048.0,26.435673,50.074453,0.013,0.416,0.177,265,246,457,8065,2040.0595801816207,7.621224354045522,7.638198244285779,0.01697389024025764
الدمام,الجلوية,قطعة أرض-سكنى,2016,2,2358.5,12,1239.4545323967266,1596.0,6200.0,825.25,2048.0,26.435673,50.074453,0.013,0.416,0.177,265,246,457,8066,2075.0,7.638198244285779,7.766205011166442,0.12800676688066304
الدمام,الجلوية,قطعة أرض-سكنى,2016,3,2000.0,11,444.8908344138532,1749.0,3078.0,448.0,2048.0,26.435673,50.074453,0.013,0.416,0.177,265,246,457,8067,2216.75,7.704248447400697,7.601402334583733,-0.10284611281696332
الدمام,الجلوية,قطعة أرض-سكنى,2016,4,2160.0,12,1652.0710120294102,654.0,5977.0,1048.75,2048.0,26.435673,50.074453,0.013,0.416,0.177,265,246,457,8068,2075.0,7.638198244285779,7.6783263565068856,0.04012811222110635
الدمام,الجلوية,قطعة أرض-سكنى,2017,1,1700.0,15,637.18663633492,863.0,3120.0,684.0,2117.5,26.435673,50.074453,0.013,0.416,0.177,265,246,457,8069,2117.5,7.658463570066614,7.438971592395862,-0.21949197767075201
الدمام,الجلوية,قطعة أرض-سكنى,2017,2,1700.0,15,550.7083576976976,776.0,2900.0,408.5,2117.5,26.435673,50.074453,0.013,0.416,0.177,265,246,457,8070,2075.0,7.638198244285779,7.438971592395862,-0.1992266518899175
الدمام,الجلوية,قطعة أرض-سكنى,2017,3,1653.0,12,941.1498608649213,951.0,4036.0,740.0,2117.5,26.435673,50.074453,0.013,0.416,0.177,265,246,457,8071,2037.5,7.619969522259308,7.4109518755836366,-0.20901764667567146
الدمام,الجلوية,قطعة أرض-سكنى,2017,4,2313.5,14,2706.394354320689,1148.0,11931.0,1037.0,2117.5,26.435673,50.074453,0.013,0.416,0.177,265,246,457,8072,2000.0,7.601402334583733,7.746948960471325,0.14554662588759193
الدمام,الجلوية,قطعة أرض-سكنى,2018,1,2000.0,16,793.7984525894046,577.0,3759.0,696.0,1700.0,26.435673,50.074453,0.013,0.416,0.177,265,246,457,8073,2037.5,7.619969522259308,7.601402334583733,-0.018567187675574637
الدمام,الجلوية,قطعة أرض-سكنى,2018,4,1708.0,15,710.4767480528899,922.0,3833.0,659.0,1700.0,26.435673,50.074453,0.013,0.416,0.177,265,246,457,8076,2000.0,7.601402334583733,7.443663683115591,-0.1577386514681427
الدمام,الجلوية,قطعة أرض-سكنى,2019,1,1332.0,10,332.5942639981099,842.0,2000.0,149.75,1555.0,26.435673,50.074453,0.013,0.416,0.177,265,246,457,8077,1854.0,7.5256399750415355,7.195187320178709,-0.3304526548628264
الدمام,الجلوية,قطعة أرض-سكنى,2019,3,1356.0,10,570.7843433965816,732.0,2296.0,901.75,1555.0,26.435673,50.074453,0.013,0.416,0.177,265,246,457,8079,1704.0,7.4413203897176174,7.213031659834869,-0.22828872988274806
الدمام,الجلوية,قطعة أرض-سكنى,2019,4,1050.0,23,790.0648594979015,800.0,3917.0,386.5,1555.0,26.435673,50.074453,0.013,0.416,0.177,265,246,457,8080,1700.0,7.438971592395862,6.957497370876951,-0.4814742215189103
الدمام,الجلوية,قطعة أرض-سكنى,2020,1,1500.0,17,1035.0739565790625,700.0,4917.0,350.0,1344.0,26.435673,50.074453,0.013,0.416,0.177,265,246,457,8081,1676.5,7.425059868845837,7.313886831633462,-0.11117303721237537
الدمام,الجلوية,قطعة أرض-سكنى,2020,3,1435.0,16,442.67128041019333,661.0,2119.0,656.0,1344.0,26.435673,50.074453,0.013,0.416,0.177,265,246,457,8083,1576.5,7.363596594415368,7.269616749608169,-0.09397984480719845
الدمام,الجلوية,قطعة أرض-سكنى,2020,4,1500.0,30,591.3042043389895,749.0,4167.0,203.5,1344.0,26.435673,50.074453,0.013,0.416,0.177,265,246,457,8084,1467.5,7.291996750638675,7.313886831633462,0.021890080994786842
الدمام,الجلوية,قطعة أرض-سكنى,2022,1,1527.0,15,1428.815726730491,1333.0,6824.0,859.5,1731.25,26.435673,50.074453,0.013,0.416,0.177,265,246,457,8089,1467.5,7.291996750638675,7.331714969726466,0.03971821908779116
الدمام,الجلوية,قطعة أرض-سكنى,2022,2,1656.0,19,476.54804069235166,1283.0,3600.0,151.0,1731.25,26.435673,50.074453,0.013,0.416,0.177,265,246,457,8090,1467.5,7.291996750638675,7.4127640174265625,0.12076726678788763
الدمام,الجلوية,قطعة أرض-سكنى,2022,3,1611.5,10,790.8875815605317,1160.0,4000.0,421.5,1731.25,26.435673,50.074453,0.013,0.416,0.177,265,246,457,8091,1467.5,7.291996750638675,7.3855410486699276,0.09354429803125264
الدمام,الجلوية,قطعة أرض-سكنى,2022,4,1665.5,12,1018.4153317182473,800.0,4804.0,794.75,1731.25,26.435673,50.074453,0.013,0.416,0.177,265,246,457,8092,1500.0,7.313886831633462,7.418480897747794,0.1045940661143323
الدمام,الجلوية,قطعة أرض-سكنى,2023,2,1600.0,13,622.0200446106506,947.0,3157.0,400.0,1633.75,26.435673,50.074453,0.013,0.416,0.177,265,246,457,8094,1513.5,7.322840630467292,7.3783837129967145,0.05554308252942253
الدمام,الجوهرة,قطعة أرض-سكنى,2016,2,2700.0,11,787.2162923295547,626.0,2798.0,601.0,2048.0,26.464481,50.08132,0.234,0.0,0.06,157,141,276,8066,1563.5,7.355321563108937,7.901377353792616,0.5460557906836785
الدمام,الجوهرة,قطعة أرض-سكنى,2025,4,2389.8941618299764,21,714.0237384494823,1545.0,4006.410256410256,878.0,2048.0,26.464481,50.08132,0.234,0.0,0.06,157,141,276,8104,2700.0,7.901377353792616,7.77942270124646,-0.12195465254615545
الدمام,الحسام,قطعة أرض-تجارى,2025,4,2700.0,10,295.14591494904886,2699.9999999999995,3400.0,0.0,2262.2691571754,26.39233,50.172082,0.547,0.618,0.811,77,78,26,8104,1443.5,7.2755185199062895,7.901377353792616,0.6258588338863262
الدمام,الحسام,قطعة أرض-سكنى,2022,4,2277.5,12,375.62900781908667,976.0,2300.0,50.0,2901.5,26.39233,50.172082,0.547,0.618,0.811,77,78,26,8092,1633.75,7.399245166441386,7.731272610703937,0.33202744426255126
الدمام,الحسام,قطعة أرض-سكنى,2023,1,2250.0,31,242.53170062169536,981.0,2429.0,50.0,2563.75,26.39233,50.172082,0.547,0.618,0.811,77,78,26,8093,2277.5,7.731272610703937,7.719129840906732,-0.012142769797204522
الدمام,الحسام,قطعة أرض-سكنى,2023,2,2300.0,13,323.4783708538431,2250.0,3457.0,0.0,2563.75,26.39233,50.172082,0.547,0.618,0.811,77,78,26,8094,2263.75,7.725219656549397,7.741099090035366,0.015879433485968875
الدمام,الحسام,قطعة أرض-سكنى,2025,4,2700.0,14,210.96313256288238,2250.0,2700.0,337.49922339345994,2249.63794457123,26.39233,50.172082,0.547,0.618,0.811,77,78,26,8104,2277.5,7.731272610703937,7.901377353792616,0.17010474308867884
الدمام,الخالدية الجنوبية,قطعة أرض-تجارى,2019,3,1635.0,15,847.6989413925767,1350.0,4858.0,281.0,2397.5,26.3,50.1,0.056,0.447,0.34,308,253,276,8079,1443.5,7.2755185199062895,7.400009517162692,0.12449099725640256
الدمام,الخالدية الجنوبية,قطعة أرض-تجارى,2023,4,2187.0,10,357.0211478330101,2187.0,3316.0,0.0,1748.75,26.3,50.1,0.056,0.447,0.34,308,253,276,8096,1635.0,7.400009517162692,7.690743163541872,0.29073364637917987
الدمام,الخالدية الشمالية,قطعة أرض-سكنى,2017,4,2840.5,14,1569.4235030316486,1400.0,4990.0,3296.25,4068.25,26.3,50.1,0.056,0.447,0.34,308,253,276,8072,2288.75,7.736197920283097,7.952087360737176,0.2158894404540792
الدمام,الخالدية الشمالية,قطعة أرض-سكنى,2018,4,3415.5,10,841.0929661920718,1500.0,3750.0,406.25,2357.75,26.3,50.1,0.056,0.447,0.34,308,253,276,8076,2840.5,7.952087360737176,8.136371914220833,0.18428455348365702
الدمام,الخالدية الشمالية,قطعة أرض-سكنى,2019,1,3544.0,14,839.5298919993496,1400.0,4325.0,537.0,3612.75,26.3,50.1,0.056,0.447,0.34,308,253,276,8077,3128.0,8.048468743668883,8.173293438966228,0.1248246952973453
الدمام,الخالدية الشمالية,قطعة أرض-سكنى,2019,2,1400.0,11,1385.420645015933,500.0,3952.0,2296.0,3612.75,26.3,50.1,0.056,0.447,0.34,308,253,276,8078,3415.5,8.136371914220833,7.244941546337007,-0.8914303678838262
الدمام,الخالدية الشمالية,قطعة أرض-سكنى,2020,2,4200.0,10,1656.877588853336,1550.0,5095.0,3294.25,2884.5,26.3,50.1,0.056,0.447,0.34,308,253,276,8082,3128.0,8.048468743668883,8.343077871169383,0.2946091275005003
الدمام,الخالدية الشمالية,قطعة أرض-سكنى,2021,2,1900.0,14,1418.3034285316437,1900.0,6000.0,1286.25,3893.0,26.3,50.1,0.056,0.447,0.34,308,253,276,8086,3415.5,8.136371914220833,7.550135342488429,-0.5862365717324041
الدمام,الخضرية,قطعة أرض-سكنى,2016,1,1374.0,15,427.8492168754693,968.0,2442.0,467.0,2048.0,26.447952,50.047407,0.0,0.687,0.176,148,110,312,8065,2770.25,7.927053760930521,7.226209010100671,-0.7008447508298499
الدمام,الخضرية,قطعة أرض-سكنى,2021,1,1849.5,10,857.3518660516359,575.0,2889.0,1437.75,1405.5,26.447952,50.047407,0.0,0.687,0.176,148,110,312,8085,1374.0,7.226209010100671,7.523211151826211,0.29700214172553974
الدمام,الخضرية,قطعة أرض-سكنى,2021,4,1800.0,11,474.53109870309197,1119.0,2732.0,45.5,1405.5,26.447952,50.047407,0.0,0.687,0.176,148,110,312,8088,1611.75,7.385696075412351,7.496097345175956,0.11040126976360476
الدمام,الخليج,قطعة أرض-سكنى,2016,1,3580.5,16,3269.7997058943333,1537.0,10554.0,5456.5,2048.0,26.445277,50.091987,0.166,0.027,0.0,293,297,443,8065,1874.75,7.5367638584258385,8.183536986054506,0.6467731276286672
الدمام,الخليج,قطعة أرض-سكنى,2016,2,3075.0,15,2142.8186866390547,868.0,8864.0,2609.5,2048.0,26.445277,50.091987,0.166,0.027,0.0,293,297,443,8066,3580.5,8.183536986054506,8.031385330625534,-0.15215165542897147
الدمام,الخليج,قطعة أرض-سكنى,2016,3,3382.0,11,975.605797813478,1346.0,5252.0,471.5,2048.0,26.445277,50.091987,0.166,0.027,0.0,293,297,443,8067,3327.75,8.110352137128142,8.12651816878071,0.016166031652566915
الدمام,الخليج,قطعة أرض-سكنى,2017,1,2798.0,19,1541.2729549425785,1537.0,7489.0,1264.5,3324.0,26.445277,50.091987,0.166,0.027,0.0,293,297,443,8069,3382.0,8.12651816878071,7.937017489515454,-0.18950067926525538
الدمام,الخليج,قطعة أرض-سكنى,2017,2,2344.5,10,1134.1150049463436,922.0,4756.0,908.5,3324.0,26.445277,50.091987,0.166,0.027,0.0,293,297,443,8070,3228.5,8.080082605472528,7.760253877768513,-0.3198287277040155
الدمام,الخليج,قطعة أرض-سكنى,2017,4,1479.0,20,2822.4310834903713,1024.0,12914.0,1353.75,3324.0,26.445277,50.091987,0.166,0.027,0.0,293,297,443,8072,3075.0,8.031385330625534,7.299797366758161,-0.7315879638673737
الدمام,الخليج,قطعة أرض-سكنى,2018,1,2692.0,10,2008.9761488546017,820.0,7000.0,1691.0,2571.25,26.445277,50.091987,0.166,0.027,0.0,293,297,443,8073,2936.5,7.9853141584524145,7.898411092811599,-0.08690306564081585
الدمام,الخليج,قطعة أرض-سكنى,2021,1,983.0,11,923.2538506430789,701.0,3074.0,815.0,1802.75,26.445277,50.091987,0.166,0.027,0.0,293,297,443,8085,2798.0,7.937017489515454,6.891625897052253,-1.0453915924632007
الدمام,الخليج,قطعة أرض-سكنى,2021,3,1633.0,11,2456.8663300302605,615.0,7470.0,3013.0,1802.75,26.445277,50.091987,0.166,0.027,0.0,293,297,443,8087,2745.0,7.917900586327916,7.3987862754199485,-0.5191143109079679
الدمام,الخليج,قطعة أرض-سكنى,2023,1,2997.0,12,1755.0430366820242,1361.0,6724.0,1958.5,2199.0,26.445277,50.091987,0.166,0.027,0.0,293,297,443,8093,2518.25,7.831716517160512,8.005700678662542,0.17398416150203033
الدمام,الخليج,قطعة أرض-سكنى,2025,4,2727.4267438728793,24,1240.9300416628284,1231.0,5151.5477633056025,1454.6312342414367,2150.7404480358746,26.445277,50.091987,0.166,0.027,0.0,293,297,443,8104,2518.25,7.831716517160512,7.9114804377677395,0.07976392060722759
الدمام,الدمام/ 37.6كم غرب طريق أبوحدرية السريع شمال طريق الرياض الدمام السريع 120م,قطعة أرض-تجارى,2026,1,2400.0,16,955.3124046461669,551.0391392768645,3941.7928587852703,1535.3730604298667,5385.542168674699,26.3,50.1,0.056,0.447,0.34,308,253,276,8105,1511.0,7.321188556739478,7.783640596221253,0.46245203948177505
الدمام,الدمام/ 37.6كم غرب طريق أبوحدرية السريع شمال طريق الرياض الدمام السريع 120م,قطعة أرض-سكنى,2025,4,2127.5000115524135,17,1101.7902270895029,844.4519506840061,4152.8239202657805,1815.2023453667503,2048.0,26.3,50.1,0.056,0.447,0.34,308,253,276,8104,2518.25,7.831716517160512,7.663172790695698,-0.1685437264648142
الدمام,الدمام/ 37.6كم غرب طريق أبوحدرية السريع شمال طريق الرياض الدمام السريع 120م,قطعة أرض-سكنى,2026,1,2085.595353611793,76,1291.704032362762,614.9683291310497,7954.302797352125,1676.0244424570797,2127.5000115524135,26.3,50.1,0.056,0.447,0.34,308,253,276,8105,2127.5000115524135,7.663172790695698,7.643288999256633,-0.019883791439064602
الدمام,الدمام/ أحد,قطعة أرض-تجارى,2026,1,2384.683241383207,48,953.2515914283745,956.2841530054644,5077.860528097494,917.4006826148452,1772.642545398328,26.3,50.1,0.056,0.447,0.34,308,253,276,8105,1511.0,7.321188556739478,7.7772408366710035,0.45605227993152564
الدمام,الدمام/ أحد,قطعة أرض-سكنى,2025,4,2495.1452509592045,24,666.5062827960513,1052.6315789473683,3783.382789317507,1002.9166397107806,2048.0,26.3,50.1,0.056,0.447,0.34,308,253,276,8104,2106.5476825821033,7.6532803148073025,7.822502921289414,0.16922260648211118
الدمام,الدمام/ أحد,قطعة أرض-سكنى,2026,1,2268.2024484920876,189,1507.343301988686,530.0,11297.50772463768,1473.9325312573721,2495.1452509592045,26.3,50.1,0.056,0.447,0.34,308,253,276,8105,2495.1452509592045,7.822502921289414,7.727183704462973,-0.09531921682644029
الدمام,الدمام/ الأمير محمد بن سعود,قطعة أرض-تجارى,2026,1,2000.0,55,967.0746741407453,1003.4488166666667,6596.124776693693,258.67534604588127,2300.0,26.3,50.1,0.056,0.447,0.34,308,253,276,8105,1911.0,7.555905093611346,7.601402334583733,0.045497240972387054
الدمام,الدمام/ الأمير محمد بن سعود,قطعة أرض-سكنى,2025,4,2448.6487959028004,24,1156.5971867463263,1250.0,5001.250312578145,2118.1877258535796,2048.0,26.3,50.1,0.056,0.447,0.34,308,253,276,8104,2197.8512300222505,7.695690334797426,7.803699944652276,0.1080096098548502
الدمام,الدمام/ الأمير محمد بن سعود,قطعة أرض-سكنى,2026,1,2065.941111657121,140,1384.2253921780193,758.5335018963337,7738.0952380952385,1557.9984017732163,2448.6487959028004,26.3,50.1,0.056,0.447,0.34,308,253,276,8105,2448.6487959028004,7.803699944652276,7.633825069511593,-0.16987487514068356
الدمام,الدمام/ الإسكان الجنوبي,قطعة أرض-تجارى,2025,4,2000.0,17,2351.1415915331895,1600.0,9798.946613239075,606.1403508771928,2048.0,26.3,50.1,0.056,0.447,0.34,308,253,276,8104,2093.5,7.64707014038709,7.601402334583733,-0.04566780580335639
الدمام,الدمام/ الإسكان الجنوبي,قطعة أرض-تجارى,2026,1,1350.0,69,1228.3148990307088,619.9883483650908,7200.0,1379.9960297512512,2000.0,26.3,50.1,0.056,0.447,0.34,308,253,276,8105,2000.0,7.601402334583733,7.208600337960199,-0.3928019966235343
الدمام,الدمام/ الإسكان الجنوبي,قطعة أرض-سكنى,2025,4,2545.9945118993164,132,888.8596880633926,541.0650324097954,8139.845209500934,638.1484223587217,2048.0,26.3,50.1,0.056,0.447,0.34,308,253,276,8104,2358.4256221974438,7.766173487973022,7.842669320245811,0.07649583227278889
الدمام,الدمام/ الإسكان الجنوبي,قطعة أرض-سكنى,2026,1,2395.7211107793373,439,1264.070783165138,604.4341287686468,9704.550355833511,1442.73062739555,2545.9945118993164,26.3,50.1,0.056,0.447,0.34,308,253,276,8105,2545.9945118993164,7.842669320245811,7.7818568783867414,-0.060812441859069644
الدمام,الدمام/ الاتصالات,قطعة أرض-تجارى,2025,4,2500.0,17,990.9877014371789,1050.0,4343.80776340111,1665.2252386777293,2048.0,26.3,50.1,0.056,0.447,0.34,308,253,276,8104,2093.5,7.64707014038709,7.824445930877619,0.17737579049052954
الدمام,الدمام/ الاتصالات,قطعة أرض-تجارى,2026,1,1500.0,106,773.0634182711062,717.5145296692258,5454.3671708381335,628.5739814152967,2500.0,26.3,50.1,0.056,0.447,0.34,308,253,276,8105,2500.0,7.824445930877619,7.313886831633462,-0.5105590992441575
الدمام,الدمام/ الاتصالات,قطعة أرض-سكنى,2025,4,2050.0,91,1360.7680420820618,768.0491551459294,6720.0,1671.3066635336509,2048.0,26.3,50.1,0.056,0.447,0.34,308,253,276,8104,2331.9617796357124,7.754893889390756,7.62608275807238,-0.12881113131837552
الدمام,الدمام/ الاتصالات,قطعة أرض-سكنى,2026,1,1927.0,652,1293.7267678322194,500.0,7995.726495726496,1611.0259795644333,2050.0,26.3,50.1,0.056,0.447,0.34,308,253,276,8105,2050.0,7.62608275807238,7.564238475170491,-0.06184428290188926
الدمام,الدمام/ الاسكان,قطعة أرض-تجارى,2026,1,2289.1509009515667,32,2346.0433775038705,585.3658536585366,13845.519354268545,1372.3084897252716,2250.0,26.3,50.1,0.056,0.447,0.34,308,253,276,8105,2093.5,7.64707014038709,7.736372989989302,0.08930284960221258
الدمام,الدمام/ الاسكان,قطعة أرض-زراعي,2026,1,3276.615313865256,11,791.265750456863,1680.3333781422234,4165.747056976927,847.5539521851401,2048.0,26.3,50.1,0.056,0.447,0.34,308,253,276,8105,1850.5980168056403,7.523804338085922,8.094871398501846,0.571067060415924
الدمام,الدمام/ الاسكان,قطعة أرض-سكنى,2025,4,2409.98656315318,38,914.2576243158139,681.8181818181819,4058.4415584415583,1359.9055527021628,2048.0,26.3,50.1,0.056,0.447,0.34,308,253,276,8104,2331.9617796357124,7.754893889390756,7.7877913050230365,0.03289741563228077
الدمام,الدمام/ الاسكان,قطعة أرض-سكنى,2026,1,2328.029315844455,352,1257.1105857577156,540.0,11960.864052819175,1583.3191555154922,2409.98656315318,26.3,50.1,0.056,0.447,0.34,308,253,276,8105,2409.98656315318,7.7877913050230365,7.7532068571148915,-0.034584447908144966
الدمام,الدمام/ البادية,قطعة أرض-تجارى,2026,1,2734.4818156959254,69,986.9274422715212,910.0,6732.348111658456,931.3882668454576,3745.823732718894,26.3,50.1,0.056,0.447,0.34,308,253,276,8105,2144.5754504757833,7.671163070662825,7.914062865956992,0.24289979529416694
الدمام,الدمام/ البادية,قطعة أرض-سكنى,2025,4,1657.3950758423985,18,1460.4010215699927,822.4,6387.375540108961,1779.9303372875856,2048.0,26.3,50.1,0.056,0.447,0.34,308,253,276,8104,2361.875213311896,7.767634467206745,7.41360559189526,-0.3540288753114851
الدمام,الدمام/ البادية,قطعة أرض-سكنى,2026,1,2222.222222222222,131,1244.1733889968782,574.9953877375315,6627.421932868115,1734.8682762892163,1657.3950758423985,26.3,50.1,0.056,0.447,0.34,308,253,276,8105,1657.3950758423985,7.41360559189526,7.7067128739802735,0.29310728208501313
الدمام,الدمام/ البديع,قطعة أرض-تجارى,2026,1,2225.0,22,1285.376879286196,687.7495,5193.897170824281,1536.1181451958507,2200.0,26.3,50.1,0.056,0.447,0.34,308,253,276,8105,2144.5754504757833,7.671163070662825,7.70796153183549,0.0367984611726655
الدمام,الدمام/ البديع,قطعة أرض-زراعي,2026,1,4055.5555555555557,12,1510.343368356782,1903.7643733333337,6093.901481926042,2135.430240497944,2048.0,26.3,50.1,0.056,0.447,0.34,308,253,276,8105,3276.615313865256,8.094871398501846,8.308089507182126,0.21321810868028024
الدمام,الدمام/ البديع,قطعة أرض-سكنى,2025,4,2007.8917927371317,30,1581.6999042605535,700.0,7202.309206075886,1532.3606972511363,2048.0,26.3,50.1,0.056,0.447,0.34,308,253,276,8104,2275.1257690333387,7.730230052521504,7.605338502108582,-0.12489155041292221
الدمام,الدمام/ البديع,قطعة أرض-سكنى,2026,1,2750.0,141,1805.4955577836665,536.2505362505362,13008.913514815707,1481.6011086947817,2007.8917927371317,26.3,50.1,0.056,0.447,0.34,308,253,276,8105,2007.8917927371317,7.605338502108582,7.919719760924575,0.31438125881599266
الدمام,الدمام/ الترجى بالظهران,قطعة أرض-تجارى,2026,1,2852.8528528528527,15,3170.8396548242904,1743.5679353604082,9557.407256931136,4343.113807728852,2978.2109988776656,26.3,50.1,0.056,0.447,0.34,308,253,276,8105,2112.5,7.656100620006844,7.956425238492073,0.3003246184852282
الدمام,الدمام/ الترجى بالظهران,قطعة أرض-سكنى,2025,4,1740.0,11,1396.8068620611236,856.1643835616438,5401.849773755656,1669.225868828231,2048.0,26.3,50.1,0.056,0.447,0.34,308,253,276,8104,2136.1111111111113,7.667210247936207,7.462214939768189,-0.20499530816801848
الدمام,الدمام/ الترجى بالظهران,قطعة أرض-سكنى,2026,1,2211.764705882353,45,1929.2909494381718,1043.3123677228962,9557.407248131009,2462.1348571251347,1740.0,26.3,50.1,0.056,0.447,0.34,308,253,276,8105,1740.0,7.462214939768189,7.7019980108024315,0.23978307103424257
الدمام,الدمام/ الجامعة,قطعة أرض-تجارى,2026,1,2009.3039899803184,47,790.7668950198209,647.123535883,4200.0,1132.441016333938,2100.0,26.3,50.1,0.056,0.447,0.34,308,253,276,8105,2257.0754504757833,7.722268158888187,7.606041228413866,-0.11622693047432087
الدمام,الدمام/ الجامعة,قطعة أرض-سكنى,2025,4,2131.2348866756834,45,1155.474787930043,787.3602435567688,5496.770647244744,1514.3902439024391,2048.0,26.3,50.1,0.056,0.447,0.34,308,253,276,8104,2216.993464052288,7.704358221130627,7.664925951203966,-0.039432269926661156
الدمام,الدمام/ الجامعة,قطعة أرض-سكنى,2026,1,1900.0,353,1154.7058152640097,544.0301755404032,9861.932938856016,1471.1085308380575,2131.2348866756834,26.3,50.1,0.056,0.447,0.34,308,253,276,8105,2131.2348866756834,7.664925951203966,7.550135342488429,-0.11479060871553681
الدمام,الدمام/ الجامعيين,قطعة أرض-تجارى,2026,1,2500.0,47,952.3646232980233,770.0,5039.306591413022,914.2087725168258,3827.9687215857425,26.3,50.1,0.056,0.447,0.34,308,253,276,8105,2257.0754504757833,7.722268158888187,7.824445930877619,0.10217777198943256
الدمام,الدمام/ الجامعيين,قطعة أرض-سكنى,2025,4,3931.717513561937,33,1545.9175762496961,570.667358325264,6317.934782608695,2726.4367666666667,2048.0,26.3,50.1,0.056,0.447,0.34,308,253,276,8104,2069.5633397064075,7.635575994020444,8.27708594517951,0.6415099511590654
الدمام,الدمام/ الجامعيين,قطعة أرض-سكنى,2026,1,2826.431421396991,172,1502.2225567423166,559.9998750308517,8741.258741258742,1758.6007704540793,3931.717513561937,26.3,50.1,0.056,0.447,0.34,308,253,276,8105,3931.717513561937,8.27708594517951,7.947123953548302,-0.3299619916312073
الدمام,الدمام/ الجلوية,قطعة أرض-تجارى,2026,1,2571.7316712365155,34,799.3377574275353,1251.788268955651,3829.9443371577872,1438.2525104251524,2000.0,26.3,50.1,0.056,0.447,0.34,308,253,276,8105,2394.5754504757833,7.781378752581823,7.8527235204994,0.07134476791757738
الدمام,الدمام/ الجلوية,قطعة أرض-زراعي,2026,1,2000.0,15,751.1804867208539,839.8927174520395,3467.5566728793724,1125.9631748387096,2048.0,26.3,50.1,0.056,0.447,0.34,308,253,276,8105,3666.085434710406,8.207152466057467,7.601402334583733,-0.6057501314737337
الدمام,الدمام/ الجلوية,قطعة أرض-سكنى,2025,4,2593.371017122952,88,781.6910480997971,550.000579627261,4920.881452890249,424.8388856115739,2048.0,26.3,50.1,0.056,0.447,0.34,308,253,276,8104,2171.4997962790185,7.683633763366939,7.861099383608997,0.17746562024205836
الدمام,الدمام/ الجلوية,قطعة أرض-سكنى,2026,1,2547.3946093300374,214,1207.56006940862,614.9305128520477,8392.857142857143,1751.0669392348173,2593.371017122952,26.3,50.1,0.056,0.447,0.34,308,253,276,8105,2593.371017122952,7.861099383608997,7.843218874924618,-0.01788050868437896
الدمام,الدمام/ الجوهرة,قطعة أرض-تجارى,2025,4,2250.000826068631,12,707.199249805483,1116.6945840312674,3378.3783783783783,687.1785627221288,2048.0,26.3,50.1,0.056,0.447,0.34,308,253,276,8104,2394.5754504757833,7.781378752581823,7.719130207885177,-0.062248544696645425
الدمام,الدمام/ الجوهرة,قطعة أرض-تجارى,2026,1,2250.0,60,1750.1756493598582,849.1299821276743,12167.837657494994,1001.3048584415942,2250.000826068631,26.3,50.1,0.056,0.447,0.34,308,253,276,8105,2250.000826068631,7.719130207885177,7.719129840906732,-3.669784449655822e-07
الدمام,الدمام/ الجوهرة,قطعة أرض-سكنى,2025,4,2250.0,60,1009.300644803556,780.0,5482.147877424796,869.0377810712241,2048.0,26.3,50.1,0.056,0.447,0.34,308,253,276,8104,2379.5796576061953,7.775099290627201,7.719129840906732,-0.05596944972046902
الدمام,الدمام/ الجوهرة,قطعة أرض-سكنى,2026,1,1875.0,268,1277.729858640391,807.6457127473415,9649.715333397666,1691.7040168087801,2250.0,26.3,50.1,0.056,0.447,0.34,308,253,276,8105,2250.0,7.719129840906732,7.53689712956617,-0.1822327113405624
الدمام,الدمام/ الحسام,قطعة أرض-تجارى,2026,1,1800.0,25,1689.4897895796555,1225.0,7379.619949572596,500.0,1700.0,26.3,50.1,0.056,0.447,0.34,308,253,276,8105,2375.0004130343154,7.773173854318512,7.496097345175956,-0.27707650914255577
الدمام,الدمام/ الحسام,قطعة أرض-سكنى,2025,4,4042.1483278626138,14,1991.9343713311248,1700.0,6637.998210626569,3917.9775280898875,2048.0,26.3,50.1,0.056,0.447,0.34,308,253,276,8104,2398.6973046650187,7.783097885325613,8.304778956542028,0.521681071216415
الدمام,الدمام/ الحسام,قطعة أرض-سكنى,2026,1,2700.0,97,1394.4401503062654,556.0,7111.9540093640735,1791.9540229885056,4042.1483278626138,26.3,50.1,0.056,0.447,0.34,308,253,276,8105,4042.1483278626138,8.304778956542028,7.901377353792616,-0.4034016027494127
الدمام,الدمام/ الخالدية الشمالية,قطعة أرض-تجارى,2026,1,2225.0,16,2081.653421276914,1050.0,9803.921568627453,1609.4157116794308,2500.0,26.3,50.1,0.056,0.447,0.34,308,253,276,8105,2250.0004130343154,7.719130024395971,7.70796153183549,-0.011168492560480914
الدمام,الدمام/ الخالدية الشمالية,قطعة أرض-سكنى,2025,4,672.7900310068449,25,933.5922055798593,540.0,3074.8416456552486,808.6787405448615,2048.0,26.3,50.1,0.056,0.447,0.34,308,253,276,8104,2646.685508561476,7.881441144354711,6.51291853568171,-1.3685226086730014
الدمام,الدمام/ الخالدية الشمالية,قطعة أرض-سكنى,2026,1,2675.983975,105,1622.7077631599966,519.588485919152,8000.0,2039.9624261512213,672.7900310068449,26.3,50.1,0.056,0.447,0.34,308,253,276,8105,672.7900310068449,6.51291853568171,7.892446057323877,1.3795275216421672
الدمام,الدمام/ الخليج,قطعة أرض-تجارى,2025,4,3268.615061007793,10,2713.3147977901112,600.0,9309.616359097798,3150.1544675291398,2048.0,26.3,50.1,0.056,0.447,0.34,308,253,276,8104,2250.0004130343154,7.719130024395971,8.09242753861571,0.3732975142197379
الدمام,الدمام/ الخليج,قطعة أرض-تجارى,2026,1,1625.146164060487,25,1217.8837215356882,500.0,4385.964912280701,1673.4916864608076,3268.615061007793,26.3,50.1,0.056,0.447,0.34,308,253,276,8105,3268.615061007793,8.09242753861571,7.393968177863848,-0.698459360751861
الدمام,الدمام/ الخليج,قطعة أرض-سكنى,2025,4,2250.0,27,1327.1027021065936,600.0,4244.031830238727,2170.7933742519444,2048.0,26.3,50.1,0.056,0.447,0.34,308,253,276,8104,2570.3828132264944,7.852199092808295,7.719129840906732,-0.1330692519015626
الدمام,الدمام/ الخليج,قطعة أرض-سكنى,2026,1,2764.263600176913,207,1333.7291880371463,547.3828258638385,7379.619949572596,1910.6662054080248,2250.0,26.3,50.1,0.056,0.447,0.34,308,253,276,8105,2250.0,7.719129840906732,7.924891244015242,0.20576140310851
الدمام,الدمام/ الدواسر,قطعة أرض-تجارى,2026,1,2996.8709699314463,28,1376.1593991587968,570.0,6302.5210084033615,1890.9580702053827,2006.6666666666667,26.3,50.1,0.056,0.447,0.34,308,253,276,8105,2250.0004130343154,7.719130024395971,8.005657639021022,0.28652761462505083
الدمام,الدمام/ الدواسر,قطعة أرض-سكنى,2025,4,1098.146877144818,33,1945.5975253242812,520.0,7677.165354330709,2310.428842069005,2048.0,26.3,50.1,0.056,0.447,0.34,308,253,276,8104,2462.9919875,7.809538072821825,7.002289591647396,-0.8072484811744287
الدمام,الدمام/ الدواسر,قطعة أرض-سكنى,2026,1,2300.0,124,1766.8198987716155,529.9994572002388,16488.046166529268,1346.3664852587544,1098.146877144818,26.3,50.1,0.056,0.447,0.34,308,253,276,8105,1098.146877144818,7.002289591647396,7.741099090035366,0.7388094983879698
الدمام,الدمام/ الربوة,قطعة أرض-تجارى,2026,1,2555.205047318612,25,1365.6635483349476,500.0,5357.142857142857,1783.3333333333333,3951.8236600063433,26.3,50.1,0.056,0.447,0.34,308,253,276,8105,2250.0004130343154,7.719130024395971,7.8462790342354545,0.12714900983948318
الدمام,الدمام/ الربوة,قطعة أرض-سكنى,2025,4,2283.3859129558214,36,1544.2148754341788,800.0,7588.692847656991,1811.6975346623117,2048.0,26.3,50.1,0.056,0.447,0.34,308,253,276,8104,2487.9919875,7.819633083198087,7.733852520144055,-0.08578056305403248
الدمام,الدمام/ الربوة,قطعة أرض-سكنى,2026,1,2500.0,202,1534.9386623828998,553.0361685654242,7849.997757143497,1773.5144787126112,2283.3859129558214,26.3,50.1,0.056,0.447,0.34,308,253,276,8105,2283.3859129558214,7.733852520144055,7.824445930877619,0.09059341073356464
الدمام,الدمام/ الروضة,قطعة أرض-تجارى,2026,1,2349.998957790516,23,845.4882520238795,1062.4343977415308,3902.116402116402,1387.3541423570596,1591.9109880384824,26.3,50.1,0.056,0.447,0.34,308,253,276,8105,2250.0004130343154,7.719130024395971,7.762595605235214,0.04346558083924279
الدمام,الدمام/ الروضة,قطعة أرض-سكنى,2025,4,2342.304359028412,27,2843.7276460690086,860.9556607834696,16177.739430543572,1603.1919799909244,2048.0,26.3,50.1,0.056,0.447,0.34,308,253,276,8104,2291.6929564779107,7.7374823691722465,7.759317331491914,0.02183496231966764
الدمام,الدمام/ الروضة,قطعة أرض-سكنى,2026,1,2227.2927689594353,88,1185.1885873756087,610.9357499236331,7163.773269190546,1473.1552479193765,2342.304359028412,26.3,50.1,0.056,0.447,0.34,308,253,276,8105,2342.304359028412,7.759317331491914,7.708990996794732,-0.05032633469718206
الدمام,الدمام/ الريان,قطعة أرض-تجارى,2026,1,2479.9366582620996,22,897.3086410478351,500.0,4000.0,976.6109009507436,3666.6666666666665,26.3,50.1,0.056,0.447,0.34,308,253,276,8105,2299.999478895258,7.741098863566526,7.8163914526371885,0.07529258907066261
الدمام,الدمام/ الريان,قطعة أرض-سكنى,2025,4,2625.0,19,1154.4337290442838,998.8610835559113,4919.444102816382,1373.6726994056305,2048.0,26.3,50.1,0.056,0.447,0.34,308,253,276,8104,2291.6929564779107,7.7374823691722465,7.873217054862741,0.13573468569049485
الدمام,الدمام/ الريان,قطعة أرض-سكنى,2026,1,2420.0,83,1596.1392635653017,600.0,10873.736727644877,1586.3052302763494,2625.0,26.3,50.1,0.056,0.447,0.34,308,253,276,8105,2625.0,7.873217054862741,7.791935956938058,-0.08128109792468319
الدمام,الدمام/ الزهور,قطعة أرض-تجارى,2025,4,600.0,17,25.364983021054886,549.9999914850122,600.0,50.0,2048.0,26.3,50.1,0.056,0.447,0.34,308,253,276,8104,2414.967808026308,7.789855234473512,6.398594934535208,-1.3912602999383044
الدمام,الدمام/ الزهور,قطعة أرض-تجارى,2026,1,2036.608264396079,40,1525.1679389069955,550.0,6346.666666666667,2017.8900100928427,600.0,26.3,50.1,0.056,0.447,0.34,308,253,276,8105,600.0,6.398594934535208,7.619531979603272,1.220937045068064
الدمام,الدمام/ الزهور,قطعة أرض-سكنى,2025,4,600.0,67,1210.7960241150513,549.7777777777778,6718.7917,1400.0,2048.0,26.3,50.1,0.056,0.447,0.34,308,253,276,8104,2321.152179514206,7.750249698230121,6.398594934535208,-1.3516547636949134
الدمام,الدمام/ الزهور,قطعة أرض-سكنى,2026,1,1600.0501976532596,211,1853.1391866221516,500.0,20000.0,2183.2511026771977,600.0,26.3,50.1,0.056,0.447,0.34,308,253,276,8105,600.0,6.398594934535208,7.378415066442267,0.9798201319070596
الدمام,الدمام/ السلام,قطعة أرض-تجارى,2026,1,2000.0,75,1122.7252531038914,724.4761480160499,6500.0,1500.0,3169.449081803005,26.3,50.1,0.056,0.447,0.34,308,253,276,8105,2414.967808026308,7.789855234473512,7.601402334583733,-0.18845289988977854
الدمام,الدمام/ السلام,قطعة أرض-سكنى,2025,4,3000.0,53,1332.1644211081436,628.6013619696175,8133.88873826132,1335.6273780951333,2048.0,26.3,50.1,0.056,0.447,0.34,308,253,276,8104,2312.8451359921164,7.746665980705118,8.006700845440367,0.26003486473524884
الدمام,الدمام/ السلام,قطعة أرض-سكنى,2026,1,2506.7741935483873,373,1506.8358527456448,557.4983528457757,10873.736727644877,1769.0476190476193,3000.0,26.3,50.1,0.056,0.447,0.34,308,253,276,8105,3000.0,8.006700845440367,7.827150863229125,-0.17954998221124185
الدمام,الدمام/ السيف,قطعة أرض-تجارى,2025,4,2000.0,11,1016.6354950639696,666.6666666666666,4513.262046937925,491.70765188226324,2048.0,26.3,50.1,0.056,0.447,0.34,308,253,276,8104,2193.3036110932976,7.693620013710295,7.601402334583733,-0.09221767912656187
الدمام,الدمام/ السيف,قطعة أرض-تجارى,2026,1,1815.0,80,1167.1093155931496,500.0,6400.0,1006.25,2000.0,26.3,50.1,0.056,0.447,0.34,308,253,276,8105,2000.0,7.601402334583733,7.504391559161238,-0.09701077542249514
الدمام,الدمام/ السيف,قطعة أرض-زراعي,2026,1,1650.0,78,642.564410146743,632.8846884097718,4965.093885411651,325.68728266462995,2048.0,26.3,50.1,0.056,0.447,0.34,308,253,276,8105,3276.615313865256,8.094871398501846,7.409136443920128,-0.6857349545817177
الدمام,الدمام/ السيف,قطعة أرض-سكنى,2025,4,2900.424220629351,64,1732.356653171437,560.0,7819.287576020852,2816.967875119866,2048.0,26.3,50.1,0.056,0.447,0.34,308,253,276,8104,2381.152179514206,7.7757596351601,7.972957005981088,0.19719737082098732
الدمام,الدمام/ السيف,قطعة أرض-سكنى,2026,1,2197.5308641975307,297,1492.0843960095372,530.0,7738.93976525216,1843.0192768335805,2900.424220629351,26.3,50.1,0.056,0.447,0.34,308,253,276,8105,2900.424220629351,7.972957005981088,7.695544627274895,-0.2774123787061926
الدمام,الدمام/ الشاطئ الشرقي,قطعة أرض-تجارى,2025,4,2200.0,12,937.1625117458849,750.0,4404.845329862849,847.0237756281083,2048.0,26.3,50.1,0.056,0.447,0.34,308,253,276,8104,2018.3041321980395,7.610508242034409,7.696667081526462,0.08615883949205294
الدمام,الدمام/ الشاطئ الشرقي,قطعة أرض-تجارى,2026,1,1960.0,86,928.1318079272523,625.0,6112.469437652812,950.0,2200.0,26.3,50.1,0.056,0.447,0.34,308,253,276,8105,2200.0,7.696667081526462,7.581209826196346,-0.11545725533011542
الدمام,الدمام/ الشاطئ الشرقي,قطعة أرض-زراعي,2026,1,2474.289787190714,17,732.9988917374976,867.0770831526922,3092.352309598254,1157.207062273644,2048.0,26.3,50.1,0.056,0.447,0.34,308,253,276,8105,2638.307656932628,7.878271910584629,7.814112753882413,-0.06415915670221572
الدمام,الدمام/ الشاطئ الشرقي,قطعة أرض-سكنى,2025,4,2884.29424290131,50,1333.2267317649837,1080.4597701149426,6788.866259334691,1855.7819328314497,2048.0,26.3,50.1,0.056,0.447,0.34,308,253,276,8104,2463.3870967741937,7.809698413277899,7.967382164348551,0.15768375107065236
الدمام,الدمام/ الشاطئ الشرقي,قطعة أرض-سكنى,2026,1,2090.0,338,1449.1984473665414,500.0,13455.428891795926,2049.7332380055595,2884.29424290131,26.3,50.1,0.056,0.447,0.34,308,253,276,8105,2884.29424290131,7.967382164348551,7.645397699428633,-0.32198446491991817
الدمام,الدمام/ الشعلة,قطعة أرض-تجارى,2025,4,2075.0,22,1170.160610807744,952.3811111111112,5432.043456347651,1708.026886928029,2048.0,26.3,50.1,0.056,0.447,0.34,308,253,276,8104,2000.0,7.601402334583733,7.638198244285779,0.036795909702045826
الدمام,الدمام/ الشعلة,قطعة أرض-تجارى,2026,1,3000.0,127,1288.7982465409643,559.9995341470232,6219.103811194386,2369.0087199342224,2075.0,26.3,50.1,0.056,0.447,0.34,308,253,276,8105,2075.0,7.638198244285779,8.006700845440367,0.36850260115458777
الدمام,الدمام/ الشعلة,قطعة أرض-زراعي,2026,1,2500.0,25,894.3327096218931,952.539968,3875.284947422605,1553.4261344893791,2048.0,26.3,50.1,0.056,0.447,0.34,308,253,276,8105,2474.289787190714,7.814112753882413,7.824445930877619,0.010333176995206195
الدمام,الدمام/ الشعلة,قطعة أرض-سكنى,2025,4,2674.858064516129,87,1397.6296194077474,1300.0,6873.407997412363,2216.774441385492,2048.0,26.3,50.1,0.056,0.447,0.34,308,253,276,8104,2352.152528872959,7.763511209776862,7.892025379675569,0.12851416989870668
الدمام,الدمام/ الشعلة,قطعة أرض-سكنى,2026,1,2022.954448852366,456,1342.253230847469,500.0,9511.354179051245,1515.8272355897484,2674.858064516129,26.3,50.1,0.056,0.447,0.34,308,253,276,8105,2674.858064516129,7.892025379675569,7.612808524646379,-0.2792168550291896
الدمام,الدمام/ الصفا,قطعة أرض-تجارى,2026,1,3000.0,27,1399.178611165748,1050.0001305384187,6297.399783315276,1362.5,1600.0,26.3,50.1,0.056,0.447,0.34,308,253,276,8105,2018.3041321980395,7.610508242034409,8.006700845440367,0.3961926034059582
الدمام,الدمام/ الصفا,قطعة أرض-سكنى,2025,4,2230.151650312221,32,1192.001375229927,807.1203889047755,5864.61126005362,1194.6318184984207,2048.0,26.3,50.1,0.056,0.447,0.34,308,253,276,8104,2590.8161290322582,7.860114117082598,7.710273166265031,-0.1498409508175671
الدمام,الدمام/ الصفا,قطعة أرض-سكنى,2026,1,2462.030355715428,97,1107.6704221777736,609.602103998119,6099.3975903614455,1236.6643728282343,2230.151650312221,26.3,50.1,0.056,0.447,0.34,308,253,276,8105,2230.151650312221,7.710273166265031,7.8091477227361965,0.0988745564711655
الدمام,الدمام/ الضباب,قطعة أرض-تجارى,2026,1,3432.3558442385456,20,2671.1347739095727,1250.0,13360.0,1820.142266712991,2878.903957142857,26.3,50.1,0.056,0.447,0.34,308,253,276,8105,2037.5,7.619969522259308,8.141293442102457,0.521323919843149
الدمام,الدمام/ الضباب,قطعة أرض-زراعي,2026,1,2000.0,24,597.9684351282561,1031.3521978021977,3736.855988857939,597.7690423200993,2048.0,26.3,50.1,0.056,0.447,0.34,308,253,276,8105,2487.1448935953567,7.819292689138989,7.601402334583733,-0.21789035455525596
الدمام,الدمام/ الضباب,قطعة أرض-سكنى,2025,4,2010.9395109395111,33,1515.8594120318144,936.0491238580202,8870.35633055345,1531.6462649089767,2048.0,26.3,50.1,0.056,0.447,0.34,308,253,276,8104,2346.091003013825,7.760931969285019,7.606854466622322,-0.15407750266269638
الدمام,الدمام/ الضباب,قطعة أرض-سكنى,2026,1,1897.3580498154636,128,1429.7337785908817,553.4714962179447,8000.0,1898.5491697027342,2010.9395109395111,26.3,50.1,0.056,0.447,0.34,308,253,276,8105,2010.9395109395111,7.606854466622322,7.5487446072243545,-0.05810985939796787
الدمام,الدمام/ العدامة,قطعة أرض-تجارى,2026,1,2275.0,42,1739.5960209620737,500.0,10833.333333333334,1793.6422222161436,2105.588830520171,26.3,50.1,0.056,0.447,0.34,308,253,276,8105,2137.5,7.667859927666964,7.730174795246222,0.06231486757925797
الدمام,الدمام/ العدامة,قطعة أرض-سكنى,2025,4,2597.4457618567103,82,1074.3105264588578,800.0,7795.698924731183,572.07484703713,2048.0,26.3,50.1,0.056,0.447,0.34,308,253,276,8104,2160.0758251561106,7.678361443885815,7.862668761364275,0.18430731747845996
الدمام,الدمام/ العدامة,قطعة أرض-سكنى,2026,1,2570.03213258921,217,1182.4727264361832,520.0,8116.883116883117,1460.4608294930872,2597.4457618567103,26.3,50.1,0.056,0.447,0.34,308,253,276,8105,2597.4457618567103,7.862668761364275,7.852062705277719,-0.01060605608655596
الدمام,الدمام/ العروبة,قطعة أرض-سكنى,2025,4,2450.0,17,1846.8862910053206,1190.4761904761904,8803.632656843667,2455.6391645416606,2048.0,26.3,50.1,0.056,0.447,0.34,308,253,276,8104,2346.091003013825,7.760931969285019,7.804251383528112,0.04331941424309349
الدمام,الدمام/ العروبة,قطعة أرض-سكنى,2026,1,2730.0277311281725,48,1480.4053427992828,593.5880679634043,6626.905235255136,1750.7592983048921,2450.0,26.3,50.1,0.056,0.447,0.34,308,253,276,8105,2450.0,7.804251383528112,7.91243327562507,0.10818189209695817
الدمام,الدمام/ العزيزية,قطعة أرض-سكنى,2025,4,2000.0,11,594.1937573725677,675.687089308941,2800.0,474.1781147884044,2048.0,26.3,50.1,0.056,0.447,0.34,308,253,276,8104,2456.0151778577138,7.806702549896366,7.601402334583733,-0.20530021531263287
الدمام,الدمام/ العزيزية,قطعة أرض-سكنى,2026,1,1950.0,34,1074.918184101945,783.8179519595449,6340.0,1098.3287545787548,2000.0,26.3,50.1,0.056,0.447,0.34,308,253,276,8105,2000.0,7.601402334583733,7.576097340623111,-0.02530499396062247
الدمام,الدمام/ العمامرة,قطعة أرض-تجارى,2026,1,2500.0,34,1002.8828672749402,513.9240946167812,4922.434367541766,875.0,1714.2857142857142,26.3,50.1,0.056,0.447,0.34,308,253,276,8105,2237.5,7.71356127768102,7.824445930877619,0.11088465319659946
الدمام,الدمام/ العمامرة,قطعة أرض-سكنى,2025,4,2611.0104091942794,10,2310.2259335793888,793.6507936507936,8833.333333333334,1780.4310766820963,2048.0,26.3,50.1,0.056,0.447,0.34,308,253,276,8104,2230.4697554697555,7.710415730524532,7.867875475531673,0.15745974500714155
الدمام,الدمام/ العمامرة,قطعة أرض-سكنى,2026,1,2300.0,65,1611.420676260472,725.9528130671506,9650.01059147504,2163.7872628726286,2611.0104091942794,26.3,50.1,0.056,0.447,0.34,308,253,276,8105,2611.0104091942794,7.867875475531673,7.741099090035366,-0.12677638549630732
الدمام,الدمام/ العنود,قطعة أرض-تجارى,2026,1,2307.4104113526537,22,2192.4528067407145,1200.0,11676.62614190535,1647.069835304368,2825.9569736463645,26.3,50.1,0.056,0.447,0.34,308,253,276,8105,2387.5,7.778420832830016,7.744314433029661,-0.034106399800355014
الدمام,الدمام/ العنود,قطعة أرض-سكنى,2025,4,1437.5891946992865,70,977.9346968045719,560.0,4705.882352941177,1200.0,2048.0,26.3,50.1,0.056,0.447,0.34,308,253,276,8104,2510.016066294605,7.828442757502152,7.271418186421652,-0.5570245710804995
الدمام,الدمام/ العنود,قطعة أرض-سكنى,2026,1,2175.9955169854898,178,1505.2848603944701,520.0,13123.359580052493,1386.1219746078878,1437.5891946992865,26.3,50.1,0.056,0.447,0.34,308,253,276,8105,1437.5891946992865,7.271418186421652,7.685701001969905,0.41428281554825297
الدمام,الدمام/ الفيحاء,قطعة أرض-تجارى,2025,4,2800.0,10,552.8308502448516,1972.137639430131,3556.517705272924,797.9645811857899,2048.0,26.3,50.1,0.056,0.447,0.34,308,253,276,8104,2403.705205676327,7.785182599424499,7.937731775260109,0.15254917583560967
الدمام,الدمام/ الفيحاء,قطعة أرض-تجارى,2026,1,2084.4891984655765,24,1386.5626766653318,614.9305128520477,5873.572567783094,1428.0923558943423,2800.0,26.3,50.1,0.056,0.447,0.34,308,253,276,8105,2800.0,7.937731775260109,7.642758734273587,-0.29497304098652144
الدمام,الدمام/ الفيحاء,قطعة أرض-سكنى,2025,4,2200.9023744762185,32,2876.542041624368,895.0666666666667,14933.928679176975,1682.6376216692665,2048.0,26.3,50.1,0.056,0.447,0.34,308,253,276,8104,2237.9977584927447,7.713783615478444,7.697076981366205,-0.016706634112238383
الدمام,الدمام/ الفيحاء,قطعة أرض-سكنى,2026,1,2075.0,108,1603.7960183546427,540.1962210196175,9539.58264325936,1615.0,2200.9023744762185,26.3,50.1,0.056,0.447,0.34,308,253,276,8105,2200.9023744762185,7.697076981366205,7.638198244285779,-0.058878737080426014
الدمام,الدمام/ الفيصلية,قطعة أرض-تجارى,2026,1,2166.7278736687476,81,1199.2316252527253,530.9318875649626,7142.857142857143,1561.4201933745444,2725.0,26.3,50.1,0.056,0.447,0.34,308,253,276,8105,2650.0,7.8826922062890254,7.681434835155817,-0.20125737113320863
الدمام,الدمام/ الفيصلية,قطعة أرض-زراعي,2026,1,1653.195885981979,20,684.4572233510354,824.6431011311457,3256.6244066574536,820.1783272944142,2048.0,26.3,50.1,0.056,0.447,0.34,308,253,276,8105,2474.289787190714,7.814112753882413,7.411070300241039,-0.40304245364137437
الدمام,الدمام/ الفيصلية,قطعة أرض-سكنى,2025,4,2400.0,57,1116.2283317575768,896.418806866568,7483.461549974556,1155.9679353657766,2048.0,26.3,50.1,0.056,0.447,0.34,308,253,276,8104,2125.4977584927447,7.662231660610248,7.783640596221253,0.1214089356110053
الدمام,الدمام/ الفيصلية,قطعة أرض-سكنى,2026,1,2500.0,321,1167.13197923,514.2857142857143,7692.307692307692,1346.706842166307,2400.0,26.3,50.1,0.056,0.447,0.34,308,253,276,8105,2400.0,7.783640596221253,7.824445930877619,0.04080533465636638
الدمام,الدمام/ القادسية,قطعة أرض-سكنى,2025,4,2850.557981562348,11,4262.411126949483,1130.0,12847.222222222224,2852.7879195767605,2048.0,26.3,50.1,0.056,0.447,0.34,308,253,276,8104,2250.451187238109,7.7193302593991735,7.955620784095758,0.2362905246965843
الدمام,الدمام/ القادسية,قطعة أرض-سكنى,2026,1,2404.9366582620996,104,1597.9113466332062,500.0,11535.401750198886,1032.4685749639334,2850.557981562348,26.3,50.1,0.056,0.447,0.34,308,253,276,8105,2850.557981562348,7.955620784095758,7.785694569613718,-0.16992621448203948
الدمام,الدمام/ القزاز,قطعة أرض-تجارى,2026,1,2398.003742981909,19,4999.081543722114,666.6666666666666,14112.90322580645,2204.358555663589,3700.0,26.3,50.1,0.056,0.447,0.34,308,253,276,8105,2403.705205676327,7.785182599424499,7.782808823064367,-0.0023737763601321404
الدمام,الدمام/ القزاز,قطعة أرض-سكنى,2025,4,1772.4524936965745,32,1140.8166955730264,1269.5381250870596,6250.0,1503.121797873163,2048.0,26.3,50.1,0.056,0.447,0.34,308,253,276,8104,2300.451187238109,7.7412951539244546,7.480683487103608,-0.26061166682084647
الدمام,الدمام/ القزاز,قطعة أرض-سكنى,2026,1,2400.4185141616144,152,2873.5820627023427,614.9683291310497,18817.204301075268,1198.9942335425262,1772.4524936965745,26.3,50.1,0.056,0.447,0.34,308,253,276,8105,1772.4524936965745,7.480683487103608,7.7838148893035575,0.3031314021999494
الدمام,الدمام/ القصور,قطعة أرض-تجارى,2026,1,2000.0,75,1036.6140291229678,696.36805,5488.74806646375,1631.6135729471166,1590.0,26.3,50.1,0.056,0.447,0.34,308,253,276,8105,2352.7070771672816,7.763746843869783,7.601402334583733,-0.16234450928604982
الدمام,الدمام/ القصور,قطعة أرض-سكنى,2025,4,2000.0,72,1431.265201777778,554.8968264970298,9760.765550239234,663.0744100044894,2048.0,26.3,50.1,0.056,0.447,0.34,308,253,276,8104,2400.209257080807,7.7837277465596655,7.601402334583733,-0.1823254119759321
الدمام,الدمام/ القصور,قطعة أرض-سكنى,2026,1,2016.1290322580649,489,1403.182295648681,614.9683291310497,12299.366582620994,1647.0537074076203,2000.0,26.3,50.1,0.056,0.447,0.34,308,253,276,8105,2000.0,7.601402334583733,7.609430508272006,0.008028173688273021
الدمام,الدمام/ المزروعية,قطعة أرض-تجارى,2026,1,1910.4608695652173,36,1283.8779924438675,570.0,6831.067695880867,1039.0037593984962,1227.7605219979396,26.3,50.1,0.056,0.447,0.34,308,253,276,8105,2291.205205676327,7.737269605099339,7.555623081865053,-0.18164652323428587
الدمام,الدمام/ المزروعية,قطعة أرض-سكنى,2025,4,2723.7026647966336,52,894.6219022872008,863.9308855291576,4946.7496944654595,1350.277121080372,2048.0,26.3,50.1,0.056,0.447,0.34,308,253,276,8104,2400.209257080807,7.7837277465596655,7.910114587307899,0.1263868407482338
الدمام,الدمام/ المزروعية,قطعة أرض-سكنى,2026,1,2515.2079831932774,206,1492.8260460882393,520.0,14455.044810638912,1658.5023842713113,2723.7026647966336,26.3,50.1,0.056,0.447,0.34,308,253,276,8105,2723.7026647966336,7.910114587307899,7.830508278630095,-0.07960630867780427
الدمام,الدمام/ المنار,قطعة أرض-تجارى,2026,1,2139.398904219576,30,1355.6525162329415,867.5,5666.666666666667,1688.3914566351198,1472.5757575757575,26.3,50.1,0.056,0.447,0.34,308,253,276,8105,2237.0691425107007,7.713368783171536,7.668747494485783,-0.04462128868575288
الدمام,الدمام/ المنار,قطعة أرض-سكنى,2025,4,2342.8571428571427,35,1234.76402628159,750.0,5270.049099836334,1925.9293183528976,2048.0,26.3,50.1,0.056,0.447,0.34,308,253,276,8104,2402.677586211857,7.784755171108332,7.759553202959569,-0.025201968148762965
الدمام,الدمام/ المنار,قطعة أرض-سكنى,2026,1,2258.333760063725,178,1282.067536234647,529.3847038527889,6722.264341672984,2012.4567706060202,2342.8571428571427,26.3,50.1,0.056,0.447,0.34,308,253,276,8105,2342.8571428571427,7.759553202959569,7.722825252373342,-0.036727950586226576
الدمام,الدمام/ المنتزة,قطعة أرض-تجارى,2026,1,2100.0,26,1311.2457410098677,700.0,5985.401459854014,1100.0,3279.6675191815857,26.3,50.1,0.056,0.447,0.34,308,253,276,8105,2153.0633889441615,7.675111285762508,7.650168700845001,-0.02494258491750756
الدمام,الدمام/ المنتزة,قطعة أرض-سكنى,2025,4,2887.2782982735253,51,824.3238069749887,1790.0000000000002,5258.901600742097,1112.5670193931692,2048.0,26.3,50.1,0.056,0.447,0.34,308,253,276,8104,2300.5954514604337,7.74135783598427,7.968415859038155,0.22705802305388456
الدمام,الدمام/ المنتزة,قطعة أرض-سكنى,2026,1,2527.5961780236357,192,1252.468748398579,546.2775089745592,6787.878787878788,1574.8416456552486,2887.2782982735253,26.3,50.1,0.056,0.447,0.34,308,253,276,8105,2887.2782982735253,7.968415859038155,7.835419557377658,-0.13299630166049692
الدمام,الدمام/ المنتزه,قطعة أرض-تجارى,2025,4,2817.5767257236903,15,1385.3990612270572,1136.2320320436345,4889.462768615692,2112.4999999999995,2048.0,26.3,50.1,0.056,0.447,0.34,308,253,276,8104,2119.6994521097877,7.659501243491511,7.943987329334433,0.28448608584292234
الدمام,الدمام/ المنتزه,قطعة أرض-تجارى,2026,1,1900.0,107,1101.4774191408696,540.0,6057.142857142857,1219.5272949550763,2817.5767257236903,26.3,50.1,0.056,0.447,0.34,308,253,276,8105,2817.5767257236903,7.943987329334433,7.550135342488429,-0.39385198684600464
الدمام,الدمام/ المنتزه,قطعة أرض-سكنى,2025,4,1805.0,102,1096.3732083499451,1000.0,6571.007107415851,1142.1490147783252,2048.0,26.3,50.1,0.056,0.447,0.34,308,253,276,8104,2429.03256302521,7.7956599366667065,7.498869733976931,-0.29679020268977574
الدمام,الدمام/ المنتزه,قطعة أرض-سكنى,2026,1,2100.0,402,1292.8869284110947,566.7506297229219,9000.0,1427.369419859435,1805.0,26.3,50.1,0.056,0.447,0.34,308,253,276,8105,1805.0,7.498869733976931,7.650168700845001,0.15129896686806976
الدمام,الدمام/ الميناء,قطعة أرض-تجارى,2025,4,1878.2608695652175,13,2246.486178018467,1250.0,9659.09090909091,930.1417344523443,2048.0,26.3,50.1,0.056,0.447,0.34,308,253,276,8104,2119.6994521097877,7.659501243491511,7.538633824031921,-0.12086741945959023
الدمام,الدمام/ الميناء,قطعة أرض-تجارى,2026,1,1950.0,99,1091.6052815724438,500.0,6545.5366211488545,571.2765957446809,1878.2608695652175,26.3,50.1,0.056,0.447,0.34,308,253,276,8105,1878.2608695652175,7.538633824031921,7.576097340623111,0.03746351659119007
الدمام,الدمام/ الميناء,قطعة أرض-سكنى,2025,4,1987.5776397515529,43,1043.962265106782,666.6666666666666,4819.92,1300.5266550979304,2048.0,26.3,50.1,0.056,0.447,0.34,308,253,276,8104,2429.03256302521,7.7956599366667065,7.5951749082665,-0.2004850284002062
الدمام,الدمام/ الميناء,قطعة أرض-سكنى,2026,1,1980.0,594,1293.7640953205698,519.9994586144591,10761.94575979337,1448.7690177861552,1987.5776397515529,26.3,50.1,0.056,0.447,0.34,308,253,276,8105,1987.5776397515529,7.5951749082665,7.591357046698551,-0.0038178615679491656
الدمام,الدمام/ الناصرية,قطعة أرض-تجارى,2026,1,2296.6067635069185,27,1331.2113672899548,500.0,5073.602972702587,1987.706897932113,4743.083003952569,26.3,50.1,0.056,0.447,0.34,308,253,276,8105,1975.0,7.588829878307813,7.7396233225764695,0.1507934442686567
الدمام,الدمام/ الناصرية,قطعة أرض-سكنى,2025,4,2780.0149688420297,32,1183.9092441823875,650.0,5448.627228983867,1524.1897441589435,2048.0,26.3,50.1,0.056,0.447,0.34,308,253,276,8104,2179.1668800318625,7.687156703326628,7.930571236758864,0.24341453343223574
الدمام,الدمام/ الناصرية,قطعة أرض-سكنى,2026,1,2594.7422328439743,129,1462.1338813883924,562.7145349164368,8582.089552238805,1617.2962664517863,2780.0149688420297,26.3,50.1,0.056,0.447,0.34,308,253,276,8105,2780.0149688420297,7.930571236758864,7.861627778920192,-0.06894345783867184
الدمام,الدمام/ النخيل,قطعة أرض-تجارى,2026,1,1400.0,12,801.8012179541148,1400.0,3400.0,458.82997122251936,2750.0,26.3,50.1,0.056,0.447,0.34,308,253,276,8105,2025.0,7.613818684808629,7.244941546337007,-0.36887713847162207
الدمام,الدمام/ النخيل,قطعة أرض-سكنى,2025,4,1875.0,13,1437.9596199638888,600.0,4653.650708745654,2302.8029067482735,2048.0,26.3,50.1,0.056,0.447,0.34,308,253,276,8104,2313.798089011818,7.747077744147164,7.53689712956617,-0.21018061458099435
الدمام,الدمام/ النخيل,قطعة أرض-سكنى,2026,1,2908.2796587185567,108,974.9238918608621,793.6507936507936,8279.430789133246,346.4658096821604,1875.0,26.3,50.1,0.056,0.447,0.34,308,253,276,8105,1875.0,7.53689712956617,7.975660789563206,0.43876365999703637
الدمام,الدمام/ الندى,قطعة أرض-تجارى,2025,4,2181.818181818182,13,1165.818619665579,980.8537350910232,5299.044042954579,979.1937766870396,2048.0,26.3,50.1,0.056,0.447,0.34,308,253,276,8104,2025.0,7.613818684808629,7.688372064862406,0.07455338005377765
الدمام,الدمام/ الندى,قطعة أرض-تجارى,2026,1,1724.999931175928,79,1294.3773500199516,510.0,5714.285714285715,1444.9831750370777,2181.818181818182,26.3,50.1,0.056,0.447,0.34,308,253,276,8105,2181.818181818182,7.688372064862406,7.453561831768476,-0.23481023309393034
الدمام,الدمام/ الندى,قطعة أرض-سكنى,2025,4,1849.10103772826,112,969.5574567313647,576.4394774576137,5471.207769115032,1312.2067642287975,2048.0,26.3,50.1,0.056,0.447,0.34,308,253,276,8104,2043.7888198757764,7.623049796580131,7.522995531569275,-0.10005426501085601
الدمام,الدمام/ الندى,قطعة أرض-سكنى,2026,1,2321.61152,412,1002.171823605208,510.0,8327.452364149613,1339.6629851306222,1849.10103772826,26.3,50.1,0.056,0.447,0.34,308,253,276,8105,1849.10103772826,7.522995531569275,7.7504474867580235,0.22745195518874883
الدمام,الدمام/ النهضة,قطعة أرض-تجارى,2026,1,1857.2825024437927,29,1185.7025473206456,550.0,5269.814502529511,1156.399656963355,2500.0,26.3,50.1,0.056,0.447,0.34,308,253,276,8105,1925.0,7.563200592358071,7.527407954341067,-0.035792638017004386
الدمام,الدمام/ النهضة,قطعة أرض-سكنى,2025,4,2547.518479408659,25,1392.2517626803103,900.0,7185.904925896316,1856.7119155354449,2048.0,26.3,50.1,0.056,0.447,0.34,308,253,276,8104,2154.5945798757766,7.675821871617406,7.843267480846081,0.16744560922867535
الدمام,الدمام/ النهضة,قطعة أرض-سكنى,2026,1,2683.333333333333,98,1610.7033411009484,557.6545051513335,13605.442176870749,1507.8282828282827,2547.518479408659,26.3,50.1,0.056,0.447,0.34,308,253,276,8105,2547.518479408659,7.843267480846081,7.8951876831274355,0.0519202022813543
الدمام,الدمام/ النور,قطعة أرض-تجارى,2025,4,2092.872286944548,16,1125.999366433278,635.0,4691.498436167188,943.9234203998126,2048.0,26.3,50.1,0.056,0.447,0.34,308,253,276,8104,1889.1304347826087,7.544401118784884,7.646770399572689,0.10236928078780494
الدمام,الدمام/ النور,قطعة أرض-تجارى,2026,1,2039.3180520433968,107,944.3344483047385,863.3286307692307,5842.199126744972,916.1637177980369,2092.872286944548,26.3,50.1,0.056,0.447,0.34,308,253,276,8105,2092.872286944548,7.646770399572689,7.620860982550305,-0.02590941702238414
الدمام,الدمام/ النور,قطعة أرض-سكنى,2025,4,2590.8420488066504,64,1415.7341535703506,670.2412868632708,6770.480704129994,1870.5999297553733,2048.0,26.3,50.1,0.056,0.447,0.34,308,253,276,8104,2571.1303561263167,7.852489766859462,7.860124117654975,0.007634350795513001
الدمام,الدمام/ النور,قطعة أرض-سكنى,2026,1,2794.376020181036,625,813.9682479692884,520.0,13067.79572421724,518.9680244556962,2590.8420488066504,26.3,50.1,0.056,0.447,0.34,308,253,276,8105,2590.8420488066504,7.860124117654975,7.935721909700009,0.07559779204503325
الدمام,الدمام/ النورس,قطعة أرض-تجارى,2026,1,2315.607300188798,30,1436.3893992693274,800.0,6460.059604816621,2286.226120219291,1750.3398072128193,26.3,50.1,0.056,0.447,0.34,308,253,276,8105,1994.6590260216985,7.5987296136320905,7.747859023744597,0.14912941011250602
الدمام,الدمام/ النورس,قطعة أرض-سكنى,2025,4,2775.0,18,1704.705393684788,1125.0,7163.773269190546,1816.1029319861466,2048.0,26.3,50.1,0.056,0.447,0.34,308,253,276,8104,2569.1802641076547,7.851731317105584,7.9287663216266955,0.0770350045211119
الدمام,الدمام/ النورس,قطعة أرض-سكنى,2026,1,2496.7948717948716,73,1512.6531014319953,777.7515908555267,6781.326781326781,2168.227253717685,2775.0,26.3,50.1,0.056,0.447,0.34,308,253,276,8105,2775.0,7.9287663216266955,7.8231635703381075,-0.10560275128858798
الدمام,الدمام/ الواحة,قطعة أرض-تجارى,2026,1,2300.0,11,701.2777140479621,1202.1963824289403,3589.633139493144,771.2506493950818,1650.0,26.3,50.1,0.056,0.447,0.34,308,253,276,8105,2066.095169493972,7.633899600950818,7.741099090035366,0.10719948908454757
الدمام,الدمام/ الواحة,قطعة أرض-سكنى,2026,1,2500.0,68,1812.4754574722624,828.225940036442,11306.805827353774,1901.3732927178673,2025.0,26.3,50.1,0.056,0.447,0.34,308,253,276,8105,2569.1802641076547,7.851731317105584,7.824445930877619,-0.02728538622796428
الدمام,الدمام/ بدر,قطعة أرض-تجارى,2026,1,2300.0,23,1867.227550106429,1129.4591836734694,9865.892201247118,1316.6243045727977,1644.5494236426205,26.3,50.1,0.056,0.447,0.34,308,253,276,8105,2066.095169493972,7.633899600950818,7.741099090035366,0.10719948908454757
الدمام,الدمام/ بدر,قطعة أرض-زراعي,2026,1,2106.685236768802,23,827.7106623234945,1554.291586073501,3986.273949099228,1457.3815893898623,2048.0,26.3,50.1,0.056,0.447,0.34,308,253,276,8105,2237.1448935953567,7.713402629222709,7.653345580091276,-0.06005704913143273
الدمام,الدمام/ بدر,قطعة أرض-سكنى,2025,4,2500.0,31,1197.3528317821622,1021.2418300653594,5534.714962179447,1660.9726877190824,2048.0,26.3,50.1,0.056,0.447,0.34,308,253,276,8104,2569.1802641076547,7.851731317105584,7.824445930877619,-0.02728538622796428
الدمام,الدمام/ بدر,قطعة أرض-سكنى,2026,1,2300.0,211,1182.613787158651,500.0,8686.427648976078,1432.105852673676,2500.0,26.3,50.1,0.056,0.447,0.34,308,253,276,8105,2500.0,7.824445930877619,7.741099090035366,-0.0833468408422533
الدمام,الدمام/ بن خلدون,قطعة أرض-تجارى,2026,1,2350.0,13,863.916468748886,1053.8518284329225,4058.6245772266066,1033.3333333333335,3200.0,26.3,50.1,0.056,0.447,0.34,308,253,276,8105,2137.345234381365,7.667787553938095,7.762596048540069,0.09480849460197405
الدمام,الدمام/ بن خلدون,قطعة أرض-سكنى,2025,4,2032.2212598437523,16,2246.747045132273,724.8816185966422,7204.6171514666985,3605.9860652000734,2048.0,26.3,50.1,0.056,0.447,0.34,308,253,276,8104,2545.421024403325,7.842444132454111,7.617376641864604,-0.22506749058950692
الدمام,الدمام/ بن خلدون,قطعة أرض-سكنى,2026,1,2306.131234241436,67,1272.2181824271156,722.5877867289834,6565.656565656565,1845.4632610854396,2032.2212598437523,26.3,50.1,0.056,0.447,0.34,308,253,276,8105,2032.2212598437523,7.617376641864604,7.74376014179271,0.1263834999281057
الدمام,الدمام/ شاطئ نصف القمر,قطعة أرض-تجارى,2026,1,2500.0,13,972.8968125801483,1003.6705666437256,4090.909090909091,1591.6106235039329,3812.316715542522,26.3,50.1,0.056,0.447,0.34,308,253,276,8105,2196.436143472274,7.695046570421431,7.824445930877619,0.12939936045618872
الدمام,الدمام/ شاطئ نصف القمر,قطعة أرض-سكنى,2025,4,2500.0,16,825.3976218403619,1218.1257105733312,4454.685099846391,257.7889975807302,2048.0,26.3,50.1,0.056,0.447,0.34,308,253,276,8104,2498.3974358974356,7.823804956163919,7.824445930877619,0.000640974713700615
الدمام,الدمام/ شاطئ نصف القمر,قطعة أرض-سكنى,2026,1,2584.455025804866,92,2180.454780930847,539.4751985268731,18951.161923698273,1950.5920539073886,2500.0,26.3,50.1,0.056,0.447,0.34,308,253,276,8105,2500.0,7.824445930877619,7.857656796908294,0.033210866030675135
الدمام,الدمام/ طيبة,قطعة أرض-تجارى,2025,4,1577.9092702169626,21,1047.6811508798462,805.461798097576,5333.333333333333,550.4017823726515,2048.0,26.3,50.1,0.056,0.447,0.34,308,253,276,8104,2300.0,7.741099090035366,7.364489552324156,-0.37660953771121
الدمام,الدمام/ طيبة,قطعة أرض-تجارى,2026,1,1850.5980168056403,48,2287.194563605489,578.9891356307381,13027.155698196331,912.5429006353406,1577.9092702169626,26.3,50.1,0.056,0.447,0.34,308,253,276,8105,1577.9092702169626,7.364489552324156,7.523804338085922,0.15931478576176605
الدمام,الدمام/ طيبة,قطعة أرض-زراعي,2026,1,3744.073719243202,36,1615.7187301445642,1800.0,7170.608108108107,2677.949361435316,2048.0,26.3,50.1,0.056,0.447,0.34,308,253,276,8105,2053.3426183844012,7.627711182023203,8.228196580468714,0.6004853984455103
الدمام,الدمام/ طيبة,قطعة أرض-سكنى,2025,4,2018.7683541800563,66,1080.9386718202352,622.2042848013991,6299.291959583742,1253.7406477218137,2048.0,26.3,50.1,0.056,0.447,0.34,308,253,276,8104,2498.3974358974356,7.823804956163919,7.610738107670951,-0.21306684849296786
الدمام,الدمام/ طيبة,قطعة أرض-سكنى,2026,1,1832.4999231029497,502,1127.6121330877793,509.8125,9189.969804384928,1405.0851875140415,2018.7683541800563,26.3,50.1,0.056,0.447,0.34,308,253,276,8105,2018.7683541800563,7.610738107670951,7.513981945571347,-0.09675616209960403
الدمام,الدمام/ غرب الدمام,قطعة أرض-تجارى,2025,4,2424.242424242424,27,1800.886532247865,590.0000859675215,7835.353113246971,2196.439883256552,2048.0,26.3,50.1,0.056,0.447,0.34,308,253,276,8104,2300.0,7.741099090035366,7.793686767134803,0.0525876770994369
الدمام,الدمام/ غرب الدمام,قطعة أرض-تجارى,2026,1,1858.571444703098,220,1351.4431627101994,550.0,6697.77893008383,1556.3249446242924,2424.242424242424,26.3,50.1,0.056,0.447,0.34,308,253,276,8105,2424.242424242424,7.793686767134803,7.528101334086086,-0.2655854330487166
الدمام,الدمام/ غرب الدمام,قطعة أرض-زراعي,2026,1,900.0,11,12.060453783110544,860.0,900.0,0.0,2048.0,26.3,50.1,0.056,0.447,0.34,308,253,276,8105,2053.3426183844012,7.627711182023203,6.803505257608338,-0.8242059244148656
الدمام,الدمام/ غرب الدمام,قطعة أرض-سكنى,2025,4,2116.0457142857144,91,1199.5762800648477,550.0,6641.066778885353,1414.9218875584306,2048.0,26.3,50.1,0.056,0.447,0.34,308,253,276,8104,2303.065617120718,7.742430501063334,7.657776864801444,-0.08465363626188971
الدمام,الدمام/ غرب الدمام,قطعة أرض-سكنى,2026,1,1460.0000000000002,809,925.6406610599001,520.0,10666.666666666666,1012.1846195069668,2116.0457142857144,26.3,50.1,0.056,0.447,0.34,308,253,276,8105,2116.0457142857144,7.657776864801444,7.2868764117507,-0.37090045305074426
الدمام,الدمام/ غرناطة,قطعة أرض-تجارى,2026,1,2124.9468763280915,77,1717.7773563080302,583.2000014318259,14099.78873204347,1201.9120670099067,2447.9458044309404,26.3,50.1,0.056,0.447,0.34,308,253,276,8105,2300.0,7.741099090035366,7.66197257097356,-0.07912651906180557
الدمام,الدمام/ غرناطة,قطعة أرض-زراعي,2026,1,1625.0,19,1064.8486500191639,624.5081749999999,4347.826086956522,1334.8970219344696,2048.0,26.3,50.1,0.056,0.447,0.34,308,253,276,8105,2053.3426183844012,7.627711182023203,7.3938782901077555,-0.23383289191544776
الدمام,الدمام/ غرناطة,قطعة أرض-سكنى,2025,4,3011.141222523336,33,975.9338980510548,1250.0,4351.548009701812,1692.063492063492,2048.0,26.3,50.1,0.056,0.447,0.34,308,253,276,8104,2074.1334870647333,7.637780761711175,8.010406474448574,0.3726257127373991
الدمام,الدمام/ غرناطة,قطعة أرض-سكنى,2026,1,2000.0,254,1188.8525413066234,550.0,8609.556607834696,1490.644794293094,3011.141222523336,26.3,50.1,0.056,0.447,0.34,308,253,276,8105,3011.141222523336,8.010406474448574,7.601402334583733,-0.40900413986484097
الدمام,الدمام/ مدينة العمال,قطعة أرض-تجارى,2026,1,1921.92552,43,1709.3881704458036,529.507745771682,6241.519674355495,2310.2819597923644,2391.776546276833,26.3,50.1,0.056,0.447,0.34,308,253,276,8105,2212.4734381640455,7.702318252174307,7.561603013689464,-0.14071523848484357
الدمام,الدمام/ مدينة العمال,قطعة أرض-سكنى,2025,4,1737.835153922542,23,2115.03606295859,600.0,8407.713281193945,1370.6725308663658,2048.0,26.3,50.1,0.056,0.447,0.34,308,253,276,8104,2067.4070342328855,7.634534041325066,7.460970716257027,-0.17356332506803973
الدمام,الدمام/ مدينة العمال,قطعة أرض-سكنى,2026,1,2156.108975430386,227,1155.2994896935775,540.0,9135.995823544768,1225.0082418999223,1737.835153922542,26.3,50.1,0.056,0.447,0.34,308,253,276,8105,1737.835153922542,7.460970716257027,7.676524166870224,0.2155534506131973
الدمام,الدمام/ هجر,قطعة أرض-تجارى,2026,1,2500.0,44,3088.531149278679,1000.0,15522.593997930322,1557.2678278399537,5963.496261998834,26.3,50.1,0.056,0.447,0.34,308,253,276,8105,2023.436198164046,7.613046520114682,7.824445930877619,0.21139941076293756
الدمام,الدمام/ هجر,قطعة أرض-سكنى,2025,4,3928.0908955000746,65,1483.2182704627319,1079.447322970639,6697.043214556483,2503.753957485301,2048.0,26.3,50.1,0.056,0.447,0.34,308,253,276,8104,2009.384177090028,7.606081115670171,8.27616335380348,0.6700822381333085
الدمام,الدمام/ هجر,قطعة أرض-سكنى,2026,1,2709.5276653171386,188,1327.928359855779,514.2868897986052,6436.7374387549235,2049.2687661346126,3928.0908955000746,26.3,50.1,0.056,0.447,0.34,308,253,276,8105,3928.0908955000746,8.27616335380348,7.904898605369256,-0.3712647484342231
الدمام,الدمام/أخرى,قطعة أرض-تجارى,2026,1,2250.0,23,1266.8537206135952,600.0,5988.164568852151,1878.0525637440292,5515.402843601896,26.3,50.1,0.056,0.447,0.34,308,253,276,8105,2023.436198164046,7.613046520114682,7.719129840906732,0.10608332079205063
الدمام,الدمام/أخرى,قطعة أرض-سكنى,2025,4,2300.0,31,654.1710777676411,1296.2962962962963,3598.416696653472,1054.3975385473927,2048.0,26.3,50.1,0.056,0.447,0.34,308,253,276,8104,2136.0773448580503,7.667194447859346,7.741099090035366,0.07390464217601966
الدمام,الدمام/أخرى,قطعة أرض-سكنى,2026,1,2200.0,122,1406.4204751310895,500.00406852650485,8797.653958944282,1349.9211467046086,2300.0,26.3,50.1,0.056,0.447,0.34,308,253,276,8105,2300.0,7.741099090035366,7.696667081526462,-0.044432008508904275
الدمام,الدواسر,قطعة أرض-سكنى,2025,4,1851.4909374390957,11,2228.120317477993,1616.0,7620.660457239628,3400.6980892664496,3142.6576090407,26.44576,50.101285,0.0,0.111,0.009,273,298,373,8104,2250.0,7.719129840906732,7.524286465087612,-0.19484337581912037
الدمام,الراكة  الشمالية,قطعة أرض-سكنى,2019,1,1450.0,16,1137.9502607026957,1293.0,6000.0,303.25,1811.75,26.3,50.1,0.056,0.447,0.34,308,253,276,8077,2178.0544877151933,7.6866463404673135,7.280008252884188,-0.4066380875831257
الدمام,الراكة  الشمالية,قطعة أرض-سكنى,2019,2,1450.0,10,945.1597395855017,1450.0,4444.0,0.0,1811.75,26.3,50.1,0.056,0.447,0.34,308,253,276,8078,1450.0,7.280008252884188,7.280008252884188,0.0
الدمام,الراكة  الشمالية,قطعة أرض-سكنى,2020,4,1600.0,22,426.46149016927967,1500.0,3603.0,43.75,1600.0,26.3,50.1,0.056,0.447,0.34,308,253,276,8084,1450.0,7.280008252884188,7.3783837129967145,0.09837546011252662
الدمام,الراكة  الشمالية,قطعة أرض-سكنى,2022,1,1800.0,17,60.63390625908325,1650.0,1850.0,0.0,2048.0,26.3,50.1,0.056,0.447,0.34,308,253,276,8089,1450.0,7.280008252884188,7.496097345175956,0.2160890922917682
الدمام,الراكة الجنوبية,قطعة أرض-سكنى,2022,2,4000.0,10,27.812067724481036,4000.0,4065.0,36.0,4621.5,26.3,50.1,0.056,0.447,0.34,308,253,276,8090,1825.7454687195477,7.510291230153428,8.294299608857235,0.784008378703807
الدمام,الراكة الشمالية,قطعة أرض-سكنى,2016,1,2600.0,13,1862.306231531216,744.0,7637.0,2071.0,2048.0,26.3,50.1,0.056,0.447,0.34,308,253,276,8065,1825.7454687195477,7.510291230153428,7.8636512654486515,0.3533600352952231
الدمام,الراكة الشمالية,قطعة أرض-سكنى,2016,2,3450.0,12,1437.5089143333612,1950.0,5556.0,2826.0,2048.0,26.3,50.1,0.056,0.447,0.34,308,253,276,8066,2600.0,7.8636512654486515,8.146419323098003,0.28276805764935187
الدمام,الراكة الشمالية,قطعة أرض-سكنى,2017,1,2987.0,12,1622.8650497490446,567.0,5912.0,1667.5,3087.5,26.3,50.1,0.056,0.447,0.34,308,253,276,8069,3025.0,8.014996894348302,8.002359546252707,-0.012637348095594803
الدمام,الراكة الشمالية,قطعة أرض-سكنى,2020,2,1700.0,15,875.8679613470777,1200.0,3333.0,1600.0,2251.0,26.3,50.1,0.056,0.447,0.34,308,253,276,8082,2987.0,8.002359546252707,7.438971592395862,-0.5633879538568456
الدمام,الربوة,قطعة أرض-سكنى,2025,4,4693.2339936557255,14,338.89693301272024,4337.0,5419.930770632173,334.0441024147085,2048.0,26.3,50.1,0.056,0.447,0.34,308,253,276,8104,2200.0,7.696667081526462,8.454090224690407,0.7574231431639458
الدمام,الربيع,قطعة أرض-سكنى,2016,2,3075.0,10,2411.0912351971347,1937.0,10436.0,480.75,2048.0,26.440386,50.113438,0.178,0.23,0.0,232,242,319,8066,2793.5,7.9354084787097525,8.031385330625534,0.09597685191578176
الدمام,الربيع,قطعة أرض-سكنى,2017,4,2959.5,10,1723.5931976864815,2050.0,6611.0,1046.25,3866.75,26.440386,50.113438,0.178,0.23,0.0,232,242,319,8072,3075.0,8.031385330625534,7.993113451971831,-0.03827187865370352
الدمام,الروضة,قطعة أرض-سكنى,2016,1,1898.0,10,533.0352187655562,1000.0,2825.0,613.0,2048.0,26.403655,50.076707,0.0,0.179,0.359,200,161,172,8065,3031.0,8.016977746762262,7.549082710812286,-0.46789503594997583
الدمام,الروضة,قطعة أرض-سكنى,2016,2,3000.0,13,1217.595202406398,656.0,4735.0,1637.0,2048.0,26.403655,50.076707,0.0,0.179,0.359,200,161,172,8066,1898.0,7.549082710812286,8.006700845440367,0.4576181346280812
الدمام,الروضة,قطعة أرض-سكنى,2017,1,2625.0,11,1149.6193599306132,647.0,4000.0,1811.0,3000.0,26.403655,50.076707,0.0,0.179,0.359,200,161,172,8069,2449.0,7.803843303538772,7.873217054862741,0.06937375132396895
الدمام,الروضة,قطعة أرض-سكنى,2017,2,1596.5,10,1307.2064573823914,582.0,5000.0,989.25,3000.0,26.403655,50.076707,0.0,0.179,0.359,200,161,172,8070,2625.0,7.873217054862741,7.37619518625169,-0.4970218686110517
الدمام,الروضة,قطعة أرض-سكنى,2017,3,1531.5,10,152.90523572170807,1212.0,1745.0,92.5,3000.0,26.403655,50.076707,0.0,0.179,0.359,200,161,172,8071,2261.5,7.724225675574081,7.334655667810367,-0.3895700077637141
الدمام,الروضة,قطعة أرض-سكنى,2017,4,2053.0,10,930.7343337386883,526.0,3842.0,824.75,3000.0,26.403655,50.076707,0.0,0.179,0.359,200,161,172,8072,1898.0,7.549082710812286,7.627544390488503,0.07846167967621742
الدمام,الروضة,قطعة أرض-سكنى,2018,4,1451.0,10,525.461025090243,1200.0,3000.0,248.5,1824.75,26.403655,50.076707,0.0,0.179,0.359,200,161,172,8076,1975.5,7.58908288273674,7.280697195384741,-0.3083856873519988
الدمام,الروضة,قطعة أرض-سكنى,2021,1,1400.0,11,642.4645444762621,670.0,2842.0,635.5,1258.5,26.403655,50.076707,0.0,0.179,0.359,200,161,172,8085,1898.0,7.549082710812286,7.244941546337007,-0.30414116447527917
الدمام,الروضة,قطعة أرض-سكنى,2022,1,1482.5,10,744.9235605826353,581.0,2799.0,1179.25,1595.25,26.403655,50.076707,0.0,0.179,0.359,200,161,172,8089,1747.25,7.466370566583977,7.302159439730876,-0.16421112685310035
الدمام,الروضة,قطعة أرض-سكنى,2025,4,2093.2763871697307,10,665.9565018279169,1248.0,3038.853917950944,841.41430020284,2121.31636187505,26.403655,50.076707,0.0,0.179,0.359,200,161,172,8104,1564.0,7.355641102974253,7.646963372772964,0.29132226979871056
الدمام,الزهور,قطعة أرض-سكنى,2016,2,2200.0,30,1557.0238443017302,1000.0,6780.0,479.25,2048.0,26.454987,50.088811,0.086,0.0,0.23,215,238,422,8066,1564.0,7.355641102974253,7.696667081526462,0.3410259785522083
الدمام,الزهور,قطعة أرض-سكنى,2016,3,2675.0,10,2074.311516302859,533.0,6183.0,3583.25,2048.0,26.454987,50.088811,0.086,0.0,0.23,215,238,422,8067,2200.0,7.696667081526462,7.892078421248119,0.19541133972165703
الدمام,الزهور,قطعة أرض-سكنى,2016,4,3000.0,11,1703.6380964384318,1063.0,5889.0,2138.0,2048.0,26.454987,50.088811,0.086,0.0,0.23,215,238,422,8068,2437.5,7.7991383751501075,8.006700845440367,0.20756247029025943
الدمام,الزهور,قطعة أرض-سكنى,2022,1,1931.0,15,618.0200721043044,1280.0,3235.0,1005.0,1454.25,26.454987,50.088811,0.086,0.0,0.23,215,238,422,8089,2675.0,7.892078421248119,7.566311014772463,-0.3257674064756557
الدمام,الزهور,قطعة أرض-سكنى,2022,2,1750.0,11,795.3695196116537,1120.0,3603.0,784.5,1454.25,26.454987,50.088811,0.086,0.0,0.23,215,238,422,8090,2437.5,7.7991383751501075,7.467942332285852,-0.3311960428642555
الدمام,الزهور,قطعة أرض-سكنى,2022,3,1730.0,30,582.6181652135311,1455.0,3400.0,225.75,1454.25,26.454987,50.088811,0.086,0.0,0.23,215,238,422,8091,2200.0,7.696667081526462,7.456454555176209,-0.2402125263502528
الدمام,الزهور,قطعة أرض-سكنى,2025,4,2166.0,33,1012.0811302193042,955.0,3995.171303747988,1678.538566397819,2042.81419122069,26.454987,50.088811,0.086,0.0,0.23,215,238,422,8104,2065.5,7.633611633951787,7.681099001536359,0.04748736758457195
الدمام,السوق,قطعة أرض-سكنى,2025,4,10295.063486616335,10,5117.403045137814,537.0,14455.044810638912,5501.1082990975,2048.0,26.440385,50.102264,0.096,0.039,0.007,291,298,382,8104,2129.6381935848653,7.664176835227288,9.23951691540073,1.5753400801734418
الدمام,السيف,قطعة أرض-تجارى,2021,1,1405.0,13,289.65888426003653,651.0,1500.0,58.0,1189.5,26.384195,50.205359,1.309,1.311,1.857,67,51,18,8085,2023.436198164046,7.613046520114682,7.2485040723706105,-0.3645424477440713
الدمام,السيف,قطعة أرض-تجارى,2022,1,1460.0,61,144.4458035525243,1370.0,1920.0,180.0,1575.0,26.384195,50.205359,1.309,1.311,1.857,67,51,18,8089,1405.0,7.2485040723706105,7.2868764117507,0.038372339380089215
الدمام,السيف,قطعة أرض-تجارى,2022,2,1670.0,216,545.388011902656,600.0,5000.0,201.25,1575.0,26.384195,50.205359,1.309,1.311,1.857,67,51,18,8090,1432.5,7.267874285323424,7.421177528595393,0.15330324327196898
الدمام,السيف,قطعة أرض-تجارى,2022,3,1570.0,130,720.5052600057029,1340.0,5257.0,390.0,1575.0,26.384195,50.205359,1.309,1.311,1.857,67,51,18,8091,1460.0,7.2868764117507,7.359467638255621,0.07259122650492156
الدمام,السيف,قطعة أرض-تجارى,2022,4,1550.0,150,577.8370619831705,650.0,4571.0,460.0,1575.0,26.384195,50.205359,1.309,1.311,1.857,67,51,18,8092,1515.0,7.323830566202317,7.346655163176539,0.02282459697422201
الدمام,السيف,قطعة أرض-تجارى,2023,1,1720.0,48,846.4421783316715,840.0,6057.0,344.0,1560.0,26.384195,50.205359,1.309,1.311,1.857,67,51,18,8093,1550.0,7.346655163176539,7.450660796211539,0.10400563303500032
الدمام,السيف,قطعة أرض-تجارى,2023,2,1800.0,22,616.1200127652648,510.0,3900.0,178.25,1560.0,26.384195,50.205359,1.309,1.311,1.857,67,51,18,8094,1560.0,7.353081920515432,7.496097345175956,0.14301542466052375
الدمام,السيف,قطعة أرض-تجارى,2023,3,1790.0,15,517.6079413536668,1000.0,3300.0,145.0,1560.0,26.384195,50.205359,1.309,1.311,1.857,67,51,18,8095,1570.0,7.359467638255621,7.490529402060711,0.13106176380509016
الدمام,السيف,قطعة أرض-سكنى,2020,2,1234.0,13,199.5918270769057,1029.0,1829.0,120.0,951.5,26.384195,50.205359,1.309,1.311,1.857,67,51,18,8082,2183.0,7.688913336864796,7.118826249062078,-0.570087087802718
الدمام,السيف,قطعة أرض-سكنى,2020,4,1266.5,10,267.41023415967703,771.0,1837.0,202.75,951.5,26.384195,50.205359,1.309,1.311,1.857,67,51,18,8084,1234.0,7.118826249062078,7.144801735465339,0.02597548640326064
الدمام,السيف,قطعة أرض-سكنى,2021,1,1450.0,16,639.9911327510716,1347.0,4000.0,92.5,1250.25,26.384195,50.205359,1.309,1.311,1.857,67,51,18,8085,1250.25,7.13189833062943,7.280008252884188,0.14810992225475772
الدمام,السيف,قطعة أرض-سكنى,2022,1,1600.0,96,379.7589804384936,1000.0,4571.0,370.0,1608.25,26.384195,50.205359,1.309,1.311,1.857,67,51,18,8089,1266.5,7.144801735465339,7.3783837129967145,0.23358197753137588
الدمام,السيف,قطعة أرض-سكنى,2022,2,1650.0,510,182.9167473085336,880.0,2900.0,220.0,1608.25,26.384195,50.205359,1.309,1.311,1.857,67,51,18,8090,1358.25,7.21468835602603,7.409136443920128,0.19444808789409862
الدمام,السيف,قطعة أرض-سكنى,2022,3,1700.0,356,262.0556577144419,530.0,3000.0,345.0,1608.25,26.384195,50.205359,1.309,1.311,1.857,67,51,18,8091,1450.0,7.280008252884188,7.438971592395862,0.15896333951167385
الدمام,السيف,قطعة أرض-سكنى,2022,4,1720.0,351,380.525407737862,650.0,3667.0,380.0,1608.25,26.384195,50.205359,1.309,1.311,1.857,67,51,18,8092,1525.0,7.330405211844402,7.450660796211539,0.12025558436713712
الدمام,السيف,قطعة أرض-سكنى,2023,1,1850.0,73,393.0936827972423,1340.0,3200.0,230.0,1675.0,26.384195,50.205359,1.309,1.311,1.857,67,51,18,8093,1600.0,7.3783837129967145,7.523481312573497,0.1450975995767827
الدمام,السيف,قطعة أرض-سكنى,2023,2,1855.0,68,502.1395338960246,510.0,3670.0,171.25,1675.0,26.384195,50.205359,1.309,1.311,1.857,67,51,18,8094,1625.0,7.3938782901077555,7.526178913346146,0.13230062323839054
الدمام,السيف,قطعة أرض-سكنى,2023,3,1850.0,59,565.1951448164943,1300.0,3600.0,195.0,1675.0,26.384195,50.205359,1.309,1.311,1.857,67,51,18,8095,1675.0,7.424165281042028,7.523481312573497,0.09931603153146895
الدمام,السيف,قطعة أرض-سكنى,2023,4,2350.0,23,797.7230046168042,1139.0,3700.0,1430.5,1675.0,26.384195,50.205359,1.309,1.311,1.857,67,51,18,8096,1710.0,7.444833273892193,7.762596048540069,0.3177627746478757
الدمام,السيف,قطعة أرض-سكنى,2025,4,4798.347910592809,137,1766.6512129185414,750.0,7995.726495726496,2550.0,1858.894000593185,26.384195,50.205359,1.309,1.311,1.857,67,51,18,8104,1785.0,7.487733761436444,8.476235335707438,0.9885015742709937
الدمام,السيف,قطعة أرض-سكنى,2026,1,5037.5,36,1615.5555501790354,1900.0,7996.0,2375.0,4798.347910592809,26.384195,50.205359,1.309,1.311,1.857,67,51,18,8105,1850.0,7.523481312573497,8.524863697720457,1.00138238514696
الدمام,الشاطئ الشرقي,قطعة أرض-تجارى,2021,1,1700.0,14,1423.2967379979498,557.0,4780.0,1596.25,2048.0,26.473151,50.128757,0.178,0.34,0.352,39,52,33,8085,1620.0,7.390798521735676,7.438971592395862,0.0481730706601855
الدمام,الشاطئ الشرقي,قطعة أرض-تجارى,2025,4,1850.0,10,708.9693603671863,1850.0,3535.0481417740357,14.68355903423685,2048.0,26.473151,50.128757,0.178,0.34,0.352,39,52,33,8104,1700.0,7.438971592395862,7.523481312573497,0.08450972017763547
الدمام,الشاطئ الشرقي,قطعة أرض-سكنى,2021,1,1975.0,42,1490.9318578922544,533.0,6111.0,1759.5,2048.0,26.473151,50.128757,0.178,0.34,0.352,39,52,33,8085,1852.5,7.524831022590787,7.588829878307813,0.0639988557170259
الدمام,الشاطئ الشرقي,قطعة أرض-سكنى,2021,2,1800.0,40,1118.9151496782442,1200.0,5749.0,1135.5,2048.0,26.473151,50.128757,0.178,0.34,0.352,39,52,33,8086,1975.0,7.588829878307813,7.496097345175956,-0.0927325331318567
الدمام,الشاطئ الشرقي,قطعة أرض-سكنى,2021,3,2000.0,23,1037.594736852816,788.0,4687.0,1427.5,2048.0,26.473151,50.128757,0.178,0.34,0.352,39,52,33,8087,1887.5,7.543538142152512,7.601402334583733,0.05786419243122154
الدمام,الشاطئ الشرقي,قطعة أرض-سكنى,2021,4,3224.0,27,1022.7315667123303,1587.0,5008.0,1737.0,2048.0,26.473151,50.128757,0.178,0.34,0.352,39,52,33,8088,1975.0,7.588829878307813,8.078688229229872,0.4898583509220593
الدمام,الشاطئ الشرقي,قطعة أرض-سكنى,2025,4,3797.1209677419356,62,1416.66316624356,653.0,7488.696307460437,1729.9745117422472,2048.0,26.473151,50.128757,0.178,0.34,0.352,39,52,33,8104,1987.5,7.595135864647745,8.242261741244675,0.6471258765969301
الدمام,الشاطئ الشرقي,قطعة أرض-سكنى,2026,1,3752.0,24,2239.819858423531,2298.0,13455.0,853.0,3797.1209677419356,26.473151,50.128757,0.178,0.34,0.352,39,52,33,8105,2000.0,7.601402334583733,8.23031079913502,0.6289084645512872
الدمام,الشاطى,قطعة أرض-سكنى,2020,4,1400.0,25,132.54221968867125,1389.0,1727.0,204.0,2048.0,26.3,50.1,0.056,0.447,0.34,308,253,276,8084,3488.0,8.157370441186774,7.244941546337007,-0.9124288948497679
الدمام,الشعلة,قطعة أرض-تجارى,2016,2,1900.5,34,872.6408563499207,680.0,4130.0,1230.25,2048.0,26.35119,50.090743,0.361,0.564,0.0,68,44,53,8066,1710.0,7.444833273892193,7.550398327368314,0.10556505347612077
الدمام,الشعلة,قطعة أرض-تجارى,2016,4,2662.5,10,1014.6875216866849,917.0,4000.0,1314.5,2048.0,26.35119,50.090743,0.361,0.564,0.0,68,44,53,8068,1900.5,7.550398327368314,7.887396326357054,0.33699799898873994
الدمام,الشعلة,قطعة أرض-تجارى,2020,3,1350.0,10,150.71389377817084,1050.0,1667.0,95.0,1369.5,26.35119,50.090743,0.361,0.564,0.0,68,44,53,8083,2281.5,7.733026612469123,7.208600337960199,-0.5244262745089241
الدمام,الشعلة,قطعة أرض-تجارى,2020,4,1415.0,15,327.56300738869123,570.0,2185.0,202.0,1369.5,26.35119,50.090743,0.361,0.564,0.0,68,44,53,8084,1900.5,7.550398327368314,7.255591274253665,-0.29480705311464916
الدمام,الشعلة,قطعة أرض-تجارى,2021,1,1650.0,22,670.0323326824065,1500.0,3746.0,287.0,1407.5,26.35119,50.090743,0.361,0.564,0.0,68,44,53,8085,1657.75,7.413819585646417,7.409136443920128,-0.004683141726288476
الدمام,الشعلة,قطعة أرض-تجارى,2021,2,3376.0,10,1822.0689583242693,590.0,5972.0,2892.75,1407.5,26.35119,50.090743,0.361,0.564,0.0,68,44,53,8086,1650.0,7.409136443920128,8.124743020385568,0.7156065764654391
الدمام,الشعلة,قطعة أرض-تجارى,2021,3,2690.0,14,1016.9555945658007,1550.0,4629.0,1432.0,1407.5,26.35119,50.090743,0.361,0.564,0.0,68,44,53,8087,1775.25,7.48225967941131,7.897668150726906,0.41540847131559566
الدمام,الشعلة,قطعة أرض-تجارى,2021,4,1682.5,16,1130.6553390991144,825.0,4508.0,900.0,1407.5,26.35119,50.090743,0.361,0.564,0.0,68,44,53,8088,1900.5,7.550398327368314,7.428630238601129,-0.12176808876718503
الدمام,الشعلة,قطعة أرض-تجارى,2022,1,1962.5,16,926.3077579832742,1129.0,4592.0,600.0,2186.25,26.35119,50.090743,0.361,0.564,0.0,68,44,53,8089,1791.5,7.491366572473775,7.582483874018064,0.09111730154428876
الدمام,الشعلة,قطعة أرض-تجارى,2023,2,1990.0,20,575.1296512869717,1470.0,4085.0,145.0,2270.75,26.35119,50.090743,0.361,0.564,0.0,68,44,53,8094,1822.5,7.508513010248735,7.596392304064196,0.08787929381546089
الدمام,الشعلة,قطعة أرض-تجارى,2023,3,1370.0,72,306.9864628616084,550.0,2971.0,120.0,2270.75,26.35119,50.090743,0.361,0.564,0.0,68,44,53,8095,1822.5,7.508513010248735,7.223295679562314,-0.28521733068642074
الدمام,الشعلة,قطعة أرض-تجارى,2025,4,2750.0,13,640.0511995120479,1700.0,3627.7602523659302,1099.4192106143141,1824.93693370645,26.35119,50.090743,0.361,0.564,0.0,68,44,53,8104,1822.5,7.508513010248735,7.919719760924575,0.41120675067583967
الدمام,الشعلة,قطعة أرض-سكنى,2016,1,1750.0,96,1227.1809972006372,868.0,6443.0,1629.0,2048.0,26.35119,50.090743,0.361,0.564,0.0,68,44,53,8065,2612.0,7.868254265520613,7.467942332285852,-0.4003119332347609
الدمام,الشعلة,قطعة أرض-سكنى,2016,2,1700.0,144,949.8801028243762,594.0,5333.0,305.0,2048.0,26.35119,50.090743,0.361,0.564,0.0,68,44,53,8066,1750.0,7.467942332285852,7.438971592395862,-0.028970739889990327
الدمام,الشعلة,قطعة أرض-سكنى,2016,3,1720.0,65,1301.6366103427702,648.0,4816.0,2354.0,2048.0,26.35119,50.090743,0.361,0.564,0.0,68,44,53,8067,1725.0,7.453561871643373,7.450660796211539,-0.0029010754318337106
الدمام,الشعلة,قطعة أرض-سكنى,2016,4,2507.0,46,1249.675890734897,842.0,4356.0,2484.75,2048.0,26.35119,50.090743,0.361,0.564,0.0,68,44,53,8068,1720.0,7.450660796211539,7.827240901752812,0.3765801055412723
الدمام,الشعلة,قطعة أرض-سكنى,2017,1,2676.0,34,1131.3830985507404,755.0,4848.0,2106.75,1735.0,26.35119,50.090743,0.361,0.564,0.0,68,44,53,8069,1735.0,7.459338895220296,7.892452043520352,0.4331131483000563
الدمام,الشعلة,قطعة أرض-سكنى,2017,2,2785.0,28,1144.3687679171112,860.0,4310.0,2310.0,1735.0,26.35119,50.090743,0.361,0.564,0.0,68,44,53,8070,1750.0,7.467942332285852,7.932362154339751,0.4644198220538991
الدمام,الشعلة,قطعة أرض-سكنى,2017,3,1637.5,32,790.6329207176872,935.0,4549.0,807.5,1735.0,26.35119,50.090743,0.361,0.564,0.0,68,44,53,8071,2128.5,7.663642489363268,7.401536468138869,-0.2621060212243993
الدمام,الشعلة,قطعة أرض-سكنى,2017,4,1520.0,48,1075.1526355435828,583.0,4719.0,1545.25,1735.0,26.35119,50.090743,0.361,0.564,0.0,68,44,53,8072,1750.0,7.467942332285852,7.327123292259293,-0.14081904002655943
الدمام,الشعلة,قطعة أرض-سكنى,2018,1,2027.0,25,1303.6372667783526,767.0,5010.0,1913.0,2156.75,26.35119,50.090743,0.361,0.564,0.0,68,44,53,8073,1735.0,7.459338895220296,7.614805364711073,0.15546646949077747
الدمام,الشعلة,قطعة أرض-سكنى,2018,2,1150.0,23,1123.1622811871057,554.0,3943.0,1853.5,2156.75,26.35119,50.090743,0.361,0.564,0.0,68,44,53,8074,1873.5,7.536097236175967,7.048386408721883,-0.4877108274540838
الدمام,الشعلة,قطعة أرض-سكنى,2018,3,1297.0,27,1165.6766275429904,636.0,4114.0,2130.5,2156.75,26.35119,50.090743,0.361,0.564,0.0,68,44,53,8075,1873.5,7.536097236175967,7.168579897264035,-0.3675173389119317
الدمام,الشعلة,قطعة أرض-سكنى,2018,4,1101.0,53,975.6831107772764,679.0,4132.0,1575.0,2156.75,26.35119,50.090743,0.361,0.564,0.0,68,44,53,8076,1832.25,7.513845626973909,7.004881989712859,-0.5089636372610498
الدمام,الشعلة,قطعة أرض-سكنى,2019,1,1207.0,57,788.0618574884019,741.0,4555.0,100.0,1223.5,26.35119,50.090743,0.361,0.564,0.0,68,44,53,8077,1578.75,7.365021885653564,7.0967213784947605,-0.2683005071588038
الدمام,الشعلة,قطعة أرض-سكنى,2019,2,1291.0,27,1086.0820054246008,1151.0,5057.0,1159.5,1223.5,26.35119,50.090743,0.361,0.564,0.0,68,44,53,8078,1408.5,7.250990310554167,7.163946684342547,-0.08704362621161987
الدمام,الشعلة,قطعة أرض-سكنى,2019,3,1372.0,45,691.9087696037285,741.0,3784.0,180.0,1223.5,26.35119,50.090743,0.361,0.564,0.0,68,44,53,8079,1294.0,7.166265974133638,7.224753405767971,0.05848743163433312
الدمام,الشعلة,قطعة أرض-سكنى,2019,4,1400.0,43,831.9725429918699,996.0,3934.0,65.0,1223.5,26.35119,50.090743,0.361,0.564,0.0,68,44,53,8080,1294.0,7.166265974133638,7.244941546337007,0.07867557220336874
الدمام,الشعلة,قطعة أرض-سكنى,2020,1,1399.0,31,1250.3030961563138,1199.0,5505.0,1344.0,1331.5,26.35119,50.090743,0.361,0.564,0.0,68,44,53,8081,1294.0,7.166265974133638,7.24422751560335,0.0779615414697119
الدمام,الشعلة,قطعة أرض-سكنى,2020,2,1400.0,42,933.8093740986279,583.0,4593.0,145.5,1331.5,26.35119,50.090743,0.361,0.564,0.0,68,44,53,8082,1294.0,7.166265974133638,7.244941546337007,0.07867557220336874
الدمام,الشعلة,قطعة أرض-سكنى,2020,3,1400.0,42,756.6232152765804,829.0,5028.0,119.5,1331.5,26.35119,50.090743,0.361,0.564,0.0,68,44,53,8083,1334.5,7.197061032550016,7.244941546337007,0.047880513786990875
الدمام,الشعلة,قطعة أرض-سكنى,2020,4,1525.0,56,648.4629619238195,933.0,4082.0,206.25,1331.5,26.35119,50.090743,0.361,0.564,0.0,68,44,53,8084,1385.5,7.234537865055833,7.330405211844402,0.09586734678856956
الدمام,الشعلة,قطعة أرض-سكنى,2021,1,1809.0,123,869.4195824624525,668.0,6060.0,477.5,1400.0,26.35119,50.090743,0.361,0.564,0.0,68,44,53,8085,1399.5,7.2445845947001635,7.501082124259871,0.2564975295597076
الدمام,الشعلة,قطعة أرض-سكنى,2021,2,2993.0,47,1088.197460587228,900.0,4961.0,1752.5,1400.0,26.35119,50.090743,0.361,0.564,0.0,68,44,53,8086,1400.0,7.244941546337007,8.004365564979574,0.7594240186425676
الدمام,الشعلة,قطعة أرض-سكنى,2021,3,2200.0,67,999.7017719026829,533.0,6178.0,1040.0,1400.0,26.35119,50.090743,0.361,0.564,0.0,68,44,53,8087,1400.0,7.244941546337007,7.696667081526462,0.45172553518945513
الدمام,الشعلة,قطعة أرض-سكنى,2021,4,2275.0,50,945.5444873463227,663.0,4719.0,919.0,1400.0,26.35119,50.090743,0.361,0.564,0.0,68,44,53,8088,1462.5,7.28858610613194,7.730174795246222,0.4415886891142815
الدمام,الشعلة,قطعة أرض-سكنى,2022,1,2300.0,27,832.7550318190478,1727.0,4783.0,426.0,2237.5,26.35119,50.090743,0.361,0.564,0.0,68,44,53,8089,1667.0,7.419380582918692,7.741099090035366,0.3217185071166737
الدمام,الشعلة,قطعة أرض-سكنى,2022,3,2484.0,12,985.9685708618063,1597.0,5067.0,1060.0,2237.5,26.35119,50.090743,0.361,0.564,0.0,68,44,53,8091,2004.5,7.603648685210108,7.818027938530729,0.21437925332062147
الدمام,الشعلة,قطعة أرض-سكنى,2022,4,2300.0,15,825.3778759424305,1026.0,3822.0,1073.0,2237.5,26.35119,50.090743,0.361,0.564,0.0,68,44,53,8092,2237.5,7.71356127768102,7.741099090035366,0.02753781235434616
الدمام,الشعلة,قطعة أرض-سكنى,2023,1,2245.0,10,1156.5135585504872,1800.0,5007.0,1561.5,2392.0,26.35119,50.090743,0.361,0.564,0.0,68,44,53,8093,2287.5,7.7356518600936965,7.716906135298388,-0.018745724795308227
الدمام,الشعلة,قطعة أرض-سكنى,2023,2,2000.0,51,432.9153030418804,670.0,2469.0,598.0,2392.0,26.35119,50.090743,0.361,0.564,0.0,68,44,53,8094,2287.5,7.7356518600936965,7.601402334583733,-0.13424952550996316
الدمام,الشعلة,قطعة أرض-سكنى,2023,3,1350.0,427,282.81571765267955,520.0,4146.0,150.0,2392.0,26.35119,50.090743,0.361,0.564,0.0,68,44,53,8095,2287.5,7.7356518600936965,7.208600337960199,-0.5270515221334975
الدمام,الشعلة,قطعة أرض-سكنى,2023,4,1654.0,34,1142.1084205910693,1225.0,5831.0,741.0,2392.0,26.35119,50.090743,0.361,0.564,0.0,68,44,53,8096,2260.0,7.72356247227797,7.411556287811163,-0.3120061844668065
الدمام,الشعلة,قطعة أرض-سكنى,2025,4,2000.0,233,974.9114437260215,782.0,4863.965858097718,1196.0,1566.65937055836,26.35119,50.090743,0.361,0.564,0.0,68,44,53,8104,2260.0,7.72356247227797,7.601402334583733,-0.1221601376942365
الدمام,الشعلة,قطعة أرض-سكنى,2026,1,1800.0,47,1152.7201253238138,932.0,5893.0,1236.5,2000.0,26.35119,50.090743,0.361,0.564,0.0,68,44,53,8105,2122.5,7.660820949753326,7.496097345175956,-0.1647236045773699
الدمام,الشعله,قطعة أرض-تجارى,2016,1,1350.0,13,1203.800429622358,833.0,5004.0,50.0,2048.0,26.3,50.1,0.056,0.447,0.34,308,253,276,8065,1976.25,7.589462269399527,7.208600337960199,-0.3808619314393278
الدمام,الشعله,قطعة أرض-تجارى,2016,2,1500.0,15,1264.1094813948596,936.0,4274.0,2250.5,2048.0,26.3,50.1,0.056,0.447,0.34,308,253,276,8066,1350.0,7.208600337960199,7.313886831633462,0.1052864936732627
الدمام,الشعله,قطعة أرض-تجارى,2016,3,1385.0,14,1195.9936142282388,1147.0,4110.0,1928.0,2048.0,26.3,50.1,0.056,0.447,0.34,308,253,276,8067,1425.0,7.262628600974241,7.234177179749849,-0.028451421224392703
الدمام,الشعله,قطعة أرض-تجارى,2016,4,1385.0,27,1444.7518946300213,800.0,4586.0,2720.5,2048.0,26.3,50.1,0.056,0.447,0.34,308,253,276,8068,1385.0,7.234177179749849,7.234177179749849,0.0
الدمام,الشعله,قطعة أرض-تجارى,2017,1,1210.0,24,1113.005172716081,1073.0,4571.0,250.0,1385.0,26.3,50.1,0.056,0.447,0.34,308,253,276,8069,1385.0,7.234177179749849,7.099201743553092,-0.13497543619675678
الدمام,الشعله,قطعة أرض-تجارى,2017,2,1149.0,17,1406.879115485135,731.0,4356.0,2586.0,1385.0,26.3,50.1,0.056,0.447,0.34,308,253,276,8070,1385.0,7.234177179749849,7.047517221357296,-0.18665995839255256
الدمام,الشعله,قطعة أرض-تجارى,2017,3,1050.0,11,662.4840306823183,825.0,2778.0,245.5,1385.0,26.3,50.1,0.056,0.447,0.34,308,253,276,8071,1367.5,7.221470528480734,6.957497370876951,-0.2639731576037825
الدمام,الشعله,قطعة أرض-تجارى,2017,4,1050.0,45,1162.0175471127704,865.0,4311.0,2338.0,1385.0,26.3,50.1,0.056,0.447,0.34,308,253,276,8072,1350.0,7.208600337960199,6.957497370876951,-0.25110296708324764
الدمام,الشعله,قطعة أرض-تجارى,2018,1,3090.5,20,1156.4506269753062,1027.0,6107.0,625.5,1099.5,26.3,50.1,0.056,0.447,0.34,308,253,276,8073,1280.0,7.155396301896734,8.036411688998623,0.8810153871018889
الدمام,الشعله,قطعة أرض-تجارى,2018,2,2718.0,21,1073.2138916091506,1127.0,6627.0,181.0,1099.5,26.3,50.1,0.056,0.447,0.34,308,253,276,8074,1297.5,7.168965031102803,7.908019444632471,0.7390544135296677
الدمام,الشعله,قطعة أرض-تجارى,2018,3,2679.0,11,1074.0591062117408,1101.0,3691.0,1801.5,1099.5,26.3,50.1,0.056,0.447,0.34,308,253,276,8075,1297.5,7.168965031102803,7.893572073504902,0.7246070424020994
الدمام,الشعله,قطعة أرض-تجارى,2018,4,1200.0,36,851.8595215435724,800.0,3826.0,163.25,1099.5,26.3,50.1,0.056,0.447,0.34,308,253,276,8076,1297.5,7.168965031102803,7.0909098220799835,-0.07805520902281948
الدمام,الشعله,قطعة أرض-تجارى,2019,1,1300.0,19,1146.2396160096464,1030.0,3782.0,2148.0,2698.5,26.3,50.1,0.056,0.447,0.34,308,253,276,8077,1205.0,7.095064377287131,7.170888478512505,0.07582410122537375
الدمام,الشعله,قطعة أرض-تجارى,2019,2,1781.0,12,1198.2182858753495,783.0,3968.0,1983.75,2698.5,26.3,50.1,0.056,0.447,0.34,308,253,276,8078,1250.0,7.1316985104669115,7.485491608030754,0.3537930975638428
الدمام,الشعله,قطعة أرض-تجارى,2019,4,2248.0,10,1054.0326581489041,1245.0,3968.0,1926.75,2698.5,26.3,50.1,0.056,0.447,0.34,308,253,276,8080,1540.5,7.340511247326205,7.718240951959316,0.3777297046331105
الدمام,الشعله,قطعة أرض-سكنى,2016,1,3027.0,68,1349.700579093217,784.0,5329.0,2567.0,2048.0,26.3,50.1,0.056,0.447,0.34,308,253,276,8065,2000.0,7.601402334583733,8.01565761455734,0.4142552799736059
الدمام,الشعله,قطعة أرض-سكنى,2016,2,3891.0,74,1331.0434784003403,636.0,5807.0,2583.25,2048.0,26.3,50.1,0.056,0.447,0.34,308,253,276,8066,3027.0,8.01565761455734,8.266678443305896,0.25102082874855647
الدمام,الشعله,قطعة أرض-سكنى,2016,3,3622.0,68,1211.7951727110462,1135.0,4678.0,2650.0,2048.0,26.3,50.1,0.056,0.447,0.34,308,253,276,8067,3459.0,8.14902386805177,8.195057690895077,0.04603382284330593
الدمام,الشعله,قطعة أرض-سكنى,2016,4,1944.0,69,1414.1293757306464,800.0,4988.0,2789.0,2048.0,26.3,50.1,0.056,0.447,0.34,308,253,276,8068,3622.0,8.195057690895077,7.573017256052546,-0.6220404348425301
الدمام,الشعله,قطعة أرض-سكنى,2017,1,1299.5,70,1310.285990940081,900.0,5205.0,2435.5,3324.5,26.3,50.1,0.056,0.447,0.34,308,253,276,8069,3324.5,8.109375317724476,7.170504084888706,-0.93887123283577
الدمام,الشعله,قطعة أرض-سكنى,2017,2,2540.0,69,1334.8801144161216,618.0,4999.0,2549.0,3324.5,26.3,50.1,0.056,0.447,0.34,308,253,276,8070,3027.0,8.01565761455734,7.840312983320164,-0.17534463123717536
الدمام,الشعله,قطعة أرض-سكنى,2017,3,2025.5,42,1080.3406472281906,920.0,4163.0,2151.5,3324.5,26.3,50.1,0.056,0.447,0.34,308,253,276,8071,2783.5,7.931823603029724,7.614065446068364,-0.3177581569613599
الدمام,الشعله,قطعة أرض-سكنى,2017,4,2556.0,75,1207.3086814283463,697.0,4561.0,2502.5,3324.5,26.3,50.1,0.056,0.447,0.34,308,253,276,8072,2540.0,7.840312983320164,7.846589975291186,0.006276991971022383
الدمام,الشعله,قطعة أرض-سكنى,2018,1,2539.5,74,1103.7485347789402,901.0,4134.0,2172.25,2282.75,26.3,50.1,0.056,0.447,0.34,308,253,276,8073,2548.0,7.8434564043761155,7.840116191033786,-0.003340213342329257
الدمام,الشعله,قطعة أرض-سكنى,2018,2,1458.0,45,1056.5621351603252,565.0,3977.0,2007.0,2282.75,26.3,50.1,0.056,0.447,0.34,308,253,276,8074,2539.75,7.840214592017876,7.285506548522785,-0.5547080434950908
الدمام,الشعله,قطعة أرض-سكنى,2018,3,1250.0,51,1011.3926046715557,800.0,3842.0,2005.5,2282.75,26.3,50.1,0.056,0.447,0.34,308,253,276,8075,2282.5,7.733464632625053,7.1316985104669115,-0.6017661221581418
الدمام,الشعله,قطعة أرض-سكنى,2018,4,1200.0,98,1028.4433032619763,663.0,4286.0,1780.0,2282.75,26.3,50.1,0.056,0.447,0.34,308,253,276,8076,1984.75,7.593751955513241,7.0909098220799835,-0.5028421334332576
الدمام,الشعله,قطعة أرض-سكنى,2019,1,1250.0,59,1066.219922641003,550.0,3831.0,1953.5,1354.0,26.3,50.1,0.056,0.447,0.34,308,253,276,8077,1741.75,7.463219604366508,7.1316985104669115,-0.33152109389959694
الدمام,الشعله,قطعة أرض-سكنى,2019,2,1819.0,36,1062.2886744090692,1099.0,3732.0,2060.0,1354.0,26.3,50.1,0.056,0.447,0.34,308,253,276,8078,1741.75,7.463219604366508,7.506591780070841,0.043372175704332605
الدمام,الشعله,قطعة أرض-سكنى,2019,3,2880.0,27,1168.4184406374509,1200.0,4223.0,2305.5,1354.0,26.3,50.1,0.056,0.447,0.34,308,253,276,8079,1638.5,7.402146596284703,7.9658927350845286,0.5637461387998259
الدمام,الشعله,قطعة أرض-سكنى,2019,4,3004.5,24,1497.7053021544157,587.0,5205.0,3043.25,1354.0,26.3,50.1,0.056,0.447,0.34,308,253,276,8080,1638.5,7.402146596284703,8.008199222479217,0.606052626194514
الدمام,الشعله,قطعة أرض-سكنى,2020,1,3247.0,12,1133.8055889950285,1143.0,4362.0,1870.75,2349.5,26.3,50.1,0.056,0.447,0.34,308,253,276,8081,1638.5,7.402146596284703,8.085794701281568,0.6836481049968652
الدمام,الشعله,قطعة أرض-سكنى,2020,2,1500.0,52,1003.9882948666589,1150.0,4982.0,726.5,2349.5,26.3,50.1,0.056,0.447,0.34,308,253,276,8082,1638.5,7.402146596284703,7.313886831633462,-0.08825976465124086
الدمام,الشعله,قطعة أرض-سكنى,2020,3,1642.0,28,885.3885076754777,694.0,4000.0,1225.25,2349.5,26.3,50.1,0.056,0.447,0.34,308,253,276,8083,1659.5,7.414874040816802,7.404279118037268,-0.010594922779533889
الدمام,الشعله,قطعة أرض-سكنى,2022,1,1500.0,10,1359.0019376979074,1046.0,4762.0,1585.5,2048.0,26.3,50.1,0.056,0.447,0.34,308,253,276,8089,1730.5,7.4567433638424765,7.313886831633462,-0.14285653220901473
الدمام,الصدفة,قطعة أرض-تجارى,2017,1,1854.0,18,16.55738683559483,1813.0,1896.0,0.0,1750.0,26.374104,50.217237,0.263,1.005,1.423,35,39,16,8069,2014.5,7.608622582557221,7.5256399750415355,-0.0829826075156852
الدمام,الصدفة,قطعة أرض-تجارى,2020,2,2011.0,25,1666.531199827954,1250.0,6596.0,2783.0,1830.0,26.374104,50.217237,0.263,1.005,1.423,35,39,16,8082,1854.0,7.5256399750415355,7.60688453121963,0.08124455617809456
الدمام,الصدفة,قطعة أرض-تجارى,2020,4,1448.0,15,230.79650901048865,704.0,1530.0,191.0,1830.0,26.374104,50.217237,0.263,1.005,1.423,35,39,16,8084,1932.5,7.567087111047352,7.278628942320682,-0.2884581687266694
الدمام,الصدفة,قطعة أرض-سكنى,2017,1,1813.0,73,360.72277298470044,500.0,1897.0,8.0,1237.0,26.374104,50.217237,0.263,1.005,1.423,35,39,16,8069,1730.5,7.4567433638424765,7.503289630675082,0.0465462668326051
الدمام,الصدفة,قطعة أرض-سكنى,2017,2,1100.0,11,344.1311853454619,545.0,1661.0,34.5,1237.0,26.374104,50.217237,0.263,1.005,1.423,35,39,16,8070,1813.0,7.503289630675082,7.00397413672268,-0.4993154939524018
الدمام,الصدفة,قطعة أرض-سكنى,2017,3,1014.0,25,1681.154536818869,576.0,4800.0,295.0,1237.0,26.374104,50.217237,0.263,1.005,1.423,35,39,16,8071,1456.5,7.284477918224647,6.922643891475888,-0.36183402674875964
الدمام,الصدفة,قطعة أرض-سكنى,2017,4,1042.5,24,790.8474804403442,667.0,4741.0,140.25,1237.0,26.374104,50.217237,0.263,1.005,1.423,35,39,16,8072,1100.0,7.00397413672268,6.950335726517255,-0.05363841020542459
الدمام,الصدفة,قطعة أرض-سكنى,2018,1,895.0,31,143.7038471959771,606.0,1330.0,125.5,1071.25,26.374104,50.217237,0.263,1.005,1.423,35,39,16,8073,1071.25,6.97751452339699,6.79794041297493,-0.17957411042205962
الدمام,الصدفة,قطعة أرض-سكنى,2018,2,1000.0,16,77.74906215940273,750.0,1050.0,31.0,1071.25,26.374104,50.217237,0.263,1.005,1.423,35,39,16,8074,1042.5,6.950335726517255,6.90875477931522,-0.04158094720203476
الدمام,الصدفة,قطعة أرض-سكنى,2018,3,913.0,15,1224.0281859499805,586.0,5608.0,128.0,1071.25,26.374104,50.217237,0.263,1.005,1.423,35,39,16,8075,1028.25,6.936585660650014,6.81783057145415,-0.1187550891958642
الدمام,الصدفة,قطعة أرض-سكنى,2018,4,821.0,33,1033.9443617438117,538.0,5057.0,200.0,1071.25,26.374104,50.217237,0.263,1.005,1.423,35,39,16,8076,1014.0,6.922643891475888,6.71174039505618,-0.21090349641970807
الدمام,الصدفة,قطعة أرض-سكنى,2019,1,950.0,27,116.45346820258405,783.0,1400.0,49.0,904.0,26.374104,50.217237,0.263,1.005,1.423,35,39,16,8077,1007.0,6.915723448631314,6.85751406254539,-0.05820938608592385
الدمام,الصدفة,قطعة أرض-سكنى,2019,2,1000.0,38,1175.9613832794164,500.0,5235.0,120.25,904.0,26.374104,50.217237,0.263,1.005,1.423,35,39,16,8078,975.0,6.883462586413092,6.90875477931522,0.025292192902128363
الدمام,الصدفة,قطعة أرض-سكنى,2019,3,1162.0,38,1138.086438954443,840.0,5712.0,194.25,904.0,26.374104,50.217237,0.263,1.005,1.423,35,39,16,8079,975.0,6.883462586413092,7.0587581525186645,0.1752955661055724
الدمام,الصدفة,قطعة أرض-سكنى,2019,4,1803.0,31,1154.1980886992446,1100.0,5556.0,527.0,904.0,26.374104,50.217237,0.263,1.005,1.423,35,39,16,8080,975.0,6.883462586413092,7.4977617006225685,0.6142991142094765
الدمام,الصدفة,قطعة أرض-سكنى,2020,1,1348.0,41,1898.4012641578433,833.0,5658.0,3696.0,1081.0,26.374104,50.217237,0.263,1.005,1.423,35,39,16,8081,975.0,6.883462586413092,7.207118856207756,0.32365626979466366
الدمام,الصدفة,قطعة أرض-سكنى,2020,2,1350.0,96,1683.670549741186,870.0,6379.0,2978.0,1081.0,26.374104,50.217237,0.263,1.005,1.423,35,39,16,8082,1000.0,6.90875477931522,7.208600337960199,0.29984555864497864
الدمام,الصدفة,قطعة أرض-سكنى,2020,3,1325.0,32,683.9962263796584,1127.0,5167.0,50.0,1081.0,26.374104,50.217237,0.263,1.005,1.423,35,39,16,8083,1081.0,6.9865664594064265,7.189922170745808,0.20335571133938135
الدمام,الصدفة,قطعة أرض-سكنى,2020,4,1300.0,107,778.833514363921,841.0,5945.0,300.0,1081.0,26.374104,50.217237,0.263,1.005,1.423,35,39,16,8084,1243.5,7.126489121807647,7.170888478512505,0.04439935670485795
الدمام,الصدفة,قطعة أرض-سكنى,2022,1,2150.0,25,1496.8592118165286,1700.0,6710.0,502.0,2048.0,26.374104,50.217237,0.263,1.005,1.423,35,39,16,8089,1312.5,7.180450609125595,7.67368812926773,0.4932375201421353
الدمام,الصدفة,قطعة أرض-سكنى,2022,2,5826.0,15,2120.233484447274,535.0,6615.0,3721.0,2048.0,26.374104,50.217237,0.263,1.005,1.423,35,39,16,8090,1336.5,7.198557478770161,8.670257567143075,1.4717000883729137
الدمام,الصدفة,قطعة أرض-سكنى,2022,3,2600.0,13,2101.8533732313736,1200.0,7484.0,3728.0,2048.0,26.374104,50.217237,0.263,1.005,1.423,35,39,16,8091,1349.0,7.2078598714324755,7.8636512654486515,0.6557913940161759
الدمام,الصدفة,قطعة أرض-سكنى,2023,1,1700.0,19,257.6365816166922,1400.0,2450.0,220.0,4213.0,26.374104,50.217237,0.263,1.005,1.423,35,39,16,8093,1576.5,7.363596594415368,7.438971592395862,0.07537499798049385
الدمام,الصفا,قطعة أرض-سكنى,2016,2,3714.0,17,1679.2742655157704,596.0,7734.0,2024.0,2048.0,26.38969,50.182001,0.0,0.08,0.453,75,69,18,8066,1525.0,7.330405211844402,8.220133957151859,0.8897287453074565
الدمام,الصفا,قطعة أرض-سكنى,2017,1,5137.0,19,826.1751545313574,2917.0,5573.0,164.0,3490.25,26.38969,50.182001,0.0,0.08,0.453,75,69,18,8069,3714.0,8.220133957151859,8.544419177669829,0.3242852205179698
الدمام,الصفا,قطعة أرض-سكنى,2019,4,1900.0,10,1584.9822992351963,911.0,5905.0,1777.5,3016.0,26.38969,50.182001,0.0,0.08,0.453,75,69,18,8080,4425.5,8.395364483051104,7.550135342488429,-0.8452291405626751
الدمام,الصفا,قطعة أرض-سكنى,2025,4,2697.3723427214845,10,659.9029289283478,1715.0,3834.5191938988537,59.45776810427242,3381.661437046805,26.38969,50.182001,0.0,0.08,0.453,75,69,18,8104,3714.0,8.220133957151859,7.900404034184643,-0.31972992296721614
الدمام,الصناعية,قطعة أرض-سكنى,2018,4,754.0,11,1.8635254955936096,753.0,760.0,0.0,2193.0,26.451694,50.02191,0.294,0.313,0.614,70,35,78,8076,2648.6861713607423,7.8821964860657605,6.626717749249025,-1.2554787368167357
الدمام,الصناعية الثانية,قطعة أرض-سكنى,2025,4,950.0,17,44.33329649306502,860.0,950.003321689936,90.0,2048.0,26.3,50.1,0.056,0.447,0.34,308,253,276,8104,2648.6861713607423,7.8821964860657605,6.85751406254539,-1.0246824235203702
الدمام,الضباب,قطعة أرض-سكنى,2016,2,1368.0,12,1372.2838185987177,667.0,4342.0,2038.5,2048.0,26.41676,50.059668,0.294,0.535,0.0,202,175,216,8066,2250.0,7.719129840906732,7.221835825288449,-0.4972940156182837
الدمام,الضباب,قطعة أرض-سكنى,2016,3,1400.0,11,2018.522965843184,1397.0,6308.0,2475.0,2048.0,26.41676,50.059668,0.294,0.535,0.0,202,175,216,8067,1368.0,7.221835825288449,7.244941546337007,0.023105721048557903
الدمام,الضباب,قطعة أرض-سكنى,2021,2,1282.0,10,1243.7628793303006,500.0,4162.0,585.25,1509.75,26.41676,50.059668,0.294,0.535,0.0,202,175,216,8086,1384.0,7.233455418621439,7.1569563646156364,-0.07649905400580259
الدمام,الضباب,قطعة أرض-سكنى,2022,1,1350.0,15,935.764332358466,1267.0,4167.0,115.0,1196.5,26.41676,50.059668,0.294,0.535,0.0,202,175,216,8089,1368.0,7.221835825288449,7.208600337960199,-0.01323548732824964
الدمام,الضباب,قطعة أرض-سكنى,2023,3,1490.0,13,1027.5869418579252,1280.0,3580.0,2161.0,1442.5,26.41676,50.059668,0.294,0.535,0.0,202,175,216,8095,1359.0,7.215239978730097,7.307202314764738,0.09196233603464066
الدمام,الضباب,قطعة أرض-سكنى,2025,4,1534.3406593406594,10,1608.266977266143,1300.0,5258.901600742097,487.5,1660.723043629665,26.41676,50.059668,0.294,0.535,0.0,202,175,216,8104,1368.0,7.221835825288449,7.3365075633081664,0.11467173801971775
الدمام,العدامة,قطعة أرض-سكنى,2016,1,6338.5,22,3304.024471100011,1296.0,13376.0,4843.0,2048.0,26.432878,50.10457,0.132,0.233,0.072,302,325,374,8065,1359.0,7.215239978730097,8.754555179968003,1.5393152012379057
الدمام,العدامة,قطعة أرض-سكنى,2016,2,4048.5,16,4080.801422514945,2306.0,14525.0,3937.25,2048.0,26.432878,50.10457,0.132,0.233,0.072,302,325,374,8066,6338.5,8.754555179968003,8.306348695689044,-0.44820648427895904
الدمام,العدامة,قطعة أرض-سكنى,2016,3,5640.0,11,2927.2639226293336,2793.0,10761.0,4605.5,2048.0,26.432878,50.10457,0.132,0.233,0.072,302,325,374,8067,5193.5,8.555355652510586,8.637816633739977,0.08246098122939038
الدمام,العدامة,قطعة أرض-سكنى,2017,3,2936.5,16,2835.4324508500167,1512.0,10511.0,5031.0,4844.25,26.432878,50.10457,0.132,0.233,0.072,302,325,374,8071,5640.0,8.637816633739977,7.9853141584524145,-0.6525024752875623
الدمام,العدامة,قطعة أرض-سكنى,2017,4,4232.0,17,2722.5687724258196,1238.0,10454.0,2874.0,4844.25,26.432878,50.10457,0.132,0.233,0.072,302,325,374,8072,4844.25,8.485754122580857,8.350666240520924,-0.13508788205993305
الدمام,العدامة,قطعة أرض-سكنى,2019,3,3153.5,12,1081.4330980021582,1230.0,4920.0,1371.75,3389.5,26.432878,50.10457,0.132,0.233,0.072,302,325,374,8079,4232.0,8.350666240520924,8.056585283810865,-0.29408095671005974
الدمام,العدامة,قطعة أرض-سكنى,2021,1,4052.5,10,2415.5063973327738,819.0,7960.0,3752.5,1732.5,26.432878,50.10457,0.132,0.233,0.072,302,325,374,8085,4140.25,8.328752953614107,8.307335984427763,-0.021416969186343948
الدمام,العدامة,قطعة أرض-سكنى,2022,1,4075.0,11,2342.368684589481,542.0,7433.0,3183.0,2630.5,26.432878,50.10457,0.132,0.233,0.072,302,325,374,8089,4052.5,8.307335984427763,8.312871394342615,0.005535409914852352
الدمام,العدامة,قطعة أرض-سكنى,2023,2,4000.0,11,2762.6157532309844,1211.0,10762.0,1222.0,3382.25,26.432878,50.10457,0.132,0.233,0.072,302,325,374,8094,4063.75,8.310107519475665,8.294299608857235,-0.015807910618429233
الدمام,العدامة,قطعة أرض-سكنى,2025,4,2229.194575979337,36,1898.4423554197047,1106.0,6873.407997412363,1536.894794293094,2875.21878976135,26.432878,50.10457,0.132,0.233,0.072,302,325,374,8104,4050.5,8.30684246190078,7.709844114450166,-0.5969983474506142
الدمام,العدامه,قطعة أرض-سكنى,2025,4,2500.0,10,339.66407605123004,1737.0,2500.0,512.8967373302416,2048.0,26.3,50.1,0.056,0.447,0.34,308,253,276,8104,4026.25,8.300839039878076,7.824445930877619,-0.4763931090004565
الدمام,العروبة,قطعة أرض-تجارى,2023,1,1200.0,24,555.7369307791989,1200.0,3063.0,462.5,2048.0,26.346686,49.993031,0.261,0.542,0.711,5,18,11,8093,1817.5,7.5057672644270435,7.0909098220799835,-0.4148574423470599
الدمام,العروبة,قطعة أرض-سكنى,2022,1,1200.0,34,881.8028526517373,999.0,5060.0,0.0,2826.0,26.346686,49.993031,0.261,0.542,0.711,5,18,11,8089,3576.75,8.182489390190986,7.0909098220799835,-1.091579568111002
الدمام,العروبة,قطعة أرض-سكنى,2023,1,1250.0,16,62.38105348047061,1200.0,1450.0,62.5,1717.0,26.346686,49.993031,0.261,0.542,0.711,5,18,11,8093,1200.0,7.0909098220799835,7.1316985104669115,0.04078868838692795
الدمام,العروبة,قطعة أرض-سكنى,2025,4,2786.070597222846,12,1248.6232052255955,1150.0,4166.666666666667,2466.1666666666665,2048.0,26.346686,49.993031,0.261,0.542,0.711,5,18,11,8104,1225.0,7.111512116496157,7.932746358062758,0.821234241566601
الدمام,العزيزية,قطعة أرض-سكنى,2016,1,2735.0,12,1587.6241325841695,1488.0,5586.0,3013.5,2048.0,26.457426,50.071764,0.315,0.184,0.302,211,182,338,8065,2643.035298611423,7.8800615513406385,7.914252278742441,0.03419072740180251
الدمام,العزيزية,قطعة أرض-سكنى,2016,2,2400.0,20,1582.7421998078626,867.0,6016.0,1465.0,2048.0,26.457426,50.071764,0.315,0.184,0.302,211,182,338,8066,2735.0,7.914252278742441,7.783640596221253,-0.13061168252118804
الدمام,العزيزية,قطعة أرض-سكنى,2017,1,1860.0,10,944.9352770310661,750.0,3896.0,1158.75,2564.5,26.457426,50.071764,0.315,0.184,0.302,211,182,338,8069,2567.5,7.851077349907323,7.528869256642251,-0.32220809326507194
الدمام,العزيزية,قطعة أرض-سكنى,2019,2,1725.0,11,467.1937694167359,593.0,2326.0,368.5,1767.25,26.457426,50.071764,0.315,0.184,0.302,211,182,338,8078,2400.0,7.783640596221253,7.453561871643373,-0.3300787245778798
الدمام,العزيزية,قطعة أرض-سكنى,2021,1,2100.0,11,694.6592624510889,1186.0,4015.0,251.0,1628.25,26.457426,50.071764,0.315,0.184,0.302,211,182,338,8085,2130.0,7.664346632098617,7.650168700845001,-0.01417793125361655
الدمام,العمامرة,قطعة أرض-سكنى,2017,2,4612.0,12,2910.3047585912354,2767.0,13401.0,2569.0,10505.0,26.44337,50.112293,0.0,0.122,0.124,228,243,323,8070,1980.0,7.591357046698551,8.43663368355782,0.8452766368592695
الدمام,العنود,قطعة أرض-تجارى,2017,4,4050.0,10,3641.273374643669,2667.0,12000.0,3880.25,4933.0,26.447888,50.070555,0.0,0.425,0.0,235,226,413,8072,1614.5,7.387399785264553,8.30671904320269,0.9193192579381373
الدمام,العنود,قطعة أرض-سكنى,2021,1,1600.0,32,660.4194956860814,500.0,4000.0,459.25,1315.0,26.447888,50.070555,0.0,0.425,0.0,235,226,413,8085,2250.0,7.719129840906732,7.3783837129967145,-0.3407461279100179
الدمام,العنود,قطعة أرض-سكنى,2021,2,1633.0,24,816.7107933213177,734.0,4083.0,679.25,1315.0,26.447888,50.070555,0.0,0.425,0.0,235,226,413,8086,1600.0,7.3783837129967145,7.3987862754199485,0.020402562423234016
الدمام,العنود,قطعة أرض-سكنى,2021,3,1633.0,10,538.9991651199472,1380.0,3166.0,418.75,1315.0,26.447888,50.070555,0.0,0.425,0.0,235,226,413,8087,1616.5,7.388637026375056,7.3987862754199485,0.01014924904489245
الدمام,العنود,قطعة أرض-سكنى,2021,4,2000.0,16,915.5528020454819,909.0,4923.0,532.25,1315.0,26.447888,50.070555,0.0,0.425,0.0,235,226,413,8088,1633.0,7.3987862754199485,7.601402334583733,0.2026160591637849
الدمام,العنود,قطعة أرض-سكنى,2025,4,1800.0,20,758.1117853860832,1400.0,4000.0,878.200033303202,1974.81141911354,26.447888,50.070555,0.0,0.425,0.0,235,226,413,8104,1633.0,7.3987862754199485,7.496097345175956,0.09731106975600756
الدمام,الفرسان,قطعة أرض-تجارى,2016,1,1488.0,13,479.8899847213915,637.0,2100.0,886.0,2048.0,26.356944,49.960959,0.0,0.492,0.177,9,23,16,8065,1817.5,7.5057672644270435,7.305860032684009,-0.19990723174303415
الدمام,الفرسان,قطعة أرض-تجارى,2020,4,975.0,12,512.9074802859999,747.0,2684.0,0.0,864.5,26.356944,49.960959,0.0,0.492,0.177,9,23,16,8084,1488.0,7.305860032684009,6.883462586413092,-0.42239744627091724
الدمام,الفرسان,قطعة أرض-تجارى,2023,2,1190.0,42,321.7179350500509,1160.0,1824.0,638.0,2200.0,26.356944,49.960959,0.0,0.492,0.177,9,23,16,8094,1231.5,7.116799905916845,7.0825485693553,-0.03425133656154511
الدمام,الفرسان,قطعة أرض-سكنى,2016,1,769.0,23,973.9826130043507,625.0,3439.0,1101.5,2048.0,26.356944,49.960959,0.0,0.492,0.177,9,23,16,8065,1762.5,7.475055749676106,6.646390514847729,-0.8286652348283772
الدمام,الفرسان,قطعة أرض-سكنى,2016,2,750.0,25,673.6511164294665,514.0,4061.0,36.0,2048.0,26.356944,49.960959,0.0,0.492,0.177,9,23,16,8066,769.0,6.646390514847729,6.621405651764134,-0.02498486308359471
الدمام,الفرسان,قطعة أرض-سكنى,2016,3,810.0,21,885.8146801781102,578.0,3962.0,252.0,2048.0,26.356944,49.960959,0.0,0.492,0.177,9,23,16,8067,759.5,6.633976111699347,6.698268054115413,0.06429194241606595
الدمام,الفرسان,قطعة أرض-سكنى,2016,4,881.5,20,1078.5732522765045,655.0,4788.0,1232.75,2048.0,26.356944,49.960959,0.0,0.492,0.177,9,23,16,8068,769.0,6.646390514847729,6.782758788807452,0.1363682739597225
الدمام,الفرسان,قطعة أرض-سكنى,2017,1,1148.5,14,1210.7066980863733,700.0,4013.0,2243.0,789.5,26.356944,49.960959,0.0,0.492,0.177,9,23,16,8069,789.5,6.672665656649527,7.047082344203236,0.37441668755370916
الدمام,الفرسان,قطعة أرض-سكنى,2017,2,843.0,17,706.5599293927794,547.0,2833.0,686.0,789.5,26.356944,49.960959,0.0,0.492,0.177,9,23,16,8070,810.0,6.698268054115413,6.738152494595957,0.03988444048054429
الدمام,الفرسان,قطعة أرض-سكنى,2017,3,914.0,12,794.0796225629373,526.0,2740.0,1241.0,789.5,26.356944,49.960959,0.0,0.492,0.177,9,23,16,8071,826.5,6.718409107251218,6.818924065275521,0.10051495802430299
الدمام,الفرسان,قطعة أرض-سكنى,2017,4,774.5,20,875.0008180447305,554.0,2922.0,1575.0,789.5,26.356944,49.960959,0.0,0.492,0.177,9,23,16,8072,843.0,6.738152494595957,6.653507982616594,-0.08464451197936373
الدمام,الفرسان,قطعة أرض-سكنى,2018,1,825.0,11,710.8018647338307,500.0,2418.0,793.0,878.5,26.356944,49.960959,0.0,0.492,0.177,9,23,16,8073,826.5,6.718409107251218,6.716594773520978,-0.001814333730240314
الدمام,الفرسان,قطعة أرض-سكنى,2018,2,675.0,18,490.02399567762933,505.0,2303.0,262.5,878.5,26.356944,49.960959,0.0,0.492,0.177,9,23,16,8074,834.0,6.727431724850855,6.516193076042964,-0.21123864880789078
الدمام,الفرسان,قطعة أرض-سكنى,2018,3,746.5,12,465.76417332327645,500.0,1867.0,603.25,878.5,26.356944,49.960959,0.0,0.492,0.177,9,23,16,8075,834.0,6.727431724850855,6.616734305264841,-0.11069741958601398
الدمام,الفرسان,قطعة أرض-سكنى,2018,4,738.0,45,635.716610677202,500.0,3150.0,138.0,878.5,26.356944,49.960959,0.0,0.492,0.177,9,23,16,8076,834.0,6.727431724850855,6.6052979209482015,-0.1221338039026536
الدمام,الفرسان,قطعة أرض-سكنى,2019,1,800.0,29,397.79078034327085,500.0,2308.0,119.0,742.25,26.356944,49.960959,0.0,0.492,0.177,9,23,16,8077,799.75,6.6855487884892675,6.68586094706836,0.00031215857909216993
الدمام,الفرسان,قطعة أرض-سكنى,2019,2,799.0,26,610.8050438056824,536.0,3421.0,186.0,742.25,26.356944,49.960959,0.0,0.492,0.177,9,23,16,8078,787.25,6.669815298425171,6.684611727667927,0.014796429242756481
الدمام,الفرسان,قطعة أرض-سكنى,2019,3,823.5,22,533.505967054837,583.0,2867.0,321.25,742.25,26.356944,49.960959,0.0,0.492,0.177,9,23,16,8079,786.75,6.669180780637384,6.714777141999654,0.04559636136226963
الدمام,الفرسان,قطعة أرض-سكنى,2019,4,900.0,47,295.51269203933816,611.0,2708.0,0.0,742.25,26.356944,49.960959,0.0,0.492,0.177,9,23,16,8080,786.75,6.669180780637384,6.803505257608338,0.13432447697095373
الدمام,الفرسان,قطعة أرض-سكنى,2020,1,950.0,33,611.9113002665822,514.0,3548.0,102.0,811.75,26.356944,49.960959,0.0,0.492,0.177,9,23,16,8081,799.5,6.685236532436769,6.85751406254539,0.17227753010862124
الدمام,الفرسان,قطعة أرض-سكنى,2020,2,1429.0,25,1284.480566869996,676.0,4364.0,2383.0,811.75,26.356944,49.960959,0.0,0.492,0.177,9,23,16,8082,799.5,6.685236532436769,7.265429723253953,0.5801931908171838
الدمام,الفرسان,قطعة أرض-سكنى,2020,3,917.0,19,308.67996636877314,500.0,1912.0,290.0,811.75,26.356944,49.960959,0.0,0.492,0.177,9,23,16,8083,811.75,6.700423559184014,6.822197390620491,0.12177383143647624
الدمام,الفرسان,قطعة أرض-سكنى,2020,4,1000.0,75,517.6915496128371,505.0,3729.0,91.5,811.75,26.356944,49.960959,0.0,0.492,0.177,9,23,16,8084,861.75,6.7601249619781125,6.90875477931522,0.1486298173371079
الدمام,الفرسان,قطعة أرض-سكنى,2022,1,2540.0,17,1267.4431446814488,889.0,4879.0,2102.0,2048.0,26.356944,49.960959,0.0,0.492,0.177,9,23,16,8089,908.5,6.8128949979581765,7.840312983320164,1.0274179853619874
الدمام,الفرسان,قطعة أرض-سكنى,2022,2,1333.0,27,967.5606623502401,735.0,3886.0,1425.5,2048.0,26.356944,49.960959,0.0,0.492,0.177,9,23,16,8090,933.5,6.840011626895618,7.195937226475569,0.35592559957995107
الدمام,الفرسان,قطعة أرض-سكنى,2022,3,1300.0,20,464.6483673307784,515.0,3043.0,13.0,2048.0,26.356944,49.960959,0.0,0.492,0.177,9,23,16,8091,975.0,6.883462586413092,7.170888478512505,0.2874258920994128
الدمام,الفرسان,قطعة أرض-سكنى,2022,4,2198.0,15,1052.0048795831065,565.0,3403.0,1807.5,2048.0,26.356944,49.960959,0.0,0.492,0.177,9,23,16,8092,1150.0,7.048386408721883,7.695757990554761,0.6473715818328785
الدمام,الفرسان,قطعة أرض-سكنى,2023,2,1161.0,41,305.24446020821557,867.0,3030.0,30.0,1765.5,26.356944,49.960959,0.0,0.492,0.177,9,23,16,8094,1316.5,7.1834912804155175,7.057897937411856,-0.12559334300366132
الدمام,الفرسان,قطعة أرض-سكنى,2023,3,1300.0,10,1066.961396781637,738.0,3828.0,1712.75,1765.5,26.356944,49.960959,0.0,0.492,0.177,9,23,16,8095,1316.5,7.1834912804155175,7.170888478512505,-0.012602801903012661
الدمام,الفيحاء,قطعة أرض-سكنى,2016,1,3751.0,11,881.8054722607991,2050.0,4000.0,1741.0,2048.0,26.438114,50.038534,0.176,0.384,0.315,100,87,202,8065,1300.0,7.170888478512505,8.230044310126114,1.0591558316136096
الدمام,الفيحاء,قطعة أرض-سكنى,2018,4,1828.0,12,972.3870776536877,651.0,3286.0,1907.75,1909.0,26.438114,50.038534,0.176,0.384,0.315,100,87,202,8076,3751.0,8.230044310126114,7.511524648390866,-0.7185196617352485
الدمام,الفيحاء,قطعة أرض-سكنى,2019,1,1450.0,10,1057.62894669581,900.0,3568.0,1779.0,1676.0,26.438114,50.038534,0.176,0.384,0.315,100,87,202,8077,2789.5,7.933976070228488,7.280008252884188,-0.6539678173443004
الدمام,الفيحاء,قطعة أرض-سكنى,2021,4,1270.0,11,321.1531778394286,1270.0,2151.0,255.0,1414.0,26.438114,50.038534,0.176,0.384,0.315,100,87,202,8088,1828.0,7.511524648390866,7.147559271189454,-0.36396537720141175
الدمام,الفيحاء,قطعة أرض-سكنى,2025,4,2939.1901517099514,30,858.2766612642961,1018.0,4146.133333333333,1318.729370004094,1767.70783277271,26.438114,50.038534,0.176,0.384,0.315,100,87,202,8104,1639.0,7.402451520818244,7.986229535693595,0.5837780148753513
الدمام,الفيصلية,قطعة أرض-تجارى,2016,4,3634.5,16,1240.5925936153792,593.0,4983.0,1338.0,2048.0,26.393687,50.071403,0.348,0.176,0.0,154,122,112,8068,1468.0,7.292337176173877,8.198501932090112,0.9061647559162349
الدمام,الفيصلية,قطعة أرض-تجارى,2020,2,2026.0,16,1996.6307276259174,1157.0,7917.0,2053.0,1388.75,26.393687,50.071403,0.348,0.176,0.0,154,122,112,8082,3634.5,8.198501932090112,7.614312146452,-0.5841897856381122
الدمام,الفيصلية,قطعة أرض-تجارى,2022,2,1952.0,20,987.2028786851315,1900.0,5249.0,323.0,1932.0,26.393687,50.071403,0.348,0.176,0.0,154,122,112,8090,2830.25,7.9484735892313445,7.577121930876679,-0.37135165835466566
الدمام,الفيصلية,قطعة أرض-تجارى,2023,2,2000.0,11,1447.9463576201483,1165.0,6347.0,640.0,2984.75,26.393687,50.071403,0.348,0.176,0.0,154,122,112,8094,2026.0,7.614312146452,7.601402334583733,-0.012909811868266452
الدمام,الفيصلية,قطعة أرض-سكنى,2016,1,1655.5,12,1235.0621993906366,967.0,4222.0,1645.25,2048.0,26.393687,50.071403,0.348,0.176,0.0,154,122,112,8065,1639.0,7.402451520818244,7.4124622217399505,0.01001070092170675
الدمام,الفيصلية,قطعة أرض-سكنى,2016,2,2280.0,19,1365.6354389245996,1430.0,5967.0,2072.0,2048.0,26.393687,50.071403,0.348,0.176,0.0,154,122,112,8066,1655.5,7.4124622217399505,7.732369222284388,0.3199070005444371
الدمام,الفيصلية,قطعة أرض-سكنى,2016,3,2071.0,13,1075.6859945980327,1189.0,4677.0,1571.0,2048.0,26.393687,50.071403,0.348,0.176,0.0,154,122,112,8067,1967.75,7.585154102573943,7.6362696033793735,0.05111550080543026
الدمام,الفيصلية,قطعة أرض-سكنى,2017,1,3218.0,16,1012.7972794032705,1037.0,4500.0,1068.75,2162.0,26.393687,50.071403,0.348,0.176,0.0,154,122,112,8069,2071.0,7.6362696033793735,8.076826031298808,0.44055642791943406
الدمام,الفيصلية,قطعة أرض-سكنى,2017,2,1833.5,18,1093.391337832461,714.0,4444.0,1512.25,2162.0,26.393687,50.071403,0.348,0.176,0.0,154,122,112,8070,2175.5,7.6854733609923525,7.514527243795337,-0.17094611719701547
الدمام,الفيصلية,قطعة أرض-سكنى,2017,3,1700.0,17,1410.1218580008483,943.0,5974.0,2116.0,2162.0,26.393687,50.071403,0.348,0.176,0.0,154,122,112,8071,2071.0,7.6362696033793735,7.438971592395862,-0.19729801098351185
الدمام,الفيصلية,قطعة أرض-سكنى,2017,4,2607.0,23,922.7572276529568,908.0,4444.0,1075.5,2162.0,26.393687,50.071403,0.348,0.176,0.0,154,122,112,8072,1952.25,7.577249930876854,7.866338923046544,0.28908899216969
الدمام,الفيصلية,قطعة أرض-سكنى,2018,1,1736.0,15,1351.2417992350593,521.0,4695.0,2302.0,2220.25,26.393687,50.071403,0.348,0.176,0.0,154,122,112,8073,2071.0,7.6362696033793735,7.459914766241105,-0.17635483713826883
الدمام,الفيصلية,قطعة أرض-سكنى,2018,2,1700.0,18,1068.0000076497513,519.0,4789.0,1525.75,2220.25,26.393687,50.071403,0.348,0.176,0.0,154,122,112,8074,1952.25,7.577249930876854,7.438971592395862,-0.13827833848099225
الدمام,الفيصلية,قطعة أرض-سكنى,2018,3,2472.5,14,770.3313401558927,1094.0,3352.0,1163.25,2220.25,26.393687,50.071403,0.348,0.176,0.0,154,122,112,8075,1952.25,7.577249930876854,7.813389430667764,0.23613949979090965
الدمام,الفيصلية,قطعة أرض-سكنى,2018,4,1660.0,28,1098.4235408676725,500.0,4103.0,1743.0,2220.25,26.393687,50.071403,0.348,0.176,0.0,154,122,112,8076,1952.25,7.577249930876854,7.415175109613295,-0.162074821263559
الدمام,الفيصلية,قطعة أرض-سكنى,2019,1,1550.0,19,903.3701293729358,586.0,3880.0,1078.5,1718.0,26.393687,50.071403,0.348,0.176,0.0,154,122,112,8077,1784.75,7.487593774035082,7.346655163176539,-0.14093861085854265
الدمام,الفيصلية,قطعة أرض-سكنى,2019,2,1250.0,35,781.2951830295706,795.0,4572.0,0.0,1718.0,26.393687,50.071403,0.348,0.176,0.0,154,122,112,8078,1718.0,7.449498005382849,7.1316985104669115,-0.3177994949159375
الدمام,الفيصلية,قطعة أرض-سكنى,2019,3,2000.0,14,955.6943997504043,691.0,4167.0,515.75,1718.0,26.393687,50.071403,0.348,0.176,0.0,154,122,112,8079,1700.0,7.438971592395862,7.601402334583733,0.16243074218787168
الدمام,الفيصلية,قطعة أرض-سكنى,2019,4,1206.5,24,1399.3983463917834,648.0,5967.0,1005.75,1718.0,26.393687,50.071403,0.348,0.176,0.0,154,122,112,8080,1718.0,7.449498005382849,7.096307385526727,-0.35319061985612166
الدمام,الفيصلية,قطعة أرض-سكنى,2020,1,1699.0,12,899.6457383578575,1038.0,4075.0,672.75,1400.0,26.393687,50.071403,0.348,0.176,0.0,154,122,112,8081,1680.0,7.427144133408616,7.438383530044307,0.011239396635691179
الدمام,الفيصلية,قطعة أرض-سكنى,2020,2,1656.0,32,1677.3433172224004,505.0,7667.0,589.75,1400.0,26.393687,50.071403,0.348,0.176,0.0,154,122,112,8082,1679.5,7.42684664716516,7.4127640174265625,-0.014082629738597419
الدمام,الفيصلية,قطعة أرض-سكنى,2020,3,1955.0,12,1079.3529908180542,1155.0,4360.0,1827.75,1400.0,26.393687,50.071403,0.348,0.176,0.0,154,122,112,8083,1658.0,7.413970290190444,7.578656850594762,0.16468656040431817
الدمام,الفيصلية,قطعة أرض-سكنى,2020,4,1700.0,21,1372.063013963176,1021.0,5759.0,1882.0,1400.0,26.393687,50.071403,0.348,0.176,0.0,154,122,112,8084,1658.0,7.413970290190444,7.438971592395862,0.02500130220541763
الدمام,الفيصلية,قطعة أرض-سكنى,2021,1,1800.0,19,1004.8110147876547,666.0,4329.0,1191.0,1699.5,26.393687,50.071403,0.348,0.176,0.0,154,122,112,8085,1677.5,7.42565581642009,7.496097345175956,0.0704415287558664
الدمام,الفيصلية,قطعة أرض-سكنى,2021,2,2100.0,17,1062.2972678559036,627.0,5329.0,500.0,1699.5,26.393687,50.071403,0.348,0.176,0.0,154,122,112,8086,1699.5,7.43867760444725,7.650168700845001,0.21149109639775077
الدمام,الفيصلية,قطعة أرض-سكنى,2021,3,1800.0,23,688.4948439876862,757.0,4166.0,365.0,1699.5,26.393687,50.071403,0.348,0.176,0.0,154,122,112,8087,1750.0,7.467942332285852,7.496097345175956,0.028155012890104025
الدمام,الفيصلية,قطعة أرض-سكنى,2021,4,1750.0,21,999.3189132985478,692.0,4000.0,1195.0,1699.5,26.393687,50.071403,0.348,0.176,0.0,154,122,112,8088,1750.0,7.467942332285852,7.467942332285852,0.0
الدمام,الفيصلية,قطعة أرض-سكنى,2022,1,2000.0,25,1825.1265234680761,1141.0,8333.0,950.0,1800.0,26.393687,50.071403,0.348,0.176,0.0,154,122,112,8089,1775.0,7.4821189235521155,7.601402334583733,0.11928341103161788
الدمام,الفيصلية,قطعة أرض-سكنى,2022,2,1900.0,52,584.3086551211372,723.0,4300.0,175.0,1800.0,26.393687,50.071403,0.348,0.176,0.0,154,122,112,8090,1800.0,7.496097345175956,7.550135342488429,0.05403799731247272
الدمام,الفيصلية,قطعة أرض-سكنى,2022,3,2097.0,17,1687.7738753789754,507.0,6667.0,735.0,1800.0,26.393687,50.071403,0.348,0.176,0.0,154,122,112,8091,1850.0,7.523481312573497,7.6487397889562425,0.12525847638274534
الدمام,الفيصلية,قطعة أرض-سكنى,2022,4,3217.0,12,1706.9929501372235,1076.0,6667.0,1760.0,1800.0,26.393687,50.071403,0.348,0.176,0.0,154,122,112,8092,1850.0,7.523481312573497,8.076515327552329,0.5530340149788318
الدمام,الفيصلية,قطعة أرض-سكنى,2023,1,2200.0,11,1144.6460667742751,1000.0,5440.0,922.0,2048.5,26.393687,50.071403,0.348,0.176,0.0,154,122,112,8093,1950.0,7.576097340623111,7.696667081526462,0.12056974090335082
الدمام,الفيصلية,قطعة أرض-سكنى,2023,2,2149.0,21,1286.1257936698328,706.0,6016.0,1372.0,2048.5,26.393687,50.071403,0.348,0.176,0.0,154,122,112,8094,2048.5,7.625351139944392,7.673223121121708,0.04787198117731606
الدمام,الفيصلية,قطعة أرض-سكنى,2023,3,3657.0,11,1494.4965342579724,1304.0,6032.0,2174.0,2048.5,26.393687,50.071403,0.348,0.176,0.0,154,122,112,8095,2048.5,7.625351139944392,8.204671828950811,0.5793206890064191
الدمام,الفيصلية,قطعة أرض-سكنى,2025,4,2166.6666666666665,31,1608.20346503199,1002.0,6000.0,986.6666666666665,2211.0490697559153,26.393687,50.071403,0.348,0.176,0.0,154,122,112,8104,2123.0,7.66105638236183,7.681406599201042,0.02035021683921201
الدمام,القادسية,قطعة أرض-سكنى,2016,1,1921.0,13,1094.9597697796469,1062.0,4537.0,945.0,2048.0,26.418225,50.071049,0.043,0.291,0.0,266,211,254,8065,2157.833333333333,7.677323231302201,7.561121589530238,-0.1162016417719629
الدمام,القادسية,قطعة أرض-سكنى,2017,1,2560.0,10,1096.564944623791,561.0,3707.0,1679.0,2361.25,26.418225,50.071049,0.043,0.291,0.0,266,211,254,8069,1921.0,7.561121589530238,7.848153086199526,0.28703149666928773
الدمام,القادسية,قطعة أرض-سكنى,2018,3,1186.5,10,1180.4502389625184,595.0,4722.0,348.5,2117.25,26.418225,50.071049,0.043,0.291,0.0,266,211,254,8075,2240.5,7.714900563595494,7.079605535908796,-0.6352950276866975
الدمام,القادسية,قطعة أرض-سكنى,2019,1,1717.0,11,1059.642495458642,761.0,4559.0,1094.0,1691.5,26.418225,50.071049,0.043,0.291,0.0,266,211,254,8077,1921.0,7.561121589530238,7.4489161025442,-0.1122054869860376
الدمام,القادسية,قطعة أرض-سكنى,2020,4,1080.5,12,301.64603981045957,700.0,1671.0,396.0,1366.75,26.418225,50.071049,0.043,0.291,0.0,266,211,254,8084,1819.0,7.506591780070841,6.986104245393113,-0.520487534677728
الدمام,القادسية,قطعة أرض-سكنى,2021,1,1107.5,14,612.6579859042953,595.0,2998.0,489.25,1268.0,26.418225,50.071049,0.043,0.291,0.0,266,211,254,8085,1717.0,7.4489161025442,7.010763029056366,-0.4381530734878343
الدمام,القادسية,قطعة أرض-سكنى,2021,4,1055.5,16,1908.1121462062968,661.0,8371.0,1359.25,1268.0,26.418225,50.071049,0.043,0.291,0.0,266,211,254,8088,1451.75,7.281213590955215,6.962716837056111,-0.3184967538991037
الدمام,القادسية,قطعة أرض-سكنى,2022,2,1197.0,10,465.7215310080096,794.0,2455.0,272.5,1113.75,26.418225,50.071049,0.043,0.291,0.0,266,211,254,8090,1186.5,7.079605535908796,7.088408778675395,0.008803242766598274
الدمام,القادسية,قطعة أرض-سكنى,2025,4,1663.7835249042146,28,3088.6105796756747,856.0,12847.222222222224,1181.753023431595,1349.2427759238149,26.418225,50.071049,0.043,0.291,0.0,266,211,254,8104,1191.75,7.084016844396216,7.417450378889308,0.3334335344930919
الدمام,القزاز,قطعة أرض-سكنى,2016,1,5310.5,16,3367.0389959131744,806.0,12300.0,5610.75,2048.0,26.434762,50.092024,0.01,0.149,0.01,322,306,464,8065,1191.75,7.084016844396216,8.577629560220068,1.4936127158238515
الدمام,القصور,قطعة أرض-سكنى,2016,1,3248.5,28,1689.80743400577,518.0,7736.0,2712.5,2048.0,26.3,50.1,0.056,0.447,0.34,308,253,276,8065,1191.75,7.084016844396216,8.086256417334404,1.0022395729381879
الدمام,القصور,قطعة أرض-سكنى,2016,2,4839.0,21,1301.8548269589012,2200.0,5867.0,2263.0,2048.0,26.3,50.1,0.056,0.447,0.34,308,253,276,8066,3248.5,8.086256417334404,8.484669999710677,0.3984135823762731
الدمام,القصور,قطعة أرض-سكنى,2016,3,5333.0,25,1819.6986261466484,1220.0,10400.0,2111.0,2048.0,26.3,50.1,0.056,0.447,0.34,308,253,276,8067,4043.75,8.305175022885447,8.58185670474196,0.27668168185651254
الدمام,القصور,قطعة أرض-سكنى,2016,4,4520.0,23,1902.927253059029,1218.0,9533.0,2251.5,2048.0,26.3,50.1,0.056,0.447,0.34,308,253,276,8068,4839.0,8.484669999710677,8.416488487294606,-0.0681815124160714
الدمام,القصور,قطعة أرض-سكنى,2017,1,4399.0,21,1570.1254378157787,1531.0,5886.0,2713.0,4679.5,26.3,50.1,0.056,0.447,0.34,308,253,276,8069,4679.5,8.451160220811799,8.389359819906353,-0.061800400905445585
الدمام,القصور,قطعة أرض-سكنى,2017,2,2997.0,16,1404.0591971732056,600.0,5200.0,1782.0,4679.5,26.3,50.1,0.056,0.447,0.34,308,253,276,8070,4520.0,8.416488487294606,8.005700678662542,-0.41078780863206354
الدمام,القصور,قطعة أرض-سكنى,2017,3,4591.5,14,1520.6082519978497,1800.0,7113.0,1650.25,4679.5,26.3,50.1,0.056,0.447,0.34,308,253,276,8071,4459.5,8.403016146353838,8.432179817089281,0.029163670735442793
الدمام,القصور,قطعة أرض-سكنى,2017,4,4267.0,31,1760.1189897460106,1659.0,9126.0,2587.5,4679.5,26.3,50.1,0.056,0.447,0.34,308,253,276,8072,4520.0,8.416488487294606,8.358900612421644,-0.057587874872961464
الدمام,القصور,قطعة أرض-سكنى,2018,2,3512.0,13,1442.3718536156216,938.0,5749.0,2030.0,4333.0,26.3,50.1,0.056,0.447,0.34,308,253,276,8074,4459.5,8.403016146353838,8.164225652265827,-0.23879049408801123
الدمام,القصور,قطعة أرض-سكنى,2019,3,2250.0,11,1112.5823115617106,1258.0,4511.0,1108.0,3748.75,26.3,50.1,0.056,0.447,0.34,308,253,276,8079,4459.5,8.403016146353838,7.719129840906732,-0.683886305447106
الدمام,القصور,قطعة أرض-سكنى,2020,1,3077.0,11,1000.1816289600058,2049.0,4819.0,1529.5,2175.0,26.3,50.1,0.056,0.447,0.34,308,253,276,8081,4333.0,8.374246182096304,8.032035314398824,-0.34221086769747977
الدمام,القصور,قطعة أرض-سكنى,2020,2,2562.0,10,1035.7523781719688,1950.0,4669.0,1736.75,2175.0,26.3,50.1,0.056,0.447,0.34,308,253,276,8082,3889.5,8.266292963056985,7.848933726364071,-0.4173592366929144
الدمام,القصور,قطعة أرض-سكنى,2020,3,3505.5,14,1652.8349289017951,1744.0,7406.0,1968.25,2175.0,26.3,50.1,0.056,0.447,0.34,308,253,276,8083,3294.5,8.100313180492774,8.162373667976965,0.062060487484190574
الدمام,القصور,قطعة أرض-سكنى,2020,4,1800.0,26,533.7479915292782,1096.0,3512.0,297.75,2175.0,26.3,50.1,0.056,0.447,0.34,308,253,276,8084,3291.25,8.09932650059033,7.496097345175956,-0.6032291554143736
الدمام,القصور,قطعة أرض-سكنى,2021,1,2400.0,15,1350.0509972731013,1051.0,4926.0,2578.5,2819.5,26.3,50.1,0.056,0.447,0.34,308,253,276,8085,3291.25,8.09932650059033,7.783640596221253,-0.31568590436907673
الدمام,القصور,قطعة أرض-سكنى,2021,2,2877.0,15,2494.140586788697,518.0,11190.0,2500.0,2819.5,26.3,50.1,0.056,0.447,0.34,308,253,276,8086,2819.5,7.944669453180031,7.964850887447313,0.020181434267282583
الدمام,القصور,قطعة أرض-سكنى,2021,4,2400.0,12,1001.2892711626619,1121.0,5333.0,613.5,2819.5,26.3,50.1,0.056,0.447,0.34,308,253,276,8088,2719.5,7.90857096592598,7.783640596221253,-0.12493036970472726
الدمام,القصور,قطعة أرض-سكنى,2022,1,2720.0,21,1688.423681595182,1372.0,7246.0,2177.0,2548.75,26.3,50.1,0.056,0.447,0.34,308,253,276,8089,2481.0,7.8168199657645525,7.908754738783246,0.09193477301869368
الدمام,القصور,قطعة أرض-سكنى,2022,2,2449.5,14,1284.7852687562956,2245.0,6299.0,716.25,2548.75,26.3,50.1,0.056,0.447,0.34,308,253,276,8090,2641.0,7.879291485082271,7.804047364349602,-0.07524412073266884
الدمام,القصور,قطعة أرض-سكنى,2022,4,2500.0,17,1135.2895490993114,2299.0,5840.0,998.0,2548.75,26.3,50.1,0.056,0.447,0.34,308,253,276,8092,2505.75,7.826742372404035,7.824445930877619,-0.0022964415264157267
الدمام,القصور,قطعة أرض-سكنى,2023,1,2500.0,13,1372.340995413424,1662.0,6781.0,500.0,2610.0,26.3,50.1,0.056,0.447,0.34,308,253,276,8093,2474.75,7.814298659401412,7.824445930877619,0.010147271476207642
الدمام,القصور,قطعة أرض-سكنى,2023,2,2750.0,34,502.9051997431512,2333.0,4501.0,250.0,2610.0,26.3,50.1,0.056,0.447,0.34,308,253,276,8094,2474.75,7.814298659401412,7.919719760924575,0.10542110152316297
الدمام,القصور,قطعة أرض-سكنى,2023,3,3250.0,15,1561.7257304478455,2381.0,7618.0,1287.5,2610.0,26.3,50.1,0.056,0.447,0.34,308,253,276,8095,2500.0,7.824445930877619,8.086717920303906,0.2622719894262868
الدمام,القصور,قطعة أرض-سكنى,2025,4,2750.0,10,831.8868451037672,1834.0,4245.754245754246,400.0,2048.0,26.3,50.1,0.056,0.447,0.34,308,253,276,8104,2610.0,7.8674885686991285,7.919719760924575,0.052231192225446144
الدمام,القصور بالظهران,قطعة أرض-سكنى,2022,1,2500.0,15,813.2224963510467,1873.0,5462.0,179.5,1680.0,26.3,50.1,0.056,0.447,0.34,308,253,276,8089,2610.0,7.8674885686991285,7.824445930877619,-0.04304263782150919
الدمام,القيروان,قطعة أرض-سكنى,2017,1,5882.0,10,2127.6797717492896,1550.0,7303.0,2393.25,3208.0,26.3,50.1,0.056,0.447,0.34,308,253,276,8069,2610.0,7.8674885686991285,8.679822114864455,0.8123335461653269
الدمام,المحمدية,قطعة أرض-سكنى,2025,4,1227.1143179698622,13,97.41566824605754,1161.0,1400.0,207.25190839694642,2092.5942390938,26.459617,50.055398,0.226,0.384,0.0,156,133,330,8104,2625.0,7.873217054862741,7.113235197183555,-0.7599818576791861
الدمام,المريكبات,قطعة أرض-تجارى,2025,4,3000.0,12,0.0,2999.9999999999995,3000.0,0.0,2048.0,26.411557,50.103841,0.0,0.0,0.523,275,201,219,8104,1976.0,7.589335823170617,8.006700845440367,0.4173650222697498
الدمام,المريكبات,قطعة أرض-سكنى,2016,3,1866.5,10,549.0335043409362,1658.0,3185.0,423.0,2048.0,26.411557,50.103841,0.0,0.0,0.523,275,201,219,8067,2625.0,7.873217054862741,7.5323559170069725,-0.3408611378557689
الدمام,المريكبات,قطعة أرض-سكنى,2018,4,1637.0,10,960.4448332818381,800.0,3333.0,1446.0,2638.5,26.411557,50.103841,0.0,0.0,0.523,275,201,219,8076,1866.5,7.5323559170069725,7.401231264413015,-0.13112465259395734
الدمام,المريكبات,قطعة أرض-سكنى,2025,4,3000.0,14,46.66691038582054,2871.0,3000.0,0.0,2617.93154761905,26.411557,50.103841,0.0,0.0,0.523,275,201,219,8104,1751.75,7.468941262087077,8.006700845440367,0.5377595833532895
الدمام,المزروعية,قطعة أرض-سكنى,2016,1,3706.0,11,1441.2198620991492,1520.0,6000.0,1795.0,2048.0,26.444289,50.121797,0.14,0.068,0.047,151,172,274,8065,2625.0,7.873217054862741,8.217978203150732,0.34476114828799087
الدمام,المزروعية,قطعة أرض-سكنى,2016,2,3038.0,15,1261.5156115146724,1053.0,5779.0,1683.5,2048.0,26.444289,50.121797,0.14,0.068,0.047,151,172,274,8066,3706.0,8.217978203150732,8.019283792916793,-0.19869441023393897
الدمام,المزروعية,قطعة أرض-سكنى,2016,4,1840.0,10,1117.6651307276452,500.0,3311.0,2156.0,2048.0,26.444289,50.121797,0.14,0.068,0.047,151,172,274,8068,3372.0,8.12355783506165,7.518064181233078,-0.6054936538285718
الدمام,المزروعية,قطعة أرض-سكنى,2019,2,1822.5,10,431.49771468430487,1420.0,2898.0,370.25,2183.0,26.444289,50.121797,0.14,0.068,0.047,151,172,274,8078,3038.0,8.019283792916793,7.508513010248735,-0.5107707826680583
الدمام,المزروعية,قطعة أرض-سكنى,2021,1,1800.0,11,652.0804049697051,800.0,3061.0,562.5,2369.5,26.444289,50.121797,0.14,0.068,0.047,151,172,274,8085,2439.0,7.799753318287247,7.496097345175956,-0.3036559731112911
الدمام,المزروعية,قطعة أرض-سكنى,2021,2,2249.5,10,1095.8018068975796,1000.0,4545.0,1344.5,2369.5,26.444289,50.121797,0.14,0.068,0.047,151,172,274,8086,1840.0,7.518064181233078,7.718907692732987,0.20084351149990898
الدمام,المزروعية,قطعة أرض-سكنى,2022,1,2000.0,11,1793.2558809454536,1110.0,7591.0,946.0,2129.75,26.444289,50.121797,0.14,0.068,0.047,151,172,274,8089,2044.75,7.623519749407491,7.601402334583733,-0.022117414823757287
الدمام,المزروعية,قطعة أرض-سكنى,2022,4,2231.0,10,915.9645553549913,667.0,3556.0,1083.25,2129.75,26.444289,50.121797,0.14,0.068,0.047,151,172,274,8092,2000.0,7.601402334583733,7.710653323501202,0.1092509889174682
الدمام,المنار,قطعة أرض-تجارى,2019,3,1000.0,18,832.0090595440645,900.0,4535.0,0.0,2160.25,26.368932,50.035517,0.0,0.125,0.251,47,54,46,8079,1976.0,7.589335823170617,6.90875477931522,-0.6805810438553968
الدمام,المنار,قطعة أرض-تجارى,2020,2,2710.0,13,1001.4774918422614,728.0,3822.0,1138.0,1000.0,26.368932,50.035517,0.0,0.125,0.251,47,54,46,8082,1000.0,6.90875477931522,7.905072849498666,0.9963180701834453
الدمام,المنار,قطعة أرض-تجارى,2021,1,1450.0,19,448.33930733644576,725.0,2625.0,169.5,1538.5,26.368932,50.035517,0.0,0.125,0.251,47,54,46,8085,1855.0,7.526178913346146,7.280008252884188,-0.24617066046195824
الدمام,المنار,قطعة أرض-تجارى,2021,2,1550.0,10,756.8380202453421,964.0,3563.0,417.5,1538.5,26.368932,50.035517,0.0,0.125,0.251,47,54,46,8086,1450.0,7.280008252884188,7.346655163176539,0.06664691029235126
الدمام,المنار,قطعة أرض-تجارى,2021,4,1550.0,10,1402.438229972675,700.0,4865.0,1246.0,1538.5,26.368932,50.035517,0.0,0.125,0.251,47,54,46,8088,1500.0,7.313886831633462,7.346655163176539,0.032768331543077345
الدمام,المنار,قطعة أرض-تجارى,2022,1,2300.0,17,1254.4623877792994,769.0,5943.0,1555.0,1532.0,26.368932,50.035517,0.0,0.125,0.251,47,54,46,8089,1550.0,7.346655163176539,7.741099090035366,0.3944439268588269
الدمام,المنار,قطعة أرض-سكنى,2016,1,2987.5,24,1337.2711019086594,600.0,5716.0,1944.25,2048.0,26.368932,50.035517,0.0,0.125,0.251,47,54,46,8065,2115.5,7.657519059960978,8.002526868264308,0.3450078083033299
الدمام,المنار,قطعة أرض-سكنى,2016,2,1227.0,18,1107.1783721299917,721.0,4467.0,1555.5,2048.0,26.368932,50.035517,0.0,0.125,0.251,47,54,46,8066,2987.5,8.002526868264308,7.113142108707088,-0.8893847595572204
الدمام,المنار,قطعة أرض-سكنى,2016,3,2830.0,21,1301.1929105540771,672.0,4656.0,2627.0,2048.0,26.368932,50.035517,0.0,0.125,0.251,47,54,46,8067,2107.25,7.653613498454751,7.9483852851118995,0.2947717866571482
الدمام,المنار,قطعة أرض-سكنى,2016,4,2354.5,28,2931.14962977266,595.0,14701.0,2564.75,2048.0,26.368932,50.035517,0.0,0.125,0.251,47,54,46,8068,2830.0,7.9483852851118995,7.764508298140096,-0.18387698697180355
الدمام,المنار,قطعة أرض-سكنى,2017,1,1491.0,23,1109.830493057457,775.0,4430.0,1386.0,2592.25,26.368932,50.035517,0.0,0.125,0.251,47,54,46,8069,2592.25,7.8606671943119375,7.307872780763706,-0.5527944135482317
الدمام,المنار,قطعة أرض-سكنى,2017,2,1536.0,28,2865.10701089199,537.0,16000.0,1733.5,2592.25,26.368932,50.035517,0.0,0.125,0.251,47,54,46,8070,2354.5,7.764508298140096,7.337587743538596,-0.4269205546014998
الدمام,المنار,قطعة أرض-سكنى,2017,4,2155.5,26,976.5227981898914,500.0,3778.0,1611.25,2592.25,26.368932,50.035517,0.0,0.125,0.251,47,54,46,8072,1945.25,7.573659723148208,7.676241816087898,0.10258209293968967
الدمام,المنار,قطعة أرض-سكنى,2018,1,1103.0,19,975.4357340927332,556.0,3873.0,1500.5,1845.75,26.368932,50.035517,0.0,0.125,0.251,47,54,46,8073,2155.5,7.676241816087898,7.00669522683704,-0.6695465892508574
الدمام,المنار,قطعة أرض-سكنى,2018,2,2321.0,19,876.5694696301712,562.0,3333.0,1551.5,1845.75,26.368932,50.035517,0.0,0.125,0.251,47,54,46,8074,1845.75,7.521182616408847,7.7501841622578365,0.22900154584898935
الدمام,المنار,قطعة أرض-سكنى,2018,3,1150.0,17,884.3706053725773,667.0,3448.0,950.0,1845.75,26.368932,50.035517,0.0,0.125,0.251,47,54,46,8075,1845.75,7.521182616408847,7.048386408721883,-0.4727962076869643
الدمام,المنار,قطعة أرض-سكنى,2018,4,960.0,34,786.1188899211807,500.0,3013.0,1054.25,1845.75,26.368932,50.035517,0.0,0.125,0.251,47,54,46,8076,1845.75,7.521182616408847,6.8679744089702925,-0.6532082074385546
الدمام,المنار,قطعة أرض-سكنى,2019,1,900.0,58,539.370604334651,514.0,2917.0,405.75,1126.5,26.368932,50.035517,0.0,0.125,0.251,47,54,46,8077,1513.5,7.322840630467292,6.803505257608338,-0.5193353728589543
الدمام,المنار,قطعة أرض-سكنى,2019,2,1167.0,35,695.6149325983317,767.0,3630.0,300.0,1126.5,26.368932,50.035517,0.0,0.125,0.251,47,54,46,8078,1320.5,7.186522734044344,7.0630481633881725,-0.12347457065617107
الدمام,المنار,قطعة أرض-سكنى,2019,3,1000.0,79,598.7640730078581,601.0,4140.0,100.0,1126.5,26.368932,50.035517,0.0,0.125,0.251,47,54,46,8079,1158.5,7.055744156695586,6.90875477931522,-0.14698937738036566
الدمام,المنار,قطعة أرض-سكنى,2019,4,1109.0,84,777.0337027537134,588.0,4430.0,441.25,1126.5,26.368932,50.035517,0.0,0.125,0.251,47,54,46,8080,1126.5,7.027758071376834,7.01211529430638,-0.015642777070453917
الدمام,المنار,قطعة أرض-سكنى,2020,1,1300.0,39,1212.2396310453319,511.0,4579.0,2204.5,1054.5,26.368932,50.035517,0.0,0.125,0.251,47,54,46,8081,1106.0,7.009408932708637,7.170888478512505,0.1614795458038678
الدمام,المنار,قطعة أرض-سكنى,2020,2,3191.0,29,1304.6433359313753,549.0,4400.0,2572.0,1054.5,26.368932,50.035517,0.0,0.125,0.251,47,54,46,8082,1129.5,7.0304152917180245,8.068402958569699,1.0379876668516745
الدمام,المنار,قطعة أرض-سكنى,2020,3,1274.0,22,862.9196149727748,500.0,3887.0,580.5,1054.5,26.368932,50.035517,0.0,0.125,0.251,47,54,46,8083,1129.5,7.0304152917180245,7.150701457592526,0.1202861658745018
الدمام,المنار,قطعة أرض-سكنى,2020,4,1400.0,48,731.4790321452044,645.0,5591.0,194.75,1054.5,26.368932,50.035517,0.0,0.125,0.251,47,54,46,8084,1138.0,7.037905963447182,7.244941546337007,0.2070355828898247
الدمام,المنار,قطعة أرض-سكنى,2021,1,1600.0,57,1050.030301209754,608.0,5000.0,366.0,1350.0,26.368932,50.035517,0.0,0.125,0.251,47,54,46,8085,1220.5,7.107834890697795,7.3783837129967145,0.2705488222989194
الدمام,المنار,قطعة أرض-سكنى,2021,2,1607.5,26,1126.2191021971908,600.0,4274.0,1641.5,1350.0,26.368932,50.035517,0.0,0.125,0.251,47,54,46,8086,1287.0,7.160845906664299,7.383057346679081,0.22221144001478166
الدمام,المنار,قطعة أرض-سكنى,2021,3,3200.0,13,897.940835239017,1500.0,4722.0,571.0,1350.0,26.368932,50.035517,0.0,0.125,0.251,47,54,46,8087,1350.0,7.208600337960199,8.071218539969863,0.8626182020096635
الدمام,المنار,قطعة أرض-سكنى,2021,4,1829.0,27,1288.6884606909261,998.0,6055.0,1794.0,1350.0,26.368932,50.035517,0.0,0.125,0.251,47,54,46,8088,1500.0,7.313886831633462,7.512071245835466,0.1981844142020046
الدمام,المنار,قطعة أرض-سكنى,2022,1,2000.0,21,1006.1381283568041,1200.0,4287.0,1361.0,1718.25,26.368932,50.035517,0.0,0.125,0.251,47,54,46,8089,1603.75,7.380723260191887,7.601402334583733,0.2206790743918461
الدمام,المنار,قطعة أرض-سكنى,2022,2,1500.0,29,923.4174493230489,537.0,4000.0,678.0,1718.25,26.368932,50.035517,0.0,0.125,0.251,47,54,46,8090,1718.25,7.449643428199946,7.313886831633462,-0.13575659656648398
الدمام,المنار,قطعة أرض-سكنى,2022,3,1880.0,23,834.902162264154,625.0,3750.0,945.0,1718.25,26.368932,50.035517,0.0,0.125,0.251,47,54,46,8091,1603.75,7.380723260191887,7.53955882930103,0.15883556910914276
الدمام,المنار,قطعة أرض-سكنى,2022,4,2200.0,17,1211.1184973840843,550.0,4552.0,1705.0,1718.25,26.368932,50.035517,0.0,0.125,0.251,47,54,46,8092,1718.25,7.449643428199946,7.696667081526462,0.247023653326516
الدمام,المنار,قطعة أرض-سكنى,2023,1,1897.5,10,677.6337588337162,1450.0,3722.0,551.75,1940.0,26.368932,50.035517,0.0,0.125,0.251,47,54,46,8093,1854.5,7.525909480500652,7.5488193796718575,0.02290989917120534
الدمام,المنار,قطعة أرض-سكنى,2023,2,1800.0,39,738.1259323704776,530.0,3858.0,215.0,1940.0,26.368932,50.035517,0.0,0.125,0.251,47,54,46,8094,1888.75,7.544199824172286,7.496097345175956,-0.0481024789963298
الدمام,المنار,قطعة أرض-سكنى,2023,3,1837.5,18,1533.4140782235297,1135.0,6150.0,1908.75,1940.0,26.368932,50.035517,0.0,0.125,0.251,47,54,46,8095,1888.75,7.544199824172286,7.516705300741327,-0.027494523430958928
الدمام,المنار,قطعة أرض-سكنى,2023,4,2961.0,12,2913.137983187701,1800.0,11297.0,2060.75,1940.0,26.368932,50.035517,0.0,0.125,0.251,47,54,46,8096,1858.75,7.52819734907145,7.993619994827744,0.465422645756294
الدمام,المنار,قطعة أرض-سكنى,2025,4,1873.925925925926,64,849.8645548403089,1352.706684390429,4556.752278376139,901.2451836870855,1698.367922550835,26.368932,50.035517,0.0,0.125,0.251,47,54,46,8104,1888.75,7.544199824172286,7.536324431451282,-0.007875392721003571
الدمام,المنار,قطعة أرض-سكنى,2026,1,1875.0,18,848.0888183385332,1250.0,4330.0,607.25,1873.925925925926,26.368932,50.035517,0.0,0.125,0.251,47,54,46,8105,1876.962962962963,7.537942938041768,7.53689712956617,-0.0010458084755979868
الدمام,المنتزة,قطعة أرض-تجارى,2023,1,2075.0,14,1772.2523881977218,2025.0,6531.0,416.75,6051.0,26.3,50.1,0.056,0.447,0.34,308,253,276,8093,1775.0,7.4821189235521155,7.638198244285779,0.1560793207336637
الدمام,المنتزة,قطعة أرض-سكنى,2016,1,1850.0,56,1295.5713050594732,1332.0,6116.0,2047.25,2048.0,26.3,50.1,0.056,0.447,0.34,308,253,276,8065,1877.5,7.538228865014023,7.523481312573497,-0.014747552440526057
الدمام,المنتزة,قطعة أرض-سكنى,2016,2,2613.0,31,1750.8314583931044,1613.0,6388.0,3399.0,2048.0,26.3,50.1,0.056,0.447,0.34,308,253,276,8066,1850.0,7.523481312573497,7.868636894184167,0.34515558161066995
الدمام,المنتزة,قطعة أرض-سكنى,2016,3,4740.0,18,1321.7026699346636,1775.0,5309.0,1697.5,2048.0,26.3,50.1,0.056,0.447,0.34,308,253,276,8067,2231.5,7.710877312750654,8.464003362902119,0.7531260501514652
الدمام,المنتزة,قطعة أرض-سكنى,2016,4,1850.0,48,1520.7882717991495,1200.0,5872.0,2694.25,2048.0,26.3,50.1,0.056,0.447,0.34,308,253,276,8068,2613.0,7.868636894184167,7.523481312573497,-0.34515558161066995
الدمام,المنتزة,قطعة أرض-سكنى,2017,1,1850.0,51,1708.0725658460995,1196.0,5885.0,3368.0,2231.5,26.3,50.1,0.056,0.447,0.34,308,253,276,8069,2231.5,7.710877312750654,7.523481312573497,-0.18739600017715663
الدمام,المنتزة,قطعة أرض-سكنى,2017,2,4478.0,11,1492.0718786000527,1400.0,5581.0,2585.0,2231.5,26.3,50.1,0.056,0.447,0.34,308,253,276,8070,1850.0,7.523481312573497,8.4071550862073,0.8836737736338032
الدمام,المنتزة,قطعة أرض-سكنى,2017,4,4455.0,43,1524.8149512838972,1238.0,5063.0,3169.5,2231.5,26.3,50.1,0.056,0.447,0.34,308,253,276,8072,2231.5,7.710877312750654,8.40200678160712,0.6911294688564666
الدمام,المنتزة,قطعة أرض-سكنى,2018,1,2664.5,14,1784.5763926206414,725.0,5110.0,3436.5,3634.75,26.3,50.1,0.056,0.447,0.34,308,253,276,8073,2613.0,7.868636894184167,7.888146936262816,0.019510042078648482
الدمام,المنتزة,قطعة أرض-سكنى,2018,2,4000.0,15,1903.8520900932356,854.0,6696.0,3203.0,3634.75,26.3,50.1,0.056,0.447,0.34,308,253,276,8074,2638.75,7.878439494686623,8.294299608857235,0.41586011417061197
الدمام,المنتزة,قطعة أرض-سكنى,2018,3,3141.0,11,1266.1823723303053,1500.0,4900.0,2023.0,3634.75,26.3,50.1,0.056,0.447,0.34,308,253,276,8075,3332.25,8.111703082995568,8.052614818815567,-0.05908826418000146
الدمام,المنتزة,قطعة أرض-سكنى,2018,4,1600.0,25,1404.1572502157062,514.0,5333.0,2064.0,3634.75,26.3,50.1,0.056,0.447,0.34,308,253,276,8076,3570.5,8.180740954595027,7.3783837129967145,-0.8023572415983127
الدمام,المنتزة,قطعة أرض-سكنى,2019,1,1550.0,25,1173.721929021805,939.0,5200.0,1788.0,2902.75,26.3,50.1,0.056,0.447,0.34,308,253,276,8077,2902.75,7.973758284084619,7.346655163176539,-0.62710312090808
الدمام,المنتزة,قطعة أرض-سكنى,2019,2,1650.0,15,1449.0276279859768,1212.0,4827.0,2750.0,2902.75,26.3,50.1,0.056,0.447,0.34,308,253,276,8078,2902.75,7.973758284084619,7.409136443920128,-0.5646218401644907
الدمام,المنتزة,قطعة أرض-سكنى,2019,3,1600.0,36,1152.8670045407364,763.0,4926.0,611.75,2902.75,26.3,50.1,0.056,0.447,0.34,308,253,276,8079,2902.75,7.973758284084619,7.3783837129967145,-0.5953745710879046
الدمام,المنتزة,قطعة أرض-سكنى,2019,4,1764.0,29,1182.5583646122018,1549.0,4805.0,2167.0,2902.75,26.3,50.1,0.056,0.447,0.34,308,253,276,8080,2157.25,7.677052987115632,7.475905969367397,-0.20114701774823462
الدمام,المنتزة,قطعة أرض-سكنى,2020,1,1650.0,27,858.6852966869985,1550.0,4793.0,110.0,1625.0,26.3,50.1,0.056,0.447,0.34,308,253,276,8081,1707.0,7.443078374348516,7.409136443920128,-0.033941930428387224
الدمام,المنتزة,قطعة أرض-سكنى,2020,2,1700.0,42,935.3142288751695,712.0,5646.0,80.0,1625.0,26.3,50.1,0.056,0.447,0.34,308,253,276,8082,1650.0,7.409136443920128,7.438971592395862,0.02983514847573332
الدمام,المنتزة,قطعة أرض-سكنى,2020,3,1725.0,18,1208.9439471374435,1600.0,5175.0,1199.5,1625.0,26.3,50.1,0.056,0.447,0.34,308,253,276,8083,1650.0,7.409136443920128,7.453561871643373,0.04442542772324476
الدمام,المنتزة,قطعة أرض-سكنى,2020,4,1690.0,24,927.6664730089838,1242.0,4825.0,77.75,1625.0,26.3,50.1,0.056,0.447,0.34,308,253,276,8084,1650.0,7.409136443920128,7.43307534889858,0.023938904978451525
الدمام,المنتزة,قطعة أرض-سكنى,2021,1,1850.0,21,1232.3777965110105,1075.0,6666.0,78.0,1695.0,26.3,50.1,0.056,0.447,0.34,308,253,276,8085,1670.0,7.421177528595393,7.523481312573497,0.1023037839781038
الدمام,المنتزة,قطعة أرض-سكنى,2021,2,1950.0,26,1221.9932317576636,1699.0,6140.0,180.0,1695.0,26.3,50.1,0.056,0.447,0.34,308,253,276,8086,1695.0,7.4360278163518485,7.576097340623111,0.1400695242712624
الدمام,المنتزة,قطعة أرض-سكنى,2021,4,3136.0,17,1431.023356059654,1449.0,6115.0,2474.0,1695.0,26.3,50.1,0.056,0.447,0.34,308,253,276,8088,1712.5,7.4462933413146635,8.051022208190679,0.6047288668760151
الدمام,المنتزة,قطعة أرض-سكنى,2022,1,2150.0,17,1522.4914420700272,1008.0,8056.0,420.0,1950.0,26.3,50.1,0.056,0.447,0.34,308,253,276,8089,1744.5,7.46479632654509,7.67368812926773,0.20889180272263985
الدمام,المنتزة,قطعة أرض-سكنى,2022,2,2300.0,16,712.1418602825329,1950.0,4993.0,109.0,1950.0,26.3,50.1,0.056,0.447,0.34,308,253,276,8090,1787.5,7.4891325586990725,7.741099090035366,0.25196653133629354
الدمام,المنتزة,قطعة أرض-سكنى,2022,3,2087.5,14,1766.4093274459096,1825.0,8611.0,575.0,1950.0,26.3,50.1,0.056,0.447,0.34,308,253,276,8091,1900.0,7.550135342488429,7.64420138393723,0.09406604144880149
الدمام,المنتزة,قطعة أرض-سكنى,2022,4,2048.0,18,593.5218911667182,1536.0,4356.0,430.5,1950.0,26.3,50.1,0.056,0.447,0.34,308,253,276,8092,2018.75,7.610729020359818,7.6251071482389,0.014378127879082214
الدمام,المنتزة,قطعة أرض-سكنى,2023,1,2400.0,11,754.1772760010497,1490.0,4444.0,299.0,2118.75,26.3,50.1,0.056,0.447,0.34,308,253,276,8093,2067.75,7.634699839125373,7.783640596221253,0.14894075709587984
الدمام,المنتزة,قطعة أرض-سكنى,2025,4,5131.0,19,1191.4070647892333,2600.0,6556.001363648284,1294.7223375746635,3739.473139871,26.3,50.1,0.056,0.447,0.34,308,253,276,8104,2118.75,7.659053436184112,8.543250725735527,0.8841972895514152
الدمام,المنتزه,قطعة أرض-سكنى,2020,4,2600.0,11,186.1485233013486,2200.0,2800.0,200.0,2305.0,26.376711,50.12871,0.0,0.422,0.587,78,40,47,8084,2225.0,7.70796153183549,7.8636512654486515,0.15568973361316107
الدمام,المنتزه,قطعة أرض-سكنى,2021,1,2675.0,12,625.6199046957465,1081.0,2750.0,578.25,2757.0,26.376711,50.12871,0.0,0.422,0.587,78,40,47,8085,2600.0,7.8636512654486515,7.892078421248119,0.028427155799467307
الدمام,المنتزه,قطعة أرض-سكنى,2023,1,2955.5,10,360.6500458277463,2591.0,3500.0,664.5,2502.0,26.376711,50.12871,0.0,0.422,0.587,78,40,47,8093,2637.5,7.877965852845723,7.991761415260885,0.11379556241516209
الدمام,المنتزه,قطعة أرض-سكنى,2025,4,4467.125113190462,22,876.2572049863812,2957.0,5527.017361336888,1602.8792032139318,2048.0,26.376711,50.12871,0.0,0.422,0.587,78,40,47,8104,2675.0,7.892078421248119,8.404724161853993,0.5126457406058744
الدمام,الميناء,قطعة أرض-تجارى,2018,1,2661.0,19,498.0916153780762,2649.0,4240.0,0.0,2813.0,26.3,50.1,0.056,0.447,0.34,308,253,276,8073,1812.5,7.503013958722957,7.8868329989550565,0.38381904023209934
الدمام,الميناء,قطعة أرض-تجارى,2025,4,1878.0,11,394.9520842592163,1580.1242236024846,2730.0,178.59937888198738,2048.0,26.3,50.1,0.056,0.447,0.34,308,253,276,8104,2661.0,7.8868329989550565,7.538494999413465,-0.3483379995415916
الدمام,الناصرية,قطعة أرض-سكنى,2025,4,2729.1288209606987,10,537.1091518133924,1545.0,2981.2606473594547,121.5289907811748,2048.0,26.426676,50.119944,0.245,0.0,0.405,194,234,291,8104,2637.5,7.877965852845723,7.912104074230817,0.0341382213850947
الدمام,النخيل,قطعة أرض-سكنى,2016,2,2381.5,14,1957.5905309367397,1000.0,8174.0,2280.0,2048.0,26.438769,50.088295,0.0,0.282,0.283,321,288,488,8066,2702.0644104803496,7.902141375249046,7.775905635528357,-0.12623573972068947
الدمام,النخيل,قطعة أرض-سكنى,2016,3,2750.0,11,4495.601468506341,1000.0,16303.0,1926.0,2048.0,26.438769,50.088295,0.0,0.282,0.283,321,288,488,8067,2381.5,7.775905635528357,7.919719760924575,0.14381412539621774
الدمام,النخيل,قطعة أرض-سكنى,2017,1,2232.5,10,4075.5313818500335,1544.0,13865.0,1866.5,2613.0,26.438769,50.088295,0.0,0.282,0.283,321,288,488,8069,2565.75,7.8503957861790745,7.711325140792173,-0.1390706453869015
الدمام,النخيل,قطعة أرض-سكنى,2023,1,988.5,10,2217.6400369161206,639.0,7850.0,1433.0,1500.0,26.438769,50.088295,0.0,0.282,0.283,321,288,488,8093,2381.5,7.775905635528357,6.89719976504262,-0.8787058704857369
الدمام,النخيل,قطعة أرض-سكنى,2025,4,1263.4408602150538,11,906.6655299714148,864.0,3641.148379632255,954.2981677099215,1491.98598874854,26.438769,50.088295,0.0,0.282,0.283,321,288,488,8104,2307.0,7.744136627627991,7.1423852957122715,-0.6017513319157191
الدمام,الندى,قطعة أرض-تجارى,2016,3,1049.0,13,379.536002143508,514.0,1700.0,171.0,2048.0,26.373921,50.078501,0.043,0.525,0.47,115,98,85,8067,1976.5,7.589588699641809,6.956545443151569,-0.6330432564902404
الدمام,الندى,قطعة أرض-تجارى,2017,2,949.5,14,534.9480872420763,702.0,2914.0,107.5,3087.0,26.373921,50.078501,0.043,0.525,0.47,115,98,85,8070,1049.0,6.956545443151569,6.856988161928484,-0.09955728122308471
الدمام,الندى,قطعة أرض-تجارى,2018,3,950.0,15,136.3590149289036,575.0,1100.0,0.0,1193.75,26.373921,50.078501,0.043,0.525,0.47,115,98,85,8075,999.25,6.908005247737345,6.85751406254539,-0.05049118519195428
الدمام,الندى,قطعة أرض-تجارى,2018,4,1066.0,13,628.4443246865782,697.0,2585.0,311.0,1193.75,26.373921,50.078501,0.043,0.525,0.47,115,98,85,8076,950.0,6.85751406254539,6.9726062513017535,0.11509218875636318
الدمام,الندى,قطعة أرض-تجارى,2019,1,2975.0,11,1029.9003217434554,826.0,3636.0,1240.5,1158.0,26.373921,50.078501,0.043,0.525,0.47,115,98,85,8077,999.5,6.908255154023788,7.998335395952982,1.0900802419291944
الدمام,الندى,قطعة أرض-تجارى,2019,2,1776.0,11,971.6927310813659,813.0,3394.0,1729.5,1158.0,26.373921,50.078501,0.043,0.525,0.47,115,98,85,8078,1049.0,6.956545443151569,7.482681828154651,0.526136385003082
الدمام,الندى,قطعة أرض-سكنى,2016,1,3333.0,15,1556.044870206267,506.0,4948.0,2220.5,2048.0,26.373921,50.078501,0.043,0.525,0.47,115,98,85,8065,2555.3144104803496,7.846321816727593,8.111928063310739,0.2656062465831459
الدمام,الندى,قطعة أرض-سكنى,2016,2,3625.5,42,1574.4928333740072,864.0,5690.0,2813.5,2048.0,26.373921,50.078501,0.043,0.525,0.47,115,98,85,8066,3333.0,8.111928063310739,8.196023274803467,0.0840952114927287
الدمام,الندى,قطعة أرض-سكنى,2016,3,3076.0,13,2233.653896817775,950.0,8565.0,3428.0,2048.0,26.373921,50.078501,0.043,0.525,0.47,115,98,85,8067,3479.25,8.154859409268676,8.031710375322042,-0.12314903394663368
الدمام,الندى,قطعة أرض-سكنى,2016,4,2434.0,14,1051.308833662242,786.0,4167.0,1566.75,2048.0,26.373921,50.078501,0.043,0.525,0.47,115,98,85,8068,3333.0,8.111928063310739,7.79770203551669,-0.3142260277940485
الدمام,الندى,قطعة أرض-سكنى,2017,1,1175.0,20,1002.8289393405774,781.0,3636.0,1121.5,3204.5,26.373921,50.078501,0.043,0.525,0.47,115,98,85,8069,3204.5,8.072623363427311,7.069874128458572,-1.0027492349687392
الدمام,الندى,قطعة أرض-سكنى,2017,2,1140.0,16,1162.8329487362605,950.0,4167.0,1801.75,3204.5,26.373921,50.078501,0.043,0.525,0.47,115,98,85,8070,3076.0,8.031710375322042,7.039660349862076,-0.9920500254599665
الدمام,الندى,قطعة أرض-سكنى,2017,3,3106.5,14,913.7484805537493,1100.0,3662.0,1128.5,3204.5,26.373921,50.078501,0.043,0.525,0.47,115,98,85,8071,2755.0,7.9215356321335495,8.041573823384866,0.1200381912513162
الدمام,الندى,قطعة أرض-سكنى,2017,4,1100.0,36,924.3140103247055,674.0,4198.0,567.25,3204.5,26.373921,50.078501,0.043,0.525,0.47,115,98,85,8072,3076.0,8.031710375322042,7.00397413672268,-1.0277362385993625
الدمام,الندى,قطعة أرض-سكنى,2018,1,1274.0,28,1065.0980380640228,787.0,4157.0,1971.25,1157.5,26.373921,50.078501,0.043,0.525,0.47,115,98,85,8073,2755.0,7.9215356321335495,7.150701457592526,-0.7708341745410232
الدمام,الندى,قطعة أرض-سكنى,2018,2,1200.0,21,1198.4405521939154,700.0,4521.0,1674.0,1157.5,26.373921,50.078501,0.043,0.525,0.47,115,98,85,8074,1854.0,7.5256399750415355,7.0909098220799835,-0.43473015296155193
الدمام,الندى,قطعة أرض-سكنى,2018,3,950.0,27,750.0324684330031,500.0,3456.0,559.5,1157.5,26.373921,50.078501,0.043,0.525,0.47,115,98,85,8075,1237.0,7.121252453244542,6.85751406254539,-0.2637383906991513
الدمام,الندى,قطعة أرض-سكنى,2018,4,1100.0,34,1037.4464537435304,695.0,4223.0,1865.0,1157.5,26.373921,50.078501,0.043,0.525,0.47,115,98,85,8076,1187.5,7.080447286800249,7.00397413672268,-0.07647315007756905
الدمام,الندى,قطعة أرض-سكنى,2019,1,1250.5,24,942.6063734997334,575.0,3477.0,1520.25,1150.0,26.373921,50.078501,0.043,0.525,0.47,115,98,85,8077,1157.5,7.054881343872431,7.132098110871829,0.07721676699939817
الدمام,الندى,قطعة أرض-سكنى,2019,2,1329.0,17,778.9187972099908,932.0,3288.0,858.0,1150.0,26.373921,50.078501,0.043,0.525,0.47,115,98,85,8078,1170.0,7.065613363597717,7.1929342212158,0.12732085761808243
الدمام,الندى,قطعة أرض-سكنى,2019,3,1372.0,24,908.3602003738322,616.0,4127.0,623.0,1150.0,26.373921,50.078501,0.043,0.525,0.47,115,98,85,8079,1225.25,7.111716010879573,7.224753405767971,0.11303739488839781
الدمام,الندى,قطعة أرض-سكنى,2019,4,1299.0,13,1098.4638107783724,1150.0,4000.0,1675.0,1150.0,26.373921,50.078501,0.043,0.525,0.47,115,98,85,8080,1225.25,7.111716010879573,7.170119543449628,0.05840353257005493
الدمام,الندى,قطعة أرض-سكنى,2020,2,2833.0,11,1176.9896732380837,1091.0,4422.0,1812.0,1314.0,26.373921,50.078501,0.043,0.525,0.47,115,98,85,8082,1262.25,7.141443044172018,7.949444420250626,0.8080013760786082
الدمام,الندى,قطعة أرض-سكنى,2020,3,1450.0,20,350.8565871361718,991.0,2870.0,100.0,1314.0,26.373921,50.078501,0.043,0.525,0.47,115,98,85,8083,1274.75,7.151289519944081,7.280008252884188,0.12871873294010694
الدمام,الندى,قطعة أرض-سكنى,2020,4,1500.0,50,993.846055503978,633.0,5833.0,120.0,1314.0,26.373921,50.078501,0.043,0.525,0.47,115,98,85,8084,1314.0,7.181591944611865,7.313886831633462,0.13229488702159653
الدمام,الندى,قطعة أرض-سكنى,2021,1,1556.0,33,965.1970957851672,1214.0,5165.0,200.0,1475.0,26.373921,50.078501,0.043,0.525,0.47,115,98,85,8085,1350.5,7.208970365716502,7.350516171833998,0.14154580611749612
الدمام,الندى,قطعة أرض-سكنى,2021,2,1600.0,19,873.6351259726988,1031.0,4723.0,140.5,1475.0,26.373921,50.078501,0.043,0.525,0.47,115,98,85,8086,1411.0,7.252762418053187,7.3783837129967145,0.12562129494352714
الدمام,الندى,قطعة أرض-سكنى,2022,1,1420.0,31,779.5673489910306,565.0,3460.0,751.0,2198.0,26.373921,50.078501,0.043,0.525,0.47,115,98,85,8089,1475.0,7.297091005160418,7.259116128097101,-0.03797487706331726
الدمام,الندى,قطعة أرض-سكنى,2022,2,1360.0,74,600.0938794875723,1250.0,3299.0,384.0,2198.0,26.373921,50.078501,0.043,0.525,0.47,115,98,85,8090,1475.0,7.297091005160418,7.215975002651466,-0.0811160025089519
الدمام,الندى,قطعة أرض-سكنى,2022,3,1360.0,22,1565.8848873782133,547.0,7283.0,652.5,2198.0,26.373921,50.078501,0.043,0.525,0.47,115,98,85,8091,1475.0,7.297091005160418,7.215975002651466,-0.0811160025089519
الدمام,الندى,قطعة أرض-سكنى,2022,4,1300.0,34,739.4395309721745,1226.0,3810.0,90.0,2198.0,26.373921,50.078501,0.043,0.525,0.47,115,98,85,8092,1475.0,7.297091005160418,7.170888478512505,-0.12620252664791298
الدمام,الندى,قطعة أرض-سكنى,2023,4,3435.5,10,1303.3787033876397,722.0,4891.0,1214.5,1360.0,26.373921,50.078501,0.043,0.525,0.47,115,98,85,8096,1435.0,7.269616749608169,8.14220879056166,0.8725920409534913
الدمام,الندى,قطعة أرض-سكنى,2025,4,2000.0,48,1095.8302910017203,1058.0,4705.882352941177,927.75,1566.00124598237,26.373921,50.078501,0.043,0.525,0.47,115,98,85,8104,1460.0,7.2868764117507,7.601402334583733,0.3145259228330337
الدمام,الندى,قطعة أرض-سكنى,2026,1,3368.0,12,367.95009543044387,2426.0,3921.0,310.25,2000.0,26.373921,50.078501,0.043,0.525,0.47,115,98,85,8105,1488.0,7.305860032684009,8.122371243406553,0.8165112107225436
الدمام,النزهة,قطعة أرض-سكنى,2016,3,2150.0,11,3616.5766434823167,1400.0,13920.0,2609.0,2048.0,26.398814,50.108216,0.0,0.461,0.447,198,143,100,8067,1510.0,7.32052696227274,7.67368812926773,0.35316116699499034
الدمام,النزهة,قطعة أرض-سكنى,2017,1,3559.0,14,1976.7251805854146,1400.0,7043.0,3120.25,2753.5,26.398814,50.108216,0.0,0.461,0.447,198,143,100,8069,2150.0,7.67368812926773,8.177515823846075,0.5038276945783453
الدمام,النزهة,قطعة أرض-سكنى,2017,2,1603.0,13,1242.2834898809406,800.0,4509.0,1900.0,2753.5,26.398814,50.108216,0.0,0.461,0.447,198,143,100,8070,2854.5,7.957002238104917,7.38025578842646,-0.5767464496784571
الدمام,النزهة,قطعة أرض-سكنى,2017,3,3040.0,12,1311.7712406813878,802.0,4944.0,1903.75,2753.5,26.398814,50.108216,0.0,0.461,0.447,198,143,100,8071,2150.0,7.67368812926773,8.019941687677365,0.3462535584096349
الدمام,النزهة,قطعة أرض-سكنى,2019,2,2500.0,16,1187.3650081167123,650.0,4235.0,1856.25,3366.75,26.398814,50.108216,0.0,0.461,0.447,198,143,100,8078,2595.0,7.86172707782398,7.824445930877619,-0.03728114694636098
الدمام,النزهة,قطعة أرض-سكنى,2019,3,1708.5,10,1058.041487319325,1102.0,4000.0,1676.25,3366.75,26.398814,50.108216,0.0,0.461,0.447,198,143,100,8079,2500.0,7.824445930877619,7.443956209079356,-0.3804897217982637
الدمام,النزهة,قطعة أرض-سكنى,2019,4,2400.0,11,1005.6302863017168,1350.0,4585.0,1204.5,3366.75,26.398814,50.108216,0.0,0.461,0.447,198,143,100,8080,2325.0,7.75190533307861,7.783640596221253,0.03173526314264308
الدمام,النزهة,قطعة أرض-سكنى,2020,4,2098.0,15,1055.8055692219093,687.0,4014.0,1612.5,2450.0,26.398814,50.108216,0.0,0.461,0.447,198,143,100,8084,2400.0,7.783640596221253,7.649216319820633,-0.13442427640061982
الدمام,النزهة,قطعة أرض-سكنى,2021,1,2031.0,19,1329.039474198042,1037.0,5331.0,2065.0,1491.75,26.398814,50.108216,0.0,0.461,0.447,198,143,100,8085,2275.0,7.730174795246222,7.616775808698373,-0.11339898654784886
الدمام,النزهة,قطعة أرض-سكنى,2021,2,2062.0,12,1209.7706863849708,1224.0,5269.0,1286.75,1491.75,26.398814,50.108216,0.0,0.461,0.447,198,143,100,8086,2249.0,7.718685495198466,7.631916513071252,-0.0867689821272144
الدمام,النزهة,قطعة أرض-سكنى,2021,3,2676.0,11,1886.7159828654658,1476.0,6490.0,2317.0,1491.75,26.398814,50.108216,0.0,0.461,0.447,198,143,100,8087,2080.0,7.640603826393634,7.892452043520352,0.25184821712671823
الدمام,النزهة,قطعة أرض-سكنى,2021,4,1967.0,13,1360.6199473128568,566.0,5764.0,1417.0,1491.75,26.398814,50.108216,0.0,0.461,0.447,198,143,100,8088,2249.0,7.718685495198466,7.584773077612199,-0.13391241758626737
الدمام,النزهة,قطعة أرض-سكنى,2022,3,2141.5,10,667.0744502843908,673.0,2857.0,847.25,2046.5,26.398814,50.108216,0.0,0.461,0.447,198,143,100,8091,2080.0,7.640603826393634,7.669728650471935,0.02912482407830108
الدمام,النهضة,قطعة أرض-تجارى,2022,2,2350.0,20,1070.4738252411012,2300.0,6605.0,200.0,1973.5,26.377084,50.143618,0.049,0.0,0.445,62,40,11,8090,1421.0,7.259819610363186,7.762596048540069,0.5027764381768831
الدمام,النهضة,قطعة أرض-سكنى,2016,1,1418.0,48,1442.3428482312975,667.0,5067.0,815.75,2048.0,26.377084,50.143618,0.049,0.0,0.445,62,40,11,8065,2080.0,7.640603826393634,7.257707677160043,-0.3828961492335914
الدمام,النهضة,قطعة أرض-سكنى,2016,2,2776.0,62,1517.3708331758648,1190.0,4872.0,2977.0,2048.0,26.377084,50.143618,0.049,0.0,0.445,62,40,11,8066,1418.0,7.257707677160043,7.9291264873067995,0.6714188101467569
الدمام,النهضة,قطعة أرض-سكنى,2016,3,3622.0,49,1474.4544849066124,680.0,5069.0,2840.0,2048.0,26.377084,50.143618,0.049,0.0,0.445,62,40,11,8067,2097.0,7.6487397889562425,8.195057690895077,0.546317901938834
الدمام,النهضة,قطعة أرض-سكنى,2016,4,4171.5,44,1749.5169232070143,700.0,8584.0,2991.5,2048.0,26.377084,50.143618,0.049,0.0,0.445,62,40,11,8068,2776.0,7.9291264873067995,8.33627065553599,0.4071441682291912
الدمام,النهضة,قطعة أرض-سكنى,2017,1,1510.0,85,1325.7435593485118,629.0,5197.0,170.0,3199.0,26.377084,50.143618,0.049,0.0,0.445,62,40,11,8069,3199.0,8.070906088787819,7.32052696227274,-0.750379126515079
الدمام,النهضة,قطعة أرض-سكنى,2017,2,4150.0,33,1817.2728386446975,619.0,6907.0,3530.0,3199.0,26.377084,50.143618,0.049,0.0,0.445,62,40,11,8070,2776.0,7.9291264873067995,8.33110454805304,0.40197806074623976
الدمام,النهضة,قطعة أرض-سكنى,2017,3,3698.0,31,1548.3833372714216,1299.0,5714.0,2853.0,3199.0,26.377084,50.143618,0.049,0.0,0.445,62,40,11,8071,3199.0,8.070906088787819,8.215817791832453,0.14491170304463452
الدمام,النهضة,قطعة أرض-سكنى,2017,4,4191.5,38,1703.6029940836934,952.0,7089.0,3081.5,3199.0,26.377084,50.143618,0.049,0.0,0.445,62,40,11,8072,3622.0,8.195057690895077,8.341052493697363,0.14599480280228683
الدمام,النهضة,قطعة أرض-سكنى,2018,2,3976.5,14,1952.014959240554,1044.0,6438.0,3702.0,3924.0,26.377084,50.143618,0.049,0.0,0.445,62,40,11,8074,3660.0,8.205491613120236,8.288408760211942,0.08291714709170606
الدمام,النهضة,قطعة أرض-سكنى,2018,3,3902.0,13,1302.7292160139846,1365.0,4760.0,2517.0,3924.0,26.377084,50.143618,0.049,0.0,0.445,62,40,11,8075,3837.25,8.252771812539008,8.269500767180615,0.016728954641607174
الدمام,النهضة,قطعة أرض-سكنى,2018,4,1060.0,36,771.595008500481,854.0,4672.0,165.75,3924.0,26.377084,50.143618,0.049,0.0,0.445,62,40,11,8076,3939.25,8.27899945205565,6.966967138613983,-1.3120323134416676
الدمام,النهضة,قطعة أرض-سكنى,2019,1,3418.0,92,1344.244904085405,934.0,5734.0,2536.5,3850.0,26.377084,50.143618,0.049,0.0,0.445,62,40,11,8077,3939.25,8.27899945205565,8.137103389639302,-0.14189606241634856
الدمام,النهضة,قطعة أرض-سكنى,2019,2,1390.0,22,1157.722249660646,913.0,4757.0,436.75,3850.0,26.377084,50.143618,0.049,0.0,0.445,62,40,11,8078,3800.0,8.24301946898925,7.237778191923443,-1.0052412770658066
الدمام,النهضة,قطعة أرض-سكنى,2019,3,2265.0,25,1421.5642299945507,807.0,5263.0,2590.0,3850.0,26.377084,50.143618,0.049,0.0,0.445,62,40,11,8079,3800.0,8.24301946898925,7.725771441587952,-0.5172480274012976
الدمام,النهضة,قطعة أرض-سكنى,2019,4,4545.0,10,1845.3756738880504,956.0,5758.0,3032.75,3850.0,26.377084,50.143618,0.049,0.0,0.445,62,40,11,8080,3558.0,8.177234885510194,8.422003004412488,0.24476811890229477
الدمام,النهضة,قطعة أرض-سكنى,2020,1,1550.0,22,646.9212468045083,1328.0,3861.0,100.0,2841.5,26.377084,50.143618,0.049,0.0,0.445,62,40,11,8081,3660.0,8.205491613120236,7.346655163176539,-0.8588364499436967
الدمام,النهضة,قطعة أرض-سكنى,2020,2,1600.0,24,1502.8064175479117,1230.0,5603.0,2771.0,2841.5,26.377084,50.143618,0.049,0.0,0.445,62,40,11,8082,2841.5,7.952439225624691,7.3783837129967145,-0.5740555126279769
الدمام,النهضة,قطعة أرض-سكنى,2020,3,2085.5,14,1102.6261982045562,1600.0,4231.0,2076.0,2841.5,26.377084,50.143618,0.049,0.0,0.445,62,40,11,8083,1932.5,7.567087111047352,7.643243300031608,0.07615618898425591
الدمام,النهضة,قطعة أرض-سكنى,2021,1,1800.0,15,945.4332944664653,1046.0,4189.0,295.0,1650.0,26.377084,50.143618,0.049,0.0,0.445,62,40,11,8085,1842.75,7.5195568200881295,7.496097345175956,-0.023459474912173484
الدمام,النهضة,قطعة أرض-سكنى,2021,2,1800.0,13,1260.8944983215035,980.0,5729.0,0.0,1650.0,26.377084,50.143618,0.049,0.0,0.445,62,40,11,8086,1942.75,7.572374375927544,7.496097345175956,-0.07627703075158809
الدمام,النهضة,قطعة أرض-سكنى,2021,3,1975.0,10,818.0054944124084,1800.0,4525.0,200.0,1650.0,26.377084,50.143618,0.049,0.0,0.445,62,40,11,8087,1800.0,7.496097345175956,7.588829878307813,0.0927325331318567
الدمام,النهضة,قطعة أرض-سكنى,2022,2,2300.0,21,1159.0563670092847,1862.0,6370.0,200.0,1887.5,26.377084,50.143618,0.049,0.0,0.445,62,40,11,8090,1887.5,7.543538142152512,7.741099090035366,0.19756094788285417
الدمام,النور,قطعة أرض-تجارى,2016,1,2008.5,14,2011.3651929872008,1180.0,7900.0,2391.25,2048.0,26.429089,50.016673,0.39,0.118,0.098,84,70,53,8065,1421.0,7.259819610363186,7.605641213889256,0.34582160352606994
الدمام,النور,قطعة أرض-تجارى,2016,2,1374.5,24,1182.2747663671107,991.0,4341.0,1708.25,2048.0,26.429089,50.016673,0.39,0.118,0.098,84,70,53,8066,2008.5,7.605641213889256,7.226572580364629,-0.3790686335246267
الدمام,النور,قطعة أرض-تجارى,2016,3,1400.0,10,1230.5498545140074,985.0,4380.0,1475.75,2048.0,26.429089,50.016673,0.39,0.118,0.098,84,70,53,8067,1691.5,7.43396200478643,7.244941546337007,-0.1890204584494235
الدمام,النور,قطعة أرض-تجارى,2017,1,1300.0,11,1103.406839993959,536.0,3960.0,1325.5,1387.25,26.429089,50.016673,0.39,0.118,0.098,84,70,53,8069,1400.0,7.244941546337007,7.170888478512505,-0.07405306782450172
الدمام,النور,قطعة أرض-تجارى,2017,2,1300.0,13,1710.814628271483,653.0,6824.0,1569.0,1387.25,26.429089,50.016673,0.39,0.118,0.098,84,70,53,8070,1387.25,7.235799240121716,7.170888478512505,-0.0649107616092115
الدمام,النور,قطعة أرض-تجارى,2017,4,1437.0,13,736.1767921027999,932.0,3020.0,1000.0,1387.25,26.429089,50.016673,0.39,0.118,0.098,84,70,53,8072,1374.5,7.226572580364629,7.271008538280992,0.04443595791636312
الدمام,النور,قطعة أرض-تجارى,2018,1,974.0,12,1365.455923414549,781.0,4948.0,749.5,1300.0,26.429089,50.016673,0.39,0.118,0.098,84,70,53,8073,1387.25,7.235799240121716,6.882437470997847,-0.3533617691238691
الدمام,النور,قطعة أرض-تجارى,2019,2,1150.0,10,487.46770833222035,653.0,2515.0,196.25,1031.5,26.429089,50.016673,0.39,0.118,0.098,84,70,53,8078,1374.5,7.226572580364629,7.048386408721883,-0.17818617164274642
الدمام,النور,قطعة أرض-تجارى,2019,3,1161.0,17,270.7503734178078,1087.0,2261.0,117.0,1031.5,26.429089,50.016673,0.39,0.118,0.098,84,70,53,8079,1337.25,7.19911806927349,7.057897937411856,-0.14122013186163418
الدمام,النور,قطعة أرض-تجارى,2019,4,1163.0,11,392.5072784501756,700.0,2200.0,319.0,1031.5,26.429089,50.016673,0.39,0.118,0.098,84,70,53,8080,1300.0,7.170888478512505,7.059617628291383,-0.11127085022112215
الدمام,النور,قطعة أرض-تجارى,2020,1,1144.5,10,699.5495455410335,800.0,2793.0,346.75,1155.5,26.429089,50.016673,0.39,0.118,0.098,84,70,53,8081,1231.5,7.116799905916845,7.04359650189355,-0.07320340402329517
الدمام,النور,قطعة أرض-تجارى,2020,2,1900.0,11,642.2019648337769,800.0,2524.0,1159.5,1155.5,26.429089,50.016673,0.39,0.118,0.098,84,70,53,8082,1162.0,7.0587581525186645,7.550135342488429,0.4913771899697643
الدمام,النور,قطعة أرض-تجارى,2020,4,1300.0,17,786.6872883845793,600.0,3130.0,1271.0,1155.5,26.429089,50.016673,0.39,0.118,0.098,84,70,53,8084,1162.0,7.0587581525186645,7.170888478512505,0.11213032599384043
الدمام,النور,قطعة أرض-تجارى,2021,1,1400.0,31,553.6893679031883,1000.0,3910.0,39.0,1260.5,26.429089,50.016673,0.39,0.118,0.098,84,70,53,8085,1162.0,7.0587581525186645,7.244941546337007,0.18618339381834215
الدمام,النور,قطعة أرض-تجارى,2021,3,1500.0,13,580.1910825820165,615.0,2666.0,473.0,1260.5,26.429089,50.016673,0.39,0.118,0.098,84,70,53,8087,1162.0,7.0587581525186645,7.313886831633462,0.2551286791147973
الدمام,النور,قطعة أرض-تجارى,2021,4,1463.0,18,488.6751463833724,923.0,3000.0,387.5,1260.5,26.429089,50.016673,0.39,0.118,0.098,84,70,53,8088,1231.5,7.116799905916845,7.288927694521257,0.1721277886044117
الدمام,النور,قطعة أرض-تجارى,2022,2,1775.0,18,1488.8691721453251,954.0,6818.0,1474.75,1481.5,26.429089,50.016673,0.39,0.118,0.098,84,70,53,8090,1350.0,7.208600337960199,7.4821189235521155,0.27351858559191644
الدمام,النور,قطعة أرض-تجارى,2022,3,1797.0,10,1106.4550801747193,703.0,4822.0,394.25,1481.5,26.429089,50.016673,0.39,0.118,0.098,84,70,53,8091,1431.5,7.267176448588895,7.494430215031565,0.22725376644267037
الدمام,النور,قطعة أرض-تجارى,2022,4,2263.5,16,1186.9399029998667,1190.0,5200.0,1463.75,1481.5,26.429089,50.016673,0.39,0.118,0.098,84,70,53,8092,1481.5,7.301485130871881,7.725109262996269,0.4236241321243881
الدمام,النور,قطعة أرض-تجارى,2023,1,1750.0,15,437.6405352515213,909.0,2400.0,522.5,1786.0,26.429089,50.016673,0.39,0.118,0.098,84,70,53,8093,1637.5,7.401536468138869,7.467942332285852,0.06640586414698291
الدمام,النور,قطعة أرض-سكنى,2016,1,1317.0,46,912.786249986409,979.0,4625.0,268.5,2048.0,26.429089,50.016673,0.39,0.118,0.098,84,70,53,8065,1887.5,7.543538142152512,7.183870715062453,-0.3596674270900593
الدمام,النور,قطعة أرض-سكنى,2016,2,1348.5,52,1131.0508208193025,734.0,4195.0,1888.5,2048.0,26.429089,50.016673,0.39,0.118,0.098,84,70,53,8066,1317.0,7.183870715062453,7.207489432458059,0.023618717395606836
الدمام,النور,قطعة أرض-سكنى,2016,3,1300.0,32,1262.3756007060913,766.0,4935.0,2096.25,2048.0,26.429089,50.016673,0.39,0.118,0.098,84,70,53,8067,1332.75,7.195749802615963,7.170888478512505,-0.024861324103458315
الدمام,النور,قطعة أرض-سكنى,2016,4,2080.0,19,1143.52650917807,665.0,4150.0,1974.0,2048.0,26.429089,50.016673,0.39,0.118,0.098,84,70,53,8068,1317.0,7.183870715062453,7.640603826393634,0.45673311133118144
الدمام,النور,قطعة أرض-سكنى,2017,1,1667.0,23,1174.6747056234847,800.0,4048.0,2195.5,1332.75,26.429089,50.016673,0.39,0.118,0.098,84,70,53,8069,1332.75,7.195749802615963,7.419380582918692,0.2236307803027291
الدمام,النور,قطعة أرض-سكنى,2017,2,1175.0,22,1411.9375285102326,599.0,4667.0,2409.0,1332.75,26.429089,50.016673,0.39,0.118,0.098,84,70,53,8070,1348.5,7.207489432458059,7.069874128458572,-0.13761530399948718
الدمام,النور,قطعة أرض-سكنى,2017,3,2375.0,21,1237.7092608063147,1000.0,4935.0,2400.0,1332.75,26.429089,50.016673,0.39,0.118,0.098,84,70,53,8071,1332.75,7.195749802615963,7.773173680482536,0.5774238778665728
الدمام,النور,قطعة أرض-سكنى,2017,4,2610.0,25,1262.06496531148,555.0,4675.0,2015.0,1332.75,26.429089,50.016673,0.39,0.118,0.098,84,70,53,8072,1348.5,7.207489432458059,7.8674885686991285,0.6599991362410691
الدمام,النور,قطعة أرض-سكنى,2018,1,1514.0,11,1245.7577832570241,974.0,4013.0,1873.5,2021.0,26.429089,50.016673,0.39,0.118,0.098,84,70,53,8073,1507.75,7.319036772411741,7.323170717943469,0.004133945531727967
الدمام,النور,قطعة أرض-سكنى,2018,2,1154.5,16,1013.999145298785,890.0,3975.0,1469.0,2021.0,26.429089,50.016673,0.39,0.118,0.098,84,70,53,8074,1590.5,7.3724322467221475,7.0522884297144355,-0.320143817007712
الدمام,النور,قطعة أرض-سكنى,2018,3,1015.0,10,828.4874035118323,750.0,3500.0,319.0,2021.0,26.429089,50.016673,0.39,0.118,0.098,84,70,53,8075,1590.5,7.3724322467221475,6.923628628138427,-0.4488036185837201
الدمام,النور,قطعة أرض-سكنى,2018,4,900.0,21,895.0104814496655,697.0,3100.0,1580.0,2021.0,26.429089,50.016673,0.39,0.118,0.098,84,70,53,8076,1590.5,7.3724322467221475,6.803505257608338,-0.5689269891138098
الدمام,النور,قطعة أرض-سكنى,2019,1,1100.0,25,893.2254903811616,500.0,3566.0,1120.0,1084.75,26.429089,50.016673,0.39,0.118,0.098,84,70,53,8077,1344.5,7.204520970166961,7.00397413672268,-0.20054683344428081
الدمام,النور,قطعة أرض-سكنى,2019,2,1299.0,19,907.8207406068797,649.0,4107.0,1091.5,1084.75,26.429089,50.016673,0.39,0.118,0.098,84,70,53,8078,1164.75,7.06111993568843,7.170119543449628,0.10899960776119766
الدمام,النور,قطعة أرض-سكنى,2019,3,1150.0,31,901.966515841317,800.0,3206.0,1607.5,1084.75,26.429089,50.016673,0.39,0.118,0.098,84,70,53,8079,1226.75,7.112938504919354,7.048386408721883,-0.06455209619747126
الدمام,النور,قطعة أرض-سكنى,2019,4,1150.0,48,770.5794678759984,747.0,3977.0,952.5,1084.75,26.429089,50.016673,0.39,0.118,0.098,84,70,53,8080,1152.25,7.05033932243793,7.048386408721883,-0.001952913716047
الدمام,النور,قطعة أرض-سكنى,2020,1,2623.0,14,949.2985032915875,802.0,3433.0,1782.5,1150.0,26.429089,50.016673,0.39,0.118,0.098,84,70,53,8081,1150.0,7.048386408721883,7.8724551500639794,0.8240687413420966
الدمام,النور,قطعة أرض-سكنى,2020,2,1829.5,22,820.5788686370612,750.0,3250.0,1500.0,1150.0,26.429089,50.016673,0.39,0.118,0.098,84,70,53,8082,1150.0,7.048386408721883,7.512344432560291,0.46395802383840845
الدمام,النور,قطعة أرض-سكنى,2020,3,1291.5,16,709.3369409761015,564.0,3289.0,782.5,1150.0,26.429089,50.016673,0.39,0.118,0.098,84,70,53,8083,1150.0,7.048386408721883,7.164333606382584,0.11594719766070138
الدمام,النور,قطعة أرض-سكنى,2020,4,1350.0,34,742.212555018503,950.0,3601.0,546.5,1150.0,26.429089,50.016673,0.39,0.118,0.098,84,70,53,8084,1220.75,7.108039536150264,7.208600337960199,0.10056080180993465
الدمام,النور,قطعة أرض-سكنى,2021,1,1400.0,55,571.5329484037741,641.0,4121.0,175.0,1589.75,26.429089,50.016673,0.39,0.118,0.098,84,70,53,8085,1295.25,7.167230759543737,7.244941546337007,0.07771078679326937
الدمام,النور,قطعة أرض-سكنى,2021,2,1450.0,22,1046.7949558789821,557.0,4706.0,1330.5,1589.75,26.429089,50.016673,0.39,0.118,0.098,84,70,53,8086,1324.5,7.18954502572908,7.280008252884188,0.0904632271551078
الدمام,النور,قطعة أرض-سكنى,2021,3,1450.0,37,650.6177994960028,793.0,3449.0,250.0,1589.75,26.429089,50.016673,0.39,0.118,0.098,84,70,53,8087,1375.0,7.226936018493289,7.280008252884188,0.05307223439089892
الدمام,النور,قطعة أرض-سكنى,2021,4,1450.0,23,686.6557295392582,1000.0,3285.0,1123.0,1589.75,26.429089,50.016673,0.39,0.118,0.098,84,70,53,8088,1425.0,7.262628600974241,7.280008252884188,0.017379651909946503
الدمام,النور,قطعة أرض-سكنى,2022,1,2500.0,24,911.854484799672,500.0,3636.0,1540.5,1450.0,26.429089,50.016673,0.39,0.118,0.098,84,70,53,8089,1450.0,7.280008252884188,7.824445930877619,0.5444376779934315
الدمام,النور,قطعة أرض-سكنى,2022,2,1725.0,26,813.4457421270429,500.0,3991.0,982.5,1450.0,26.429089,50.016673,0.39,0.118,0.098,84,70,53,8090,1450.0,7.280008252884188,7.453561871643373,0.1735536187591853
الدمام,النور,قطعة أرض-سكنى,2022,3,1450.0,19,908.5457469324293,750.0,3375.0,1489.0,1450.0,26.429089,50.016673,0.39,0.118,0.098,84,70,53,8091,1450.0,7.280008252884188,7.280008252884188,0.0
الدمام,النور,قطعة أرض-سكنى,2022,4,1979.0,14,1034.452023542411,500.0,4733.0,1205.25,1450.0,26.429089,50.016673,0.39,0.118,0.098,84,70,53,8092,1450.0,7.280008252884188,7.590852123688581,0.31084387080439324
الدمام,النور,قطعة أرض-سكنى,2023,1,1861.0,13,858.551538109241,1275.0,4186.0,990.0,1852.0,26.429089,50.016673,0.39,0.118,0.098,84,70,53,8093,1450.0,7.280008252884188,7.529406457837013,0.24939820495282472
الدمام,النور,قطعة أرض-سكنى,2023,2,2000.0,13,827.3161039756424,1300.0,3750.0,1424.0,1852.0,26.429089,50.016673,0.39,0.118,0.098,84,70,53,8094,1587.5,7.370545453709571,7.601402334583733,0.23085688087416223
الدمام,النور,قطعة أرض-سكنى,2023,4,2795.0,11,586.2402237990839,2035.0,3957.0,725.0,1852.0,26.429089,50.016673,0.39,0.118,0.098,84,70,53,8096,1793.0,7.492203042618741,7.935945103353701,0.4437420607349596
الدمام,النور,قطعة أرض-سكنى,2025,4,2056.9387678437265,101,688.7913100580115,619.0,3342.659103589362,911.9143477204307,1440.11348495595,26.429089,50.016673,0.39,0.118,0.098,84,70,53,8104,1920.0,7.560601162768557,7.6294601627170175,0.06885899994846056
الدمام,النور,قطعة أرض-سكنى,2026,1,2372.0,29,753.7999156327106,520.0,3373.0,1192.0,2056.9387678437265,26.429089,50.016673,0.39,0.118,0.098,84,70,53,8105,1989.5,7.596141142440372,7.771910256435763,0.17576911399539163
الدمام,النورس,قطعة أرض-تجارى,2023,2,2500.0,15,276.91325786417735,1800.0,2680.0,290.0,2000.0,26.411986,50.184691,0.296,0.0,0.309,50,44,15,8094,1625.0,7.3938782901077555,7.824445930877619,0.43056764076986376
الدمام,النورس,قطعة أرض-سكنى,2023,3,1600.0,26,23.481580342570968,1600.0,1700.0,0.0,1921.0,26.411986,50.184691,0.296,0.0,0.309,50,44,15,8095,1989.5,7.596141142440372,7.3783837129967145,-0.21775742944365728
الدمام,الواحة,قطعة أرض-تجارى,2023,1,1750.0,13,426.716308209925,1100.0,2467.0,173.0,1750.0,26.382767,50.097581,0.0,0.2,0.0,178,87,100,8093,1762.5,7.475055749676106,7.467942332285852,-0.007113417390254284
الدمام,الواحة,قطعة أرض-سكنى,2017,4,1330.0,21,269.14995820174295,1100.0,2245.0,322.0,3333.0,26.382767,50.097581,0.0,0.2,0.0,178,87,100,8072,1989.5,7.596141142440372,7.193685818395112,-0.40245532404525974
الدمام,الواحة,قطعة أرض-سكنى,2023,1,2000.0,12,308.5891649544305,1100.0,2250.0,200.0,1875.0,26.382767,50.097581,0.0,0.2,0.0,178,87,100,8093,1330.0,7.193685818395112,7.601402334583733,0.40771651618862137
الدمام,بدر,قطعة أرض-سكنى,2016,1,1600.0,27,911.7417506854779,823.0,3605.0,1741.0,2048.0,26.404401,50.023227,0.0,0.786,0.451,111,103,84,8065,2000.0,7.601402334583733,7.3783837129967145,-0.2230186215870189
الدمام,بدر,قطعة أرض-سكنى,2016,2,2173.0,23,909.3860718462672,800.0,3500.0,1657.5,2048.0,26.404401,50.023227,0.0,0.786,0.451,111,103,84,8066,1600.0,7.3783837129967145,7.684324067681155,0.3059403546844406
الدمام,بدر,قطعة أرض-سكنى,2016,3,1727.0,19,1115.5688423872655,1200.0,4342.0,1944.0,2048.0,26.404401,50.023227,0.0,0.786,0.451,111,103,84,8067,1886.5,7.54300848112318,7.454719949364001,-0.08828853175917928
الدمام,بدر,قطعة أرض-سكنى,2016,4,1738.0,19,685.6111287625375,954.0,4000.0,594.5,2048.0,26.404401,50.023227,0.0,0.786,0.451,111,103,84,8068,1727.0,7.454719949364001,7.461065514354283,0.006345564990282604
الدمام,بدر,قطعة أرض-سكنى,2017,1,1952.0,23,699.8040832552432,825.0,3509.0,787.0,1732.5,26.404401,50.023227,0.0,0.786,0.451,111,103,84,8069,1732.5,7.457897765125078,7.577121930876679,0.11922416575160089
الدمام,بدر,قطعة أرض-سكنى,2017,2,2125.0,16,763.5334417474238,986.0,3575.0,1096.75,1732.5,26.404401,50.023227,0.0,0.786,0.451,111,103,84,8070,1738.0,7.461065514354283,7.661997558901893,0.20093204454760993
الدمام,بدر,قطعة أرض-سكنى,2017,3,1580.0,22,1038.411057245407,586.0,4170.0,1258.0,1732.5,26.404401,50.023227,0.0,0.786,0.451,111,103,84,8071,1845.0,7.520776415062797,7.365812837209472,-0.1549635778533247
الدمام,بدر,قطعة أرض-سكنى,2017,4,1692.5,32,717.0294652469019,667.0,3712.0,782.0,1732.5,26.404401,50.023227,0.0,0.786,0.451,111,103,84,8072,1738.0,7.461065514354283,7.434552672257826,-0.02651284209645688
الدمام,بدر,قطعة أرض-سكنى,2018,1,1427.0,19,760.7053897919217,617.0,3000.0,1235.0,1822.25,26.404401,50.023227,0.0,0.786,0.451,111,103,84,8073,1732.5,7.457897765125078,7.2640301428995295,-0.19386762222554843
الدمام,بدر,قطعة أرض-سكنى,2018,2,1464.0,13,690.2970560860199,954.0,3019.0,867.0,1822.25,26.404401,50.023227,0.0,0.786,0.451,111,103,84,8074,1732.5,7.457897765125078,7.289610521451167,-0.16828724367391068
الدمام,بدر,قطعة أرض-سكنى,2018,3,1333.0,14,365.636138413978,759.0,1918.0,539.75,1822.25,26.404401,50.023227,0.0,0.786,0.451,111,103,84,8075,1709.75,7.444687149832607,7.195937226475569,-0.24874992335703805
الدمام,بدر,قطعة أرض-سكنى,2018,4,1076.5,30,940.8933001668419,667.0,4241.0,1114.75,1822.25,26.404401,50.023227,0.0,0.786,0.451,111,103,84,8076,1636.25,7.400773284098163,6.9823988219779025,-0.4183744621202603
الدمام,بدر,قطعة أرض-سكنى,2019,1,1424.0,29,682.0206647837866,560.0,3033.0,1027.0,1380.0,26.404401,50.023227,0.0,0.786,0.451,111,103,84,8077,1522.0,7.328437352895162,7.261927092702751,-0.0665102601924108
الدمام,بدر,قطعة أرض-سكنى,2019,2,1760.0,25,676.6459610953624,500.0,2929.0,1103.0,1380.0,26.404401,50.023227,0.0,0.786,0.451,111,103,84,8078,1445.5,7.27690212441619,7.473637108496206,0.19673498408001588
الدمام,بدر,قطعة أرض-سكنى,2019,3,1795.0,26,799.8881768001171,538.0,3750.0,1203.75,1380.0,26.404401,50.023227,0.0,0.786,0.451,111,103,84,8079,1445.5,7.27690212441619,7.493317248862145,0.21641512444595534
الدمام,بدر,قطعة أرض-سكنى,2019,4,1638.5,24,818.1156758417302,591.0,4000.0,1187.0,1380.0,26.404401,50.023227,0.0,0.786,0.451,111,103,84,8080,1445.5,7.27690212441619,7.402146596284703,0.12524447186851262
الدمام,بدر,قطعة أرض-سكنى,2020,1,1524.0,26,724.6467107388366,863.0,3884.0,1041.25,1699.25,26.404401,50.023227,0.0,0.786,0.451,111,103,84,8081,1445.5,7.27690212441619,7.329749689041512,0.05284756462532236
الدمام,بدر,قطعة أرض-سكنى,2020,2,1811.0,18,674.0836045197606,714.0,2880.0,1015.25,1699.25,26.404401,50.023227,0.0,0.786,0.451,111,103,84,8082,1494.0,7.3098814858247865,7.502186486602924,0.19230500077813772
الدمام,بدر,قطعة أرض-سكنى,2020,3,1396.0,16,463.5758118510211,572.0,2640.0,436.75,1699.25,26.404401,50.023227,0.0,0.786,0.451,111,103,84,8083,1581.25,7.366603163655415,7.242082359256962,-0.12452080439845314
الدمام,بدر,قطعة أرض-سكنى,2020,4,1300.5,14,297.3098431891263,640.0,1747.0,268.0,1699.25,26.404401,50.023227,0.0,0.786,0.451,111,103,84,8084,1581.25,7.366603163655415,7.17127272443462,-0.19533043922079507
الدمام,بدر,قطعة أرض-سكنى,2021,1,1356.5,22,631.9709634953956,1000.0,3331.0,391.0,1460.0,26.404401,50.023227,0.0,0.786,0.451,111,103,84,8085,1581.25,7.366603163655415,7.21340005180809,-0.1532031118473247
الدمام,بدر,قطعة أرض-سكنى,2021,2,1333.0,23,666.8699140113,640.0,3000.0,675.0,1460.0,26.404401,50.023227,0.0,0.786,0.451,111,103,84,8086,1581.25,7.366603163655415,7.195937226475569,-0.17066593717984624
الدمام,بدر,قطعة أرض-سكنى,2021,4,1619.0,23,541.4147146879483,959.0,3285.0,505.5,1460.0,26.404401,50.023227,0.0,0.786,0.451,111,103,84,8088,1460.0,7.2868764117507,7.3901814282264295,0.10330501647572987
الدمام,بدر,قطعة أرض-سكنى,2022,1,1500.0,21,1102.334937433135,807.0,4993.0,976.0,1374.75,26.404401,50.023227,0.0,0.786,0.451,111,103,84,8089,1460.0,7.2868764117507,7.313886831633462,0.027010419882762093
الدمام,بدر,قطعة أرض-سكنى,2022,2,1510.0,22,496.8083065997322,684.0,2720.0,569.25,1374.75,26.404401,50.023227,0.0,0.786,0.451,111,103,84,8090,1448.0,7.278628942320682,7.32052696227274,0.04189801995205755
الدمام,بدر,قطعة أرض-سكنى,2022,3,1400.0,17,347.1129986380939,914.0,2240.0,470.0,1374.75,26.404401,50.023227,0.0,0.786,0.451,111,103,84,8091,1448.0,7.278628942320682,7.244941546337007,-0.03368739598367565
الدمام,بدر,قطعة أرض-سكنى,2022,4,1615.0,19,620.727035524939,583.0,2769.0,747.5,1374.75,26.404401,50.023227,0.0,0.786,0.451,111,103,84,8092,1398.0,7.243512974665482,7.38770923908104,0.14419626441555877
الدمام,بدر,قطعة أرض-سكنى,2023,1,1430.0,11,668.6915310039178,1200.0,3111.0,638.0,1505.0,26.404401,50.023227,0.0,0.786,0.451,111,103,84,8093,1450.0,7.280008252884188,7.266128779556451,-0.013879473327737202
الدمام,بدر,قطعة أرض-سكنى,2023,4,1640.0,11,632.7782320126784,1021.0,3085.0,683.0,1505.0,26.404401,50.023227,0.0,0.786,0.451,111,103,84,8096,1465.0,7.290292882446597,7.403061091090091,0.11276820864349446
الدمام,بدر,قطعة أرض-سكنى,2025,4,1909.8510506130824,73,699.3569472845209,1056.0,4437.481880306482,809.7810029582442,1485.735790558755,26.404401,50.023227,0.0,0.786,0.451,111,103,84,8104,1505.0,7.317212408359839,7.555303998038278,0.23809158967843924
الدمام,بدر,قطعة أرض-سكنى,2026,1,1600.0,11,1001.0932387781235,1289.0,4212.0,1213.5,1909.8510506130824,26.404401,50.023227,0.0,0.786,0.451,111,103,84,8105,1562.5,7.354682176897896,7.3783837129967145,0.023701536098818643
الدمام,ش د  1305,قطعة أرض-تجارى,2020,4,1600.0,11,105.52423246043362,1370.0,1600.0,198.0,1103.5,26.3,50.1,0.056,0.447,0.34,308,253,276,8084,1762.5,7.475055749676106,7.3783837129967145,-0.09667203667939184
الدمام,ش د  1305,قطعة أرض-سكنى,2019,4,1265.0,14,64.33535934102227,1074.0,1350.0,15.0,1025.0,26.3,50.1,0.056,0.447,0.34,308,253,276,8080,1555.0,7.349873704738337,7.143617602704121,-0.20625610203421552
الدمام,ش د  1305,قطعة أرض-سكنى,2020,1,1350.0,10,66.91487129181367,1250.0,1500.0,47.5,1212.5,26.3,50.1,0.056,0.447,0.34,308,253,276,8081,1265.0,7.143617602704121,7.208600337960199,0.0649827352560779
الدمام,ش د  1305,قطعة أرض-سكنى,2020,2,1356.0,10,148.08721154178784,896.0,1400.0,28.25,1212.5,26.3,50.1,0.056,0.447,0.34,308,253,276,8082,1307.5,7.1766367219702,7.213031659834869,0.036394937864669075
الدمام,ش د  1305,قطعة أرض-سكنى,2020,4,1600.0,38,48.778099462747896,1370.0,1600.0,0.0,1212.5,26.3,50.1,0.056,0.447,0.34,308,253,276,8084,1350.0,7.208600337960199,7.3783837129967145,0.16978337503651542
الدمام,ش د 1088,قطعة أرض-تجارى,2016,3,1150.0,16,96.21622784125346,940.0,1179.0,75.5,2048.0,26.3,50.1,0.056,0.447,0.34,308,253,276,8067,1762.5,7.475055749676106,7.048386408721883,-0.4266693409542235
الدمام,ش د 1088,قطعة أرض-سكنى,2016,1,1167.0,12,113.61497980620179,904.0,1250.0,218.0,2048.0,26.3,50.1,0.056,0.447,0.34,308,253,276,8065,1515.0,7.323830566202317,7.0630481633881725,-0.26078240281414455
الدمام,ش د 1117,قطعة أرض-تجارى,2016,3,1050.0,16,664.3351281544581,952.0,3088.0,225.25,2048.0,26.3,50.1,0.056,0.447,0.34,308,253,276,8067,1762.5,7.475055749676106,6.957497370876951,-0.5175583787991549
الدمام,ش د 1117,قطعة أرض-تجارى,2017,1,974.5,24,958.9539099713162,534.0,3810.0,746.5,1275.0,26.3,50.1,0.056,0.447,0.34,308,253,276,8069,1050.0,6.957497370876951,6.8829501600631655,-0.0745472108137859
الدمام,ش د 1117,قطعة أرض-تجارى,2017,2,819.0,23,755.657643584911,700.0,3634.0,153.5,1275.0,26.3,50.1,0.056,0.447,0.34,308,253,276,8070,1012.25,6.920918265508418,6.709304340258298,-0.2116139252501199
الدمام,ش د 1117,قطعة أرض-تجارى,2017,3,857.0,15,737.338424592773,850.0,3071.0,50.0,1275.0,26.3,50.1,0.056,0.447,0.34,308,253,276,8071,974.5,6.8829501600631655,6.754604099487962,-0.12834606057520315
الدمام,ش د 1117,قطعة أرض-تجارى,2018,1,800.0,19,811.1842148423234,695.0,3066.0,200.0,838.0,26.3,50.1,0.056,0.447,0.34,308,253,276,8073,915.75,6.820834806951435,6.68586094706836,-0.13497385988307542
الدمام,ش د 1117,قطعة أرض-تجارى,2018,2,1612.0,20,896.0689353180954,700.0,3071.0,1543.25,838.0,26.3,50.1,0.056,0.447,0.34,308,253,276,8074,857.0,6.754604099487962,7.385851078125209,0.6312469786372468
الدمام,ش د 1117,قطعة أرض-تجارى,2018,3,2905.0,13,1175.3016306790876,822.0,4172.0,2111.0,838.0,26.3,50.1,0.056,0.447,0.34,308,253,276,8075,915.75,6.820834806951435,7.974532844130228,1.1536980371787928
الدمام,ش د 1117,قطعة أرض-تجارى,2019,1,1000.0,21,767.5362904403004,679.0,3310.0,83.0,1673.5,26.3,50.1,0.056,0.447,0.34,308,253,276,8077,974.5,6.8829501600631655,6.90875477931522,0.025804619252054906
الدمام,ش د 1117,قطعة أرض-تجارى,2020,2,1380.0,10,958.4712596398265,1350.0,3771.0,465.0,1290.0,26.3,50.1,0.056,0.447,0.34,308,253,276,8082,987.25,6.895935702176795,7.2305631534092925,0.3346274512324978
الدمام,ش د 1117,قطعة أرض-تجارى,2020,4,1458.0,12,1105.2855760143868,1440.0,4028.0,714.25,1290.0,26.3,50.1,0.056,0.447,0.34,308,253,276,8084,987.25,6.895935702176795,7.285506548522785,0.3895708463459906
الدمام,ش د 1117,قطعة أرض-تجارى,2022,2,2000.0,10,589.257546031916,1625.0,3557.0,632.25,2048.0,26.3,50.1,0.056,0.447,0.34,308,253,276,8090,1190.0,7.0825485693553,7.601402334583733,0.5188537652284335
الدمام,ش د 1117,قطعة أرض-تجارى,2023,1,2133.0,14,1249.010898781402,1200.0,5000.0,1804.0,2368.5,26.3,50.1,0.056,0.447,0.34,308,253,276,8093,1419.0,7.258412150595307,7.665753431861699,0.40734128126639213
الدمام,ش د 1117,قطعة أرض-سكنى,2016,1,1250.0,129,1381.481492536169,500.0,5034.0,2412.0,2048.0,26.3,50.1,0.056,0.447,0.34,308,253,276,8065,1478.0,7.2991214627108,7.1316985104669115,-0.16742295224388837
الدمام,ش د 1117,قطعة أرض-سكنى,2016,2,2220.0,135,1232.8896175064597,526.0,5318.0,2354.5,2048.0,26.3,50.1,0.056,0.447,0.34,308,253,276,8066,1250.0,7.1316985104669115,7.7057128238944275,0.574014313427516
الدمام,ش د 1117,قطعة أرض-سكنى,2016,3,1667.0,95,1171.3018422247549,839.0,4698.0,2298.0,2048.0,26.3,50.1,0.056,0.447,0.34,308,253,276,8067,1735.0,7.459338895220296,7.419380582918692,-0.03995831230160363
الدمام,ش د 1117,قطعة أرض-سكنى,2016,4,1690.5,116,1273.2248580103487,510.0,4778.0,2261.75,2048.0,26.3,50.1,0.056,0.447,0.34,308,253,276,8068,1667.0,7.419380582918692,7.433370988220763,0.01399040530207074
الدمام,ش د 1117,قطعة أرض-سكنى,2017,1,1000.0,171,1269.812112600597,613.0,6222.0,2245.5,1678.75,26.3,50.1,0.056,0.447,0.34,308,253,276,8069,1678.75,7.426400251800259,6.90875477931522,-0.5176454724850386
الدمام,ش د 1117,قطعة أرض-سكنى,2017,2,950.0,212,1184.696833997001,600.0,5688.0,2221.5,1678.75,26.3,50.1,0.056,0.447,0.34,308,253,276,8070,1667.0,7.419380582918692,6.85751406254539,-0.561866520373302
الدمام,ش د 1117,قطعة أرض-سكنى,2017,3,1000.0,135,1186.3116173713493,540.0,4111.0,2284.0,1678.75,26.3,50.1,0.056,0.447,0.34,308,253,276,8071,1458.5,7.2858491902941696,6.90875477931522,-0.37709441097894913
الدمام,ش د 1117,قطعة أرض-سكنى,2017,4,952.0,236,1119.3477009983346,500.0,4297.0,1978.75,1678.75,26.3,50.1,0.056,0.447,0.34,308,253,276,8072,1250.0,7.1316985104669115,6.859614903654202,-0.2720836068127097
الدمام,ش د 1117,قطعة أرض-سكنى,2018,1,977.0,222,1079.7301926406242,528.0,3969.0,1914.25,976.0,26.3,50.1,0.056,0.447,0.34,308,253,276,8073,1125.0,7.026426808699636,6.885509670034818,-0.14091713866481825
الدمام,ش د 1117,قطعة أرض-سكنى,2018,2,1022.5,168,1008.9094422107361,582.0,4883.0,1817.25,976.0,26.3,50.1,0.056,0.447,0.34,308,253,276,8074,1000.0,6.90875477931522,6.930983405101344,0.0222286257861235
الدمام,ش د 1117,قطعة أرض-سكنى,2018,3,2075.0,100,948.0238306257621,522.0,3598.0,1683.0,976.0,26.3,50.1,0.056,0.447,0.34,308,253,276,8075,1000.0,6.90875477931522,7.638198244285779,0.7294434649705588
الدمام,ش د 1117,قطعة أرض-سكنى,2018,4,2132.5,186,862.7786025231566,542.0,3833.0,1653.25,976.0,26.3,50.1,0.056,0.447,0.34,308,253,276,8076,1000.0,6.90875477931522,7.665519102628054,0.7567643233128338
الدمام,ش د 1117,قطعة أرض-سكنى,2019,1,2667.0,75,931.9304579089462,620.0,3546.0,1799.0,1548.75,26.3,50.1,0.056,0.447,0.34,308,253,276,8077,1000.0,6.90875477931522,7.889084407035514,0.9803296277202938
الدمام,ش د 1117,قطعة أرض-سكنى,2019,2,2160.0,52,963.5365107073334,620.0,3838.0,1681.5,1548.75,26.3,50.1,0.056,0.447,0.34,308,253,276,8078,1011.25,6.919930854912271,7.6783263565068856,0.7583955015946149
الدمام,ش د 1117,قطعة أرض-سكنى,2019,3,1401.0,61,1067.7905051280097,653.0,4667.0,1833.0,1548.75,26.3,50.1,0.056,0.447,0.34,308,253,276,8079,1548.75,7.345848906582029,7.2456550675945355,-0.10019383898749368
الدمام,ش د 1117,قطعة أرض-سكنى,2019,4,2606.0,45,1169.0722005509372,792.0,4372.0,2209.0,1548.75,26.3,50.1,0.056,0.447,0.34,308,253,276,8080,1738.0,7.461065514354283,7.865955413933502,0.40488989957921895
الدمام,ش د 1117,قطعة أرض-سكنى,2020,1,1400.0,23,1020.0678153074367,824.0,4060.0,1394.0,2383.0,26.3,50.1,0.056,0.447,0.34,308,253,276,8081,2103.75,7.6519519742177735,7.244941546337007,-0.4070104278807669
الدمام,ش د 1117,قطعة أرض-سكنى,2020,2,2161.0,34,1336.226636089347,885.0,5738.0,2263.25,2383.0,26.3,50.1,0.056,0.447,0.34,308,253,276,8082,2103.75,7.6519519742177735,7.6787889981991535,0.026837023981379993
الدمام,ش د 1117,قطعة أرض-سكنى,2020,3,1666.0,27,745.0259751872438,1146.0,4022.0,972.0,2383.0,26.3,50.1,0.056,0.447,0.34,308,253,276,8083,2146.25,7.671943232646334,7.418780882750794,-0.25316234989553976
الدمام,ش د 1117,قطعة أرض-سكنى,2020,4,1536.0,36,860.5448048248919,808.0,4000.0,130.0,2383.0,26.3,50.1,0.056,0.447,0.34,308,253,276,8084,2146.25,7.671943232646334,7.337587743538596,-0.3343554891077378
الدمام,ش د 1117,قطعة أرض-سكنى,2022,1,2418.0,15,1515.9822746796403,1255.0,5477.0,2608.0,2048.0,26.3,50.1,0.056,0.447,0.34,308,253,276,8089,1913.0,7.5569505720129,7.791109510610028,0.23415893859712789
الدمام,ش د 1117,قطعة أرض-سكنى,2022,2,1323.0,11,1830.6416063525626,700.0,5000.0,3269.0,2048.0,26.3,50.1,0.056,0.447,0.34,308,253,276,8090,1913.0,7.5569505720129,7.188412736496954,-0.3685378355159461
الدمام,ش د 1117,قطعة أرض-سكنى,2022,4,4034.0,13,1061.2384939426393,1500.0,4938.0,1166.0,2048.0,26.3,50.1,0.056,0.447,0.34,308,253,276,8092,1601.0,7.379008127628304,8.302761580704049,0.9237534530757445
الدمام,ش د 1531,قطعة أرض-تجارى,2023,2,606.0,38,161.3852903730414,600.0,930.0,320.0,2048.0,26.3,50.1,0.056,0.447,0.34,308,253,276,8094,1535.0,7.336936913707618,6.408528791059498,-0.9284081226481193
الدمام,ش د 1531,قطعة أرض-سكنى,2023,2,600.0,77,171.1269739599168,600.0,1170.0,280.0,2048.0,26.3,50.1,0.056,0.447,0.34,308,253,276,8094,1913.5,7.557211770917349,6.398594934535208,-1.1586168363821416
الدمام,ش د 1531,قطعة أرض-سكنى,2023,3,900.0,14,34.107538401710805,855.0,990.0,37.5,2048.0,26.3,50.1,0.056,0.447,0.34,308,253,276,8095,600.0,6.398594934535208,6.803505257608338,0.40491032307313013
الدمام,ش د1496,قطعة أرض-سكنى,2023,2,1200.0,91,99.5769145171807,1022.0,1500.0,100.0,2048.0,26.3,50.1,0.056,0.447,0.34,308,253,276,8094,1601.0,7.379008127628304,7.0909098220799835,-0.2880983055483206
الدمام,ش.د 1015,قطعة أرض-تجارى,2017,1,1076.0,13,281.7358282559691,615.0,1722.0,310.0,889.0,26.3,50.1,0.056,0.447,0.34,308,253,276,8069,1535.0,7.336936913707618,6.981934677156389,-0.3550022365512291
الدمام,ش.د 1015,قطعة أرض-سكنى,2016,2,687.0,22,29.814868889975102,619.0,738.0,37.5,2048.0,26.3,50.1,0.056,0.447,0.34,308,253,276,8066,1429.5,7.265779312490165,6.5337888379333435,-0.7319904745568211
الدمام,ش.د 1015,قطعة أرض-سكنى,2016,3,667.0,12,17.874986755663667,658.0,709.0,14.5,2048.0,26.3,50.1,0.056,0.447,0.34,308,253,276,8067,687.0,6.5337888379333435,6.504288173536645,-0.029500664396698184
الدمام,ش.د 1015,قطعة أرض-سكنى,2016,4,717.0,23,197.78062067109474,625.0,1192.0,151.0,2048.0,26.3,50.1,0.056,0.447,0.34,308,253,276,8068,677.0,6.519147287940395,6.576469569048224,0.057322281107828665
الدمام,ش.د 1015,قطعة أرض-سكنى,2017,1,660.0,13,16.231893265246633,619.0,680.0,18.0,687.0,26.3,50.1,0.056,0.447,0.34,308,253,276,8069,687.0,6.5337888379333435,6.493753839851686,-0.04003499808165767
الدمام,ش.د 1015,قطعة أرض-سكنى,2017,2,650.0,20,48.403349166419424,630.0,802.0,20.25,687.0,26.3,50.1,0.056,0.447,0.34,308,253,276,8070,677.0,6.519147287940395,6.478509642208569,-0.04063764573182649
الدمام,ش.د 1015,قطعة أرض-سكنى,2017,3,650.0,11,423.04136913545466,590.0,2057.0,70.0,687.0,26.3,50.1,0.056,0.447,0.34,308,253,276,8071,667.0,6.504288173536645,6.478509642208569,-0.025778531328076504
الدمام,ش.د 1015,قطعة أرض-سكنى,2017,4,653.0,26,140.26772752353045,587.0,1320.0,43.75,687.0,26.3,50.1,0.056,0.447,0.34,308,253,276,8072,663.5,6.4990348781533,6.483107351457199,-0.015927526696101424
الدمام,ش.د 1015,قطعة أرض-سكنى,2018,1,625.0,15,475.90282121258247,533.0,2449.0,50.0,651.5,26.3,50.1,0.056,0.447,0.34,308,253,276,8073,660.0,6.493753839851686,6.439350371100098,-0.054403468751587525
الدمام,ش.د 1015,قطعة أرض-سكنى,2018,2,650.0,13,41.23276640781002,512.0,670.0,17.0,651.5,26.3,50.1,0.056,0.447,0.34,308,253,276,8074,656.5,6.48844476405192,6.478509642208569,-0.009935121843350991
الدمام,ش.د 1015,قطعة أرض-سكنى,2018,3,645.5,14,24.162908637954846,620.0,721.0,11.0,651.5,26.3,50.1,0.056,0.447,0.34,308,253,276,8075,651.5,6.480811139196849,6.471573198211912,-0.009237940984936799
الدمام,ش.د 1015,قطعة أرض-سكنى,2018,4,667.0,147,246.82551503224838,613.0,2167.0,59.5,651.5,26.3,50.1,0.056,0.447,0.34,308,253,276,8076,650.0,6.478509642208569,6.504288173536645,0.025778531328076504
الدمام,ش.د 1015,قطعة أرض-سكنى,2019,1,750.0,74,213.30303935377117,500.0,2016.0,88.25,647.75,26.3,50.1,0.056,0.447,0.34,308,253,276,8077,650.0,6.478509642208569,6.621405651764134,0.14289600955556558
الدمام,ش.د 1015,قطعة أرض-سكنى,2019,2,916.5,40,857.2616137206742,666.0,3133.0,1538.5,647.75,26.3,50.1,0.056,0.447,0.34,308,253,276,8078,650.0,6.478509642208569,6.821652579928726,0.3431429377201569
الدمام,ش.د 1015,قطعة أرض-سكنى,2019,3,2444.0,35,951.3617776286649,667.0,3366.0,1676.0,647.75,26.3,50.1,0.056,0.447,0.34,308,253,276,8079,651.5,6.480811139196849,7.801800401908973,1.320989262712124
الدمام,ش.د 1015,قطعة أرض-سكنى,2019,4,2548.0,25,848.6689715862915,569.0,3327.0,908.0,647.75,26.3,50.1,0.056,0.447,0.34,308,253,276,8080,660.0,6.493753839851686,7.8434564043761155,1.3497025645244296
الدمام,ش.د 1015,قطعة أرض-سكنى,2020,1,2735.0,29,884.045090295103,660.0,3590.0,858.0,1680.25,26.3,50.1,0.056,0.447,0.34,308,253,276,8081,708.5,6.564560496600097,7.914252278742441,1.3496917821423438
الدمام,ش.د 1015,قطعة أرض-سكنى,2020,2,3021.5,28,842.7899458685675,670.0,3553.0,647.5,1680.25,26.3,50.1,0.056,0.447,0.34,308,253,276,8082,833.25,6.726533117631483,8.013839582488949,1.2873064648574655
الدمام,ش.د 1015,قطعة أرض-سكنى,2020,4,750.0,10,640.6689559445745,543.0,2684.0,403.0,1680.25,26.3,50.1,0.056,0.447,0.34,308,253,276,8084,1680.25,7.427292843350149,6.621405651764134,-0.8058871915860149
الدمام,ش.د 1080,قطعة أرض-سكنى,2022,1,1327.5,10,218.14480409937696,1300.0,1838.0,43.75,2048.0,26.3,50.1,0.056,0.447,0.34,308,253,276,8089,1680.25,7.427292843350149,7.191805765199868,-0.23548707815028092
الدمام,شاطئ نصف القمر,قطعة أرض-سكنى,2017,4,1098.0,15,404.58689101471435,603.0,1792.0,623.0,1373.5,26.3,50.1,0.056,0.447,0.34,308,253,276,8072,1885.75,7.542611051164978,7.002155954403621,-0.5404550967613568
الدمام,شاطئ نصف القمر,قطعة أرض-سكنى,2021,3,2429.0,19,842.4610147677511,1450.0,4781.0,418.5,2479.5,26.3,50.1,0.056,0.447,0.34,308,253,276,8087,1098.0,7.002155954403621,7.795646536334594,0.793490581930973
الدمام,شاطئ نصف القمر,قطعة أرض-سكنى,2022,1,1700.0,14,888.6859078758608,1550.0,4014.0,1284.25,2878.25,26.3,50.1,0.056,0.447,0.34,308,253,276,8089,1763.5,7.475622643115325,7.438971592395862,-0.036651050719463285
الدمام,ضاحية الملك فهد,قطعة أرض-تجارى,2016,1,1025.0,120,1403.6708396381323,500.0,5217.0,1980.75,2048.0,26.413589,50.001125,0.278,0.299,0.439,49,48,27,8065,1419.0,7.258412150595307,6.933423025730715,-0.32498912486459197
الدمام,ضاحية الملك فهد,قطعة أرض-تجارى,2016,2,1070.0,128,1516.4295323472184,500.0,5616.0,2529.0,2048.0,26.413589,50.001125,0.278,0.299,0.439,49,48,27,8066,1025.0,6.933423025730715,6.976348070447749,0.042925044717033956
الدمام,ضاحية الملك فهد,قطعة أرض-تجارى,2016,3,1026.0,119,1329.6691036586235,519.0,4800.0,2224.0,2048.0,26.413589,50.001125,0.278,0.299,0.439,49,48,27,8067,1047.5,6.955115850341975,6.934397209928558,-0.020718640413416978
الدمام,ضاحية الملك فهد,قطعة أرض-تجارى,2016,4,1000.0,65,1329.8332331103084,500.0,4800.0,2337.0,2048.0,26.413589,50.001125,0.278,0.299,0.439,49,48,27,8068,1026.0,6.934397209928558,6.90875477931522,-0.025642430613337375
الدمام,ضاحية الملك فهد,قطعة أرض-تجارى,2017,1,791.0,105,1067.324602090248,500.0,4400.0,1442.0,1025.5,26.413589,50.001125,0.278,0.299,0.439,49,48,27,8069,1025.5,6.933910236458988,6.674561391814426,-0.2593488446445624
الدمام,ضاحية الملك فهد,قطعة أرض-تجارى,2017,2,1200.0,88,1064.852196610853,507.0,4874.0,1751.5,1025.5,26.413589,50.001125,0.278,0.299,0.439,49,48,27,8070,1025.0,6.933423025730715,7.0909098220799835,0.15748679634926877
الدمام,ضاحية الملك فهد,قطعة أرض-تجارى,2017,3,1052.0,100,1044.8430463544041,500.0,3640.0,1900.0,1025.5,26.413589,50.001125,0.278,0.299,0.439,49,48,27,8071,1025.5,6.933910236458988,6.959398512133975,0.025488275674987015
الدمام,ضاحية الملك فهد,قطعة أرض-تجارى,2017,4,1020.0,141,977.7775101585398,500.0,3571.0,1856.0,1025.5,26.413589,50.001125,0.278,0.299,0.439,49,48,27,8072,1026.0,6.934397209928558,6.928537818164665,-0.005859391763892496
الدمام,ضاحية الملك فهد,قطعة أرض-تجارى,2018,1,1030.0,129,922.800363120008,500.0,4271.0,1634.0,1036.0,26.413589,50.001125,0.278,0.299,0.439,49,48,27,8073,1025.5,6.933910236458988,6.93828448401696,0.004374247557971778
الدمام,ضاحية الملك فهد,قطعة أرض-تجارى,2018,2,740.0,81,868.720315950812,500.0,3120.0,1774.0,1036.0,26.413589,50.001125,0.278,0.299,0.439,49,48,27,8074,1028.0,6.9363427358340495,6.608000625296087,-0.3283421105379629
الدمام,ضاحية الملك فهد,قطعة أرض-تجارى,2018,3,724.0,104,900.179782423126,519.0,4522.0,1408.0,1036.0,26.413589,50.001125,0.278,0.299,0.439,49,48,27,8075,1023.0,6.931471805599453,6.586171654854675,-0.3453001507447784
الدمام,ضاحية الملك فهد,قطعة أرض-تجارى,2018,4,740.0,219,798.3765642132463,507.0,3360.0,344.0,1036.0,26.413589,50.001125,0.278,0.299,0.439,49,48,27,8076,1010.0,6.918695219020472,6.608000625296087,-0.310694593724385
الدمام,ضاحية الملك فهد,قطعة أرض-تجارى,2019,1,854.0,176,810.5556925833171,500.0,3360.0,212.5,740.0,26.413589,50.001125,0.278,0.299,0.439,49,48,27,8077,905.5,6.809591030194905,6.75110146893676,-0.05848956125814553
الدمام,ضاحية الملك فهد,قطعة أرض-تجارى,2019,2,980.0,153,1048.1436841686061,500.0,3760.0,1965.0,740.0,26.413589,50.001125,0.278,0.299,0.439,49,48,27,8078,937.0,6.843749949006225,6.8885724595653635,0.044822510559138884
الدمام,ضاحية الملك فهد,قطعة أرض-تجارى,2019,3,1051.0,219,912.6416900087836,514.0,3900.0,266.0,740.0,26.413589,50.001125,0.278,0.299,0.439,49,48,27,8079,917.0,6.822197390620491,6.9584483932976555,0.13625100267716483
الدمام,ضاحية الملك فهد,قطعة أرض-تجارى,2019,4,1160.0,194,1088.5733306793002,509.0,3822.0,2038.5,740.0,26.413589,50.001125,0.278,0.299,0.439,49,48,27,8080,917.0,6.822197390620491,7.057036981697891,0.23483959107740038
الدمام,ضاحية الملك فهد,قطعة أرض-تجارى,2020,1,1162.0,145,1198.550104967987,511.0,4060.0,2308.0,1015.5,26.413589,50.001125,0.278,0.299,0.439,49,48,27,8081,917.0,6.822197390620491,7.0587581525186645,0.23656076189817377
الدمام,ضاحية الملك فهد,قطعة أرض-تجارى,2020,2,3108.0,70,1290.3314213067874,508.0,4358.0,2514.25,1015.5,26.413589,50.001125,0.278,0.299,0.439,49,48,27,8082,917.0,6.822197390620491,8.042056410058754,1.219859019438263
الدمام,ضاحية الملك فهد,قطعة أرض-تجارى,2020,3,1000.0,79,831.0154581345356,508.0,3473.0,678.0,1015.5,26.413589,50.001125,0.278,0.299,0.439,49,48,27,8083,1015.5,6.9241206330684015,6.90875477931522,-0.015365853753181113
الدمام,ضاحية الملك فهد,قطعة أرض-تجارى,2020,4,1242.5,130,798.7425237961321,511.0,4581.0,389.75,1015.5,26.413589,50.001125,0.278,0.299,0.439,49,48,27,8084,1025.5,6.933910236458988,7.12568526324346,0.19177502678447134
الدمام,ضاحية الملك فهد,قطعة أرض-تجارى,2022,1,1463.0,69,978.2875731980998,545.0,6659.0,612.0,2048.0,26.413589,50.001125,0.278,0.299,0.439,49,48,27,8089,1105.5,7.008957159491104,7.288927694521257,0.27997053503015223
الدمام,ضاحية الملك فهد,قطعة أرض-تجارى,2022,2,1426.0,63,948.5253410324076,580.0,4756.0,623.0,2048.0,26.413589,50.001125,0.278,0.299,0.439,49,48,27,8090,1161.0,7.057897937411856,7.2633296174768365,0.20543168006498025
الدمام,ضاحية الملك فهد,قطعة أرض-تجارى,2022,3,1560.0,53,1035.832211715433,762.0,6005.0,700.0,2048.0,26.413589,50.001125,0.278,0.299,0.439,49,48,27,8091,1202.25,7.092781508183219,7.353081920515432,0.2603004123322137
الدمام,ضاحية الملك فهد,قطعة أرض-تجارى,2022,4,2062.0,44,1132.4999633638083,800.0,5047.0,1837.5,2048.0,26.413589,50.001125,0.278,0.299,0.439,49,48,27,8092,1334.25,7.19687381921988,7.631916513071252,0.43504269385137206
الدمام,ضاحية الملك فهد,قطعة أرض-تجارى,2023,1,1965.0,76,1146.5302342590778,801.0,4889.0,2109.75,1511.5,26.413589,50.001125,0.278,0.299,0.439,49,48,27,8093,1444.5,7.2762105614564,7.583756300707112,0.3075457392507115
الدمام,ضاحية الملك فهد,قطعة أرض-تجارى,2023,2,1550.0,42,754.4229063348935,629.0,3928.0,526.0,1511.5,26.413589,50.001125,0.278,0.299,0.439,49,48,27,8094,1511.5,7.321519189904997,7.346655163176539,0.025135973271542156
الدمام,ضاحية الملك فهد,قطعة أرض-تجارى,2023,3,1546.5,34,988.56359000294,631.0,4620.0,1449.0,1511.5,26.413589,50.001125,0.278,0.299,0.439,49,48,27,8095,1506.5,7.318207928601341,7.344396004558751,0.02618807595741046
الدمام,ضاحية الملك فهد,قطعة أرض-سكنى,2016,1,1000.0,483,1344.5665340314486,501.0,5690.0,2113.5,2048.0,26.413589,50.001125,0.278,0.299,0.439,49,48,27,8065,2064.5,7.633127606836819,6.90875477931522,-0.7243728275215986
الدمام,ضاحية الملك فهد,قطعة أرض-سكنى,2016,2,980.0,405,1326.1610425929007,512.0,4898.0,2220.0,2048.0,26.413589,50.001125,0.278,0.299,0.439,49,48,27,8066,1000.0,6.90875477931522,6.8885724595653635,-0.02018231974985696
الدمام,ضاحية الملك فهد,قطعة أرض-سكنى,2016,3,800.0,338,1154.9656057411862,501.0,9600.0,1109.5,2048.0,26.413589,50.001125,0.278,0.299,0.439,49,48,27,8067,990.0,6.898714534329988,6.68586094706836,-0.21285358726162862
الدمام,ضاحية الملك فهد,قطعة أرض-سكنى,2016,4,955.0,208,1261.9996230905883,500.0,5882.0,2030.0,2048.0,26.413589,50.001125,0.278,0.299,0.439,49,48,27,8068,980.0,6.8885724595653635,6.862757913051401,-0.025814546513962533
الدمام,ضاحية الملك فهد,قطعة أرض-سكنى,2017,1,740.0,315,1093.2311477876838,500.0,4800.0,1676.5,967.5,26.413589,50.001125,0.278,0.299,0.439,49,48,27,8069,967.5,6.875748482847051,6.608000625296087,-0.2677478575509644
الدمام,ضاحية الملك فهد,قطعة أرض-سكنى,2017,2,980.0,311,1060.6635575062253,500.0,6384.0,1805.0,967.5,26.413589,50.001125,0.278,0.299,0.439,49,48,27,8070,955.0,6.862757913051401,6.8885724595653635,0.025814546513962533
الدمام,ضاحية الملك فهد,قطعة أرض-سكنى,2017,3,777.0,274,1010.3976034663048,500.0,3704.0,1550.0,967.5,26.413589,50.001125,0.278,0.299,0.439,49,48,27,8071,967.5,6.875748482847051,6.656726524178391,-0.2190219586686597
الدمام,ضاحية الملك فهد,قطعة أرض-سكنى,2017,4,800.0,393,1045.1671370184629,500.0,5050.0,1750.0,967.5,26.413589,50.001125,0.278,0.299,0.439,49,48,27,8072,955.0,6.862757913051401,6.68586094706836,-0.17689696598304128
الدمام,ضاحية الملك فهد,قطعة أرض-سكنى,2018,1,732.0,393,1001.1830627805435,500.0,5446.0,1526.0,788.5,26.413589,50.001125,0.278,0.299,0.439,49,48,27,8073,877.5,6.7782159076271515,6.597145701886651,-0.18107020574050026
الدمام,ضاحية الملك فهد,قطعة أرض-سكنى,2018,2,741.5,294,980.6036476001419,500.0,5490.0,1707.0,788.5,26.413589,50.001125,0.278,0.299,0.439,49,48,27,8074,800.0,6.68586094706836,6.610022870676855,-0.07583807639150475
الدمام,ضاحية الملك فهد,قطعة أرض-سكنى,2018,3,720.0,283,866.9811369532176,500.0,4336.0,1171.5,788.5,26.413589,50.001125,0.278,0.299,0.439,49,48,27,8075,788.5,6.671399833695697,6.580639137284949,-0.09076069641074724
الدمام,ضاحية الملك فهد,قطعة أرض-سكنى,2018,4,763.0,732,803.4432059002266,500.0,3661.0,992.5,788.5,26.413589,50.001125,0.278,0.299,0.439,49,48,27,8076,759.25,6.633647326557474,6.638567789166521,0.004920462609046439
الدمام,ضاحية الملك فهد,قطعة أرض-سكنى,2019,1,840.0,623,832.9834059980167,500.0,4111.0,198.0,736.75,26.413589,50.001125,0.278,0.299,0.439,49,48,27,8077,752.25,6.624397178010411,6.734591659972948,0.11019448196253734
الدمام,ضاحية الملك فهد,قطعة أرض-سكنى,2019,2,940.0,480,1029.0805554773744,500.0,3752.0,1777.5,736.75,26.413589,50.001125,0.278,0.299,0.439,49,48,27,8078,770.0,6.647688373563329,6.846943139585379,0.19925476602205006
الدمام,ضاحية الملك فهد,قطعة أرض-سكنى,2019,3,1048.0,616,1002.2426612041087,500.0,4100.0,1313.75,736.75,26.413589,50.001125,0.278,0.299,0.439,49,48,27,8079,770.0,6.647688373563329,6.955592608396297,0.3079042348329679
الدمام,ضاحية الملك فهد,قطعة أرض-سكنى,2019,4,1100.0,540,1074.0759703025878,500.0,4360.0,1605.75,736.75,26.413589,50.001125,0.278,0.299,0.439,49,48,27,8080,781.5,6.662493922414308,7.00397413672268,0.3414802143083717
الدمام,ضاحية الملك فهد,قطعة أرض-سكنى,2020,1,1200.0,410,1211.82261332119,520.0,4082.0,2307.5,994.0,26.413589,50.001125,0.278,0.299,0.439,49,48,27,8081,801.5,6.687731855004171,7.0909098220799835,0.40317796707581266
الدمام,ضاحية الملك فهد,قطعة أرض-سكنى,2020,2,3238.0,239,1162.6579629148464,540.0,4457.0,2305.0,994.0,26.413589,50.001125,0.278,0.299,0.439,49,48,27,8082,890.0,6.792344427470809,8.08301991917133,1.2906754917005205
الدمام,ضاحية الملك فهد,قطعة أرض-سكنى,2020,3,917.5,238,921.0112319301863,500.0,5481.0,703.0,994.0,26.413589,50.001125,0.278,0.299,0.439,49,48,27,8083,994.0,6.902742737158593,6.822741904655181,-0.08000083250341206
الدمام,ضاحية الملك فهد,قطعة أرض-سكنى,2020,4,1162.5,308,793.3576868845503,511.0,5662.0,422.25,994.0,26.413589,50.001125,0.278,0.299,0.439,49,48,27,8084,994.0,6.902742737158593,7.059187982742347,0.15644524558375394
الدمام,ضاحية الملك فهد,قطعة أرض-سكنى,2022,1,1460.0,140,1136.5961654517532,600.0,5761.0,854.75,2048.0,26.413589,50.001125,0.278,0.299,0.439,49,48,27,8089,1074.0,6.980075940561763,7.2868764117507,0.3068004711889367
الدمام,ضاحية الملك فهد,قطعة أرض-سكنى,2022,2,1449.0,149,1009.1187240908374,600.0,5579.0,700.0,2048.0,26.413589,50.001125,0.278,0.299,0.439,49,48,27,8090,1131.25,7.031962082436324,7.27931883541462,0.2473567529782965
الدمام,ضاحية الملك فهد,قطعة أرض-سكنى,2022,3,1600.0,157,1058.1884311975348,600.0,5708.0,857.0,2048.0,26.413589,50.001125,0.278,0.299,0.439,49,48,27,8091,1181.25,7.075174681523985,7.3783837129967145,0.30320903147272915
الدمام,ضاحية الملك فهد,قطعة أرض-سكنى,2022,4,1894.0,111,1245.5780722830402,583.0,6189.0,1366.5,2048.0,26.413589,50.001125,0.278,0.299,0.439,49,48,27,8092,1324.5,7.18954502572908,7.546974117516527,0.35742909178744675
الدمام,ضاحية الملك فهد,قطعة أرض-سكنى,2023,1,1500.0,71,875.2216551674463,789.0,4669.0,858.0,1530.0,26.413589,50.001125,0.278,0.299,0.439,49,48,27,8093,1454.5,7.283104763185678,7.313886831633462,0.03078206844778375
الدمام,ضاحية الملك فهد,قطعة أرض-سكنى,2023,2,1543.0,62,938.6966104907381,600.0,4164.0,1165.0,1530.0,26.413589,50.001125,0.278,0.299,0.439,49,48,27,8094,1480.0,7.300472814267799,7.342131730584722,0.041658916316922756
الدمام,ضاحية الملك فهد,قطعة أرض-سكنى,2023,3,1400.0,63,988.9865850646248,600.0,4164.0,1647.0,1530.0,26.413589,50.001125,0.278,0.299,0.439,49,48,27,8095,1480.0,7.300472814267799,7.244941546337007,-0.05553126793079244
الدمام,طيبة,قطعة أرض-تجارى,2016,1,1732.0,20,2687.390898152646,1083.0,8667.0,2387.5,2048.0,26.354668,50.047954,0.334,0.563,0.608,51,60,37,8065,1548.25,7.345526221842217,7.457609289715606,0.11208306787338884
الدمام,طيبة,قطعة أرض-تجارى,2016,2,3396.0,13,2663.5309897452544,551.0,8085.0,4473.0,2048.0,26.354668,50.047954,0.334,0.563,0.608,51,60,37,8066,1732.0,7.457609289715606,8.130647968160584,0.6730386784449784
الدمام,طيبة,قطعة أرض-تجارى,2016,4,3000.0,11,1650.0225618292175,603.0,7051.0,1026.0,2048.0,26.354668,50.047954,0.334,0.563,0.608,51,60,37,8068,2564.0,7.84971375760487,8.006700845440367,0.15698708783549709
الدمام,طيبة,قطعة أرض-تجارى,2017,1,1786.5,12,2520.170587059294,917.0,7400.0,2516.0,2491.5,26.354668,50.047954,0.334,0.563,0.608,51,60,37,8069,3000.0,8.006700845440367,7.488573274568163,-0.5181275708722044
الدمام,طيبة,قطعة أرض-تجارى,2017,3,1850.5,10,1600.633818904943,943.0,5357.0,1950.75,2491.5,26.354668,50.047954,0.334,0.563,0.608,51,60,37,8071,2393.25,7.780825308401728,7.523751400353667,-0.25707390804806085
الدمام,طيبة,قطعة أرض-تجارى,2018,3,1169.5,10,766.444286588689,950.0,3332.0,750.5,1818.5,26.354668,50.047954,0.334,0.563,0.608,51,60,37,8075,1850.5,7.523751400353667,7.065186286930966,-0.45856511342270156
الدمام,طيبة,قطعة أرض-تجارى,2019,4,1173.5,24,1288.4759000181323,720.0,5800.0,312.5,1168.25,26.354668,50.047954,0.334,0.563,0.608,51,60,37,8080,1818.5,7.506317017052215,7.068597804098967,-0.43771921295324745
الدمام,طيبة,قطعة أرض-تجارى,2020,1,1385.5,10,590.2881029162323,1270.0,3234.0,91.75,1237.25,26.354668,50.047954,0.334,0.563,0.608,51,60,37,8081,1786.5,7.488573274568163,7.234537865055833,-0.25403540951232984
الدمام,طيبة,قطعة أرض-تجارى,2020,2,1420.0,21,854.7138061808704,810.0,4400.0,400.0,1237.25,26.354668,50.047954,0.334,0.563,0.608,51,60,37,8082,1759.25,7.473211123399243,7.259116128097101,-0.21409499530214227
الدمام,طيبة,قطعة أرض-تجارى,2020,3,1522.5,10,1249.857418534877,967.0,4889.0,1332.75,1237.25,26.354668,50.047954,0.334,0.563,0.608,51,60,37,8083,1603.25,7.380411636630624,7.328765598425764,-0.05164603820486047
الدمام,طيبة,قطعة أرض-تجارى,2020,4,1500.0,13,872.205861080149,1101.0,3731.0,950.0,1237.25,26.354668,50.047954,0.334,0.563,0.608,51,60,37,8084,1471.25,7.29454712182468,7.313886831633462,0.01933970980878197
الدمام,طيبة,قطعة أرض-تجارى,2021,1,1500.0,27,1611.0600039049868,1000.0,7391.0,528.0,1460.0,26.354668,50.047954,0.334,0.563,0.608,51,60,37,8085,1460.0,7.2868764117507,7.313886831633462,0.027010419882762093
الدمام,طيبة,قطعة أرض-تجارى,2021,2,1800.0,20,689.722161834978,1141.0,3636.0,833.25,1460.0,26.354668,50.047954,0.334,0.563,0.608,51,60,37,8086,1460.0,7.2868764117507,7.496097345175956,0.20922093342525638
الدمام,طيبة,قطعة أرض-تجارى,2021,3,2762.0,13,2567.781018501064,1300.0,9920.0,2093.0,1460.0,26.354668,50.047954,0.334,0.563,0.608,51,60,37,8087,1460.0,7.2868764117507,7.924072324923417,0.6371959131727172
الدمام,طيبة,قطعة أرض-تجارى,2022,1,1724.0,18,2008.9602853477654,575.0,8237.0,2547.25,1754.0,26.354668,50.047954,0.334,0.563,0.608,51,60,37,8089,1500.0,7.313886831633462,7.45298232946546,0.13909549783199804
الدمام,طيبة,قطعة أرض-تجارى,2022,2,1850.0,15,1456.266236778479,1490.0,7004.0,1175.0,1754.0,26.354668,50.047954,0.334,0.563,0.608,51,60,37,8090,1511.25,7.321353886987024,7.523481312573497,0.20212742558647356
الدمام,طيبة,قطعة أرض-تجارى,2022,3,2574.5,14,1220.6888818015204,833.0,5333.0,1546.25,1754.0,26.354668,50.047954,0.334,0.563,0.608,51,60,37,8091,1623.25,7.392801449760641,7.85379896900564,0.4609975192449989
الدمام,طيبة,قطعة أرض-تجارى,2022,4,1917.0,15,867.5577927778206,917.0,4679.0,584.5,1754.0,26.354668,50.047954,0.334,0.563,0.608,51,60,37,8092,1762.0,7.47477218239787,7.559038255443384,0.08426607304551403
الدمام,طيبة,قطعة أرض-تجارى,2023,1,2919.5,24,1216.9929612588658,741.0,5037.0,2086.25,1883.5,26.354668,50.047954,0.334,0.563,0.608,51,60,37,8093,1825.0,7.509883061154913,7.979510113480364,0.46962705232545066
الدمام,طيبة,قطعة أرض-تجارى,2025,4,1750.0,14,1717.2152410412414,1366.0,5357.142857142857,3151.333333333333,2418.526078341595,26.354668,50.047954,0.334,0.563,0.608,51,60,37,8104,1883.5,7.5414178127071905,7.467942332285852,-0.07347548042133845
الدمام,طيبة,قطعة أرض-سكنى,2016,1,3462.0,67,1519.5908175646412,1012.0,6000.0,2596.5,2048.0,26.354668,50.047954,0.334,0.563,0.608,51,60,37,8065,1480.0,7.300472814267799,8.149890544402423,0.8494177301346237
الدمام,طيبة,قطعة أرض-سكنى,2016,2,3077.0,73,1338.2564563065896,1050.0,6000.0,2356.0,2048.0,26.354668,50.047954,0.334,0.563,0.608,51,60,37,8066,3462.0,8.149890544402423,8.032035314398824,-0.11785523000359888
الدمام,طيبة,قطعة أرض-سكنى,2016,3,3171.0,57,1419.4757510766913,575.0,6012.0,2425.0,2048.0,26.354668,50.047954,0.334,0.563,0.608,51,60,37,8067,3269.5,8.092698157401268,8.06211758275474,-0.03058057464652819
الدمام,طيبة,قطعة أرض-سكنى,2016,4,3333.0,44,1351.952496718233,960.0,6068.0,2334.0,2048.0,26.354668,50.047954,0.334,0.563,0.608,51,60,37,8068,3171.0,8.06211758275474,8.111928063310739,0.04981048055599935
الدمام,طيبة,قطعة أرض-سكنى,2017,1,1887.5,44,1361.8559808120579,900.0,5246.0,2503.5,3252.0,26.354668,50.047954,0.334,0.563,0.608,51,60,37,8069,3252.0,8.087332926473351,7.543538142152512,-0.5437947843208395
الدمام,طيبة,قطعة أرض-سكنى,2017,2,2885.0,47,1044.4855538280135,1000.0,4190.0,2169.5,3252.0,26.354668,50.047954,0.334,0.563,0.608,51,60,37,8070,3171.0,8.06211758275474,7.9676267393338165,-0.09449084342092284
الدمام,طيبة,قطعة أرض-سكنى,2017,3,2500.0,37,1084.4997172137191,653.0,4125.0,2000.0,3252.0,26.354668,50.047954,0.334,0.563,0.608,51,60,37,8071,3124.0,8.047189562170502,7.824445930877619,-0.22274363129288233
الدمام,طيبة,قطعة أرض-سكنى,2017,4,2724.0,42,1060.5884238846136,787.0,4625.0,2024.75,3252.0,26.354668,50.047954,0.334,0.563,0.608,51,60,37,8072,3077.0,8.032035314398824,7.9102237070973445,-0.12181160730147944
الدمام,طيبة,قطعة أرض-سكنى,2018,1,2491.0,26,1140.2640989633128,900.0,4750.0,2251.0,2612.0,26.354668,50.047954,0.334,0.563,0.608,51,60,37,8073,2981.0,8.000349495324684,7.820840879907344,-0.17950861541734042
الدمام,طيبة,قطعة أرض-سكنى,2018,2,2023.0,30,1033.202320207789,574.0,4097.0,1700.5,2612.0,26.354668,50.047954,0.334,0.563,0.608,51,60,37,8074,2804.5,7.939337055191027,7.6128310304073565,-0.3265060247836704
الدمام,طيبة,قطعة أرض-سكنى,2018,3,2165.5,36,1136.2805443185348,573.0,4921.0,2009.5,2612.0,26.354668,50.047954,0.334,0.563,0.608,51,60,37,8075,2612.0,7.868254265520613,7.680868241179964,-0.18738602434064866
الدمام,طيبة,قطعة أرض-سكنى,2018,4,1869.5,48,910.131984963275,800.0,3641.0,1518.25,2612.0,26.354668,50.047954,0.334,0.563,0.608,51,60,37,8076,2495.5,7.822645029940664,7.533961053788201,-0.28868397615246266
الدمام,طيبة,قطعة أرض-سكنى,2019,1,1333.0,60,1150.1882885651994,500.0,4221.0,1935.0,2094.25,26.354668,50.047954,0.334,0.563,0.608,51,60,37,8077,2328.25,7.753301606330535,7.195937226475569,-0.5573643798549659
الدمام,طيبة,قطعة أرض-سكنى,2019,2,2333.0,53,1141.9476509852416,587.0,4567.0,1899.0,2094.25,26.354668,50.047954,0.334,0.563,0.608,51,60,37,8078,2328.25,7.753301606330535,7.755338812846501,0.0020372065159666164
الدمام,طيبة,قطعة أرض-سكنى,2019,3,1625.0,43,1663.0444163933237,500.0,9487.0,2180.0,2094.25,26.354668,50.047954,0.334,0.563,0.608,51,60,37,8079,2249.25,7.718796600137194,7.3938782901077555,-0.32491831002943883
الدمام,طيبة,قطعة أرض-سكنى,2019,4,2002.0,51,1111.814833292582,583.0,4425.0,1683.0,2094.25,26.354668,50.047954,0.334,0.563,0.608,51,60,37,8080,2094.25,7.647428156979015,7.602401335665818,-0.04502682131319702
الدمام,طيبة,قطعة أرض-سكنى,2020,1,1454.0,58,1225.8554216633934,850.0,5248.0,1994.5,1813.5,26.354668,50.047954,0.334,0.563,0.608,51,60,37,8081,2012.5,7.607629780291509,7.282761179605593,-0.3248686006859156
الدمام,طيبة,قطعة أرض-سكنى,2020,2,1500.0,45,1090.0421695114053,921.0,4313.0,1785.0,1813.5,26.354668,50.047954,0.334,0.563,0.608,51,60,37,8082,1935.75,7.568766589512012,7.313886831633462,-0.25487975787855
الدمام,طيبة,قطعة أرض-سكنى,2020,3,1799.5,36,1001.6445853678965,606.0,4000.0,1671.25,1813.5,26.354668,50.047954,0.334,0.563,0.608,51,60,37,8083,1747.25,7.466370566583977,7.49581968308893,0.029449116504953743
الدمام,طيبة,قطعة أرض-سكنى,2020,4,1515.0,37,1070.2688949546782,800.0,6283.0,925.0,1813.5,26.354668,50.047954,0.334,0.563,0.608,51,60,37,8084,1712.25,7.446147430465933,7.323830566202317,-0.12231686426361588
الدمام,طيبة,قطعة أرض-سكنى,2021,1,1614.5,58,967.7142563963125,554.0,5651.0,1301.75,1507.5,26.354668,50.047954,0.334,0.563,0.608,51,60,37,8085,1570.0,7.359467638255621,7.387399785264553,0.027932147008931985
الدمام,طيبة,قطعة أرض-سكنى,2021,2,1500.0,99,2490.0763060799973,850.0,14212.0,475.0,1507.5,26.354668,50.047954,0.334,0.563,0.608,51,60,37,8086,1619.75,7.390644284055105,7.313886831633462,-0.076757452421643
الدمام,طيبة,قطعة أرض-سكنى,2021,3,2521.0,18,1405.715026345709,500.0,5318.0,2319.25,1507.5,26.354668,50.047954,0.334,0.563,0.608,51,60,37,8087,1564.75,7.356120221405522,7.8328075165248645,0.4766872951193424
الدمام,طيبة,قطعة أرض-سكنى,2021,4,1959.0,68,920.3268648645416,1100.0,4770.0,1534.0,1507.5,26.354668,50.047954,0.334,0.563,0.608,51,60,37,8088,1564.75,7.356120221405522,7.580699752224563,0.22457953081904058
الدمام,طيبة,قطعة أرض-سكنى,2022,1,1818.0,52,1362.7492247189487,1075.0,8174.0,1332.0,1786.75,26.354668,50.047954,0.334,0.563,0.608,51,60,37,8089,1564.75,7.356120221405522,7.506042178518122,0.1499219571125998
الدمام,طيبة,قطعة أرض-سكنى,2022,2,2000.0,53,2160.1181914124113,543.0,11730.0,2332.0,1786.75,26.354668,50.047954,0.334,0.563,0.608,51,60,37,8090,1707.0,7.443078374348516,7.601402334583733,0.15832396023521778
الدمام,طيبة,قطعة أرض-سكنى,2022,3,2826.0,30,1264.251031743446,778.0,6165.0,1943.5,1786.75,26.354668,50.047954,0.334,0.563,0.608,51,60,37,8091,1808.75,7.500943993173251,7.946971357693591,0.4460273645203401
الدمام,طيبة,قطعة أرض-سكنى,2022,4,3188.0,29,1133.3242311041804,1500.0,5257.0,1980.0,1786.75,26.354668,50.047954,0.334,0.563,0.608,51,60,37,8092,1888.5,7.544067522789543,8.067462667010057,0.5233951442205136
الدمام,طيبة,قطعة أرض-سكنى,2023,1,3230.0,22,1265.2172648492935,1106.0,5101.0,2307.5,2413.0,26.354668,50.047954,0.334,0.563,0.608,51,60,37,8093,1979.5,7.591104617061971,8.080546965824498,0.4894423487625268
الدمام,طيبة,قطعة أرض-سكنى,2023,2,2871.0,28,1030.193740447467,750.0,4350.0,1820.25,2413.0,26.354668,50.047954,0.334,0.563,0.608,51,60,37,8094,2260.5,7.723783588917898,7.962763930168115,0.23898034125021717
الدمام,طيبة,قطعة أرض-سكنى,2023,3,3568.5,30,1361.8222920676594,750.0,6284.0,1680.25,2413.0,26.354668,50.047954,0.334,0.563,0.608,51,60,37,8095,2673.5,7.891517725971305,8.180180808942515,0.28866308297121
الدمام,طيبة,قطعة أرض-سكنى,2023,4,3087.5,18,1776.6017425506448,850.0,8133.0,1766.25,2413.0,26.354668,50.047954,0.334,0.563,0.608,51,60,37,8096,2848.5,7.954898819275054,8.035440815135955,0.0805419958609006
الدمام,طيبة,قطعة أرض-سكنى,2025,4,2137.5367083601127,69,943.0249932884751,1513.0,4765.241765942537,1272.2222222222224,3633.24921232314,26.354668,50.047954,0.334,0.563,0.608,51,60,37,8104,2979.25,7.999762468598111,7.667877092990816,-0.33188537560729525
الدمام,طيبة,قطعة أرض-سكنى,2026,1,1850.0,35,1519.7807183711648,1080.0,9189.0,1007.0,2137.5367083601127,26.354668,50.047954,0.334,0.563,0.608,51,60,37,8105,2979.25,7.999762468598111,7.523481312573497,-0.47628115602461385
الدمام,عبدالله فؤاد,قطعة أرض-سكنى,2016,2,1908.0,10,1383.7118197081356,1550.0,6194.0,638.0,2048.0,26.407375,50.1179,0.279,0.468,0.0,160,142,102,8066,2979.25,7.999762468598111,7.554334823725748,-0.4454276448723631
الدمام,عبدالله فؤاد,قطعة أرض-سكنى,2022,2,1688.0,12,431.82463472052535,1161.0,2811.0,476.25,2048.0,26.407375,50.1179,0.279,0.468,0.0,160,142,102,8090,1908.0,7.554334823725748,7.4318919168078,-0.12244290691794824
الدمام,غرب الدمام,قطعة أرض-تجارى,2019,4,670.0,20,98.51529403039272,630.0,950.0,162.5,2007.0,26.3,50.1,0.056,0.447,0.34,308,253,276,8080,1883.5,7.5414178127071905,6.508769136971682,-1.0326486757355084
الدمام,غرب الدمام,قطعة أرض-تجارى,2020,1,830.0,12,288.9826853364098,524.0,1700.0,93.75,779.0,26.3,50.1,0.056,0.447,0.34,308,253,276,8081,670.0,6.508769136971682,6.7226297948554485,0.21386065788376651
الدمام,غرب الدمام,قطعة أرض-تجارى,2021,1,1050.0,11,616.7956048658406,600.0,2475.0,350.0,830.0,26.3,50.1,0.056,0.447,0.34,308,253,276,8085,750.0,6.621405651764134,6.957497370876951,0.336091719112817
الدمام,غرب الدمام,قطعة أرض-تجارى,2021,2,1211.0,10,747.704368197901,1000.0,3415.0,635.25,830.0,26.3,50.1,0.056,0.447,0.34,308,253,276,8086,830.0,6.7226297948554485,7.10002716662926,0.37739737177381105
الدمام,غرب الدمام,قطعة أرض-تجارى,2021,4,1150.0,18,332.7936808097896,500.0,2200.0,0.0,830.0,26.3,50.1,0.056,0.447,0.34,308,253,276,8088,940.0,6.846943139585379,7.048386408721883,0.20144326913650357
الدمام,غرب الدمام,قطعة أرض-سكنى,2019,4,700.0,114,79.68638896866516,511.0,850.0,120.0,1256.0,26.3,50.1,0.056,0.447,0.34,308,253,276,8080,2504.268354180056,7.826151135198422,6.55250788703459,-1.2736432481638316
الدمام,غرب الدمام,قطعة أرض-سكنى,2020,1,690.0,16,92.29436602523471,600.0,830.0,169.5,700.0,26.3,50.1,0.056,0.447,0.34,308,253,276,8081,700.0,6.55250788703459,6.53813982376767,-0.014368063266919862
الدمام,غرب الدمام,قطعة أرض-سكنى,2020,2,680.0,36,315.5290744533645,590.0,2488.0,240.0,700.0,26.3,50.1,0.056,0.447,0.34,308,253,276,8082,695.0,6.54534966033442,6.523562306149512,-0.021787354184907848
الدمام,غرب الدمام,قطعة أرض-سكنى,2020,3,820.0,28,41.39631338543038,700.0,850.0,20.0,700.0,26.3,50.1,0.056,0.447,0.34,308,253,276,8083,690.0,6.53813982376767,6.710523109452428,0.17238328568475758
الدمام,غرب الدمام,قطعة أرض-سكنى,2020,4,904.5,20,513.6546530808214,548.0,3004.0,331.75,700.0,26.3,50.1,0.056,0.447,0.34,308,253,276,8084,695.0,6.54534966033442,6.808487277323468,0.2631376169890478
الدمام,غرب الدمام,قطعة أرض-سكنى,2021,1,920.0,20,196.11191085435732,595.0,1250.0,230.0,755.0,26.3,50.1,0.056,0.447,0.34,308,253,276,8085,700.0,6.55250788703459,6.825460036255307,0.27295214922071676
الدمام,غرب الدمام,قطعة أرض-سكنى,2021,2,1150.0,23,369.80084374108804,674.0,1950.0,526.5,755.0,26.3,50.1,0.056,0.447,0.34,308,253,276,8086,760.0,6.634633357861686,7.048386408721883,0.41375305086019676
الدمام,غرب الدمام,قطعة أرض-سكنى,2021,4,1150.0,31,264.2479163405505,500.0,2386.0,0.0,755.0,26.3,50.1,0.056,0.447,0.34,308,253,276,8088,820.0,6.710523109452428,7.048386408721883,0.337863299269455
الدمام,غرب الدمام,قطعة أرض-سكنى,2022,1,1150.0,18,211.2788093825731,700.0,1590.0,42.75,1075.0,26.3,50.1,0.056,0.447,0.34,308,253,276,8089,862.25,6.760704336270102,7.048386408721883,0.2876820724517808
الدمام,غرب الدمام,قطعة أرض-سكنى,2025,4,1412.1197041022192,10,394.9332236183305,800.0,1800.0,550.0,1269.23531907412,26.3,50.1,0.056,0.447,0.34,308,253,276,8104,912.25,6.817009665675392,7.253555095375301,0.43654542969990917
الدمام,غرب الفيصلية,قطعة أرض-سكنى,2020,4,1499.5,10,94.73266478769492,1302.0,1600.0,119.0,1435.0,26.3,50.1,0.056,0.447,0.34,308,253,276,8084,1035.0,6.943122422819428,7.313553664880422,0.3704312420609934
الدمام,غرب الفيصلية,قطعة أرض-سكنى,2022,1,1685.0,42,27.10319248674014,1511.0,1707.0,1.0,2048.0,26.3,50.1,0.056,0.447,0.34,308,253,276,8089,1499.5,7.313553664880422,7.430114138561801,0.11656047368137923
الدمام,غرب الفيصلية,قطعة أرض-سكنى,2022,2,2325.0,18,731.7371152827722,2199.0,4545.0,375.0,2048.0,26.3,50.1,0.056,0.447,0.34,308,253,276,8090,1592.25,7.373531234194403,7.75190533307861,0.3783740988842066
الدمام,غرناطة,قطعة أرض-سكنى,2016,1,2219.0,17,842.7005739602538,1725.0,4075.0,1725.0,2048.0,26.424704,50.079476,0.115,0.189,0.122,279,237,367,8065,1281.0598520511096,7.15622332285816,7.705262474866325,0.5490391520081648
الدمام,غرناطة,قطعة أرض-سكنى,2016,2,2035.5,22,1024.1558280716663,706.0,3950.0,1705.25,2048.0,26.424704,50.079476,0.115,0.189,0.122,279,237,367,8066,2219.0,7.705262474866325,7.618987927088467,-0.08627454777785815
الدمام,غرناطة,قطعة أرض-سكنى,2016,3,2750.0,11,770.5512666561872,1375.0,3375.0,1496.5,2048.0,26.424704,50.079476,0.115,0.189,0.122,279,237,367,8067,2127.25,7.663055324764167,7.919719760924575,0.256664436160408
الدمام,غرناطة,قطعة أرض-سكنى,2016,4,2640.0,10,498.7208192521699,1882.0,3382.0,740.0,2048.0,26.424704,50.079476,0.115,0.189,0.122,279,237,367,8068,2219.0,7.705262474866325,7.878912912297133,0.17365043743080744
الدمام,غرناطة,قطعة أرض-سكنى,2017,2,1941.0,10,709.4260904264643,1375.0,3625.0,539.5,2429.5,26.424704,50.079476,0.115,0.189,0.122,279,237,367,8070,2429.5,7.79585227648551,7.571473648851271,-0.22437862763423944
الدمام,غرناطة,قطعة أرض-سكنى,2017,4,1887.5,10,1283.134118736879,875.0,5000.0,1582.5,2429.5,26.424704,50.079476,0.115,0.189,0.122,279,237,367,8072,2219.0,7.705262474866325,7.543538142152512,-0.16172433271381337
الدمام,غرناطة,قطعة أرض-سكنى,2018,4,1374.0,10,570.4410087331069,941.0,2472.0,645.5,1767.25,26.424704,50.079476,0.115,0.189,0.122,279,237,367,8076,2127.25,7.663055324764167,7.226209010100671,-0.4368463146634953
الدمام,غرناطة,قطعة أرض-سكنى,2019,1,1412.0,13,619.2972444013269,893.0,2824.0,999.0,1849.5,26.424704,50.079476,0.115,0.189,0.122,279,237,367,8077,2035.5,7.618987927088467,7.253470382684528,-0.36551754440393935
الدمام,غرناطة,قطعة أرض-سكنى,2019,2,1306.5,14,235.012099291051,875.0,1658.0,313.0,1849.5,26.424704,50.079476,0.115,0.189,0.122,279,237,367,8078,1988.25,7.5955129622576445,7.175872195939078,-0.41964076631856617
الدمام,غرناطة,قطعة أرض-سكنى,2019,3,1466.0,14,771.9571993202846,1044.0,3375.0,468.5,1849.5,26.424704,50.079476,0.115,0.189,0.122,279,237,367,8079,1914.25,7.55760344139693,7.2909747781429814,-0.2666286632539485
الدمام,غرناطة,قطعة أرض-سكنى,2019,4,1444.0,15,885.1669307187743,1101.0,4092.0,524.5,1849.5,26.424704,50.079476,0.115,0.189,0.122,279,237,367,8080,1676.75,7.425208889038348,7.275864600546533,-0.14934428849181547
الدمام,غرناطة,قطعة أرض-سكنى,2020,1,1222.0,17,631.2536371473551,500.0,3194.0,559.0,1428.0,26.424704,50.079476,0.115,0.189,0.122,279,237,367,8081,1455.0,7.283448228756631,7.109062135687172,-0.17438609306945896
الدمام,غرناطة,قطعة أرض-سكنى,2020,4,1250.0,18,404.23850786612365,759.0,2400.0,416.0,1428.0,26.424704,50.079476,0.115,0.189,0.122,279,237,367,8084,1428.0,7.264730177929867,7.1316985104669115,-0.13303166746295592
الدمام,غرناطة,قطعة أرض-سكنى,2021,1,1250.0,15,399.67966935439443,625.0,2125.0,569.5,1236.0,26.424704,50.079476,0.115,0.189,0.122,279,237,367,8085,1393.0,7.2399325913204695,7.1316985104669115,-0.10823408085355801
الدمام,غرناطة,قطعة أرض-سكنى,2022,2,1450.0,11,1017.2236099930402,500.0,4250.0,1063.5,1557.5,26.424704,50.079476,0.115,0.189,0.122,279,237,367,8090,1340.25,7.201357293944908,7.280008252884188,0.07865095893927965
الدمام,غرناطة,قطعة أرض-سكنى,2023,3,1224.0,10,702.4619879000177,750.0,3125.0,464.75,1502.25,26.424704,50.079476,0.115,0.189,0.122,279,237,367,8095,1359.25,7.215423785366035,7.110696122978827,-0.10472766238720776
الدمام,غرناطة,قطعة أرض-سكنى,2025,4,1500.0,20,487.05666087108636,750.0,2375.0,743.3823529411766,1226.0416666666652,26.424704,50.079476,0.115,0.189,0.122,279,237,367,8104,1278.25,7.154029247685201,7.313886831633462,0.159857583948261
الدمام,غرناطة,قطعة أرض-سكنى,2026,1,1799.5,12,601.4194510161823,1199.0,3000.0,732.75,1500.0,26.424704,50.079476,0.115,0.189,0.122,279,237,367,8105,1347.0,7.206377291472252,7.49581968308893,0.28944239161667795
الدمام,محمد بن سعود,قطعة أرض-سكنى,2016,4,3075.0,13,923.3036350865855,848.0,3200.0,1125.0,2048.0,26.433481,50.111831,0.061,0.508,0.338,253,310,344,8068,1347.0,7.206377291472252,8.031385330625534,0.8250080391532819
الدمام,مدينة العمال,قطعة أرض-سكنى,2016,1,4141.0,22,2678.330584266012,1055.0,10891.0,3619.5,2048.0,26.423089,50.10983,0.173,0.416,0.047,269,292,346,8065,1350.0,7.208600337960199,8.328934041955529,1.12033370399533
الدمام,مدينة العمال,قطعة أرض-سكنى,2016,2,3151.0,19,1412.2615039558202,2051.0,7001.0,1674.0,2048.0,26.423089,50.10983,0.173,0.416,0.047,269,292,346,8066,4141.0,8.328934041955529,8.05579245097777,-0.2731415909777599
الدمام,مدينة العمال,قطعة أرض-سكنى,2016,3,2538.0,10,523.4994322399552,1189.0,3113.0,440.5,2048.0,26.423089,50.10983,0.173,0.416,0.047,269,292,346,8067,3646.0,8.20166019080868,7.839525581704678,-0.3621346091040012
الدمام,مدينة العمال,قطعة أرض-سكنى,2016,4,2761.0,11,1600.404125099771,1674.0,5756.0,2858.0,2048.0,26.423089,50.10983,0.173,0.416,0.047,269,292,346,8068,3151.0,8.05579245097777,7.923710333969238,-0.13208211700853134
الدمام,مدينة العمال,قطعة أرض-سكنى,2017,1,2567.0,12,2365.8057807910272,867.0,8759.0,3357.0,2956.0,26.423089,50.10983,0.173,0.416,0.047,269,292,346,8069,2956.0,7.9919305198524775,7.850882664809852,-0.14104785504262551
الدمام,مدينة العمال,قطعة أرض-سكنى,2021,3,1304.0,13,1436.4931747229577,521.0,4890.0,1088.0,1195.5,26.423089,50.10983,0.173,0.416,0.047,269,292,346,8087,2761.0,7.923710333969238,7.173958319756794,-0.7497520142124436
الدمام,مدينة العمال,قطعة أرض-سكنى,2022,2,1886.5,10,1726.407046118872,610.0,6039.0,2019.75,1325.0,26.423089,50.10983,0.173,0.416,0.047,269,292,346,8090,2664.0,7.887959336599945,7.54300848112318,-0.34495085547676485
الدمام,مدينة العمال,قطعة أرض-سكنى,2022,3,1545.0,11,930.582701126753,718.0,4264.0,547.0,1325.0,26.423089,50.10983,0.173,0.416,0.047,269,292,346,8091,2567.0,7.850882664809852,7.343426229147367,-0.5074564356624851
الدمام,مدينة العمال,قطعة أرض-سكنى,2022,4,1287.5,12,1872.1017094714862,594.0,7571.0,523.0,1325.0,26.423089,50.10983,0.173,0.416,0.047,269,292,346,8092,2552.5,7.845220246087699,7.1612340300924195,-0.6839862159952794
الدمام,مدينة العمال,قطعة أرض-سكنى,2023,1,1215.0,10,3077.5266205184967,828.0,10873.0,1107.25,1715.75,26.423089,50.10983,0.173,0.416,0.047,269,292,346,8093,2212.25,7.702217302491158,7.103322062526113,-0.5988952399650458
الدمام,مدينة العمال,قطعة أرض-سكنى,2023,3,1492.0,11,853.3918315649723,797.0,3308.0,818.5,1715.75,26.423089,50.10983,0.173,0.416,0.047,269,292,346,8095,1715.75,7.448188247500786,7.30854279753919,-0.13964544996159578
الدمام,مدينة العمال,قطعة أرض-سكنى,2025,4,1656.0,45,1344.408182027528,621.0,8407.713281193945,1502.4442330599113,1404.39645422656,26.423089,50.10983,0.173,0.416,0.047,269,292,346,8104,1518.5,7.326136612356848,7.4127640174265625,0.08662740506971467
الدمام,هجر,قطعة أرض-سكنى,2020,4,1700.0,27,158.0191304369366,1400.0,2204.0,187.0,1350.0,26.3,50.1,0.056,0.447,0.34,308,253,276,8084,1518.5,7.326136612356848,7.438971592395862,0.11283498003901382
الدمام,هجر,قطعة أرض-سكنى,2021,1,1799.5,28,135.3884476092098,1698.0,2200.0,251.25,1637.5,26.3,50.1,0.056,0.447,0.34,308,253,276,8085,1700.0,7.438971592395862,7.49581968308893,0.05684809069306862
الدمام,هجر,قطعة أرض-سكنى,2021,2,2000.0,11,770.6891013301608,1500.0,4417.0,270.0,1637.5,26.3,50.1,0.056,0.447,0.34,308,253,276,8086,1749.75,7.467799546535627,7.601402334583733,0.13360278804810655
الدمام,هجر,قطعة أرض-سكنى,2021,4,2154.0,24,523.4567310440877,833.0,3167.0,714.25,1637.5,26.3,50.1,0.056,0.447,0.34,308,253,276,8088,1799.5,7.49581968308893,7.675546002537848,0.1797263194489176
الدمام,هجر,قطعة أرض-سكنى,2022,2,2200.0,21,978.8527614362789,2000.0,6667.0,215.0,2077.0,26.3,50.1,0.056,0.447,0.34,308,253,276,8090,1899.75,7.550003824108546,7.696667081526462,0.14666325741791564
الدمام,هجر,قطعة أرض-سكنى,2025,4,2847.0,25,939.8005728116759,2073.0,4574.827014353519,1865.0,3722.41407282082,26.3,50.1,0.056,0.447,0.34,308,253,276,8104,2000.0,7.601402334583733,7.954372272531867,0.35296993794813325
الظهران,أخرى,قطعة أرض-سكنى,2021,1,1680.0,10,171.25108272163808,1600.0,2010.0,272.0,2048.0,26.3,50.1,0.28,0.458,0.591,100,70,43,8085,1850.5980168056403,7.523804338085922,7.427144133408616,-0.09666020467730618
الظهران,الدوحة الجنوبية,قطعة أرض-سكنى,2025,4,3550.0,24,653.1670964478425,2149.0,4993.150021523891,100.0,2225.5,26.317434,50.16361,0.144,0.27,0.664,136,82,76,8104,1680.0,7.427144133408616,8.174984532943087,0.7478403995344713
الظهران,الدوحة الجنوبية,قطعة أرض-سكنى,2026,1,3400.0,96,233.12853825921272,2839.0,3400.0,0.0,3177.75,26.317434,50.16361,0.144,0.27,0.664,136,82,76,8105,3550.0,8.174984532943087,8.131824785007195,-0.04315974793589206
الظهران,الظهران,قطعة أرض-سكنى,2025,1,925.0,14,87.01799738061013,880.0,1226.0,50.0,975.0,26.3,50.1,0.28,0.458,0.591,100,70,43,8101,3400.0,8.131824785007195,6.8308742346461795,-1.3009505503610157
الظهران,الظهران,قطعة أرض-سكنى,2025,2,900.0,11,103.12719419153312,850.0,1200.0,111.5,975.0,26.3,50.1,0.28,0.458,0.591,100,70,43,8102,925.0,6.8308742346461795,6.803505257608338,-0.027368977037841802
الظهران,الظهران/ الدوحة الجنوبية,قطعة أرض-سكنى,2025,2,3550.0,15,545.4956942925573,2094.6795140343525,3968.253968253968,697.6952745298795,1945.3593374298691,26.3,50.1,0.28,0.458,0.591,100,70,43,8102,1680.0,7.427144133408616,8.174984532943087,0.7478403995344713
الظهران,الظهران/ الدوحة الجنوبية,قطعة أرض-سكنى,2025,4,3550.0,16,927.4354557470622,2149.7289065863106,6420.2513069797305,100.0,1945.3593374298691,26.3,50.1,0.28,0.458,0.591,100,70,43,8104,3550.0,8.174984532943087,8.174984532943087,0.0
الظهران,الظهران/ الدوحة الجنوبية,قطعة أرض-سكنى,2026,1,3400.0,225,269.53999456499184,2700.0,6000.0,0.0,3550.0,26.3,50.1,0.28,0.458,0.591,100,70,43,8105,3550.0,8.174984532943087,8.131824785007195,-0.04315974793589206
الظهران,الظهران/ الظهران,قطعة أرض-تجارى,2025,2,1140.0,15,159.09549478086868,870.0,1250.0,315.0,1170.0,26.3,50.1,0.28,0.458,0.591,100,70,43,8102,1850.5980168056403,7.523804338085922,7.039660349862076,-0.4841439882238463
الظهران,الظهران/ الظهران,قطعة أرض-تجارى,2025,3,1140.0,24,94.24663143174868,900.0,1500.0,60.0,1170.0,26.3,50.1,0.28,0.458,0.591,100,70,43,8103,1140.0,7.039660349862076,7.039660349862076,0.0
الظهران,الظهران/ الظهران,قطعة أرض-سكنى,2025,1,950.0,11,26.967994498529688,900.0,1000.0,0.0,2048.0,26.3,50.1,0.28,0.458,0.591,100,70,43,8101,3400.0,8.131824785007195,6.85751406254539,-1.2743107224618049
الظهران,الظهران/ الظهران,قطعة أرض-سكنى,2025,2,970.0,23,78.4102757811052,850.0,1200.0,95.80548559189265,2048.0,26.3,50.1,0.28,0.458,0.591,100,70,43,8102,950.0,6.85751406254539,6.878326468291325,0.020812405745934903
الظهران,الظهران/ الوسام,قطعة أرض-تجارى,2025,4,3210.237336167198,13,1945.26689174616,609.9234546064469,6547.619047619048,1650.0,2988.7160272660963,26.3,50.1,0.28,0.458,0.591,100,70,43,8104,1140.0,7.039660349862076,8.074411604832727,1.0347512549706517
الظهران,الظهران/ صناعية الظهران,قطعة أرض-تجارى,2023,2,870.0,47,175.9444879782319,600.0,1170.0,314.72400000000005,2048.0,26.3,50.1,0.28,0.458,0.591,100,70,43,8094,1140.0,7.039660349862076,6.769641976852503,-0.2700183730095729
الظهران,الظهران/ صناعية الظهران,قطعة أرض-تجارى,2023,3,880.0,18,31.458292754161594,855.0,990.0,37.5,2048.0,26.3,50.1,0.28,0.458,0.591,100,70,43,8095,870.0,6.769641976852503,6.78105762593618,0.011415649083676982
الظهران,الظهران/ صناعية الظهران,قطعة أرض-تجارى,2024,1,900.0,35,28.616830793435135,850.0,980.0001285627964,0.0,870.0,26.3,50.1,0.28,0.458,0.591,100,70,43,8097,875.0,6.775366090936392,6.803505257608338,0.028139166671945937
الظهران,الظهران/ صناعية الظهران,قطعة أرض-تجارى,2024,2,900.0,10,28.33509721482534,850.0,950.0,2.650630440969735,870.0,26.3,50.1,0.28,0.458,0.591,100,70,43,8098,880.0,6.78105762593618,6.803505257608338,0.022447631672157797
الظهران,الظهران/ صناعية الظهران,قطعة أرض-تجارى,2025,2,830.0,34,23.305783328218958,829.9999999999999,905.0,35.0,900.0,26.3,50.1,0.28,0.458,0.591,100,70,43,8102,890.0,6.792344427470809,6.7226297948554485,-0.06971463261536037
الظهران,الظهران/ صناعية الظهران,قطعة أرض-تجارى,2025,3,880.0,25,53.30617834252203,830.0,1000.0,100.0,900.0,26.3,50.1,0.28,0.458,0.591,100,70,43,8103,880.0,6.78105762593618,6.78105762593618,0.0
الظهران,الظهران/ صناعية الظهران,قطعة أرض-تجارى,2025,4,900.0,16,48.541219597368986,840.0000000000001,1000.0,72.5,900.0,26.3,50.1,0.28,0.458,0.591,100,70,43,8104,880.0,6.78105762593618,6.803505257608338,0.022447631672157797
الظهران,الظهران/ صناعية الظهران,قطعة أرض-تجارى,2026,1,900.0,17,79.99389732824439,880.0,1226.7343485617598,1.1368683772161603e-13,880.0,26.3,50.1,0.28,0.458,0.591,100,70,43,8105,880.0,6.78105762593618,6.803505257608338,0.022447631672157797
الظهران,الظهران/ صناعية الظهران,قطعة أرض-سكنى,2023,2,600.0,33,163.47665461362058,600.0,930.0,320.0,2048.0,26.3,50.1,0.28,0.458,0.591,100,70,43,8094,2185.0,7.689828668736484,6.398594934535208,-1.2912337342012767
الظهران,الظهران/ صناعية الظهران,قطعة أرض-سكنى,2025,4,890.0,138,135.18911047303212,800.0,1600.0,128.75,880.0,26.3,50.1,0.28,0.458,0.591,100,70,43,8104,600.0,6.398594934535208,6.792344427470809,0.39374949293560135
الظهران,الظهران/ صناعية الظهران,قطعة أرض-سكنى,2026,1,850.0,69,147.61422150054818,600.0,1050.0,250.0,890.0,26.3,50.1,0.28,0.458,0.591,100,70,43,8105,745.0,6.61472560020376,6.7464121285733745,0.13168652836961403
الظهران,شمال الظهران,قطعة أرض-سكنى,2021,3,1861.0,10,381.17619139826786,1829.0,2772.0,178.0,2048.0,26.3,50.1,0.28,0.458,0.591,100,70,43,8087,960.0,6.8679744089702925,7.529406457837013,0.66143204886672
الظهران,شمال الظهران,قطعة أرض-سكنى,2021,4,2416.0,10,466.29289793719425,2097.0,3271.0,640.0,2048.0,26.3,50.1,0.28,0.458,0.591,100,70,43,8088,1861.0,7.529406457837013,7.790282380703483,0.26087592286647077
الظهران,صناعية الظهران,قطعة أرض-سكنى,2025,4,895.0,86,150.16510597123735,800.0,1600.0,200.0,2048.0,26.3,50.1,0.28,0.458,0.591,100,70,43,8104,960.0,6.8679744089702925,6.79794041297493,-0.0700339959953622
