city_ar,district_ar,property_type_ar,year,quarter,target_median_price_per_sqm,deals_count,std_price,min_price,max_price,iqr_price,prev_year_median_price_per_sqm,latitude,longitude,dist_school_km,dist_hospital_km,dist_mall_km,count_school_3km,count_hospital_3km,count_mall_3km,growth_pct,quarter_sin,quarter_cos,year_quarter_idx,baseline_roll4,baseline_price_per_sqm,baseline_log,target_log,target_resid
الخبر,إشبيلية,قطعة أرض-تجارى,2025,4,3298.4681819815787,50,1767.791338372111,799.6161842315688,8469.387755102041,2800.0111741276733,2079.0,26.194927,50.215608,0.764,0.482,0.414,23,36,56,34.31,-1.0,-1.8369701987210297e-16,8104,1803.0,1803.0,7.4977617006225685,8.101516577492111,0.6037548768695427
الخبر,إشبيلية,قطعة أرض-تجارى,2026,1,1401.3452914798206,87,1365.0429059480157,583.3333333333334,6617.038875103392,1998.654275186123,3249.2340909907894,26.194927,50.215608,0.764,0.482,0.414,23,36,56,34.31,0.0,1.0,8105,3298.4681819815787,3298.4681819815787,8.101516577492111,7.245901322207057,-0.8556152552850538
الخبر,إشبيلية,قطعة أرض-سكنى,2016,2,1714.0,17,1058.3983494773936,1275.0,5687.0,707.0,2079.0,26.194927,50.215608,0.764,0.482,0.414,23,36,56,12.85,1.0,6.123233995736766e-17,8066,1803.0,1803.0,7.4977617006225685,7.44716835960004,-0.05059334102252855
الخبر,إشبيلية,قطعة أرض-سكنى,2017,1,2983.0,10,719.917402669686,1800.0,3500.0,1327.75,2310.0,26.194927,50.215608,0.764,0.482,0.414,23,36,56,12.85,0.0,1.0,8069,1714.0,1714.0,7.44716835960004,8.001019961323651,0.5538516017236113
الخبر,إشبيلية,قطعة أرض-سكنى,2025,4,3025.6305105597703,263,1985.678513128295,512.6783352498171,11447.807801493009,2447.0935670875706,2079.0,26.194927,50.215608,0.764,0.482,0.414,23,36,56,12.85,-1.0,-1.8369701987210297e-16,8104,2348.5,2348.5,7.761957818542871,8.015205237005581,0.2532474184627107
الخبر,إشبيلية,قطعة أرض-سكنى,2026,1,3289.072968692898,563,2073.407185426485,557.3621017977601,15013.747143945162,2333.656578434783,3639.565255279885,26.194927,50.215608,0.764,0.482,0.414,23,36,56,12.85,0.0,1.0,8105,2983.0,2983.0,8.001019961323651,8.09866502244748,0.09764506112382954
الخبر,الأمواج,قطعة أرض-تجارى,2019,2,603.0,14,731.2466887311148,594.0,2463.0,953.5,2223.75,26.139912,50.14352,1.194,3.892,1.103,5,0,10,34.31,1.0,6.123233995736766e-17,8078,2349.9067367307,2349.9067367307,7.762556378136323,6.403574197934815,-1.358982180201508
الخبر,الأمواج,قطعة أرض-تجارى,2019,4,634.0,32,393.5366523898295,530.0,2823.0,147.25,2223.75,26.139912,50.14352,1.194,3.892,1.103,5,0,10,34.31,-1.0,-1.8369701987210297e-16,8080,603.0,603.0,6.403574197934815,6.453624998892692,0.05005080095787662
الخبر,الأمواج,قطعة أرض-تجارى,2020,1,725.0,31,343.88458303857254,664.0,2629.0,17.5,968.75,26.139912,50.14352,1.194,3.892,1.103,5,0,10,34.31,0.0,1.0,8081,618.5,618.5,6.428912701069197,6.587550014824796,0.15863731375559897
الخبر,الأمواج,قطعة أرض-تجارى,2020,4,900.0,25,474.5187140672115,561.0,2891.0,539.0,968.75,26.139912,50.14352,1.194,3.892,1.103,5,0,10,34.31,-1.0,-1.8369701987210297e-16,8084,634.0,634.0,6.453624998892692,6.803505257608338,0.349880258715646
الخبر,الأمواج,قطعة أرض-تجارى,2021,1,1000.0,13,99.9111785024258,875.0,1100.0,201.0,853.75,26.139912,50.14352,1.194,3.892,1.103,5,0,10,34.31,0.0,1.0,8085,679.5,679.5,6.522827822091521,6.90875477931522,0.38592695722369985
الخبر,الأمواج,قطعة أرض-تجارى,2021,2,950.0,55,145.0817672621863,550.0,1199.0,33.0,853.75,26.139912,50.14352,1.194,3.892,1.103,5,0,10,34.31,1.0,6.123233995736766e-17,8086,812.5,812.5,6.7013459266590925,6.85751406254539,0.15616813588629785
الخبر,الأمواج,قطعة أرض-تجارى,2021,3,950.0,38,609.836296038421,650.0,3316.0,180.0,853.75,26.139912,50.14352,1.194,3.892,1.103,5,0,10,34.31,1.2246467991473532e-16,-1.0,8087,925.0,925.0,6.8308742346461795,6.85751406254539,0.02663982789921082
الخبر,الأمواج,قطعة أرض-تجارى,2021,4,1150.0,35,595.5726895782147,599.0,3128.0,173.5,853.75,26.139912,50.14352,1.194,3.892,1.103,5,0,10,34.31,-1.0,-1.8369701987210297e-16,8088,950.0,950.0,6.85751406254539,7.048386408721883,0.1908723461764925
الخبر,الأمواج,قطعة أرض-تجارى,2025,4,1228.4644194756554,25,1037.0344136304534,621.1694550273314,4600.0,842.8571428571429,2079.0,26.139912,50.14352,1.194,3.892,1.103,5,0,10,34.31,-1.0,-1.8369701987210297e-16,8104,975.0,975.0,6.883462586413092,7.114333922218112,0.23087133580501984
الخبر,الأمواج,قطعة أرض-تجارى,2026,1,1125.0,61,920.6690243042697,571.4285714285714,4678.571428571428,620.0,1228.4644194756554,26.139912,50.14352,1.194,3.892,1.103,5,0,10,34.31,0.0,1.0,8105,1050.0,1050.0,6.957497370876951,7.026426808699636,0.06892943782268457
الخبر,الأمواج,قطعة أرض-سكنى,2016,1,2857.0,17,701.7259499430882,640.0,4154.0,586.0,2079.0,26.139912,50.14352,1.194,3.892,1.103,5,0,10,12.85,0.0,1.0,8065,3004.315255279885,3004.315255279885,8.008137751709503,7.957877358489813,-0.050260393219690336
الخبر,الأمواج,قطعة أرض-سكنى,2016,2,2835.0,17,1178.8686344766923,700.0,3272.0,2432.0,2079.0,26.139912,50.14352,1.194,3.892,1.103,5,0,10,12.85,1.0,6.123233995736766e-17,8066,2857.0,2857.0,7.957877358489813,7.950149887652018,-0.00772747083779457
الخبر,الأمواج,قطعة أرض-سكنى,2017,1,550.0,12,1198.0477680566223,550.0,2987.0,2296.25,2966.5,26.139912,50.14352,1.194,3.892,1.103,5,0,10,12.85,0.0,1.0,8069,2846.0,2846.0,7.954021087278037,6.311734809152915,-1.6422862781251224
الخبر,الأمواج,قطعة أرض-سكنى,2017,2,577.0,12,705.8129849308311,508.0,2469.0,57.75,2966.5,26.139912,50.14352,1.194,3.892,1.103,5,0,10,12.85,1.0,6.123233995736766e-17,8070,2835.0,2835.0,7.950149887652018,6.359573868672378,-1.5905760189796405
الخبر,الأمواج,قطعة أرض-سكنى,2017,4,700.0,11,819.0961426530409,610.0,2696.0,765.0,2966.5,26.139912,50.14352,1.194,3.892,1.103,5,0,10,12.85,-1.0,-1.8369701987210297e-16,8072,1706.0,1706.0,7.442492722794441,6.55250788703459,-0.8899848357598508
الخبر,الأمواج,قطعة أرض-سكنى,2019,1,596.5,22,515.04125838179,538.0,2432.0,42.75,2553.75,26.139912,50.14352,1.194,3.892,1.103,5,0,10,12.85,0.0,1.0,8077,638.5,638.5,6.460686621018898,6.392754283805666,-0.06793233721323144
الخبر,الأمواج,قطعة أرض-سكنى,2019,2,594.0,69,616.2850404363583,500.0,3810.0,58.0,2553.75,26.139912,50.14352,1.194,3.892,1.103,5,0,10,12.85,1.0,6.123233995736766e-17,8078,586.75,586.75,6.376301687420179,6.38856140554563,0.012259718125450902
الخبر,الأمواج,قطعة أرض-سكنى,2019,3,611.0,97,320.25582255666063,505.0,2670.0,54.0,2553.75,26.139912,50.14352,1.194,3.892,1.103,5,0,10,12.85,1.2246467991473532e-16,-1.0,8079,595.25,595.25,6.390660042202551,6.416732282512326,0.02607224030977484
الخبر,الأمواج,قطعة أرض-سكنى,2019,4,651.5,92,341.24531922500654,502.0,3380.0,43.0,2553.75,26.139912,50.14352,1.194,3.892,1.103,5,0,10,12.85,-1.0,-1.8369701987210297e-16,8080,603.75,603.75,6.404815149490137,6.480811139196849,0.07599598970671195
الخبر,الأمواج,قطعة أرض-سكنى,2020,1,739.0,41,748.8088044419324,641.0,3662.0,125.0,603.75,26.139912,50.14352,1.194,3.892,1.103,5,0,10,12.85,0.0,1.0,8081,603.75,603.75,6.404815149490137,6.606650186198215,0.20183503670807834
الخبر,الأمواج,قطعة أرض-سكنى,2020,2,2857.0,32,767.8727626612996,704.0,3890.0,650.5,603.75,26.139912,50.14352,1.194,3.892,1.103,5,0,10,12.85,1.0,6.123233995736766e-17,8082,631.25,631.25,6.449284885550075,7.957877358489813,1.5085924729397382
الخبر,الأمواج,قطعة أرض-سكنى,2020,3,920.0,34,698.3986017682679,603.0,2741.0,1138.5,603.75,26.139912,50.14352,1.194,3.892,1.103,5,0,10,12.85,1.2246467991473532e-16,-1.0,8083,695.25,695.25,6.545708791241494,6.825460036255307,0.2797512450138129
الخبر,الأمواج,قطعة أرض-سكنى,2020,4,900.0,85,628.8147552010396,561.0,3476.0,240.0,603.75,26.139912,50.14352,1.194,3.892,1.103,5,0,10,12.85,-1.0,-1.8369701987210297e-16,8084,829.5,829.5,6.72202792905335,6.803505257608338,0.08147732855498813
الخبر,الأمواج,قطعة أرض-سكنى,2021,1,1050.0,81,685.0498524258231,679.0,4800.0,100.0,910.0,26.139912,50.14352,1.194,3.892,1.103,5,0,10,12.85,0.0,1.0,8085,910.0,910.0,6.814542897259958,6.957497370876951,0.1429544736169932
الخبر,الأمواج,قطعة أرض-سكنى,2021,2,950.0,137,286.8530980679646,500.0,3391.0,81.0,910.0,26.139912,50.14352,1.194,3.892,1.103,5,0,10,12.85,1.0,6.123233995736766e-17,8086,985.0,985.0,6.893656354602635,6.85751406254539,-0.03614229205724495
الخبر,الأمواج,قطعة أرض-سكنى,2021,3,1000.0,130,791.5775452456631,500.0,4230.0,160.0,910.0,26.139912,50.14352,1.194,3.892,1.103,5,0,10,12.85,1.2246467991473532e-16,-1.0,8087,935.0,935.0,6.841615476477592,6.90875477931522,0.06713930283762881
الخبر,الأمواج,قطعة أرض-سكنى,2021,4,1124.5,136,649.0443619842401,731.0,4156.0,100.0,910.0,26.139912,50.14352,1.194,3.892,1.103,5,0,10,12.85,-1.0,-1.8369701987210297e-16,8088,975.0,975.0,6.883462586413092,7.025982660346787,0.14252007393369492
الخبر,الأمواج,قطعة أرض-سكنى,2022,1,1155.0,10,1166.7285174081128,550.0,3333.0,2085.75,1025.0,26.139912,50.14352,1.194,3.892,1.103,5,0,10,12.85,0.0,1.0,8089,1025.0,1025.0,6.933423025730715,7.052721049232323,0.11929802350160834
الخبر,الأمواج,قطعة أرض-سكنى,2023,1,1227.5,14,824.3235155215204,734.0,2948.0,1557.0,1206.25,26.139912,50.14352,1.194,3.892,1.103,5,0,10,12.85,0.0,1.0,8093,1062.25,1062.25,6.969085534133743,7.1135491919612335,0.14446365782749027
الخبر,الأمواج,قطعة أرض-سكنى,2025,3,1150.0,35,429.1212008768814,845.0,2590.0,208.5,2079.0,26.139912,50.14352,1.194,3.892,1.103,5,0,10,12.85,1.2246467991473532e-16,-1.0,8103,1139.75,1139.75,7.039441219807512,7.048386408721883,0.008945188914371016
الخبر,الأمواج,قطعة أرض-سكنى,2025,4,1380.0,207,1602.039809119572,600.0664007902514,8827.238335435057,1398.1231941745568,2079.0,26.139912,50.14352,1.194,3.892,1.103,5,0,10,12.85,-1.0,-1.8369701987210297e-16,8104,1152.5,1152.5,7.050556077613808,7.2305631534092925,0.18000707579548436
الخبر,الأمواج,قطعة أرض-سكنى,2026,1,2226.8797223416673,292,1851.4916729509039,650.7088078085056,8214.75186885605,2745.891861275706,1265.0,26.139912,50.14352,1.194,3.892,1.103,5,0,10,12.85,0.0,1.0,8105,1191.25,1191.25,7.083597557178334,7.708805615003629,0.6252080578252954
الخبر,الأندلس,قطعة أرض-تجارى,2025,4,3071.2137692750657,27,1123.6138505530673,900.0000000000001,4734.80777013355,1252.4728387397172,2079.0,26.32102,50.18589,0.183,1.269,0.591,104,102,105,34.31,-1.0,-1.8369701987210297e-16,8104,1137.5,1137.5,7.037466885503794,8.030153678199106,0.992686792695312
الخبر,الأندلس,قطعة أرض-تجارى,2026,1,3637.766631758805,67,1702.5488414586168,503.77833753148616,9085.402786190189,1919.3755586680645,3071.2137692750657,26.32102,50.18589,0.183,1.269,0.591,104,102,105,34.31,0.0,1.0,8105,3071.2137692750657,3071.2137692750657,8.030153678199106,8.199400065783514,0.16924638758440835
الخبر,الأندلس,قطعة أرض-سكنى,2025,4,2860.0,109,1597.9620146145555,751.8796992481203,8771.929824561403,1690.0,2079.0,26.32102,50.18589,0.183,1.269,0.591,104,102,105,12.85,-1.0,-1.8369701987210297e-16,8104,1303.75,1303.75,7.173766730523522,7.95892649305011,0.7851597625265878
الخبر,الأندلس,قطعة أرض-سكنى,2026,1,2200.0,128,1636.2558845295323,579.9999704590807,9051.821679112922,2178.9285714285716,3430.0,26.32102,50.18589,0.183,1.269,0.591,104,102,105,12.85,0.0,1.0,8105,2860.0,2860.0,7.95892649305011,7.696667081526462,-0.2622594115236483
الخبر,البحر,قطعة أرض-تجارى,2021,1,1600.0,17,291.32175965255135,1250.0,2200.0,370.0,2079.0,26.357881,50.226128,1.228,1.51,0.895,20,26,15,34.31,0.0,1.0,8085,2149.8390943753607,2149.8390943753607,7.673613321437319,7.3783837129967145,-0.29522960844060453
الخبر,البحر,قطعة أرض-تجارى,2021,2,2000.0,15,226.92064902159294,1500.0,2200.0,350.0,2079.0,26.357881,50.226128,1.228,1.51,0.895,20,26,15,34.31,1.0,6.123233995736766e-17,8086,1600.0,1600.0,7.3783837129967145,7.601402334583733,0.2230186215870189
الخبر,البحر,قطعة أرض-تجارى,2025,4,2550.0,10,638.4068168136583,952.6622495409916,3000.0,296.0762572430076,2079.0,26.357881,50.226128,1.228,1.51,0.895,20,26,15,34.31,-1.0,-1.8369701987210297e-16,8104,1800.0,1800.0,7.496097345175956,7.844240718141811,0.34814337296585496
الخبر,البحر,قطعة أرض-تجارى,2026,1,1583.493282149712,13,1261.2927062133735,733.9269987278599,4571.596702720732,1380.0,2550.0,26.357881,50.226128,1.228,1.51,0.895,20,26,15,34.31,0.0,1.0,8105,2000.0,2000.0,7.601402334583733,7.368019939393185,-0.2333823951905485
الخبر,البحر,قطعة أرض-سكنى,2021,1,1700.0,76,411.40556397571413,842.0,4632.0,250.0,2079.0,26.357881,50.226128,1.228,1.51,0.895,20,26,15,197.8,0.0,1.0,8085,2213.439861170834,2213.439861170834,7.702754766151345,7.438971592395862,-0.263783173755483
الخبر,البحر,قطعة أرض-سكنى,2021,2,1926.0,49,262.66161367683645,1100.0,2600.0,202.0,2079.0,26.357881,50.226128,1.228,1.51,0.895,20,26,15,197.8,1.0,6.123233995736766e-17,8086,1700.0,1700.0,7.438971592395862,7.563719668414366,0.12474807601850468
الخبر,البحر,قطعة أرض-سكنى,2021,3,2049.5,14,482.87793943770555,1180.0,2800.0,702.25,2079.0,26.357881,50.226128,1.228,1.51,0.895,20,26,15,197.8,1.2246467991473532e-16,-1.0,8087,1813.0,1813.0,7.503289630675082,7.625838944832114,0.12254931415703219
الخبر,البحر,قطعة أرض-سكنى,2021,4,2100.0,27,710.4107876288812,1310.0,5161.0,125.0,2079.0,26.357881,50.226128,1.228,1.51,0.895,20,26,15,197.8,-1.0,-1.8369701987210297e-16,8088,1926.0,1926.0,7.563719668414366,7.650168700845001,0.08644903243063418
الخبر,البحر,قطعة أرض-سكنى,2025,4,5242.523809523809,160,2152.2845665377695,1400.0,8277.529761904761,4082.820013110506,2079.0,26.357881,50.226128,1.228,1.51,0.895,20,26,15,197.8,-1.0,-1.8369701987210297e-16,8104,1987.75,1987.75,7.595261579651996,8.564749034033447,0.9694874543814507
الخبر,البحر,قطعة أرض-سكنى,2026,1,3359.094812345305,117,1870.38550966081,600.0,10750.046071626022,2575.0,5598.261904761905,26.357881,50.226128,1.228,1.51,0.895,20,26,15,197.8,0.0,1.0,8105,2074.75,2074.75,7.63807781314214,8.119724470519042,0.4816466573769018
الخبر,البحيرة,قطعة أرض-تجارى,2016,1,2800.0,11,1505.6808487132384,916.0,4961.0,2315.5,2079.0,26.189871,50.178971,0.214,0.763,0.27,32,32,51,34.31,0.0,1.0,8065,1800.0,1800.0,7.496097345175956,7.937731775260109,0.4416344300841528
الخبر,البحيرة,قطعة أرض-تجارى,2017,1,950.0,10,504.768472778472,950.0,2551.0,0.0,3125.0,26.189871,50.178971,0.214,0.763,0.27,32,32,51,34.31,0.0,1.0,8069,2800.0,2800.0,7.937731775260109,6.85751406254539,-1.0802177127147186
الخبر,البحيرة,قطعة أرض-تجارى,2020,1,1396.0,15,1346.8746715832106,571.0,5149.0,979.5,2358.25,26.189871,50.178971,0.214,0.763,0.27,32,32,51,34.31,0.0,1.0,8081,1875.0,1875.0,7.53689712956617,7.242082359256962,-0.2948147703092081
الخبر,البحيرة,قطعة أرض-تجارى,2020,3,2889.5,10,1514.0548536958624,1388.0,5218.0,2478.25,2358.25,26.189871,50.178971,0.214,0.763,0.27,32,32,51,34.31,1.2246467991473532e-16,-1.0,8083,1396.0,1396.0,7.242082359256962,7.969184776522531,0.7271024172655691
الخبر,البحيرة,قطعة أرض-تجارى,2020,4,1177.0,14,1506.6264111773505,820.0,5817.0,1297.75,2358.25,26.189871,50.178971,0.214,0.763,0.27,32,32,51,34.31,-1.0,-1.8369701987210297e-16,8084,2098.0,2098.0,7.649216319820633,7.071573364211532,-0.5776429556091012
الخبر,البحيرة,قطعة أرض-تجارى,2021,4,2696.0,12,1157.5139602535332,1900.0,5371.0,1715.75,1809.0,26.189871,50.178971,0.214,0.763,0.27,32,32,51,34.31,-1.0,-1.8369701987210297e-16,8088,1286.5,1286.5,7.1604576325378915,7.89989532313973,0.7394376906018385
الخبر,البحيرة,قطعة أرض-تجارى,2025,4,1751.72318,26,1940.1293665390915,617.2654765289479,6700.0,2783.6126514499256,2079.0,26.189871,50.178971,0.214,0.763,0.27,32,32,51,34.31,-1.0,-1.8369701987210297e-16,8104,2046.0,2046.0,7.624130585661289,7.468925960301199,-0.15520462536009028
الخبر,البحيرة,قطعة أرض-تجارى,2026,1,2577.0567605027063,48,1401.3956870791828,650.0,6750.945992432061,2013.609896838815,2066.86159,26.189871,50.178971,0.214,0.763,0.27,32,32,51,34.31,0.0,1.0,8105,2223.86159,2223.86159,7.707449985923848,7.854791200519249,0.14734121459540095
الخبر,البحيرة,قطعة أرض-سكنى,2016,1,3750.0,12,1929.0376368918921,887.0,5139.0,3760.75,2079.0,26.189871,50.178971,0.214,0.763,0.27,32,32,51,-43.41,0.0,1.0,8065,2729.5474061726527,2729.5474061726527,7.912257383160101,8.229777750081887,0.3175203669217854
الخبر,البحيرة,قطعة أرض-سكنى,2016,2,4740.5,16,1074.6489019675216,1000.0,5139.0,1225.0,2079.0,26.189871,50.178971,0.214,0.763,0.27,32,32,51,-43.41,1.0,6.123233995736766e-17,8066,3750.0,3750.0,8.229777750081887,8.464108820323782,0.23433107024189503
الخبر,البحيرة,قطعة أرض-سكنى,2017,1,2059.5,26,1434.8296393112855,544.0,4892.0,2482.5,3548.0,26.189871,50.178971,0.214,0.763,0.27,32,32,51,-43.41,0.0,1.0,8069,4245.25,4245.25,8.353791519474793,7.630703950778872,-0.7230875686959211
الخبر,البحيرة,قطعة أرض-سكنى,2017,4,3199.5,14,376.5712065816685,2536.0,4133.0,198.25,3548.0,26.189871,50.178971,0.214,0.763,0.27,32,32,51,-43.41,-1.0,-1.8369701987210297e-16,8072,3750.0,3750.0,8.229777750081887,8.071062326582059,-0.15871542349982803
الخبر,البحيرة,قطعة أرض-سكنى,2019,1,1050.0,11,1082.06842331124,859.0,3859.0,1698.5,2735.5,26.189871,50.178971,0.214,0.763,0.27,32,32,51,-43.41,0.0,1.0,8077,3474.75,3474.75,8.153565562049653,6.957497370876951,-1.196068191172702
الخبر,البحيرة,قطعة أرض-سكنى,2019,2,2297.0,20,1224.0066821283033,749.0,4861.0,1934.0,2735.5,26.189871,50.178971,0.214,0.763,0.27,32,32,51,-43.41,1.0,6.123233995736766e-17,8078,2629.5,2629.5,7.874929221170862,7.739794458408701,-0.13513476276216085
الخبر,البحيرة,قطعة أرض-سكنى,2019,3,900.0,19,1394.2822484361243,676.0,5213.0,1061.5,2735.5,26.189871,50.178971,0.214,0.763,0.27,32,32,51,-43.41,1.2246467991473532e-16,-1.0,8079,2178.25,2178.25,7.686736059891685,6.803505257608338,-0.8832308022833475
الخبر,البحيرة,قطعة أرض-سكنى,2019,4,1025.0,25,1231.1497336500813,659.0,3970.0,1556.0,2735.5,26.189871,50.178971,0.214,0.763,0.27,32,32,51,-43.41,-1.0,-1.8369701987210297e-16,8080,1673.5,1673.5,7.423269892234259,6.933423025730715,-0.4898468665035445
الخبر,البحيرة,قطعة أرض-سكنى,2020,2,3704.0,11,1322.8007614699404,850.0,4790.0,990.0,1037.5,26.189871,50.178971,0.214,0.763,0.27,32,32,51,-43.41,1.0,6.123233995736766e-17,8082,1037.5,1037.5,6.945532643316167,8.217438537730187,1.2719058944140205
الخبر,البحيرة,قطعة أرض-سكنى,2020,3,2614.0,11,1396.2810800642735,1235.0,5833.0,1792.5,1037.5,26.189871,50.178971,0.214,0.763,0.27,32,32,51,-43.41,1.2246467991473532e-16,-1.0,8083,1661.0,1661.0,7.415776975415394,7.869019376499023,0.4532424010836289
الخبر,البحيرة,قطعة أرض-سكنى,2020,4,2304.0,15,1345.9137558161883,820.0,4619.0,2103.5,1037.5,26.189871,50.178971,0.214,0.763,0.27,32,32,51,-43.41,-1.0,-1.8369701987210297e-16,8084,1819.5,1819.5,7.506866467615488,7.742835955430749,0.23596948781526095
الخبر,البحيرة,قطعة أرض-سكنى,2021,1,1430.0,36,1425.5069148501925,539.0,4875.0,2794.0,2459.0,26.189871,50.178971,0.214,0.763,0.27,32,32,51,-43.41,0.0,1.0,8085,2459.0,2459.0,7.807916628926408,7.266128779556451,-0.5417878493699577
الخبر,البحيرة,قطعة أرض-سكنى,2021,2,3480.0,20,1500.5216636749683,539.0,4649.0,2516.75,2459.0,26.189871,50.178971,0.214,0.763,0.27,32,32,51,-43.41,1.0,6.123233995736766e-17,8086,2459.0,2459.0,7.807916628926408,8.15507488781144,0.34715825888503105
الخبر,البحيرة,قطعة أرض-سكنى,2021,3,3352.0,15,1138.656882137062,1500.0,4986.0,1476.5,2459.0,26.189871,50.178971,0.214,0.763,0.27,32,32,51,-43.41,1.2246467991473532e-16,-1.0,8087,2459.0,2459.0,7.807916628926408,8.117610746466228,0.30969411753982
الخبر,البحيرة,قطعة أرض-سكنى,2021,4,1737.5,16,1231.9616724963485,520.0,4533.0,1795.0,2459.0,26.189871,50.178971,0.214,0.763,0.27,32,32,51,-43.41,-1.0,-1.8369701987210297e-16,8088,2828.0,2828.0,7.947678571301568,7.460777951447916,-0.4869006198536514
الخبر,البحيرة,قطعة أرض-سكنى,2022,1,2464.0,15,1035.4045770109567,650.0,4333.0,1482.5,2544.75,26.189871,50.178971,0.214,0.763,0.27,32,32,51,-43.41,0.0,1.0,8089,2544.75,2544.75,7.842180581051775,7.80994708647679,-0.032233494574984256
الخبر,البحيرة,قطعة أرض-سكنى,2022,2,2350.0,13,1087.6879560533848,850.0,4500.0,1693.0,2544.75,26.189871,50.178971,0.214,0.763,0.27,32,32,51,-43.41,1.0,6.123233995736766e-17,8090,2908.0,2908.0,7.975564658495202,7.762596048540069,-0.21296860995513267
الخبر,البحيرة,قطعة أرض-سكنى,2025,4,1970.0,197,2169.4291256358174,580.7366038001779,15471.918842123956,2198.6006351726874,2079.0,26.189871,50.178971,0.214,0.763,0.27,32,32,51,-43.41,-1.0,-1.8369701987210297e-16,8104,2407.0,2407.0,7.786551806428712,7.58629630715272,-0.2002554992759915
الخبر,البحيرة,قطعة أرض-سكنى,2026,1,2572.665680669971,450,2086.358634338114,541.1648390941597,15095.00976735926,2310.698900037263,1847.5,26.189871,50.178971,0.214,0.763,0.27,32,32,51,-43.41,0.0,1.0,8105,2160.0,2160.0,7.6783263565068856,7.853086496530921,0.17476014002403506
الخبر,البندرية,قطعة أرض-تجارى,2026,1,2525.0621441550575,33,1957.4680173386455,600.0,8736.63639498793,2704.7619047619046,2338.168295367375,26.307382,50.213584,0.152,0.153,0.221,79,147,184,34.31,0.0,1.0,8105,2164.389970251353,2164.389970251353,7.680355749043476,7.834416904411086,0.1540611553676099
الخبر,البندرية,قطعة أرض-سكنى,2016,1,4342.0,11,2687.0310686027365,704.0,7687.0,4664.0,2079.0,26.307382,50.213584,0.152,0.153,0.221,79,147,184,10.57,0.0,1.0,8065,2407.0,2407.0,7.786551806428712,8.376320632534823,0.5897688261061109
الخبر,البندرية,قطعة أرض-سكنى,2025,4,3260.4384322398328,116,1528.927056396575,548.5955952760933,7481.446013885563,2360.767825449012,2079.0,26.307382,50.213584,0.152,0.153,0.221,79,147,184,10.57,-1.0,-1.8369701987210297e-16,8104,4342.0,4342.0,8.376320632534823,8.08992361392777,-0.2863970186070528
الخبر,البندرية,قطعة أرض-سكنى,2026,1,2160.0002492336066,104,1949.8838562685626,700.0,9100.681860065117,2994.109770961353,3579.9692161199164,26.307382,50.213584,0.152,0.153,0.221,79,147,184,10.57,0.0,1.0,8105,3801.2192161199164,3801.2192161199164,8.243340179492447,7.678326471839414,-0.5650137076530335
الخبر,التحلية,قطعة أرض-تجارى,2021,1,718.0,77,1029.6234700553687,500.0,6685.0,271.0,1225.0,26.18751,50.195773,0.367,0.693,0.692,28,35,59,-13.3,0.0,1.0,8085,2551.059452328882,2551.059452328882,7.8446559405604415,6.577861357721047,-1.2667945828393945
الخبر,التحلية,قطعة أرض-تجارى,2021,2,963.0,59,703.4187393381934,514.0,4686.0,473.0,1225.0,26.18751,50.195773,0.367,0.693,0.692,28,35,59,-13.3,1.0,6.123233995736766e-17,8086,718.0,718.0,6.577861357721047,6.871091294610546,0.2932299368894986
الخبر,التحلية,قطعة أرض-تجارى,2021,3,1017.0,27,1109.0232477737175,571.0,4408.0,953.5,1225.0,26.18751,50.195773,0.367,0.693,0.692,28,35,59,-13.3,1.2246467991473532e-16,-1.0,8087,840.5,840.5,6.735186013630861,6.925595197110468,0.19040918347960734
الخبر,التحلية,قطعة أرض-تجارى,2021,4,950.0,52,725.3356998321399,532.0,4109.0,242.0,1225.0,26.18751,50.195773,0.367,0.693,0.692,28,35,59,-13.3,-1.0,-1.8369701987210297e-16,8088,963.0,963.0,6.871091294610546,6.85751406254539,-0.013577232065155265
الخبر,التحلية,قطعة أرض-تجارى,2025,4,2178.654427532869,56,2028.6471282559364,665.3083288286415,7927.80635911276,2645.8035714285716,2079.0,26.18751,50.195773,0.367,0.693,0.692,28,35,59,-13.3,-1.0,-1.8369701987210297e-16,8104,956.5,956.5,6.864325721054801,7.686921623737258,0.8225959026824574
الخبر,التحلية,قطعة أرض-تجارى,2026,1,1968.9922480620155,112,1900.0249447166807,550.0,7989.183874139627,2518.331503841932,1739.3272137664344,26.18751,50.195773,0.367,0.693,0.692,28,35,59,-13.3,0.0,1.0,8105,990.0,990.0,6.898714534329988,7.585784886730392,0.6870703524004034
الخبر,التحلية,قطعة أرض-سكنى,2016,1,1922.0,42,1504.3625582738866,571.0,5786.0,2766.25,2079.0,26.18751,50.195773,0.367,0.693,0.692,28,35,59,-15.2,0.0,1.0,8065,2916.552056454902,2916.552056454902,7.978500206830973,7.56164174558878,-0.4168584612421933
الخبر,التحلية,قطعة أرض-سكنى,2016,2,3084.0,45,1430.7465565539237,633.0,5689.0,2611.0,2079.0,26.18751,50.195773,0.367,0.693,0.692,28,35,59,-15.2,1.0,6.123233995736766e-17,8066,1922.0,1922.0,7.56164174558878,8.034306936339489,0.4726651907507087
الخبر,التحلية,قطعة أرض-سكنى,2016,3,3571.0,17,1168.1448999815652,900.0,4433.0,1045.0,2079.0,26.18751,50.195773,0.367,0.693,0.692,28,35,59,-15.2,1.2246467991473532e-16,-1.0,8067,2503.0,2503.0,7.825644732219989,8.18088094199639,0.35523620977640125
الخبر,التحلية,قطعة أرض-سكنى,2016,4,3247.0,26,1245.4053699035567,733.0,5243.0,1443.75,2079.0,26.18751,50.195773,0.367,0.693,0.692,28,35,59,-15.2,-1.0,-1.8369701987210297e-16,8068,3084.0,3084.0,8.034306936339489,8.085794701281568,0.051487764942079295
الخبر,التحلية,قطعة أرض-سكنى,2017,1,1200.0,39,1133.5268888858616,784.0,4706.0,1820.0,3165.5,26.18751,50.195773,0.367,0.693,0.692,28,35,59,-15.2,0.0,1.0,8069,3165.5,3165.5,8.060382155956486,7.0909098220799835,-0.9694723338765021
الخبر,التحلية,قطعة أرض-سكنى,2017,2,2595.0,21,1169.2424674202728,900.0,4433.0,2009.0,3165.5,26.18751,50.195773,0.367,0.693,0.692,28,35,59,-15.2,1.0,6.123233995736766e-17,8070,3165.5,3165.5,8.060382155956486,7.86172707782398,-0.19865507813250538
الخبر,التحلية,قطعة أرض-سكنى,2017,3,1627.5,18,1239.3253290568343,792.0,4287.0,1897.75,3165.5,26.18751,50.195773,0.367,0.693,0.692,28,35,59,-15.2,1.2246467991473532e-16,-1.0,8071,2921.0,2921.0,7.980023592310645,7.395414624716288,-0.5846089675943569
الخبر,التحلية,قطعة أرض-سكنى,2017,4,2088.0,25,1225.1055437525915,780.0,4200.0,2215.0,3165.5,26.18751,50.195773,0.367,0.693,0.692,28,35,59,-15.2,-1.0,-1.8369701987210297e-16,8072,2111.25,2111.25,7.655509009032954,7.644440761556566,-0.01106824747638857
الخبر,التحلية,قطعة أرض-سكنى,2018,1,2960.0,17,1038.6651607599392,808.0,4462.0,1192.0,1857.75,26.18751,50.195773,0.367,0.693,0.692,28,35,59,-15.2,0.0,1.0,8073,1857.75,1857.75,7.527659497774365,7.993282328101591,0.4656228303272263
الخبر,التحلية,قطعة أرض-سكنى,2018,2,1076.0,17,1069.4813441983151,665.0,3437.0,1786.0,1857.75,26.18751,50.195773,0.367,0.693,0.692,28,35,59,-15.2,1.0,6.123233995736766e-17,8074,2341.5,2341.5,7.758974014112577,6.981934677156389,-0.7770393369561885
الخبر,التحلية,قطعة أرض-سكنى,2018,3,1006.0,19,1055.0532094893608,644.0,3504.0,2064.5,1857.75,26.18751,50.195773,0.367,0.693,0.692,28,35,59,-15.2,1.2246467991473532e-16,-1.0,8075,1857.75,1857.75,7.527659497774365,6.914730892718563,-0.612928605055802
الخبر,التحلية,قطعة أرض-سكنى,2018,4,1587.0,30,1076.9306234925682,507.0,4000.0,1973.0,1857.75,26.18751,50.195773,0.367,0.693,0.692,28,35,59,-15.2,-1.0,-1.8369701987210297e-16,8076,1582.0,1582.0,7.367077059881012,7.370230641807081,0.003153581926068405
الخبر,التحلية,قطعة أرض-سكنى,2019,1,1047.0,49,966.5317651589232,507.0,4265.0,609.0,1331.5,26.18751,50.195773,0.367,0.693,0.692,28,35,59,-15.2,0.0,1.0,8077,1331.5,1331.5,7.194812156039999,6.954638864880987,-0.24017329115901198
الخبر,التحلية,قطعة أرض-سكنى,2019,2,1000.0,27,1199.2073343543354,749.0,5265.0,1767.0,1331.5,26.18751,50.195773,0.367,0.693,0.692,28,35,59,-15.2,1.0,6.123233995736766e-17,8078,1061.5,1061.5,6.968379900798572,6.90875477931522,-0.05962512148335186
الخبر,التحلية,قطعة أرض-سكنى,2019,3,1050.0,16,1017.4652962959802,850.0,3724.0,553.25,1331.5,26.18751,50.195773,0.367,0.693,0.692,28,35,59,-15.2,1.2246467991473532e-16,-1.0,8079,1026.5,1026.5,6.934883946370389,6.957497370876951,0.02261342450656212
الخبر,التحلية,قطعة أرض-سكنى,2019,4,1714.0,35,1342.5617692313754,619.0,4912.0,2311.5,1331.5,26.18751,50.195773,0.367,0.693,0.692,28,35,59,-15.2,-1.0,-1.8369701987210297e-16,8080,1048.5,1048.5,6.956069139260688,7.44716835960004,0.49109922033935227
الخبر,التحلية,قطعة أرض-سكنى,2020,1,1112.0,32,1321.755368452218,753.0,5334.0,1264.5,1048.5,26.18751,50.195773,0.367,0.693,0.692,28,35,59,-15.2,0.0,1.0,8081,1048.5,1048.5,6.956069139260688,7.014814351275545,0.05874521201485727
الخبر,التحلية,قطعة أرض-سكنى,2020,2,1200.5,40,1536.500806236073,868.0,5320.0,2659.0,1048.5,26.18751,50.195773,0.367,0.693,0.692,28,35,59,-15.2,1.0,6.123233995736766e-17,8082,1081.0,1081.0,6.9865664594064265,7.091326055176523,0.10475959577009686
الخبر,التحلية,قطعة أرض-سكنى,2020,3,2019.5,32,1117.1832519093607,529.0,3981.0,1817.75,1048.5,26.18751,50.195773,0.367,0.693,0.692,28,35,59,-15.2,1.2246467991473532e-16,-1.0,8083,1156.25,1156.25,7.05380177991138,7.611100284518528,0.5572985046071484
الخبر,التحلية,قطعة أرض-سكنى,2020,4,1233.5,46,1133.8830050239424,857.0,4444.0,1695.5,1048.5,26.18751,50.195773,0.367,0.693,0.692,28,35,59,-15.2,-1.0,-1.8369701987210297e-16,8084,1457.25,1457.25,7.284992365633747,7.118421308785234,-0.1665710568485128
الخبر,التحلية,قطعة أرض-سكنى,2021,1,1083.0,250,905.8057074752726,500.0,4258.0,663.0,1217.0,26.18751,50.195773,0.367,0.693,0.692,28,35,59,-15.2,0.0,1.0,8085,1217.0,1217.0,7.1049654482698426,6.988413181999592,-0.11655226627025073
الخبر,التحلية,قطعة أرض-سكنى,2021,2,1136.0,172,778.5032366931324,519.0,4000.0,641.5,1217.0,26.18751,50.195773,0.367,0.693,0.692,28,35,59,-15.2,1.0,6.123233995736766e-17,8086,1217.0,1217.0,7.1049654482698426,7.036148493750536,-0.06881695451930625
الخبر,التحلية,قطعة أرض-سكنى,2021,3,1600.0,121,813.8334898328734,500.0,4175.0,850.0,1217.0,26.18751,50.195773,0.367,0.693,0.692,28,35,59,-15.2,1.2246467991473532e-16,-1.0,8087,1184.75,1184.75,7.078130764757691,7.3783837129967145,0.3002529482390237
الخبر,التحلية,قطعة أرض-سكنى,2021,4,1547.5,178,781.216314238541,507.0,5076.0,742.0,1217.0,26.18751,50.195773,0.367,0.693,0.692,28,35,59,-15.2,-1.0,-1.8369701987210297e-16,8088,1184.75,1184.75,7.078130764757691,7.345041999413257,0.26691123465556643
الخبر,التحلية,قطعة أرض-سكنى,2022,1,2476.0,21,994.1616209507531,937.0,4762.0,1624.0,1341.75,26.18751,50.195773,0.367,0.693,0.692,28,35,59,-15.2,0.0,1.0,8089,1341.75,1341.75,7.202475028785568,7.814803429489359,0.6123284007037908
الخبر,التحلية,قطعة أرض-سكنى,2022,2,1749.0,13,1263.2308039715324,650.0,5354.0,1520.0,1341.75,26.18751,50.195773,0.367,0.693,0.692,28,35,59,-15.2,1.0,6.123233995736766e-17,8090,1573.75,1573.75,7.361851808502038,7.4673710669175595,0.10551925841552112
الخبر,التحلية,قطعة أرض-سكنى,2022,3,3560.0,12,1150.2322393957902,1500.0,4716.0,2135.0,1341.75,26.18751,50.195773,0.367,0.693,0.692,28,35,59,-15.2,1.2246467991473532e-16,-1.0,8091,1674.5,1674.5,7.4238669071773655,8.177796683277778,0.7539297761004127
الخبر,التحلية,قطعة أرض-سكنى,2023,2,2254.0,11,6500.1993633762,714.0,17857.0,1210.5,2756.0,26.18751,50.195773,0.367,0.693,0.692,28,35,59,-15.2,1.0,6.123233995736766e-17,8094,2112.5,2112.5,7.656100620006844,7.720905251936779,0.06480463192993469
الخبر,التحلية,قطعة أرض-سكنى,2025,3,1886.0,31,1039.5053858984224,663.0,4395.0,1863.0,2079.0,26.18751,50.195773,0.367,0.693,0.692,28,35,59,-15.2,1.2246467991473532e-16,-1.0,8103,2365.0,2365.0,7.768956044538332,7.54274354536855,-0.22621249916978226
الخبر,التحلية,قطعة أرض-سكنى,2025,4,2500.0,335,2111.965589859737,556.3798219584569,11901.562559987711,2814.4074590292944,2079.0,26.18751,50.195773,0.367,0.693,0.692,28,35,59,-15.2,-1.0,-1.8369701987210297e-16,8104,2070.0,2070.0,7.635786861395585,7.824445930877619,0.1886590694820347
الخبر,التحلية,قطعة أرض-سكنى,2026,1,1494.0,485,2034.0043837343692,525.7142857142857,16622.90105760197,2461.8846500034615,2193.0,26.18751,50.195773,0.367,0.693,0.692,28,35,59,-15.2,0.0,1.0,8105,2377.0,2377.0,7.774015077250727,7.3098814858247865,-0.4641335914259406
الخبر,التعاون,قطعة أرض-سكنى,2017,4,2351.0,17,556.0320623954743,1544.0,3280.0,964.0,1386.5,26.220721,50.184179,0.438,0.073,0.046,29,46,69,36.17,-1.0,-1.8369701987210297e-16,8072,2070.0,2070.0,7.635786861395585,7.763021309018518,0.127234447622933
الخبر,التعاون,قطعة أرض-سكنى,2025,4,3201.3610120012972,34,931.5168921771306,1489.0,4729.8096251625875,362.4917572126301,2079.0,26.220721,50.184179,0.438,0.073,0.046,29,46,69,36.17,-1.0,-1.8369701987210297e-16,8104,2351.0,2351.0,7.763021309018518,8.071643632985621,0.30862232396710354
الخبر,الثقبة,قطعة أرض-تجارى,2023,1,3040.5,10,1795.9504942446988,1229.0,6143.0,2853.0,2079.0,26.27614,50.193713,0.874,0.036,0.059,87,154,227,34.31,0.0,1.0,8093,1492.9961240310076,1492.9961240310076,7.309209771332642,8.02010609376076,0.7108963224281171
الخبر,الثقبة,قطعة أرض-تجارى,2025,4,2300.0,18,1999.657973930254,500.0,7682.458386683738,2253.5276496787674,2079.0,26.27614,50.193713,0.874,0.036,0.059,87,154,227,34.31,-1.0,-1.8369701987210297e-16,8104,3040.5,3040.5,8.02010609376076,7.741099090035366,-0.27900700372539333
الخبر,الثقبة,قطعة أرض-تجارى,2026,1,2068.245927691696,32,1936.5909132700533,636.3636363636364,10750.046071626022,2060.8607146437625,3699.5,26.27614,50.193713,0.874,0.036,0.059,87,154,227,34.31,0.0,1.0,8105,2670.25,2670.25,7.8903018066333575,7.634939533751823,-0.2553622728815341
الخبر,الثقبة,قطعة أرض-سكنى,2016,1,4977.5,40,2325.537454284934,616.0,10522.0,3921.75,2079.0,26.27614,50.193713,0.874,0.036,0.059,87,154,227,16.57,0.0,1.0,8065,2425.5,2425.5,7.794205168845271,8.51288391982814,0.7186787509828685
الخبر,الثقبة,قطعة أرض-سكنى,2016,2,3991.0,32,2760.8573876824876,1229.0,13815.0,2728.5,2079.0,26.27614,50.193713,0.874,0.036,0.059,87,154,227,16.57,1.0,6.123233995736766e-17,8066,4977.5,4977.5,8.51288391982814,8.292047637431354,-0.22083628239678532
الخبر,الثقبة,قطعة أرض-سكنى,2016,3,4070.0,21,2485.5654180928423,1536.0,12759.0,2039.0,2079.0,26.27614,50.193713,0.874,0.036,0.059,87,154,227,16.57,1.2246467991473532e-16,-1.0,8067,4484.25,4484.25,8.408549514299494,8.31164394850298,-0.09690556579651499
الخبر,الثقبة,قطعة أرض-سكنى,2016,4,4763.0,24,3002.4951254349885,1849.0,12593.0,3187.0,2079.0,26.27614,50.193713,0.874,0.036,0.059,87,154,227,16.57,-1.0,-1.8369701987210297e-16,8068,4070.0,4070.0,8.31164394850298,8.46884293047519,0.15719898197221127
الخبر,الثقبة,قطعة أرض-سكنى,2017,1,4000.0,24,3679.7872368787375,1093.0,17814.0,4491.75,4416.5,26.27614,50.193713,0.874,0.036,0.059,87,154,227,16.57,0.0,1.0,8069,4416.5,4416.5,8.39332920419385,8.294299608857235,-0.09902959533661537
الخبر,الثقبة,قطعة أرض-سكنى,2017,2,4518.0,11,2917.598399057317,1845.0,10745.0,4220.0,4416.5,26.27614,50.193713,0.874,0.036,0.059,87,154,227,16.57,1.0,6.123233995736766e-17,8070,4035.0,4035.0,8.3030093814735,8.41604600941128,0.11303662793778102
الخبر,الثقبة,قطعة أرض-سكنى,2017,3,4991.0,20,2068.280202817892,1142.0,9030.0,2871.0,4416.5,26.27614,50.193713,0.874,0.036,0.059,87,154,227,16.57,1.2246467991473532e-16,-1.0,8071,4294.0,4294.0,8.365206834418355,8.515591910049263,0.15038507563090775
الخبر,الثقبة,قطعة أرض-سكنى,2017,4,4608.0,26,2286.518645317509,921.0,9445.0,2869.5,4416.5,26.27614,50.193713,0.874,0.036,0.059,87,154,227,16.57,-1.0,-1.8369701987210297e-16,8072,4640.5,4640.5,8.442792868839987,8.435766192720509,-0.007026676119478381
الخبر,الثقبة,قطعة أرض-سكنى,2018,1,2457.0,23,1312.1044828492295,1000.0,5936.0,1919.5,4563.0,26.27614,50.193713,0.874,0.036,0.059,87,154,227,16.57,0.0,1.0,8073,4563.0,4563.0,8.425954710981966,7.80710329012598,-0.6188514208559859
الخبر,الثقبة,قطعة أرض-سكنى,2018,2,3479.5,12,1503.260544666664,1536.0,5244.0,2669.75,4563.0,26.27614,50.193713,0.874,0.036,0.059,87,154,227,16.57,1.0,6.123233995736766e-17,8074,4563.0,4563.0,8.425954710981966,8.154931240608722,-0.2710234703732439
الخبر,الثقبة,قطعة أرض-سكنى,2018,4,3375.0,15,3114.59654958177,1014.0,10750.0,3288.5,4563.0,26.27614,50.193713,0.874,0.036,0.059,87,154,227,16.57,-1.0,-1.8369701987210297e-16,8076,4043.75,4043.75,8.305175022885447,8.124446855715847,-0.18072816716959927
الخبر,الثقبة,قطعة أرض-سكنى,2019,1,2543.0,14,1390.8418926426075,1365.0,6143.0,1203.75,2916.0,26.27614,50.193713,0.874,0.036,0.059,87,154,227,16.57,0.0,1.0,8077,3427.25,3427.25,8.139805205879963,7.841492924460013,-0.2983122814199497
الخبر,الثقبة,قطعة أرض-سكنى,2019,2,2004.0,16,1396.980730897889,584.0,5836.0,1114.25,2916.0,26.27614,50.193713,0.874,0.036,0.059,87,154,227,16.57,1.0,6.123233995736766e-17,8078,2959.0,2959.0,7.992944547318106,7.60339933974067,-0.38954520757743616
الخبر,الثقبة,قطعة أرض-سكنى,2019,4,1641.5,12,5330.266136968125,1044.0,19839.0,975.25,2916.0,26.27614,50.193713,0.874,0.036,0.059,87,154,227,16.57,-1.0,-1.8369701987210297e-16,8080,2959.0,2959.0,7.992944547318106,7.403974750358765,-0.5889697969593408
الخبر,الثقبة,قطعة أرض-سكنى,2020,1,2274.0,13,1106.2463848992068,768.0,4454.0,1573.0,2230.5,26.27614,50.193713,0.874,0.036,0.059,87,154,227,16.57,0.0,1.0,8081,2273.5,2273.5,7.729515527010059,7.729735331385051,0.00021980437499191652
الخبر,الثقبة,قطعة أرض-سكنى,2020,3,1611.0,10,687.3642815534973,646.0,2611.0,937.5,2230.5,26.27614,50.193713,0.874,0.036,0.059,87,154,227,16.57,1.2246467991473532e-16,-1.0,8083,2139.0,2139.0,7.668561108015897,7.385230923066573,-0.2833301849493237
الخبر,الثقبة,قطعة أرض-سكنى,2020,4,2580.0,24,1897.6852141757993,750.0,8190.0,2883.0,2230.5,26.27614,50.193713,0.874,0.036,0.059,87,154,227,16.57,-1.0,-1.8369701987210297e-16,8084,1822.75,1822.75,7.508650099836996,7.855932199718614,0.3472820998816184
الخبر,الثقبة,قطعة أرض-سكنى,2021,1,2259.0,31,2432.400597489375,1354.0,11057.0,2044.0,2243.5,26.27614,50.193713,0.874,0.036,0.059,87,154,227,16.57,0.0,1.0,8085,1957.75,1957.75,7.580061793670231,7.723120092266331,0.14305829859610064
الخبر,الثقبة,قطعة أرض-سكنى,2021,2,1942.0,16,2404.012353510966,614.0,9133.0,2545.25,2243.5,26.27614,50.193713,0.874,0.036,0.059,87,154,227,16.57,1.0,6.123233995736766e-17,8086,2266.5,2266.5,7.726433181989291,7.57198844937744,-0.154444732611851
الخبر,الثقبة,قطعة أرض-سكنى,2021,3,2119.0,19,1938.6360174584436,614.0,7142.0,3184.5,2243.5,26.27614,50.193713,0.874,0.036,0.059,87,154,227,16.57,1.2246467991473532e-16,-1.0,8087,2100.5,2100.5,7.650406654445171,7.659171367666058,0.00876471322088701
الخبر,الثقبة,قطعة أرض-سكنى,2021,4,1947.5,26,2220.8170069732305,1076.0,9214.0,1338.25,2243.5,26.27614,50.193713,0.874,0.036,0.059,87,154,227,16.57,-1.0,-1.8369701987210297e-16,8088,2189.0,2189.0,7.691656822810547,7.574815124778764,-0.11684169803178257
الخبر,الثقبة,قطعة أرض-سكنى,2022,1,2452.5,36,2295.03445957461,921.0,11057.0,2352.5,2033.25,26.27614,50.193713,0.874,0.036,0.059,87,154,227,16.57,0.0,1.0,8089,2033.25,2033.25,7.617882479576767,7.805270855529958,0.18738837595319158
الخبر,الثقبة,قطعة أرض-سكنى,2022,2,1664.0,23,2035.6519539131325,651.0,8106.0,2731.0,2033.25,26.27614,50.193713,0.874,0.036,0.059,87,154,227,16.57,1.0,6.123233995736766e-17,8090,2033.25,2033.25,7.617882479576767,7.417580402414544,-0.20030207716222215
الخبر,الثقبة,قطعة أرض-سكنى,2022,3,2396.0,23,1349.0386637178096,738.0,5836.0,1794.5,2033.25,26.27614,50.193713,0.874,0.036,0.059,87,154,227,16.57,1.2246467991473532e-16,-1.0,8091,2033.25,2033.25,7.617882479576767,7.781973234434385,0.16409075485761804
الخبر,الثقبة,قطعة أرض-سكنى,2022,4,2150.0,33,3095.340787523902,724.0,14326.0,3658.0,2033.25,26.27614,50.193713,0.874,0.036,0.059,87,154,227,16.57,-1.0,-1.8369701987210297e-16,8092,2171.75,2171.75,7.68374892531757,7.67368812926773,-0.01006079604983956
الخبر,الثقبة,قطعة أرض-سكنى,2023,1,2342.0,18,2591.4677623691737,1183.0,12174.0,1755.75,2273.0,26.27614,50.193713,0.874,0.036,0.059,87,154,227,16.57,0.0,1.0,8093,2273.0,2273.0,7.729295674310482,7.759187438507795,0.02989176419731354
الخبر,الثقبة,قطعة أرض-سكنى,2023,2,2195.0,26,1850.8576594067456,615.0,7556.0,2000.0,2273.0,26.27614,50.193713,0.874,0.036,0.059,87,154,227,16.57,1.0,6.123233995736766e-17,8094,2246.0,2246.0,7.717351272185329,7.694392802629421,-0.022958469555907968
الخبر,الثقبة,قطعة أرض-سكنى,2023,3,2677.5,20,1568.1050003444486,873.0,6143.0,2246.5,2273.0,26.27614,50.193713,0.874,0.036,0.059,87,154,227,16.57,1.2246467991473532e-16,-1.0,8095,2268.5,2268.5,7.72731482189652,7.893012215321015,0.16569739342449452
الخبر,الثقبة,قطعة أرض-سكنى,2025,3,3593.0,14,3902.0792175172737,983.0,17199.0,1554.25,2079.0,26.27614,50.193713,0.874,0.036,0.059,87,154,227,16.57,1.2246467991473532e-16,-1.0,8103,2268.5,2268.5,7.72731482189652,8.187021067343505,0.45970624544698424
الخبر,الثقبة,قطعة أرض-سكنى,2025,4,3480.0,179,2554.8181012736695,537.2733378106111,13802.622498274672,2357.8138022397593,2079.0,26.27614,50.193713,0.874,0.036,0.059,87,154,227,16.57,-1.0,-1.8369701987210297e-16,8104,2509.75,2509.75,7.828336792273449,8.15507488781144,0.3267380955379906
الخبر,الثقبة,قطعة أرض-سكنى,2026,1,3333.3333333333335,199,2530.166000238489,500.0,12285.766939001169,2365.279106997076,3536.5,26.27614,50.193713,0.874,0.036,0.059,87,154,227,16.57,0.0,1.0,8105,3078.75,3078.75,8.032603703842083,8.11202803831707,0.07942433447498765
الخبر,الجسر,قطعة أرض-تجارى,2025,4,3029.8447204968943,13,1199.5064436332411,720.0,4609.144542772861,1075.004607162602,2079.0,26.210335,50.207989,0.0,0.031,0.038,35,47,72,34.31,-1.0,-1.8369701987210297e-16,8104,2184.122963845848,2184.122963845848,7.689427382305891,8.016596645292458,0.32716926298656634
الخبر,الجسر,قطعة أرض-تجارى,2026,1,2083.3333333333335,49,1609.288469941605,590.0,10212.308519215265,888.0952380952381,3116.422360248447,26.210335,50.207989,0.0,0.031,0.038,35,47,72,34.31,0.0,1.0,8105,3029.8447204968943,3029.8447204968943,8.016596645292458,7.642204338899188,-0.37439230639326926
الخبر,الجسر,قطعة أرض-سكنى,2017,3,1632.0,10,1150.00200966008,733.0,3600.0,2059.25,1767.75,26.210335,50.207989,0.0,0.031,0.038,35,47,72,16.38,1.2246467991473532e-16,-1.0,8071,3406.666666666667,3406.666666666667,8.133783074088905,7.398174092970465,-0.7356089811184399
الخبر,الجسر,قطعة أرض-سكنى,2021,1,1320.0,15,781.8012961530997,1200.0,3589.0,723.0,1300.0,26.210335,50.207989,0.0,0.031,0.038,35,47,72,16.38,0.0,1.0,8085,1632.0,1632.0,7.398174092970465,7.186144304522325,-0.2120297884481399
الخبر,الجسر,قطعة أرض-سكنى,2021,2,1725.0,12,1142.2025075186177,659.0,4200.0,1372.25,1300.0,26.210335,50.207989,0.0,0.031,0.038,35,47,72,16.38,1.0,6.123233995736766e-17,8086,1476.0,1476.0,7.29776828253138,7.453561871643373,0.15579358911199304
الخبر,الجسر,قطعة أرض-سكنى,2022,1,1637.5,12,1268.1619812177232,952.0,5556.0,1421.75,1841.0,26.210335,50.207989,0.0,0.031,0.038,35,47,72,16.38,0.0,1.0,8089,1632.0,1632.0,7.398174092970465,7.401536468138869,0.003362375168403986
الخبر,الجسر,قطعة أرض-سكنى,2025,4,3030.30303030303,37,1201.0025889638655,704.7619047619048,6688.524590163935,1630.3869303525366,2079.0,26.210335,50.207989,0.0,0.031,0.038,35,47,72,16.38,-1.0,-1.8369701987210297e-16,8104,1634.75,1634.75,7.3998566937498484,8.016747849065725,0.6168911553158765
الخبر,الجسر,قطعة أرض-سكنى,2026,1,2371.7340359960554,110,1798.7209742173982,685.7142857142857,12283.503255128364,2582.5621635794464,3030.30303030303,26.210335,50.207989,0.0,0.031,0.038,35,47,72,16.38,0.0,1.0,8105,1681.25,1681.25,7.427887462068427,7.771798170928145,0.34391070885971775
الخبر,الجوهرة,قطعة أرض-سكنى,2025,4,3400.0,10,3039.115330486699,1000.0,11982.425775529224,1473.5499881908408,2079.0,26.329219,50.197089,0.354,0.684,0.822,63,71,72,12.85,-1.0,-1.8369701987210297e-16,8104,2048.3670179980277,2048.3670179980277,7.625286252744376,8.131824785007195,0.5065385322628195
الخبر,الجوهرة,قطعة أرض-سكنى,2026,1,3500.0,10,1077.2493885908684,1636.3636363636365,4497.138184791496,1553.0845221582267,3400.0,26.329219,50.197089,0.354,0.684,0.822,63,71,72,12.85,0.0,1.0,8105,3400.0,3400.0,8.131824785007195,8.160803920954665,0.028979135947469814
الخبر,الحزام الأخضر,قطعة أرض-سكنى,2016,4,4719.0,20,956.9757407693535,2959.0,7895.0,830.0,2079.0,26.307899,50.20058,0.259,0.399,0.465,110,181,207,12.85,-1.0,-1.8369701987210297e-16,8068,3215.151515151515,3215.151515151515,8.075940742109326,8.459564078579602,0.3836233364702757
الخبر,الحزام الأخضر,قطعة أرض-سكنى,2022,3,3492.5,10,1204.916428637273,2529.0,6349.0,1236.0,3946.0,26.307899,50.20058,0.259,0.399,0.465,110,181,207,12.85,1.2246467991473532e-16,-1.0,8091,4719.0,4719.0,8.459564078579602,8.158659377992505,-0.30090470058709684
الخبر,الحزام الأخضر,قطعة أرض-سكنى,2025,4,3150.0,10,587.9317717071032,2671.0,4303.984259714707,447.87419768934524,2079.0,26.307899,50.20058,0.259,0.399,0.465,110,181,207,12.85,-1.0,-1.8369701987210297e-16,8104,4105.75,4105.75,8.32038724042131,8.055475141757274,-0.26491209866403587
الخبر,الحزام الذهبي,قطعة أرض-سكنى,2025,3,4300.0,12,1335.21298664182,2500.0,6860.0,1331.75,2079.0,26.317729,50.200866,0.198,0.316,0.289,91,117,122,12.85,1.2246467991473532e-16,-1.0,8103,3496.25,3496.25,8.15973222435654,8.366602832783736,0.20687060842719518
الخبر,الحزام الذهبي,قطعة أرض-سكنى,2025,4,5433.306166802499,42,1962.5211454812008,742.8571428571429,7402.119185391148,2891.2185628742513,2079.0,26.317729,50.200866,0.198,0.316,0.289,91,117,122,12.85,-1.0,-1.8369701987210297e-16,8104,4300.0,4300.0,8.366602832783736,8.60048713120412,0.23388429842038505
الخبر,الحزام الذهبي,قطعة أرض-سكنى,2026,1,2727.380528874659,19,1435.885620449782,666.6666666666666,6133.333333333333,1469.308894235206,4866.65308340125,26.317729,50.200866,0.198,0.316,0.289,91,117,122,12.85,0.0,1.0,8105,4866.65308340125,4866.65308340125,8.490367186859926,7.911463499292212,-0.5789036875677134
الخبر,الحمراء,قطعة أرض-تجارى,2025,4,3000.3875968992247,30,1704.2417872531696,587.8645936209637,6466.666666666667,2510.6400539965643,2079.0,26.226649,50.203491,0.304,1.023,0.592,33,51,75,34.31,-1.0,-1.8369701987210297e-16,8104,2191.666666666667,2191.666666666667,7.692873738080893,8.006829993014897,0.3139562549340038
الخبر,الحمراء,قطعة أرض-تجارى,2026,1,2625.48,105,1222.1587705356696,660.0,5591.237527239363,2049.484808454425,3000.3875968992247,26.226649,50.203491,0.304,1.023,0.592,33,51,75,34.31,0.0,1.0,8105,3000.3875968992247,3000.3875968992247,8.006829993014897,7.873399825668661,-0.13343016734623614
الخبر,الحمراء,قطعة أرض-سكنى,2025,3,3642.0,13,937.3946641677968,1159.0,4659.0,935.0,2079.0,26.226649,50.203491,0.304,1.023,0.592,33,51,75,3.31,1.2246467991473532e-16,-1.0,8103,3725.0,3725.0,8.223090551161533,8.200562797008564,-0.022527754152969592
الخبر,الحمراء,قطعة أرض-سكنى,2025,4,3495.0,227,1402.734043368064,537.8298779556441,11861.067073170732,989.3178403909556,2079.0,26.226649,50.203491,0.304,1.023,0.592,33,51,75,3.31,-1.0,-1.8369701987210297e-16,8104,3642.0,3642.0,8.200562797008564,8.159374736775426,-0.04118806023313759
الخبر,الحمراء,قطعة أرض-سكنى,2026,1,3322.147458998601,218,1877.4344792521244,500.0,14520.657777777778,1704.1748583068502,3568.5,26.226649,50.203491,0.304,1.023,0.592,33,51,75,3.31,0.0,1.0,8105,3568.5,3568.5,8.180180808942515,8.108667642632936,-0.07151316630957893
الخبر,الخبر الجنوبية,قطعة أرض-تجارى,2025,4,1617.668571428571,32,1056.2112131606416,753.2956685499058,4504.679747983643,1439.2857142857142,2079.0,26.27472,50.205519,0.362,0.514,0.039,68,157,228,34.31,-1.0,-1.8369701987210297e-16,8104,2812.9337984496124,2812.9337984496124,7.942338711615656,7.389359220818002,-0.5529794907976537
الخبر,الخبر الجنوبية,قطعة أرض-تجارى,2026,1,2368.0843554543626,38,1523.7423916463713,737.1460163400701,7558.578987150416,1684.9279698119885,1617.668571428571,26.27472,50.205519,0.362,0.514,0.039,68,157,228,34.31,0.0,1.0,8105,1617.668571428571,1617.668571428571,7.389359220818002,7.770258811568043,0.3808995907500412
الخبر,الخبر الجنوبية,قطعة أرض-سكنى,2016,1,2429.0,10,2444.6348534426706,900.0,7240.0,4578.5,2079.0,26.27472,50.205519,0.362,0.514,0.039,68,157,228,35.14,0.0,1.0,8065,3408.5737294993005,3408.5737294993005,8.134342556451724,7.795646536334594,-0.33869602011712985
الخبر,الخبر الجنوبية,قطعة أرض-سكنى,2022,4,3097.5,12,1580.8744032300222,1843.0,5836.0,2760.25,2579.5,26.27472,50.205519,0.362,0.514,0.039,68,157,228,35.14,-1.0,-1.8369701987210297e-16,8092,2429.0,2429.0,7.795646536334594,8.038673402402162,0.2430268660675683
الخبر,الخبر الجنوبية,قطعة أرض-سكنى,2023,2,2150.0,15,2163.1693282905853,1758.0,8598.0,3625.0,3074.0,26.27472,50.205519,0.362,0.514,0.039,68,157,228,35.14,1.0,6.123233995736766e-17,8094,2763.25,2763.25,7.924524629422511,7.67368812926773,-0.2508365001547812
الخبر,الخبر الجنوبية,قطعة أرض-سكنى,2025,4,1949.5026,118,2113.830790015798,605.5718475073314,13234.077750206783,2431.2289258733954,2079.0,26.27472,50.205519,0.362,0.514,0.039,68,157,228,35.14,-1.0,-1.8369701987210297e-16,8104,2429.0,2429.0,7.795646536334594,7.575842361937363,-0.21980417439723077
الخبر,الخبر الجنوبية,قطعة أرض-سكنى,2026,1,2604.5170433611142,218,2057.9400587508007,600.0,12187.5,2390.143401079159,2645.7513,26.27472,50.205519,0.362,0.514,0.039,68,157,228,35.14,0.0,1.0,8105,2289.5,2289.5,7.736525413326797,7.865386415629397,0.12886100230259956
الخبر,الخبر الشمالية,قطعة أرض-سكنى,2016,1,6540.0,19,3524.9796698016034,1190.0,12903.0,4199.0,2079.0,26.291203,50.213649,0.191,0.152,0.035,87,184,241,33.19,0.0,1.0,8065,2377.2585216805574,2377.2585216805574,7.774123785252882,8.785845337961213,1.0117215527083312
الخبر,الخبر الشمالية,قطعة أرض-سكنى,2016,2,9297.0,22,5055.449642159991,1654.0,19850.0,6566.75,2079.0,26.291203,50.213649,0.191,0.152,0.035,87,184,241,33.19,1.0,6.123233995736766e-17,8066,6540.0,6540.0,8.785845337961213,9.13755460225053,0.35170926428931715
الخبر,الخبر الشمالية,قطعة أرض-سكنى,2016,3,8996.0,17,5080.056802600445,993.0,17535.0,6283.0,2079.0,26.291203,50.213649,0.191,0.152,0.035,87,184,241,33.19,1.2246467991473532e-16,-1.0,8067,7918.5,7918.5,8.977083351502475,9.104646467417119,0.12756311591464353
الخبر,الخبر الشمالية,قطعة أرض-سكنى,2016,4,5677.5,10,3345.9934183371543,3309.0,11768.0,5444.25,2079.0,26.291203,50.213649,0.191,0.152,0.035,87,184,241,33.19,-1.0,-1.8369701987210297e-16,8068,8996.0,8996.0,9.104646467417119,8.644442392331701,-0.46020407508541794
الخبر,الخبر الشمالية,قطعة أرض-سكنى,2017,4,4963.0,18,3696.0505758819268,1178.0,14888.0,3778.25,7768.0,26.291203,50.213649,0.191,0.152,0.035,87,184,241,33.19,-1.0,-1.8369701987210297e-16,8072,7768.0,7768.0,8.95789673495042,8.509967146324497,-0.44792958862592336
الخبر,الخبر الشمالية,قطعة أرض-سكنى,2020,4,2083.0,13,1550.3855889290815,1600.0,6231.0,1211.0,4135.75,26.291203,50.213649,0.191,0.152,0.035,87,184,241,33.19,-1.0,-1.8369701987210297e-16,8084,7336.75,7336.75,8.900787535106184,7.642044402873258,-1.2587431322329268
الخبر,الخبر الشمالية,قطعة أرض-سكنى,2021,1,3242.0,10,2659.42443438843,1654.0,8271.0,3763.25,2992.5,26.291203,50.213649,0.191,0.152,0.035,87,184,241,33.19,0.0,1.0,8085,5320.25,5320.25,8.579463517142361,8.084254106307318,-0.49520941083504333
الخبر,الخبر الشمالية,قطعة أرض-سكنى,2022,1,3027.0,18,2046.0309424950199,680.0,7279.0,3612.25,3702.5,26.291203,50.213649,0.191,0.152,0.035,87,184,241,33.19,0.0,1.0,8089,4102.5,4102.5,8.319595547069767,8.01565761455734,-0.3039379325124276
الخبر,الخبر الشمالية,قطعة أرض-سكنى,2022,2,4363.5,14,2368.8759007105105,1985.0,8602.0,3724.5,3702.5,26.291203,50.213649,0.191,0.152,0.035,87,184,241,33.19,1.0,6.123233995736766e-17,8090,3134.5,3134.5,8.050543929983075,8.381258914175405,0.3307149841923298
الخبر,الخبر الشمالية,قطعة أرض-سكنى,2022,4,3000.0,12,1173.4819852460325,1300.0,4963.0,1676.0,3702.5,26.291203,50.213649,0.191,0.152,0.035,87,184,241,33.19,-1.0,-1.8369701987210297e-16,8092,3134.5,3134.5,8.050543929983075,8.006700845440367,-0.0438430845427078
الخبر,الخبر الشمالية,قطعة أرض-سكنى,2025,3,3667.0,10,1799.276586112689,601.0,6805.0,2263.75,2079.0,26.291203,50.213649,0.191,0.152,0.035,87,184,241,33.19,1.2246467991473532e-16,-1.0,8103,3134.5,3134.5,8.050543929983075,8.207401833376355,0.15685790339328065
الخبر,الخبر الشمالية,قطعة أرض-سكنى,2025,4,4779.432436007673,46,1798.7002595541512,1399.3399339933994,8767.576509511993,2667.175558312654,2079.0,26.291203,50.213649,0.191,0.152,0.035,87,184,241,33.19,-1.0,-1.8369701987210297e-16,8104,3347.0,3347.0,8.116118431609365,8.472286289177571,0.3561678575682059
الخبر,الخبر الشمالية,قطعة أرض-سكنى,2026,1,3099.222810279884,57,2205.642457025324,679.1136000334333,10408.83594518013,2348.8360107856543,4223.216218003836,26.291203,50.213649,0.191,0.152,0.035,87,184,241,33.19,0.0,1.0,8105,4015.25,4015.25,8.298103910430068,8.039229262174238,-0.25887464825582995
الخبر,الخزامى,قطعة أرض-تجارى,2025,4,1468.3591428571428,35,991.2553213690918,833.9786739739084,5200.0,359.09843441137104,2079.0,26.208713,50.188967,0.34,0.033,0.058,43,50,75,34.31,-1.0,-1.8369701987210297e-16,8104,2496.782177727181,2496.782177727181,7.823158488215436,7.292581627475758,-0.5305768607396786
الخبر,الخزامى,قطعة أرض-تجارى,2026,1,1332.3464100666174,79,1524.0053851282235,508.6562392137628,6782.464846980976,1437.460180543288,1468.3591428571428,26.208713,50.188967,0.34,0.033,0.058,43,50,75,34.31,0.0,1.0,8105,1468.3591428571428,1468.3591428571428,7.292581627475758,7.195447158935787,-0.09713446853997088
الخبر,الخزامى,قطعة أرض-سكنى,2017,1,3200.0,11,1201.8278125043917,1100.0,4059.0,2137.0,3435.0,26.208713,50.188967,0.34,0.033,0.058,43,50,75,19.01,0.0,1.0,8069,3383.111405139942,3383.111405139942,8.12684664132487,8.071218539969863,-0.05562810135500662
الخبر,الخزامى,قطعة أرض-سكنى,2019,3,2848.0,13,875.0705246303997,1000.0,4008.0,820.0,2363.25,26.208713,50.188967,0.34,0.033,0.058,43,50,75,19.01,1.2246467991473532e-16,-1.0,8079,3200.0,3200.0,8.071218539969863,7.954723334497908,-0.11649520547195458
الخبر,الخزامى,قطعة أرض-سكنى,2020,1,1050.0,37,643.702749512327,733.0,3841.0,250.0,2795.5,26.208713,50.188967,0.34,0.033,0.058,43,50,75,19.01,0.0,1.0,8081,3024.0,3024.0,8.014666370464942,6.957497370876951,-1.057168999587991
الخبر,الخزامى,قطعة أرض-سكنى,2020,2,1574.5,22,1062.6329517021813,1100.0,4112.0,2000.75,2795.5,26.208713,50.188967,0.34,0.033,0.058,43,50,75,19.01,1.0,6.123233995736766e-17,8082,2848.0,2848.0,7.954723334497908,7.362327961197329,-0.5923953733005787
الخبر,الخزامى,قطعة أرض-سكنى,2020,4,2198.0,11,1261.871611391731,604.0,4000.0,2390.5,2795.5,26.208713,50.188967,0.34,0.033,0.058,43,50,75,19.01,-1.0,-1.8369701987210297e-16,8084,2211.25,2211.25,7.70176537614746,7.695757990554761,-0.006007385592698533
الخبر,الخزامى,قطعة أرض-سكنى,2021,1,1300.0,37,798.8005817282368,980.0,4111.0,341.0,1886.25,26.208713,50.188967,0.34,0.033,0.058,43,50,75,19.01,0.0,1.0,8085,1886.25,1886.25,7.542876022019734,7.170888478512505,-0.3719875435072293
الخبر,الخزامى,قطعة أرض-سكنى,2021,2,3333.0,19,1171.8949940984398,726.0,4457.0,1540.0,1886.25,26.208713,50.188967,0.34,0.033,0.058,43,50,75,19.01,1.0,6.123233995736766e-17,8086,1437.25,1437.25,7.271182375743403,8.111928063310739,0.8407456875673356
الخبر,الخزامى,قطعة أرض-سكنى,2022,1,2646.0,10,1052.2139041088556,1200.0,4373.0,1568.25,2678.5,26.208713,50.188967,0.34,0.033,0.058,43,50,75,19.01,0.0,1.0,8089,1886.25,1886.25,7.542876022019734,7.881182202227102,0.33830618020736747
الخبر,الخزامى,قطعة أرض-سكنى,2025,4,2676.0210710320553,105,1448.051250949377,594.2857142857143,7156.678241047526,2216.555096530462,2079.0,26.208713,50.188967,0.34,0.033,0.058,43,50,75,19.01,-1.0,-1.8369701987210297e-16,8104,2422.0,2422.0,7.792761720816526,7.892459914625743,0.09969819380921674
الخبر,الخزامى,قطعة أرض-سكنى,2026,1,2573.235092001397,224,1527.4858150941557,532.9457364341085,9054.593874833556,1954.3842052792006,2689.7605355160276,26.208713,50.188967,0.34,0.033,0.058,43,50,75,19.01,0.0,1.0,8105,2661.0105355160276,2661.0105355160276,7.886836956691789,7.853307717319313,-0.03352923937247532
الخبر,الخور,قطعة أرض-تجارى,2025,4,2704.382755674653,86,2292.88185349859,626.3075836520395,12976.912444592726,2061.570438492494,2079.0,26.229011,50.214034,1.233,0.583,0.357,27,34,41,34.31,-1.0,-1.8369701987210297e-16,8104,1543.013857142857,1543.013857142857,7.342140705377904,7.902998680595692,0.5608579752177878
الخبر,الخور,قطعة أرض-تجارى,2026,1,2600.0,181,2550.0430416943655,519.4805194805194,14524.947605075638,2157.093204107004,2952.1913778373264,26.229011,50.214034,1.233,0.583,0.357,27,34,41,34.31,0.0,1.0,8105,2704.382755674653,2704.382755674653,7.902998680595692,7.8636512654486515,-0.03934741514704054
الخبر,الخور,قطعة أرض-سكنى,2025,3,4784.5,14,1324.4267617549667,3415.0,8502.0,1454.5,2079.0,26.229011,50.214034,1.233,0.583,0.357,27,34,41,4.26,1.2246467991473532e-16,-1.0,8103,2661.0105355160276,2661.0105355160276,7.886836956691789,8.47334579163596,0.5865088349441718
الخبر,الخور,قطعة أرض-سكنى,2025,4,3532.0488853075476,218,1734.6820262240456,553.1192530768143,8907.181030775846,3012.517080141426,2079.0,26.229011,50.214034,1.233,0.583,0.357,27,34,41,4.26,-1.0,-1.8369701987210297e-16,8104,4784.5,4784.5,8.47334579163596,8.169916484033173,-0.3034293076027872
الخبر,الخور,قطعة أرض-سكنى,2026,1,3071.4417347502917,530,1861.9969321544809,507.9365079365079,12899.896800825592,2983.387719098396,4158.274442653774,26.229011,50.214034,1.233,0.583,0.357,27,34,41,4.26,0.0,1.0,8105,4158.274442653774,4158.274442653774,8.333095925220011,8.030227877794243,-0.30286804742576834
الخبر,الراكة الجنوبية,قطعة أرض-تجارى,2025,4,1500.0,18,1752.5131210918566,849.9378094285785,5571.428571428572,3104.7470616888218,2079.0,26.352546,50.205622,0.256,0.198,0.283,55,70,43,34.31,-1.0,-1.8369701987210297e-16,8104,2034.1795714285713,2034.1795714285713,7.618339335471886,7.313886831633462,-0.3044525038384238
الخبر,الراكة الجنوبية,قطعة أرض-تجارى,2026,1,3009.3651443291524,41,1911.5344956636955,700.0,7244.192884445752,3471.9273639920275,1500.0,26.352546,50.205622,0.256,0.198,0.283,55,70,43,34.31,0.0,1.0,8105,1500.0,1500.0,7.313886831633462,8.009816660793765,0.6959298291603035
الخبر,الراكة الجنوبية,قطعة أرض-سكنى,2016,1,4757.5,10,2313.7624986156206,1045.0,6162.0,4526.5,2079.0,26.352546,50.205622,0.256,0.198,0.283,55,70,43,-2.75,0.0,1.0,8065,3301.7453100289194,3301.7453100289194,8.102509313737448,8.467687771512399,0.3651784577749506
الخبر,الراكة الجنوبية,قطعة أرض-سكنى,2016,2,4751.0,17,1929.2971022689921,741.0,5875.0,3197.0,2079.0,26.352546,50.205622,0.256,0.198,0.283,55,70,43,-2.75,1.0,6.123233995736766e-17,8066,4757.5,4757.5,8.467687771512399,8.466320861042481,-0.0013669104699172152
الخبر,الراكة الجنوبية,قطعة أرض-سكنى,2016,4,4310.0,32,1706.7967687095672,1044.0,5602.0,3489.0,2079.0,26.352546,50.205622,0.256,0.198,0.283,55,70,43,-2.75,-1.0,-1.8369701987210297e-16,8068,4754.25,4754.25,8.46700454983295,8.368925174747135,-0.0980793750858151
الخبر,الراكة الجنوبية,قطعة أرض-سكنى,2017,3,1999.0,15,1325.7081557740055,1893.0,6545.0,100.0,4530.5,26.352546,50.205622,0.256,0.198,0.283,55,70,43,-2.75,1.2246467991473532e-16,-1.0,8071,4751.0,4751.0,8.466320861042481,7.600902459542082,-0.8654184015003992
الخبر,الراكة الجنوبية,قطعة أرض-سكنى,2018,4,1496.0,26,1042.3933968738258,1040.0,5200.0,300.0,2634.0,26.352546,50.205622,0.256,0.198,0.283,55,70,43,-2.75,-1.0,-1.8369701987210297e-16,8076,4530.5,4530.5,8.418808289494836,7.311218384419629,-1.1075899050752067
الخبر,الراكة الجنوبية,قطعة أرض-سكنى,2019,1,2007.0,13,1561.2564631058356,750.0,4930.0,2677.0,2076.25,26.352546,50.205622,0.256,0.198,0.283,55,70,43,-2.75,0.0,1.0,8077,3154.5,3154.5,8.056902241024295,7.60489448081162,-0.4520077602126751
الخبر,الراكة الجنوبية,قطعة أرض-سكنى,2019,2,2094.0,12,1216.061563931994,1350.0,4976.0,1935.0,2076.25,26.352546,50.205622,0.256,0.198,0.283,55,70,43,-2.75,1.0,6.123233995736766e-17,8078,2003.0,2003.0,7.602900462204755,7.647308832356238,0.04440837015148258
الخبر,الراكة الجنوبية,قطعة أرض-سكنى,2019,3,3274.0,12,1611.9136260602763,1300.0,6204.0,2319.75,2076.25,26.352546,50.205622,0.256,0.198,0.283,55,70,43,-2.75,1.2246467991473532e-16,-1.0,8079,2003.0,2003.0,7.602900462204755,8.094073148069352,0.49117268586459684
الخبر,الراكة الجنوبية,قطعة أرض-سكنى,2019,4,1300.0,15,1493.8367603813565,1300.0,6120.0,50.0,2076.25,26.352546,50.205622,0.256,0.198,0.283,55,70,43,-2.75,-1.0,-1.8369701987210297e-16,8080,2050.5,2050.5,7.626326511882241,7.170888478512505,-0.4554380333697363
الخبر,الراكة الجنوبية,قطعة أرض-سكنى,2020,1,1400.0,12,1616.4533754957224,1300.0,5137.0,2694.75,2050.5,26.352546,50.205622,0.256,0.198,0.283,55,70,43,-2.75,0.0,1.0,8081,2050.5,2050.5,7.626326511882241,7.244941546337007,-0.3813849655452346
الخبر,الراكة الجنوبية,قطعة أرض-سكنى,2020,3,3903.0,10,1676.4157532598463,1388.0,6600.0,2371.5,2050.5,26.352546,50.205622,0.256,0.198,0.283,55,70,43,-2.75,1.2246467991473532e-16,-1.0,8083,1747.0,1747.0,7.466227556215481,8.269756947532983,0.8035293913175021
الخبر,الراكة الجنوبية,قطعة أرض-سكنى,2020,4,3900.0,11,1121.2347171351282,1704.0,4874.0,1377.5,2050.5,26.352546,50.205622,0.256,0.198,0.283,55,70,43,-2.75,-1.0,-1.8369701987210297e-16,8084,2337.0,2337.0,7.757051142032013,8.268988209506656,0.5119370674746424
الخبر,الراكة الجنوبية,قطعة أرض-سكنى,2022,1,3200.0,11,1977.4854924189135,1350.0,8785.0,843.5,3396.5,26.352546,50.205622,0.256,0.198,0.283,55,70,43,-2.75,0.0,1.0,8089,2650.0,2650.0,7.8826922062890254,8.071218539969863,0.18852633368083715
الخبر,الراكة الجنوبية,قطعة أرض-سكنى,2023,2,1900.0,22,2056.641843150059,643.0,8302.0,0.0,2697.0,26.352546,50.205622,0.256,0.198,0.283,55,70,43,-2.75,1.0,6.123233995736766e-17,8094,3550.0,3550.0,8.174984532943087,7.550135342488429,-0.6248491904546585
الخبر,الراكة الجنوبية,قطعة أرض-سكنى,2023,3,2000.0,15,1916.9318441817632,1425.0,6833.0,1929.0,2697.0,26.352546,50.205622,0.256,0.198,0.283,55,70,43,-2.75,1.2246467991473532e-16,-1.0,8095,3550.0,3550.0,8.174984532943087,7.601402334583733,-0.5735821983593539
الخبر,الراكة الجنوبية,قطعة أرض-سكنى,2025,4,2200.0,107,1553.2817396781327,571.4285714285714,8133.472367049009,2016.3146663102477,2079.0,26.352546,50.205622,0.256,0.198,0.283,55,70,43,-2.75,-1.0,-1.8369701987210297e-16,8104,2600.0,2600.0,7.8636512654486515,7.696667081526462,-0.16698418392218972
الخبر,الراكة الجنوبية,قطعة أرض-سكنى,2026,1,2350.0,217,1788.8461990870849,555.5555555555555,8133.472367049009,2913.2222879385995,2795.5,26.352546,50.205622,0.256,0.198,0.283,55,70,43,-2.75,0.0,1.0,8105,2100.0,2100.0,7.650168700845001,7.762596048540069,0.11242734769506857
الخبر,الراكة الشمالية,قطعة أرض-سكنى,2021,1,1500.0,17,256.93314248240216,1007.0,2000.0,263.0,2079.0,26.36878,50.194287,0.077,0.221,0.388,94,83,36,81.49,0.0,1.0,8085,2100.0,2100.0,7.650168700845001,7.313886831633462,-0.3362818692115388
الخبر,الراكة الشمالية,قطعة أرض-سكنى,2021,2,1750.0,19,581.5235585277755,1400.0,3877.0,313.0,2079.0,26.36878,50.194287,0.077,0.221,0.388,94,83,36,81.49,1.0,6.123233995736766e-17,8086,1500.0,1500.0,7.313886831633462,7.467942332285852,0.15405550065239026
الخبر,الراكة الشمالية,قطعة أرض-سكنى,2021,4,1483.5,12,587.9323489736697,550.0,2826.0,383.5,2079.0,26.36878,50.194287,0.077,0.221,0.388,94,83,36,81.49,-1.0,-1.8369701987210297e-16,8088,1625.0,1625.0,7.3938782901077555,7.302833294203815,-0.09104499590394077
الخبر,الراكة الشمالية,قطعة أرض-سكنى,2025,4,2722.323049001815,15,1549.641321479996,1800.0,7558.578987150416,2142.9959179663165,2079.0,26.36878,50.194287,0.077,0.221,0.388,94,83,36,81.49,-1.0,-1.8369701987210297e-16,8104,1500.0,1500.0,7.313886831633462,7.909608122802486,0.5957212911690242
الخبر,الرجاء,قطعة أرض-تجارى,2026,1,2519.170612244898,11,1061.6118364229621,750.7695387772467,3889.205084424208,1550.361684156971,2524.995219142553,26.171898,50.129539,0.583,1.473,2.0,12,4,6,34.31,0.0,1.0,8105,2652.1913778373264,2652.1913778373264,7.883518487924022,7.832081881485491,-0.05143660643853032
الخبر,الرجاء,قطعة أرض-سكنى,2020,4,644.5,10,128.51307758789028,514.0,933.0,172.5,523.5,26.171898,50.129539,0.583,1.473,2.0,12,4,6,53.88,-1.0,-1.8369701987210297e-16,8084,1625.0,1625.0,7.3938782901077555,6.470025210286697,-0.9238530798210585
الخبر,الرجاء,قطعة أرض-سكنى,2022,1,983.5,10,48.6776243371748,948.0,1097.0,66.25,863.75,26.171898,50.129539,0.583,1.473,2.0,12,4,6,53.88,0.0,1.0,8089,644.5,644.5,6.470025210286697,6.89213389807918,0.4221086877924831
الخبر,الرجاء,قطعة أرض-سكنى,2022,2,1000.0,11,166.45059327019536,533.0,1086.0,94.0,863.75,26.171898,50.129539,0.583,1.473,2.0,12,4,6,53.88,1.0,6.123233995736766e-17,8090,814.0,814.0,6.703188113240863,6.90875477931522,0.20556666607435758
الخبر,الرجاء,قطعة أرض-سكنى,2025,4,1615.9938923861357,24,1438.3278688959122,685.0,5338.769171034751,2213.7047244094488,2079.0,26.171898,50.129539,0.583,1.473,2.0,12,4,6,53.88,-1.0,-1.8369701987210297e-16,8104,983.5,983.5,6.89213389807918,7.38832408244328,0.49619018436409945
الخبر,الرجاء,قطعة أرض-سكنى,2026,1,2893.7045849141537,43,1262.8506393207338,1611.3208571428572,7145.214995120271,1294.0805139834483,1615.9938923861357,26.171898,50.129539,0.583,1.473,2.0,12,4,6,53.88,0.0,1.0,8105,991.75,991.75,6.900478870011361,7.970638341592787,1.0701594715814258
الخبر,السفن,قطعة أرض-سكنى,2025,4,3539.7428925876147,12,982.4879583233517,1603.0,3889.205084424208,1969.8498290471816,2079.0,26.136723,50.160892,0.757,4.236,1.598,4,0,9,12.85,-1.0,-1.8369701987210297e-16,8104,1307.9969461930677,1307.9969461930677,7.177016432975985,8.17209184077416,0.9950754077981747
الخبر,الشراع,قطعة أرض-تجارى,2025,4,2600.0,39,1537.965743580148,528.0,6571.428571428572,2299.44805130428,2079.0,26.167021,50.145583,0.58,0.883,1.473,16,7,12,34.31,-1.0,-1.8369701987210297e-16,8104,2559.585306122449,2559.585306122449,7.847991146544644,7.8636512654486515,0.015660118904007092
الخبر,الشراع,قطعة أرض-تجارى,2026,1,3399.5104704922487,129,2169.2754145279114,733.028668293074,9210.526315789471,3183.389273007988,1957.0,26.167021,50.145583,0.58,0.883,1.473,16,7,12,34.31,0.0,1.0,8105,2600.0,2600.0,7.8636512654486515,8.131680837714688,0.26802957226603663
الخبر,الشراع,قطعة أرض-سكنى,2016,1,2130.0,10,1090.4211673579262,1600.0,4800.0,1613.75,2079.0,26.167021,50.145583,0.58,0.883,1.473,16,7,12,-3.62,0.0,1.0,8065,2254.849238650145,2254.849238650145,7.721281783545462,7.664346632098617,-0.05693515144684458
الخبر,الشراع,قطعة أرض-سكنى,2016,2,3180.0,16,1135.6645172907945,659.0,4937.0,657.0,2079.0,26.167021,50.145583,0.58,0.883,1.473,16,7,12,-3.62,1.0,6.123233995736766e-17,8066,2130.0,2130.0,7.664346632098617,8.064950891749143,0.4006042596505264
الخبر,الشراع,قطعة أرض-سكنى,2016,3,2823.0,10,970.7551527891401,1800.0,4800.0,1150.75,2079.0,26.167021,50.145583,0.58,0.883,1.473,16,7,12,-3.62,1.2246467991473532e-16,-1.0,8067,2655.0,2655.0,7.884576510596324,7.945909598613133,0.06133308801680837
الخبر,الشراع,قطعة أرض-سكنى,2016,4,3086.0,13,880.6549136427259,2286.0,4800.0,1273.0,2079.0,26.167021,50.145583,0.58,0.883,1.473,16,7,12,-3.62,-1.0,-1.8369701987210297e-16,8068,2823.0,2823.0,7.945909598613133,8.034955024502159,0.08904542588902586
الخبر,الشراع,قطعة أرض-سكنى,2017,1,3096.0,13,706.560112310122,2263.0,4600.0,629.0,2954.5,26.167021,50.145583,0.58,0.883,1.473,16,7,12,-3.62,0.0,1.0,8069,2954.5,2954.5,7.991423120264424,8.038189179973203,0.04676605970877912
الخبر,الشراع,قطعة أرض-سكنى,2017,2,2857.0,13,513.6989041282491,1600.0,3600.0,257.0,2954.5,26.167021,50.145583,0.58,0.883,1.473,16,7,12,-3.62,1.0,6.123233995736766e-17,8070,3091.0,3091.0,8.036573409707312,7.957877358489813,-0.07869605121749945
الخبر,الشراع,قطعة أرض-سكنى,2017,3,2457.0,10,443.36377088496226,1371.0,2857.0,565.75,2954.5,26.167021,50.145583,0.58,0.883,1.473,16,7,12,-3.62,1.2246467991473532e-16,-1.0,8071,2971.5,2971.5,7.997158628564937,7.80710329012598,-0.19005533843895694
الخبر,الشراع,قطعة أرض-سكنى,2017,4,2365.5,16,1192.0811056719253,583.0,4473.0,2047.5,2954.5,26.167021,50.145583,0.58,0.883,1.473,16,7,12,-3.62,-1.0,-1.8369701987210297e-16,8072,2971.5,2971.5,7.997158628564937,7.7691673493463025,-0.22799127921863427
الخبر,الشراع,قطعة أرض-سكنى,2018,1,2286.0,11,423.98827170743135,1714.0,3006.0,658.0,2657.0,26.167021,50.145583,0.58,0.883,1.473,16,7,12,-3.62,0.0,1.0,8073,2657.0,2657.0,7.885329239273191,7.734996194022781,-0.15033304525041036
الخبر,الشراع,قطعة أرض-سكنى,2018,2,2625.0,17,712.8535139514578,833.0,2971.0,872.0,2657.0,26.167021,50.145583,0.58,0.883,1.473,16,7,12,-3.62,1.0,6.123233995736766e-17,8074,2411.25,2411.25,7.7883152009004935,7.873217054862741,0.08490185396224792
الخبر,الشراع,قطعة أرض-سكنى,2018,4,2371.5,14,767.6083737066809,691.0,3276.0,760.25,2657.0,26.167021,50.145583,0.58,0.883,1.473,16,7,12,-3.62,-1.0,-1.8369701987210297e-16,8076,2411.25,2411.25,7.7883152009004935,7.771699530484083,-0.01661567041641021
الخبر,الشراع,قطعة أرض-سكنى,2019,1,2500.0,15,1086.1714194274089,571.0,3400.0,1953.5,2442.75,26.167021,50.145583,0.58,0.883,1.473,16,7,12,-3.62,0.0,1.0,8077,2368.5,2368.5,7.770434241407643,7.824445930877619,0.054011689469976254
الخبر,الشراع,قطعة أرض-سكنى,2019,4,987.5,12,1307.2013448817308,709.0,3800.0,2280.25,2442.75,26.167021,50.145583,0.58,0.883,1.473,16,7,12,-3.62,-1.0,-1.8369701987210297e-16,8080,2435.75,2435.75,7.79842046321732,6.896188642610672,-0.902231820606648
الخبر,الشراع,قطعة أرض-سكنى,2020,1,2737.0,12,1996.8908313736738,731.0,8027.0,2107.0,2193.0,26.167021,50.145583,0.58,0.883,1.473,16,7,12,-3.62,0.0,1.0,8081,2435.75,2435.75,7.79842046321732,7.914983005848394,0.11656254263107435
الخبر,الشراع,قطعة أرض-سكنى,2020,2,2857.0,11,1061.6607573214542,816.0,3800.0,1334.0,2193.0,26.167021,50.145583,0.58,0.883,1.473,16,7,12,-3.62,1.0,6.123233995736766e-17,8082,2435.75,2435.75,7.79842046321732,7.957877358489813,0.15945689527249307
الخبر,الشراع,قطعة أرض-سكنى,2020,4,2513.5,14,966.1557134527346,861.0,3515.0,1769.5,2193.0,26.167021,50.145583,0.58,0.883,1.473,16,7,12,-3.62,-1.0,-1.8369701987210297e-16,8084,2618.5,2618.5,7.870738738848274,7.82982925561202,-0.04090948323625465
الخبر,الشراع,قطعة أرض-سكنى,2021,1,1250.0,35,1024.7345071207633,571.0,3726.0,1744.5,2625.25,26.167021,50.145583,0.58,0.883,1.473,16,7,12,-3.62,0.0,1.0,8085,2625.25,2625.25,7.87331225215921,7.1316985104669115,-0.7416137416922988
الخبر,الشراع,قطعة أرض-سكنى,2021,2,1250.0,17,996.5163844171176,911.0,3694.0,1757.0,2625.25,26.167021,50.145583,0.58,0.883,1.473,16,7,12,-3.62,1.0,6.123233995736766e-17,8086,2625.25,2625.25,7.87331225215921,7.1316985104669115,-0.7416137416922988
الخبر,الشراع,قطعة أرض-سكنى,2021,3,2564.0,12,1041.324797233473,800.0,3956.0,1459.25,2625.25,26.167021,50.145583,0.58,0.883,1.473,16,7,12,-3.62,1.2246467991473532e-16,-1.0,8087,1881.75,1881.75,7.540488752981461,7.84971375760487,0.30922500462340885
الخبر,الشراع,قطعة أرض-سكنى,2021,4,1187.0,19,881.4207198495602,971.0,3561.0,763.5,2625.25,26.167021,50.145583,0.58,0.883,1.473,16,7,12,-3.62,-1.0,-1.8369701987210297e-16,8088,1881.75,1881.75,7.540488752981461,7.080026499922591,-0.46046225305887045
الخبر,الشراع,قطعة أرض-سكنى,2025,3,1473.0,15,1211.7124521381577,657.0,4342.0,1750.0,2079.0,26.167021,50.145583,0.58,0.883,1.473,16,7,12,-3.62,1.2246467991473532e-16,-1.0,8103,1250.0,1250.0,7.1316985104669115,7.295735072749282,0.1640365622823703
الخبر,الشراع,قطعة أرض-سكنى,2025,4,2793.0,107,1862.5645672309392,857.1428571428571,11694.386694386694,2222.3320583121176,2079.0,26.167021,50.145583,0.58,0.883,1.473,16,7,12,-3.62,-1.0,-1.8369701987210297e-16,8104,1361.5,1361.5,7.217076526537399,7.935229539816907,0.7181530132795082
الخبر,الشراع,قطعة أرض-سكنى,2026,1,2652.285714285714,268,1722.1804541476326,565.2272213429799,11367.33388475324,2383.9317273781526,2133.0,26.167021,50.145583,0.58,0.883,1.473,16,7,12,-3.62,0.0,1.0,8105,2018.5,2018.5,7.610605235003468,7.883554043132029,0.2729488081285609
الخبر,الصدفة,قطعة أرض-تجارى,2017,4,1400.0,15,747.6889027116124,1102.0,3845.0,349.5,2079.0,26.374104,50.217237,0.263,1.005,1.423,35,39,16,20.41,-1.0,-1.8369701987210297e-16,8072,2804.6825721645764,2804.6825721645764,7.939402129589264,7.244941546337007,-0.6944605832522575
الخبر,الصدفة,قطعة أرض-تجارى,2019,3,1418.0,11,46.36475934468884,1310.0,1418.0,75.0,1108.75,26.374104,50.217237,0.263,1.005,1.423,35,39,16,20.41,1.2246467991473532e-16,-1.0,8079,1400.0,1400.0,7.244941546337007,7.257707677160043,0.012766130823036015
الخبر,الصدفة,قطعة أرض-تجارى,2019,4,1450.0,15,362.85628796299744,1200.0,2368.0,175.0,1108.75,26.374104,50.217237,0.263,1.005,1.423,35,39,16,20.41,-1.0,-1.8369701987210297e-16,8080,1409.0,1409.0,7.251344983372214,7.280008252884188,0.02866326951197351
الخبر,الصدفة,قطعة أرض-تجارى,2020,1,1300.0,44,237.3872526415475,841.0,2050.0,142.5,1334.0,26.374104,50.217237,0.263,1.005,1.423,35,39,16,20.41,0.0,1.0,8081,1418.0,1418.0,7.257707677160043,7.170888478512505,-0.08681919864753773
الخبر,الصدفة,قطعة أرض-تجارى,2020,2,1320.0,105,225.1548112099518,790.0,2228.0,150.0,1334.0,26.374104,50.217237,0.263,1.005,1.423,35,39,16,20.41,1.0,6.123233995736766e-17,8082,1409.0,1409.0,7.251344983372214,7.186144304522325,-0.06520067884988912
الخبر,الصدفة,قطعة أرض-تجارى,2020,3,1400.0,23,120.6941550009088,1300.0,1700.0,125.0,1334.0,26.374104,50.217237,0.263,1.005,1.423,35,39,16,20.41,1.2246467991473532e-16,-1.0,8083,1369.0,1369.0,7.222566018822171,7.244941546337007,0.022375527514835625
الخبر,الصدفة,قطعة أرض-تجارى,2020,4,1600.0,16,190.68576900230394,1020.0,1700.0,178.25,1334.0,26.374104,50.217237,0.263,1.005,1.423,35,39,16,20.41,-1.0,-1.8369701987210297e-16,8084,1360.0,1360.0,7.215975002651466,7.3783837129967145,0.1624087103452485
الخبر,الصدفة,قطعة أرض-تجارى,2021,1,1599.0,17,223.9606878581202,1000.0,1800.0,300.0,1360.0,26.374104,50.217237,0.263,1.005,1.423,35,39,16,20.41,0.0,1.0,8085,1360.0,1360.0,7.215975002651466,7.3777589082278725,0.16178390557640654
الخبر,الصدفة,قطعة أرض-تجارى,2021,2,1873.5,12,1394.2240238885136,1865.0,5902.0,122.25,1360.0,26.374104,50.217237,0.263,1.005,1.423,35,39,16,20.41,1.0,6.123233995736766e-17,8086,1499.5,1499.5,7.313553664880422,7.536097236175967,0.22254357129554503
الخبر,الصدفة,قطعة أرض-تجارى,2022,1,2300.0,10,1665.2137967507024,1620.0,7000.0,610.0,2024.75,26.374104,50.217237,0.263,1.005,1.423,35,39,16,20.41,0.0,1.0,8089,1599.5,1599.5,7.378071359409918,7.741099090035366,0.3630277306254479
الخبر,الصدفة,قطعة أرض-تجارى,2023,1,2325.0,24,2354.0349445000884,1800.0,7857.0,3838.5,3953.0,26.374104,50.217237,0.263,1.005,1.423,35,39,16,20.41,0.0,1.0,8093,1736.75,1736.75,7.4603464519805955,7.75190533307861,0.2915588810980143
الخبر,الصدفة,قطعة أرض-تجارى,2025,4,1975.0,44,1730.4685122121452,516.1647777777778,8502.437365378075,2346.762897394728,2079.0,26.374104,50.217237,0.263,1.005,1.423,35,39,16,20.41,-1.0,-1.8369701987210297e-16,8104,2086.75,2086.75,7.6438422100333385,7.588829878307813,-0.055012331725525776
الخبر,الصدفة,قطعة أرض-تجارى,2026,1,3086.9101124630465,84,2972.3428283130806,578.6654321804114,19768.706138183257,2783.1918505858584,1975.0,26.374104,50.217237,0.263,1.005,1.423,35,39,16,20.41,0.0,1.0,8105,2137.5,2137.5,7.667859927666964,8.035249802062662,0.36738987439569826
الخبر,الصدفة,قطعة أرض-سكنى,2017,4,1354.0,48,368.5773246383839,750.0,2614.0,145.75,2079.0,26.374104,50.217237,0.263,1.005,1.423,35,39,16,6.87,-1.0,-1.8369701987210297e-16,8072,2062.642857142857,2062.642857142857,7.632228077299275,7.2115567333138015,-0.42067134398547346
الخبر,الصدفة,قطعة أرض-سكنى,2018,1,1314.5,24,222.83450266893175,553.0,1368.0,150.0,1354.0,26.374104,50.217237,0.263,1.005,1.423,35,39,16,6.87,0.0,1.0,8073,1354.0,1354.0,7.2115567333138015,7.181972100480348,-0.029584632833453917
الخبر,الصدفة,قطعة أرض-سكنى,2018,4,1212.0,24,81.47441138262316,1100.0,1349.0,129.75,1354.0,26.374104,50.217237,0.263,1.005,1.423,35,39,16,6.87,-1.0,-1.8369701987210297e-16,8076,1334.25,1334.25,7.19687381921988,7.10085190894405,-0.09602191027582929
الخبر,الصدفة,قطعة أرض-سكنى,2019,1,1200.0,28,199.51970106009858,520.0,1343.0,250.0,1256.0,26.374104,50.217237,0.263,1.005,1.423,35,39,16,6.87,0.0,1.0,8077,1314.5,1314.5,7.181972100480348,7.0909098220799835,-0.09106227840036407
الخبر,الصدفة,قطعة أرض-سكنى,2019,2,1250.0,53,93.83938892793716,912.0,1572.0,80.0,1256.0,26.374104,50.217237,0.263,1.005,1.423,35,39,16,6.87,1.0,6.123233995736766e-17,8078,1263.25,1263.25,7.142234339960092,7.1316985104669115,-0.01053582949318077
الخبر,الصدفة,قطعة أرض-سكنى,2019,3,1263.0,54,85.30651766819258,1000.0,1500.0,143.0,1256.0,26.374104,50.217237,0.263,1.005,1.423,35,39,16,6.87,1.2246467991473532e-16,-1.0,8079,1231.0,1231.0,7.116394144093465,7.142036574706803,0.025642430613338263
الخبر,الصدفة,قطعة أرض-سكنى,2019,4,1330.0,62,154.49364589145904,580.0,1510.0,112.0,1256.0,26.374104,50.217237,0.263,1.005,1.423,35,39,16,6.87,-1.0,-1.8369701987210297e-16,8080,1231.0,1231.0,7.116394144093465,7.193685818395112,0.07729167430164718
الخبر,الصدفة,قطعة أرض-سكنى,2020,1,1350.0,198,166.50492967602952,832.0,2250.0,90.0,1256.5,26.374104,50.217237,0.263,1.005,1.423,35,39,16,6.87,0.0,1.0,8081,1256.5,1256.5,7.136880901973894,7.208600337960199,0.0717194359863047
الخبر,الصدفة,قطعة أرض-سكنى,2020,2,1370.0,414,164.24908241529133,624.0,2920.0,98.75,1256.5,26.374104,50.217237,0.263,1.005,1.423,35,39,16,6.87,1.0,6.123233995736766e-17,8082,1296.5,1296.5,7.1681946150400435,7.223295679562314,0.055101064522270704
الخبر,الصدفة,قطعة أرض-سكنى,2020,3,1380.0,54,125.8093032437167,1000.0,1650.0,73.75,1256.5,26.374104,50.217237,0.263,1.005,1.423,35,39,16,6.87,1.2246467991473532e-16,-1.0,8083,1340.0,1340.0,7.201170883281678,7.2305631534092925,0.02939227012761414
الخبر,الصدفة,قطعة أرض-سكنى,2020,4,1500.0,119,130.68535827910196,1153.0,2250.0,51.0,1256.5,26.374104,50.217237,0.263,1.005,1.423,35,39,16,6.87,-1.0,-1.8369701987210297e-16,8084,1360.0,1360.0,7.215975002651466,7.313886831633462,0.0979118289819958
الخبر,الصدفة,قطعة أرض-سكنى,2021,1,1546.5,56,921.6289388761761,529.0,5278.0,200.0,1375.0,26.374104,50.217237,0.263,1.005,1.423,35,39,16,6.87,0.0,1.0,8085,1375.0,1375.0,7.226936018493289,7.344396004558751,0.11745998606546237
الخبر,الصدفة,قطعة أرض-سكنى,2021,2,1849.0,18,1231.4602788156235,775.0,4688.0,1409.5,1375.0,26.374104,50.217237,0.263,1.005,1.423,35,39,16,6.87,1.0,6.123233995736766e-17,8086,1440.0,1440.0,7.273092595999522,7.52294091807237,0.24984832207284846
الخبر,الصدفة,قطعة أرض-سكنى,2021,3,1976.5,22,1291.7684277747583,1650.0,7222.0,101.25,1375.0,26.374104,50.217237,0.263,1.005,1.423,35,39,16,6.87,1.2246467991473532e-16,-1.0,8087,1523.25,1523.25,7.329257764787926,7.589588699641809,0.2603309348538838
الخبر,الصدفة,قطعة أرض-سكنى,2021,4,2000.0,35,1753.4431563415476,1650.0,6540.0,1178.0,1375.0,26.374104,50.217237,0.263,1.005,1.423,35,39,16,6.87,-1.0,-1.8369701987210297e-16,8088,1697.75,1697.75,7.437647965465353,7.601402334583733,0.16375436911838026
الخبر,الصدفة,قطعة أرض-سكنى,2022,1,2400.0,36,1547.9272920868411,1949.0,6381.0,2962.0,1912.75,26.374104,50.217237,0.263,1.005,1.423,35,39,16,6.87,0.0,1.0,8089,1912.75,1912.75,7.556819946971894,7.783640596221253,0.22682064924935919
الخبر,الصدفة,قطعة أرض-سكنى,2022,2,2250.0,28,1267.1599431123805,1500.0,5910.0,300.0,1912.75,26.374104,50.217237,0.263,1.005,1.423,35,39,16,6.87,1.0,6.123233995736766e-17,8090,1988.25,1988.25,7.5955129622576445,7.719129840906732,0.12361687864908788
الخبر,الصدفة,قطعة أرض-سكنى,2022,3,2200.0,13,1516.0650356457973,545.0,6872.0,190.0,1912.75,26.374104,50.217237,0.263,1.005,1.423,35,39,16,6.87,1.2246467991473532e-16,-1.0,8091,2125.0,2125.0,7.661997558901893,7.696667081526462,0.03466952262456857
الخبر,الصدفة,قطعة أرض-سكنى,2022,4,3300.0,23,1785.6560734498178,1943.0,7332.0,2930.0,1912.75,26.374104,50.217237,0.263,1.005,1.423,35,39,16,6.87,-1.0,-1.8369701987210297e-16,8092,2225.0,2225.0,7.70796153183549,8.101980731853192,0.3940192000177021
الخبر,الصدفة,قطعة أرض-سكنى,2023,1,2300.0,15,2308.1995457189446,2098.0,7528.0,4081.5,2325.0,26.374104,50.217237,0.263,1.005,1.423,35,39,16,6.87,0.0,1.0,8093,2325.0,2325.0,7.75190533307861,7.741099090035366,-0.010806243043243846
الخبر,الصدفة,قطعة أرض-سكنى,2023,2,2500.0,27,1853.593745155548,750.0,7333.0,2778.5,2325.0,26.374104,50.217237,0.263,1.005,1.423,35,39,16,6.87,1.0,6.123233995736766e-17,8094,2275.0,2275.0,7.730174795246222,7.824445930877619,0.09427113563139766
الخبر,الصدفة,قطعة أرض-سكنى,2023,3,2470.5,12,2000.2389459534804,2000.0,7613.0,3376.5,2325.0,26.374104,50.217237,0.263,1.005,1.423,35,39,16,6.87,1.2246467991473532e-16,-1.0,8095,2400.0,2400.0,7.783640596221253,7.812580532747014,0.028939936525761212
الخبر,الصدفة,قطعة أرض-سكنى,2023,4,2325.0,10,291.63007389499467,1500.0,2600.0,162.5,2325.0,26.374104,50.217237,0.263,1.005,1.423,35,39,16,6.87,-1.0,-1.8369701987210297e-16,8096,2485.25,2485.25,7.818530830168182,7.75190533307861,-0.06662549708957233
الخبر,الصدفة,قطعة أرض-سكنى,2025,4,2500.0,275,1946.5152660500505,529.4754934304309,16276.631237786569,1866.8113862201444,2079.0,26.374104,50.217237,0.263,1.005,1.423,35,39,16,6.87,-1.0,-1.8369701987210297e-16,8104,2397.75,2397.75,7.78270304732191,7.824445930877619,0.04174288355570965
الخبر,الصدفة,قطعة أرض-سكنى,2026,1,2652.461263013638,555,2688.008357195699,528.5272587933722,19426.01728049428,2801.4338630660773,2305.0,26.374104,50.217237,0.263,1.005,1.423,35,39,16,6.87,0.0,1.0,8105,2485.25,2485.25,7.818530830168182,7.88362020371166,0.06508937354347744
الخبر,الصواري,قطعة أرض-تجارى,2018,4,789.0,11,245.28410243856186,609.0,1250.0,394.5,691.0,26.188046,50.159337,0.37,1.112,0.381,19,9,12,34.31,-1.0,-1.8369701987210297e-16,8076,2312.5,2312.5,7.746516808347054,6.672032945461067,-1.0744838628859865
الخبر,الصواري,قطعة أرض-تجارى,2019,3,982.0,12,456.7948531658253,667.0,2160.0,515.75,741.0,26.188046,50.159337,0.37,1.112,0.381,19,9,12,34.31,1.2246467991473532e-16,-1.0,8079,789.0,789.0,6.672032945461067,6.890609120147166,0.21857617468609902
الخبر,الصواري,قطعة أرض-تجارى,2019,4,1106.0,18,494.4590098464185,677.0,2280.0,826.5,741.0,26.188046,50.159337,0.37,1.112,0.381,19,9,12,34.31,-1.0,-1.8369701987210297e-16,8080,885.5,885.5,6.787281125514262,7.009408932708637,0.22212780719437486
الخبر,الصواري,قطعة أرض-تجارى,2020,1,1871.0,17,1038.6261074980114,806.0,4000.0,1004.0,1053.0,26.188046,50.159337,0.37,1.112,0.381,19,9,12,34.31,0.0,1.0,8081,982.0,982.0,6.890609120147166,7.534762657037537,0.6441535368903706
الخبر,الصواري,قطعة أرض-تجارى,2021,2,1100.0,17,1706.8901374067607,625.0,7750.0,347.0,1602.0,26.188046,50.159337,0.37,1.112,0.381,19,9,12,34.31,1.0,6.123233995736766e-17,8086,1044.0,1044.0,6.951772164398911,7.00397413672268,0.05220197232376833
الخبر,الصواري,قطعة أرض-تجارى,2023,1,1150.5,10,989.0696189405026,662.0,3622.0,315.0,1549.75,26.188046,50.159337,0.37,1.112,0.381,19,9,12,34.31,0.0,1.0,8093,1103.0,1103.0,7.00669522683704,7.04882071926074,0.04212549242369956
الخبر,الصواري,قطعة أرض-تجارى,2023,3,2360.5,10,1135.559969550021,1093.0,4513.0,1809.5,1549.75,26.188046,50.159337,0.37,1.112,0.381,19,9,12,34.31,1.2246467991473532e-16,-1.0,8095,1128.25,1128.25,7.029308974534714,7.7670522893361715,0.7377433148014578
الخبر,الصواري,قطعة أرض-تجارى,2025,4,1500.0,28,1154.404314878298,800.0,4483.799572842379,1746.137203821967,2079.0,26.188046,50.159337,0.37,1.112,0.381,19,9,12,34.31,-1.0,-1.8369701987210297e-16,8104,1510.75,1510.75,7.321023199153323,7.313886831633462,-0.007136367519860798
الخبر,الصواري,قطعة أرض-تجارى,2026,1,2297.284345047923,67,1341.1877210599991,729.7838721394842,6964.9815498154985,1884.0733241589992,1355.5,26.188046,50.159337,0.37,1.112,0.381,19,9,12,34.31,0.0,1.0,8105,1325.25,1325.25,7.190110689928193,7.7399181866321705,0.5498074967039779
الخبر,الصواري,قطعة أرض-سكنى,2016,1,811.0,102,1341.4460696773629,556.0,7413.0,2164.75,2079.0,26.188046,50.159337,0.37,1.112,0.381,19,9,12,15.0,0.0,1.0,8065,2485.25,2485.25,7.818530830168182,6.699500340161678,-1.1190304900065042
الخبر,الصواري,قطعة أرض-سكنى,2016,2,759.0,67,1076.7460680121603,527.0,4073.0,1387.5,2079.0,26.188046,50.159337,0.37,1.112,0.381,19,9,12,15.0,1.0,6.123233995736766e-17,8066,811.0,811.0,6.699500340161678,6.633318433280377,-0.06618190688130099
الخبر,الصواري,قطعة أرض-سكنى,2016,3,832.5,66,1078.4934294604104,560.0,3840.0,1813.0,2079.0,26.188046,50.159337,0.37,1.112,0.381,19,9,12,15.0,1.2246467991473532e-16,-1.0,8067,785.0,785.0,6.666956792429207,6.725633702190849,0.05867690976164219
الخبر,الصواري,قطعة أرض-سكنى,2016,4,680.0,74,1025.2921791241367,512.0,4224.0,733.0,2079.0,26.188046,50.159337,0.37,1.112,0.381,19,9,12,15.0,-1.0,-1.8369701987210297e-16,8068,811.0,811.0,6.699500340161678,6.523562306149512,-0.1759380340121659
الخبر,الصواري,قطعة أرض-سكنى,2017,1,701.0,74,978.0761894634841,532.0,4041.0,1230.75,785.0,26.188046,50.159337,0.37,1.112,0.381,19,9,12,15.0,0.0,1.0,8069,785.0,785.0,6.666956792429207,6.553933404025811,-0.11302338840339576
الخبر,الصواري,قطعة أرض-سكنى,2017,2,756.0,73,1040.5127921482024,549.0,4320.0,1491.0,785.0,26.188046,50.159337,0.37,1.112,0.381,19,9,12,15.0,1.0,6.123233995736766e-17,8070,730.0,730.0,6.594413459749778,6.6293632534374485,0.03494979368767037
الخبر,الصواري,قطعة أرض-سكنى,2017,3,850.0,73,1002.8422943951364,537.0,3925.0,1715.0,785.0,26.188046,50.159337,0.37,1.112,0.381,19,9,12,15.0,1.2246467991473532e-16,-1.0,8071,728.5,728.5,6.592359367962841,6.7464121285733745,0.15405276061053375
الخبر,الصواري,قطعة أرض-سكنى,2017,4,912.5,96,987.0228200849366,500.0,3389.0,1820.25,785.0,26.188046,50.159337,0.37,1.112,0.381,19,9,12,15.0,-1.0,-1.8369701987210297e-16,8072,728.5,728.5,6.592359367962841,6.817283375818062,0.22492400785522104
الخبر,الصواري,قطعة أرض-سكنى,2018,1,1257.0,76,987.1586349347887,519.0,3709.0,1790.25,803.0,26.188046,50.159337,0.37,1.112,0.381,19,9,12,15.0,0.0,1.0,8073,803.0,803.0,6.6895992691789665,7.1372784372603855,0.44767916808141894
الخبر,الصواري,قطعة أرض-سكنى,2018,2,1075.0,45,977.1601204562643,527.0,3212.0,1775.0,803.0,26.188046,50.159337,0.37,1.112,0.381,19,9,12,15.0,1.0,6.123233995736766e-17,8074,881.25,881.25,6.78247546255538,6.98100574072173,0.19853027816635027
الخبر,الصواري,قطعة أرض-سكنى,2018,3,667.0,51,870.2708656549655,502.0,2912.0,1559.0,803.0,26.188046,50.159337,0.37,1.112,0.381,19,9,12,15.0,1.2246467991473532e-16,-1.0,8075,993.75,993.75,6.902491449307038,6.504288173536645,-0.39820327577039283
الخبر,الصواري,قطعة أرض-سكنى,2018,4,699.0,157,786.9048175082784,501.0,3250.0,545.0,803.0,26.188046,50.159337,0.37,1.112,0.381,19,9,12,15.0,-1.0,-1.8369701987210297e-16,8076,993.75,993.75,6.902491449307038,6.551080335043404,-0.3514111142636338
الخبر,الصواري,قطعة أرض-سكنى,2019,1,798.0,130,662.1019592273093,510.0,3040.0,139.5,887.0,26.188046,50.159337,0.37,1.112,0.381,19,9,12,15.0,0.0,1.0,8077,887.0,887.0,6.78897174299217,6.683360945766275,-0.1056107972258955
الخبر,الصواري,قطعة أرض-سكنى,2019,2,860.0,87,895.7413175049995,502.0,3345.0,1581.5,887.0,26.188046,50.159337,0.37,1.112,0.381,19,9,12,15.0,1.0,6.123233995736766e-17,8078,748.5,748.5,6.619406317542652,6.7580945044277305,0.13868818688507822
الخبر,الصواري,قطعة أرض-سكنى,2019,3,939.5,122,868.3073990993707,501.0,3824.0,195.75,887.0,26.188046,50.159337,0.37,1.112,0.381,19,9,12,15.0,1.2246467991473532e-16,-1.0,8079,748.5,748.5,6.619406317542652,6.846411648741085,0.22700533119843236
الخبر,الصواري,قطعة أرض-سكنى,2019,4,978.0,99,1053.1097262129138,538.0,3796.0,1837.5,887.0,26.188046,50.159337,0.37,1.112,0.381,19,9,12,15.0,-1.0,-1.8369701987210297e-16,8080,829.0,829.0,6.721425700790643,6.88653164253051,0.16510594173986703
الخبر,الصواري,قطعة أرض-سكنى,2020,1,1015.0,77,1002.1217543765172,500.0,4036.0,1626.0,899.75,26.188046,50.159337,0.37,1.112,0.381,19,9,12,15.0,0.0,1.0,8081,899.75,899.75,6.803227749628203,6.923628628138427,0.12040087851022463
الخبر,الصواري,قطعة أرض-سكنى,2020,2,3067.0,41,1140.4760532552975,527.0,4265.0,2380.0,899.75,26.188046,50.159337,0.37,1.112,0.381,19,9,12,15.0,1.0,6.123233995736766e-17,8082,958.75,958.75,6.866672833880907,8.028781162487148,1.1621083286062408
الخبر,الصواري,قطعة أرض-سكنى,2020,3,960.0,53,923.1770449450626,580.0,3750.0,1202.0,899.75,26.188046,50.159337,0.37,1.112,0.381,19,9,12,15.0,1.2246467991473532e-16,-1.0,8083,996.5,996.5,6.905252148764019,6.8679744089702925,-0.03727773979372628
الخبر,الصواري,قطعة أرض-سكنى,2020,4,1020.5,54,695.1624198753757,605.0,3900.0,134.0,899.75,26.188046,50.159337,0.37,1.112,0.381,19,9,12,15.0,-1.0,-1.8369701987210297e-16,8084,996.5,996.5,6.905252148764019,6.929027414257677,0.023775265493657827
الخبر,الصواري,قطعة أرض-سكنى,2021,1,1040.0,91,583.50475429991,640.0,3960.0,263.0,1017.75,26.188046,50.159337,0.37,1.112,0.381,19,9,12,15.0,0.0,1.0,8085,1017.75,1017.75,6.9263316645550725,6.947937068614969,0.02160540405989675
الخبر,الصواري,قطعة أرض-سكنى,2021,2,1161.0,59,900.2737362140978,520.0,3902.0,923.5,1017.75,26.188046,50.159337,0.37,1.112,0.381,19,9,12,15.0,1.0,6.123233995736766e-17,8086,1030.25,1030.25,6.9385269376488905,7.057897937411856,0.11937099976296572
الخبر,الصواري,قطعة أرض-سكنى,2021,3,1225.0,31,966.1562174716569,548.0,4360.0,681.5,1017.75,26.188046,50.159337,0.37,1.112,0.381,19,9,12,15.0,1.2246467991473532e-16,-1.0,8087,1030.25,1030.25,6.9385269376488905,7.111512116496157,0.1729851788472665
الخبر,الصواري,قطعة أرض-سكنى,2021,4,1150.0,45,984.6596432937188,524.0,4352.0,520.0,1017.75,26.188046,50.159337,0.37,1.112,0.381,19,9,12,15.0,-1.0,-1.8369701987210297e-16,8088,1100.5,1100.5,7.0044281662423975,7.048386408721883,0.04395824247948532
الخبر,الصواري,قطعة أرض-سكنى,2022,1,1264.0,33,1143.3529348858651,533.0,4259.0,1851.0,1155.5,26.188046,50.159337,0.37,1.112,0.381,19,9,12,15.0,0.0,1.0,8089,1155.5,1155.5,7.053153481671494,7.142827401161621,0.08967391949012704
الخبر,الصواري,قطعة أرض-سكنى,2022,2,1255.0,35,1006.7753815561658,623.0,4200.0,512.0,1155.5,26.188046,50.159337,0.37,1.112,0.381,19,9,12,15.0,1.0,6.123233995736766e-17,8090,1193.0,1193.0,7.085064293952548,7.135687347028144,0.050623053075596225
الخبر,الصواري,قطعة أرض-سكنى,2022,3,1255.0,28,652.864113169464,604.0,3333.0,111.0,1155.5,26.188046,50.159337,0.37,1.112,0.381,19,9,12,15.0,1.2246467991473532e-16,-1.0,8091,1240.0,1240.0,7.123672785204607,7.135687347028144,0.012014561823536773
الخبر,الصواري,قطعة أرض-سكنى,2022,4,1300.0,23,709.7015851193717,589.0,4250.0,309.5,1155.5,26.188046,50.159337,0.37,1.112,0.381,19,9,12,15.0,-1.0,-1.8369701987210297e-16,8092,1255.0,1255.0,7.135687347028144,7.170888478512505,0.03520113148436099
الخبر,الصواري,قطعة أرض-سكنى,2023,1,1323.0,13,1184.1243925040465,821.0,4215.0,1602.0,1259.5,26.188046,50.159337,0.37,1.112,0.381,19,9,12,15.0,0.0,1.0,8093,1259.5,1259.5,7.139263746627974,7.188412736496954,0.04914898986897942
الخبر,الصواري,قطعة أرض-سكنى,2023,2,1286.0,19,922.3086498640437,658.0,4100.0,251.0,1259.5,26.188046,50.159337,0.37,1.112,0.381,19,9,12,15.0,1.0,6.123233995736766e-17,8094,1277.5,1277.5,7.153442794731241,7.160069207596127,0.006626412864886078
الخبر,الصواري,قطعة أرض-سكنى,2023,3,1306.0,16,1061.6659157506504,1000.0,4300.0,907.0,1259.5,26.188046,50.159337,0.37,1.112,0.381,19,9,12,15.0,1.2246467991473532e-16,-1.0,8095,1293.0,1293.0,7.165493475060845,7.175489713624222,0.00999623856337628
الخبر,الصواري,قطعة أرض-سكنى,2023,4,2137.5,14,1356.0923499299233,619.0,5431.0,1448.5,1259.5,26.188046,50.159337,0.37,1.112,0.381,19,9,12,15.0,-1.0,-1.8369701987210297e-16,8096,1303.0,1303.0,7.1731917424865985,7.667859927666964,0.49466818518036515
الخبر,الصواري,قطعة أرض-سكنى,2025,3,1429.5,14,1183.9076873168415,1228.0,4750.0,1378.25,2079.0,26.188046,50.159337,0.37,1.112,0.381,19,9,12,15.0,1.2246467991473532e-16,-1.0,8103,1314.5,1314.5,7.181972100480348,7.265779312490165,0.083807212009817
الخبر,الصواري,قطعة أرض-سكنى,2025,4,3071.4417347502917,277,3020.9953427302753,636.9047619047619,14067.41573033708,2615.8901646246177,2079.0,26.188046,50.159337,0.37,1.112,0.381,19,9,12,15.0,-1.0,-1.8369701987210297e-16,8104,1367.75,1367.75,7.221653193564811,8.030227877794243,0.8085746842294315
الخبر,الصواري,قطعة أرض-سكنى,2026,1,3016.2619047619046,584,3594.7148736591876,530.0,18350.20213894544,2386.852016956776,2250.4708673751456,26.188046,50.159337,0.37,1.112,0.381,19,9,12,15.0,0.0,1.0,8105,1783.5,1783.5,7.486893542930215,8.012105045057181,0.5252115021269663
الخبر,العزيزية,قطعة أرض-تجارى,2016,1,834.5,36,795.7434658808476,525.0,3265.0,598.25,2079.0,26.105855,50.149826,2.824,7.657,2.201,1,0,2,23.55,0.0,1.0,8065,1898.6421725239616,1898.6421725239616,7.549420817167617,6.728030348035448,-0.8213904691321687
الخبر,العزيزية,قطعة أرض-تجارى,2016,2,820.0,37,1550.036369814511,514.0,8051.0,1604.0,2079.0,26.105855,50.149826,2.824,7.657,2.201,1,0,2,23.55,1.0,6.123233995736766e-17,8066,834.5,834.5,6.728030348035448,6.710523109452428,-0.017507238583020168
الخبر,العزيزية,قطعة أرض-تجارى,2016,3,731.0,35,764.8575986538195,500.0,3371.0,480.5,2079.0,26.105855,50.149826,2.824,7.657,2.201,1,0,2,23.55,1.2246467991473532e-16,-1.0,8067,827.25,827.25,6.719315041180005,6.595780513961311,-0.12353452721869385
الخبر,العزيزية,قطعة أرض-تجارى,2016,4,811.0,25,948.1622522894837,520.0,3726.0,749.0,2079.0,26.105855,50.149826,2.824,7.657,2.201,1,0,2,23.55,-1.0,-1.8369701987210297e-16,8068,820.0,820.0,6.710523109452428,6.699500340161678,-0.011022769290749856
الخبر,العزيزية,قطعة أرض-تجارى,2017,1,842.0,53,1095.2323351346633,502.0,5750.0,1286.0,815.5,26.105855,50.149826,2.824,7.657,2.201,1,0,2,23.55,0.0,1.0,8069,815.5,815.5,6.70502691241052,6.736966958001855,0.031940045591335675
الخبر,العزيزية,قطعة أرض-تجارى,2017,2,1074.5,32,1004.2818148854819,513.0,3992.0,1175.25,815.5,26.105855,50.149826,2.824,7.657,2.201,1,0,2,23.55,1.0,6.123233995736766e-17,8070,815.5,815.5,6.70502691241052,6.980540948707785,0.275514036297265
الخبر,العزيزية,قطعة أرض-تجارى,2017,3,651.5,16,1135.4357093204353,520.0,4513.0,1209.75,815.5,26.105855,50.149826,2.824,7.657,2.201,1,0,2,23.55,1.2246467991473532e-16,-1.0,8071,826.5,826.5,6.718409107251218,6.480811139196849,-0.23759796805436917
الخبر,العزيزية,قطعة أرض-تجارى,2017,4,999.5,40,1127.7253655034988,514.0,6369.0,641.75,815.5,26.105855,50.149826,2.824,7.657,2.201,1,0,2,23.55,-1.0,-1.8369701987210297e-16,8072,826.5,826.5,6.718409107251218,6.908255154023788,0.18984604677257
الخبر,العزيزية,قطعة أرض-تجارى,2018,1,950.0,17,1286.1299506659504,515.0,5772.0,1421.0,920.75,26.105855,50.149826,2.824,7.657,2.201,1,0,2,23.55,0.0,1.0,8073,920.75,920.75,6.826274037114254,6.85751406254539,0.031240025431136687
الخبر,العزيزية,قطعة أرض-تجارى,2018,2,850.0,15,585.0950431543661,514.0,2802.0,433.5,920.75,26.105855,50.149826,2.824,7.657,2.201,1,0,2,23.55,1.0,6.123233995736766e-17,8074,974.75,974.75,6.883206406060724,6.7464121285733745,-0.13679427748734962
الخبر,العزيزية,قطعة أرض-تجارى,2018,3,825.0,19,1328.9508107187194,514.0,6127.0,1001.0,920.75,26.105855,50.149826,2.824,7.657,2.201,1,0,2,23.55,1.2246467991473532e-16,-1.0,8075,900.0,900.0,6.803505257608338,6.716594773520978,-0.08691048408736002
الخبر,العزيزية,قطعة أرض-تجارى,2018,4,629.0,40,604.6520741461413,503.0,2783.0,416.25,920.75,26.105855,50.149826,2.824,7.657,2.201,1,0,2,23.55,-1.0,-1.8369701987210297e-16,8076,900.0,900.0,6.803505257608338,6.4457198193855785,-0.3577854382227592
الخبر,العزيزية,قطعة أرض-تجارى,2019,1,657.5,30,379.1739054506687,525.0,2117.0,235.0,837.5,26.105855,50.149826,2.824,7.657,2.201,1,0,2,23.55,0.0,1.0,8077,837.5,837.5,6.731614581263264,6.489964521183336,-0.24165006007992762
الخبر,العزيزية,قطعة أرض-تجارى,2019,2,686.0,23,396.445107575006,500.0,2500.0,116.0,837.5,26.105855,50.149826,2.824,7.657,2.201,1,0,2,23.55,1.0,6.123233995736766e-17,8078,741.25,741.25,6.609686113643869,6.532334292222349,-0.0773518214215203
الخبر,العزيزية,قطعة أرض-تجارى,2019,3,750.0,43,944.2159596808654,500.0,5143.0,274.5,837.5,26.105855,50.149826,2.824,7.657,2.201,1,0,2,23.55,1.2246467991473532e-16,-1.0,8079,671.75,671.75,6.511373789607015,6.621405651764134,0.11003186215711924
الخبر,العزيزية,قطعة أرض-تجارى,2019,4,700.5,50,323.8453120279016,500.0,1887.0,268.5,837.5,26.105855,50.149826,2.824,7.657,2.201,1,0,2,23.55,-1.0,-1.8369701987210297e-16,8080,671.75,671.75,6.511373789607015,6.553220899542516,0.04184710993550045
الخبر,العزيزية,قطعة أرض-تجارى,2020,1,600.0,117,336.0612510484263,500.0,2811.0,152.0,693.25,26.105855,50.149826,2.824,7.657,2.201,1,0,2,23.55,0.0,1.0,8081,693.25,693.25,6.542832126186909,6.398594934535208,-0.14423719165170112
الخبر,العزيزية,قطعة أرض-تجارى,2020,2,708.0,112,411.8751207662071,500.0,2857.0,238.5,693.25,26.105855,50.149826,2.824,7.657,2.201,1,0,2,23.55,1.0,6.123233995736766e-17,8082,693.25,693.25,6.542832126186909,6.5638555265321274,0.021023400345218768
الخبر,العزيزية,قطعة أرض-تجارى,2020,3,660.0,64,251.09240250006368,500.0,2011.0,186.5,693.25,26.105855,50.149826,2.824,7.657,2.201,1,0,2,23.55,1.2246467991473532e-16,-1.0,8083,704.25,704.25,6.558552349882105,6.493753839851686,-0.06479851003041937
الخبر,العزيزية,قطعة أرض-تجارى,2020,4,779.0,142,475.8209441292393,507.0,4571.0,307.75,693.25,26.105855,50.149826,2.824,7.657,2.201,1,0,2,23.55,-1.0,-1.8369701987210297e-16,8084,680.25,680.25,6.523929345977454,6.659293919683638,0.13536457370618393
الخبر,العزيزية,قطعة أرض-تجارى,2022,1,1150.0,93,699.6461409411863,520.0,4351.0,296.0,1168.0,26.105855,50.149826,2.824,7.657,2.201,1,0,2,23.55,0.0,1.0,8089,684.0,684.0,6.529418838262226,7.048386408721883,0.5189675704596572
الخبر,العزيزية,قطعة أرض-تجارى,2022,2,1120.0,65,1156.1719031837517,571.0,8051.0,318.0,1168.0,26.105855,50.149826,2.824,7.657,2.201,1,0,2,23.55,1.0,6.123233995736766e-17,8090,743.5,743.5,6.612712852124064,7.02197642307216,0.40926357094809607
الخبر,العزيزية,قطعة أرض-تجارى,2022,3,1042.0,79,825.3527122648675,649.0,4412.0,491.5,1168.0,26.105855,50.149826,2.824,7.657,2.201,1,0,2,23.55,1.2246467991473532e-16,-1.0,8091,949.5,949.5,6.856988161928484,6.949856455000773,0.09286829307228839
الخبر,العزيزية,قطعة أرض-تجارى,2022,4,1120.0,51,781.7206316084748,610.0,3743.0,898.0,1168.0,26.105855,50.149826,2.824,7.657,2.201,1,0,2,23.55,-1.0,-1.8369701987210297e-16,8092,1081.0,1081.0,6.9865664594064265,7.02197642307216,0.03540996366573346
الخبر,العزيزية,قطعة أرض-تجارى,2023,1,1289.5,64,1220.0608233602177,500.0,4858.0,1692.25,1120.0,26.105855,50.149826,2.824,7.657,2.201,1,0,2,23.55,0.0,1.0,8093,1120.0,1120.0,7.02197642307216,7.162785019158669,0.14080859608650886
الخبر,العزيزية,قطعة أرض-تجارى,2023,2,1034.0,36,921.5847927123854,579.0,4000.0,303.5,1120.0,26.105855,50.149826,2.824,7.657,2.201,1,0,2,23.55,1.0,6.123233995736766e-17,8094,1120.0,1120.0,7.02197642307216,6.942156705699469,-0.07981971737269067
الخبر,العزيزية,قطعة أرض-تجارى,2023,3,1143.0,37,1041.1797103234337,509.0,4877.0,1408.0,1120.0,26.105855,50.149826,2.824,7.657,2.201,1,0,2,23.55,1.2246467991473532e-16,-1.0,8095,1081.0,1081.0,6.9865664594064265,7.042286171939743,0.055719712533316645
الخبر,العزيزية,قطعة أرض-تجارى,2023,4,2146.0,14,1211.414521481868,626.0,3680.0,2145.0,1120.0,26.105855,50.149826,2.824,7.657,2.201,1,0,2,23.55,-1.0,-1.8369701987210297e-16,8096,1131.5,1131.5,7.032182857357189,7.671826797878781,0.6396439405215917
الخبر,العزيزية,قطعة أرض-سكنى,2016,1,975.0,205,1380.970125134367,500.0,5458.0,2184.0,2079.0,26.105855,50.149826,2.824,7.657,2.201,1,0,2,17.91,0.0,1.0,8065,2576.8809523809523,2576.8809523809523,7.854723004147759,6.883462586413092,-0.9712604177346673
الخبر,العزيزية,قطعة أرض-سكنى,2016,2,988.0,130,1212.8237672962975,520.0,5538.0,2094.25,2079.0,26.105855,50.149826,2.824,7.657,2.201,1,0,2,17.91,1.0,6.123233995736766e-17,8066,975.0,975.0,6.883462586413092,6.8966943316227125,0.013231745209620449
الخبر,العزيزية,قطعة أرض-سكنى,2016,3,888.0,145,1147.1065896703474,500.0,4956.0,1808.0,2079.0,26.105855,50.149826,2.824,7.657,2.201,1,0,2,17.91,1.2246467991473532e-16,-1.0,8067,981.5,981.5,6.890100343743416,6.790097235513905,-0.10000310822951164
الخبر,العزيزية,قطعة أرض-سكنى,2016,4,951.0,134,1132.5623526843854,500.0,4190.0,2027.25,2079.0,26.105855,50.149826,2.824,7.657,2.201,1,0,2,17.91,-1.0,-1.8369701987210297e-16,8068,975.0,975.0,6.883462586413092,6.858565034791365,-0.024897551621727132
الخبر,العزيزية,قطعة أرض-سكنى,2017,1,825.0,171,1091.5805054426364,500.0,4190.0,1859.5,963.0,26.105855,50.149826,2.824,7.657,2.201,1,0,2,17.91,0.0,1.0,8069,963.0,963.0,6.871091294610546,6.716594773520978,-0.1544965210895679
الخبر,العزيزية,قطعة أرض-سكنى,2017,2,875.0,142,932.9342185643185,507.0,4196.0,1447.25,963.0,26.105855,50.149826,2.824,7.657,2.201,1,0,2,17.91,1.0,6.123233995736766e-17,8070,919.5,919.5,6.824917000673133,6.775366090936392,-0.04955090973674103
الخبر,العزيزية,قطعة أرض-سكنى,2017,3,969.5,98,1075.5715327341984,500.0,4185.0,1764.0,963.0,26.105855,50.149826,2.824,7.657,2.201,1,0,2,17.91,1.2246467991473532e-16,-1.0,8071,881.5,881.5,6.782758788807452,6.877811402609065,0.095052613801613
الخبر,العزيزية,قطعة أرض-سكنى,2017,4,889.0,162,1042.3899749630086,510.0,4500.0,1799.0,963.0,26.105855,50.149826,2.824,7.657,2.201,1,0,2,17.91,-1.0,-1.8369701987210297e-16,8072,913.0,913.0,6.81783057145415,6.7912214627261855,-0.02660910872796407
الخبر,العزيزية,قطعة أرض-سكنى,2018,1,853.0,110,987.9750845237446,500.0,4219.0,1529.25,882.0,26.105855,50.149826,2.824,7.657,2.201,1,0,2,17.91,0.0,1.0,8073,882.0,882.0,6.78332520060396,6.74993119378857,-0.03339400681538951
الخبر,العزيزية,قطعة أرض-سكنى,2018,2,778.0,84,708.7251371259969,503.0,3112.0,900.25,882.0,26.105855,50.149826,2.824,7.657,2.201,1,0,2,17.91,1.0,6.123233995736766e-17,8074,882.0,882.0,6.78332520060396,6.658011045870748,-0.1253141547332115
الخبر,العزيزية,قطعة أرض-سكنى,2018,3,745.0,53,861.5965388689774,503.0,3127.0,1171.0,882.0,26.105855,50.149826,2.824,7.657,2.201,1,0,2,17.91,1.2246467991473532e-16,-1.0,8075,871.0,871.0,6.77078942390898,6.61472560020376,-0.1560638237052192
الخبر,العزيزية,قطعة أرض-سكنى,2018,4,751.0,194,783.0788460052712,500.0,5520.0,518.75,882.0,26.105855,50.149826,2.824,7.657,2.201,1,0,2,17.91,-1.0,-1.8369701987210297e-16,8076,815.5,815.5,6.70502691241052,6.62273632394984,-0.08229058846067971
الخبر,العزيزية,قطعة أرض-سكنى,2019,1,745.0,174,756.6996167652152,500.0,4868.0,380.0,764.5,26.105855,50.149826,2.824,7.657,2.201,1,0,2,17.91,0.0,1.0,8077,764.5,764.5,6.640529215097739,6.61472560020376,-0.0258036148939782
الخبر,العزيزية,قطعة أرض-سكنى,2019,2,732.0,156,798.8150078911216,500.0,6819.0,381.75,764.5,26.105855,50.149826,2.824,7.657,2.201,1,0,2,17.91,1.0,6.123233995736766e-17,8078,748.0,748.0,6.618738983517219,6.597145701886651,-0.02159328163056795
الخبر,العزيزية,قطعة أرض-سكنى,2019,3,651.0,231,467.05978773899307,500.0,3400.0,373.0,764.5,26.105855,50.149826,2.824,7.657,2.201,1,0,2,17.91,1.2246467991473532e-16,-1.0,8079,745.0,745.0,6.61472560020376,6.480044561926653,-0.1346810382771073
الخبر,العزيزية,قطعة أرض-سكنى,2019,4,650.0,425,526.3719617320713,500.0,4303.0,313.0,764.5,26.105855,50.149826,2.824,7.657,2.201,1,0,2,17.91,-1.0,-1.8369701987210297e-16,8080,738.5,738.5,6.6059742821508545,6.478509642208569,-0.12746463994228563
الخبر,العزيزية,قطعة أرض-سكنى,2020,1,686.0,338,730.5231084468078,500.0,5926.0,190.5,691.5,26.105855,50.149826,2.824,7.657,2.201,1,0,2,17.91,0.0,1.0,8081,691.5,691.5,6.540308238061494,6.532334292222349,-0.00797394583914457
الخبر,العزيزية,قطعة أرض-سكنى,2020,2,746.0,228,858.7516831200145,500.0,4052.0,259.0,691.5,26.105855,50.149826,2.824,7.657,2.201,1,0,2,17.91,1.0,6.123233995736766e-17,8082,668.5,668.5,6.506531165131227,6.616065185132817,0.10953402000159063
الخبر,العزيزية,قطعة أرض-سكنى,2020,3,709.0,239,680.7397541002649,514.0,5270.0,210.0,691.5,26.105855,50.149826,2.824,7.657,2.201,1,0,2,17.91,1.2246467991473532e-16,-1.0,8083,668.5,668.5,6.506531165131227,6.565264970035361,0.0587338049041346
الخبر,العزيزية,قطعة أرض-سكنى,2020,4,800.0,369,538.6165178757702,500.0,4473.0,250.0,691.5,26.105855,50.149826,2.824,7.657,2.201,1,0,2,17.91,-1.0,-1.8369701987210297e-16,8084,697.5,697.5,6.5489351786970165,6.68586094706836,0.13692576837134318
الخبر,العزيزية,قطعة أرض-سكنى,2021,1,850.0,67,594.9706388203915,544.0,2828.0,111.0,727.5,26.105855,50.149826,2.824,7.657,2.201,1,0,2,17.91,0.0,1.0,8085,727.5,727.5,6.590987625635259,6.7464121285733745,0.15542450293811516
الخبر,العزيزية,قطعة أرض-سكنى,2021,2,956.0,12,572.0049997132628,612.0,2448.0,591.0,727.5,26.105855,50.149826,2.824,7.657,2.201,1,0,2,17.91,1.0,6.123233995736766e-17,8086,773.0,773.0,6.651571873589727,6.863803391452954,0.21223151786322703
الخبر,العزيزية,قطعة أرض-سكنى,2022,1,1120.0,341,637.245268687864,507.0,4800.0,178.0,933.0,26.105855,50.149826,2.824,7.657,2.201,1,0,2,17.91,0.0,1.0,8089,825.0,825.0,6.716594773520978,7.02197642307216,0.3053816495511823
الخبر,العزيزية,قطعة أرض-سكنى,2022,2,1150.0,231,679.460746117666,500.0,4487.0,219.5,933.0,26.105855,50.149826,2.824,7.657,2.201,1,0,2,17.91,1.0,6.123233995736766e-17,8090,903.0,903.0,6.806829360392176,7.048386408721883,0.2415570483297067
الخبر,العزيزية,قطعة أرض-سكنى,2022,3,1150.0,204,826.3441298168918,555.0,5000.0,330.75,933.0,26.105855,50.149826,2.824,7.657,2.201,1,0,2,17.91,1.2246467991473532e-16,-1.0,8091,1038.0,1038.0,6.946013991099227,7.048386408721883,0.10237241762265548
الخبر,العزيزية,قطعة أرض-سكنى,2022,4,1150.0,164,922.6221335015726,523.0,4600.0,518.0,933.0,26.105855,50.149826,2.824,7.657,2.201,1,0,2,17.91,-1.0,-1.8369701987210297e-16,8092,1135.0,1135.0,7.035268599281097,7.048386408721883,0.013117809440785777
الخبر,العزيزية,قطعة أرض-سكنى,2023,1,1194.0,98,1227.9603251622273,565.0,6286.0,557.0,1150.0,26.105855,50.149826,2.824,7.657,2.201,1,0,2,17.91,0.0,1.0,8093,1150.0,1150.0,7.048386408721883,7.085901464365611,0.03751505564372781
الخبر,العزيزية,قطعة أرض-سكنى,2023,2,1150.0,103,1334.9309959486343,514.0,11139.0,954.5,1150.0,26.105855,50.149826,2.824,7.657,2.201,1,0,2,17.91,1.0,6.123233995736766e-17,8094,1150.0,1150.0,7.048386408721883,7.048386408721883,0.0
الخبر,العزيزية,قطعة أرض-سكنى,2023,3,1235.5,104,1038.4429510133598,541.0,5112.0,754.5,1150.0,26.105855,50.149826,2.824,7.657,2.201,1,0,2,17.91,1.2246467991473532e-16,-1.0,8095,1150.0,1150.0,7.048386408721883,7.120040086961471,0.07165367823958846
الخبر,العزيزية,قطعة أرض-سكنى,2023,4,1215.0,52,1080.7188169860058,640.0,4466.0,1793.0,1150.0,26.105855,50.149826,2.824,7.657,2.201,1,0,2,17.91,-1.0,-1.8369701987210297e-16,8096,1172.0,1172.0,7.067319848653476,7.103322062526113,0.0360022138726368
الخبر,العقربية,قطعة أرض-تجارى,2025,4,3061.4744060739654,11,1652.1506835663897,742.8571428571429,5682.16720928804,2546.6081224924264,2079.0,26.296872,50.193256,0.0,0.014,0.233,108,201,280,34.31,-1.0,-1.8369701987210297e-16,8104,1216.25,1216.25,7.10434949506281,8.026978497617723,0.9226290025549124
الخبر,العقربية,قطعة أرض-تجارى,2026,1,2042.4437780239307,42,2155.339289529902,608.058191737228,13234.077750206783,1538.0649717514125,3061.4744060739654,26.296872,50.193256,0.0,0.014,0.233,108,201,280,34.31,0.0,1.0,8105,3061.4744060739654,3061.4744060739654,8.026978497617723,7.622391790036635,-0.40458670758108806
الخبر,العقربية,قطعة أرض-سكنى,2016,1,2654.0,17,4134.6166370407445,600.0,14623.0,5115.0,2079.0,26.296872,50.193256,0.0,0.014,0.233,108,201,280,28.52,0.0,1.0,8065,1204.5,1204.5,7.094649697621226,7.884199933676039,0.7895502360548132
الخبر,العقربية,قطعة أرض-سكنى,2016,2,2835.0,13,3116.918613153966,1424.0,12000.0,1820.0,2079.0,26.296872,50.193256,0.0,0.014,0.233,108,201,280,28.52,1.0,6.123233995736766e-17,8066,2654.0,2654.0,7.884199933676039,7.950149887652018,0.06594995397597891
الخبر,العقربية,قطعة أرض-سكنى,2016,3,2061.0,10,1245.1161882419738,1434.0,5079.0,1306.25,2079.0,26.296872,50.193256,0.0,0.014,0.233,108,201,280,28.52,1.2246467991473532e-16,-1.0,8067,2744.5,2744.5,7.917718486718927,7.631431664576906,-0.2862868221420216
الخبر,العقربية,قطعة أرض-سكنى,2016,4,5358.5,12,2961.561867827464,1441.0,12488.0,2868.5,2079.0,26.296872,50.193256,0.0,0.014,0.233,108,201,280,28.52,-1.0,-1.8369701987210297e-16,8068,2654.0,2654.0,7.884199933676039,8.586625966131574,0.7024260324555351
الخبر,العقربية,قطعة أرض-سكنى,2017,1,2839.0,13,2696.50073100448,846.0,11182.0,1052.0,2744.5,26.296872,50.193256,0.0,0.014,0.233,108,201,280,28.52,0.0,1.0,8069,2744.5,2744.5,7.917718486718927,7.951559331155252,0.03384084443632496
الخبر,العقربية,قطعة أرض-سكنى,2017,2,2000.0,11,1197.9417196326217,1237.0,4512.0,1942.5,2744.5,26.296872,50.193256,0.0,0.014,0.233,108,201,280,28.52,1.0,6.123233995736766e-17,8070,2837.0,2837.0,7.950854857719988,7.601402334583733,-0.34945252313625463
الخبر,العقربية,قطعة أرض-سكنى,2017,3,2700.0,17,929.5014120484165,1000.0,4200.0,841.0,2744.5,26.296872,50.193256,0.0,0.014,0.233,108,201,280,28.52,1.2246467991473532e-16,-1.0,8071,2450.0,2450.0,7.804251383528112,7.901377353792616,0.09712597026450354
الخبر,العقربية,قطعة أرض-سكنى,2017,4,2826.0,15,1802.2947198343718,1129.0,7586.0,2060.5,2744.5,26.296872,50.193256,0.0,0.014,0.233,108,201,280,28.52,-1.0,-1.8369701987210297e-16,8072,2769.5,2769.5,7.926783088307404,7.946971357693591,0.02018826938618634
الخبر,العقربية,قطعة أرض-سكنى,2018,1,2597.5,14,2206.683371034458,1361.0,9208.0,3159.75,2763.0,26.296872,50.193256,0.0,0.014,0.233,108,201,280,28.52,0.0,1.0,8073,2763.0,2763.0,7.92443418488756,7.862689634448497,-0.06174455043906324
الخبر,العقربية,قطعة أرض-سكنى,2020,3,1756.5,10,1526.8942188493465,1204.0,5089.0,2557.0,2242.0,26.296872,50.193256,0.0,0.014,0.233,108,201,280,28.52,1.2246467991473532e-16,-1.0,8083,2648.75,2648.75,7.882220574907365,7.47164762368482,-0.41057295122254445
الخبر,العقربية,قطعة أرض-سكنى,2021,1,2202.0,10,733.9688534112178,1104.0,3460.0,756.75,2048.75,26.296872,50.193256,0.0,0.014,0.233,108,201,280,28.52,0.0,1.0,8085,2648.75,2648.75,7.882220574907365,7.697575346802343,-0.1846452281050217
الخبر,العقربية,قطعة أرض-سكنى,2021,4,2867.0,13,2269.3117758248723,924.0,9680.0,1165.0,2048.75,26.296872,50.193256,0.0,0.014,0.233,108,201,280,28.52,-1.0,-1.8369701987210297e-16,8088,2399.75,2399.75,7.783536467518082,7.961370201719511,0.17783373420142912
الخبر,العقربية,قطعة أرض-سكنى,2022,3,2019.5,14,1364.9620451189785,1280.0,5806.0,482.0,1972.0,26.296872,50.193256,0.0,0.014,0.233,108,201,280,28.52,1.2246467991473532e-16,-1.0,8091,2399.75,2399.75,7.783536467518082,7.611100284518528,-0.17243618299955354
الخبر,العقربية,قطعة أرض-سكنى,2022,4,2509.0,13,1121.7103641429194,1218.0,4731.0,684.0,1972.0,26.296872,50.193256,0.0,0.014,0.233,108,201,280,28.52,-1.0,-1.8369701987210297e-16,8092,2110.75,2110.75,7.655272266607606,7.828038032125829,0.1727657655182231
الخبر,العقربية,قطعة أرض-سكنى,2025,4,2080.76647116743,55,2008.4284363169515,737.2830199112495,7727.155431946556,2497.64818202689,2079.0,26.296872,50.193256,0.0,0.014,0.233,108,201,280,28.52,-1.0,-1.8369701987210297e-16,8104,2355.5,2355.5,7.764932746363786,7.640972077258246,-0.12396066910554016
الخبر,العقربية,قطعة أرض-سكنى,2026,1,990.0,171,1394.0409654948899,602.0408163265306,7170.0,1494.2201106390958,2703.383235583715,26.296872,50.193256,0.0,0.014,0.233,108,201,280,28.52,0.0,1.0,8105,2294.883235583715,2294.883235583715,7.738872900564262,6.898714534329988,-0.8401583662342738
الخبر,العقيق,قطعة أرض-تجارى,2021,2,650.0,49,110.022044791651,500.0,950.0,195.0,600.0,26.094855,50.144559,3.283,8.879,3.315,0,0,0,34.31,1.0,6.123233995736766e-17,8086,2094.2218890119652,2094.2218890119652,7.647414740357318,6.478509642208569,-1.1689050981487492
الخبر,العقيق,قطعة أرض-تجارى,2021,3,650.0,26,240.80054944992258,500.0,1205.0,301.25,600.0,26.094855,50.144559,3.283,8.879,3.315,0,0,0,34.31,1.2246467991473532e-16,-1.0,8087,650.0,650.0,6.478509642208569,6.478509642208569,0.0
الخبر,العقيق,قطعة أرض-تجارى,2021,4,1050.0,11,200.765761296818,650.0,1300.0,281.5,600.0,26.094855,50.144559,3.283,8.879,3.315,0,0,0,34.31,-1.0,-1.8369701987210297e-16,8088,650.0,650.0,6.478509642208569,6.957497370876951,0.4789877286683826
الخبر,العقيق,قطعة أرض-تجارى,2026,1,2399.9993309604733,68,1115.0879252228574,599.2509363295881,6666.666666666667,908.333333333333,2723.499506621144,26.094855,50.144559,3.283,8.879,3.315,0,0,0,34.31,0.0,1.0,8105,650.0,650.0,6.478509642208569,7.783640317570849,1.30513067536228
الخبر,العقيق,قطعة أرض-سكنى,2020,4,812.0,16,562.3085711303596,700.0,3025.0,100.5,639.75,26.094855,50.144559,3.283,8.879,3.315,0,0,0,10.89,-1.0,-1.8369701987210297e-16,8084,2050.133235583715,2050.133235583715,7.626147717241725,6.70073110954781,-0.925416607693915
الخبر,العقيق,قطعة أرض-سكنى,2021,1,937.0,21,507.12960210712737,700.0,2857.0,144.0,681.5,26.094855,50.144559,3.283,8.879,3.315,0,0,0,10.89,0.0,1.0,8085,812.0,812.0,6.70073110954781,6.843749949006225,0.14301883945841443
الخبر,العقيق,قطعة أرض-سكنى,2021,2,630.0,243,606.7413278107767,524.0,8800.0,165.0,681.5,26.094855,50.144559,3.283,8.879,3.315,0,0,0,10.89,1.0,6.123233995736766e-17,8086,874.5,874.5,6.774795151725907,6.447305862541213,-0.3274892891846939
الخبر,العقيق,قطعة أرض-سكنى,2021,3,675.0,96,385.9976524789992,525.0,3194.0,357.0,681.5,26.094855,50.144559,3.283,8.879,3.315,0,0,0,10.89,1.2246467991473532e-16,-1.0,8087,812.0,812.0,6.70073110954781,6.516193076042964,-0.18453803350484588
الخبر,العقيق,قطعة أرض-سكنى,2021,4,1060.0,128,329.8349853435722,570.0,3171.0,98.0,681.5,26.094855,50.144559,3.283,8.879,3.315,0,0,0,10.89,-1.0,-1.8369701987210297e-16,8088,743.5,743.5,6.612712852124064,6.966967138613983,0.35425428648991897
الخبر,العقيق,قطعة أرض-سكنى,2022,1,975.0,15,837.57427531334,752.0,3131.0,306.5,806.0,26.094855,50.144559,3.283,8.879,3.315,0,0,0,10.89,0.0,1.0,8089,806.0,806.0,6.693323668269949,6.883462586413092,0.190138918143143
الخبر,العقيق,قطعة أرض-سكنى,2022,2,1000.0,24,800.8972855220085,800.0,4207.0,123.75,806.0,26.094855,50.144559,3.283,8.879,3.315,0,0,0,10.89,1.0,6.123233995736766e-17,8090,825.0,825.0,6.716594773520978,6.90875477931522,0.19216000579424275
الخبر,العقيق,قطعة أرض-سكنى,2025,4,3012.6106760767498,34,1573.237821307292,783.6708648194794,7071.96029776675,2067.028875912816,2079.0,26.094855,50.144559,3.283,8.879,3.315,0,0,0,10.89,-1.0,-1.8369701987210297e-16,8104,987.5,987.5,6.896188642610672,8.010894199003873,1.1147055563932016
الخبر,العقيق,قطعة أرض-سكنى,2026,1,3507.7718257764172,126,1850.6474328403567,715.7976542288303,9933.18661971831,3081.7399483090226,2030.3053380383749,26.094855,50.144559,3.283,8.879,3.315,0,0,0,10.89,0.0,1.0,8105,1030.0,1030.0,6.93828448401696,8.163021348041902,1.2247368640249414
الخبر,العليا,قطعة أرض-تجارى,2026,1,3072.3603936519776,14,2778.486234818817,1352.3481681829358,9935.89903846154,2724.6667252370635,2200.0,26.298007,50.178626,0.0,0.044,0.13,106,121,114,34.31,0.0,1.0,8105,850.0,850.0,6.7464121285733745,8.030526832719682,1.2841147041463072
الخبر,العليا,قطعة أرض-سكنى,2025,4,4964.0,29,1315.202365629707,1000.0,7481.446013885563,1635.6677654396017,2079.0,26.298007,50.178626,0.0,0.044,0.13,106,121,114,12.85,-1.0,-1.8369701987210297e-16,8104,2006.3053380383749,2006.3053380383749,7.604548473766041,8.510168576479273,0.9056201027132325
الخبر,العليا,قطعة أرض-سكنى,2026,1,3171.8336743204045,88,2259.7496713419905,788.5714285714286,12000.0,3684.079867824651,3529.5,26.298007,50.178626,0.0,0.044,0.13,106,121,114,12.85,0.0,1.0,8105,4964.0,4964.0,8.510168576479273,8.06238037114857,-0.44778820533070274
الخبر,الكوثر,قطعة أرض-تجارى,2019,1,526.0,10,22.86093222557259,503.0,568.0,20.25,691.5,26.151557,50.121287,2.53,3.468,1.734,3,0,5,27.68,0.0,1.0,8077,1724.9996654802367,1724.9996654802367,7.453561677831209,6.267200548541362,-1.1863611292898462
الخبر,الكوثر,قطعة أرض-تجارى,2019,3,565.5,10,125.95612110748904,526.0,949.0,43.25,691.5,26.151557,50.121287,2.53,3.468,1.734,3,0,5,27.68,1.2246467991473532e-16,-1.0,8079,526.0,526.0,6.267200548541362,6.339477080468061,0.0722765319266987
الخبر,الكوثر,قطعة أرض-تجارى,2020,4,649.0,13,138.93191470312686,519.0,1021.0,141.0,560.25,26.151557,50.121287,2.53,3.468,1.734,3,0,5,27.68,-1.0,-1.8369701987210297e-16,8084,545.75,545.75,6.3039916595568775,6.476972362889683,0.17298070333280524
الخبر,الكوثر,قطعة أرض-تجارى,2021,1,885.5,18,408.84903009762013,524.0,2086.0,194.0,616.5,26.151557,50.121287,2.53,3.468,1.734,3,0,5,27.68,0.0,1.0,8085,565.5,565.5,6.339477080468061,6.787281125514262,0.4478040450462011
الخبر,الكوثر,قطعة أرض-تجارى,2025,4,2310.0,44,1910.909179320429,525.0,7347.0478226021905,3628.1671911849935,2079.0,26.151557,50.121287,2.53,3.468,1.734,3,0,5,27.68,-1.0,-1.8369701987210297e-16,8104,607.25,607.25,6.410585981663632,7.745435610274381,1.3348496286107485
الخبر,الكوثر,قطعة أرض-تجارى,2026,1,3800.0,88,1782.1135946313325,737.1428571428571,9117.520034550604,2846.8746204537615,2310.0,26.151557,50.121287,2.53,3.468,1.734,3,0,5,27.68,0.0,1.0,8105,767.25,767.25,6.644115201010594,8.24301946898925,1.5989042679786554
الخبر,الكوثر,قطعة أرض-سكنى,2019,1,516.5,12,74.2287108547058,503.0,770.0,31.0,928.5,26.151557,50.121287,2.53,3.468,1.734,3,0,5,13.28,0.0,1.0,8077,3339.802750048411,3339.802750048411,8.113966401418548,6.249009525139524,-1.8649568762790238
الخبر,الكوثر,قطعة أرض-سكنى,2019,3,537.0,13,614.2986515802662,503.0,2743.0,23.0,928.5,26.151557,50.121287,2.53,3.468,1.734,3,0,5,13.28,1.2246467991473532e-16,-1.0,8079,516.5,516.5,6.249009525139524,6.2878585601617845,0.03884903502226056
الخبر,الكوثر,قطعة أرض-سكنى,2020,1,617.0,15,127.26567636622366,501.0,1057.0,52.0,534.5,26.151557,50.121287,2.53,3.468,1.734,3,0,5,13.28,0.0,1.0,8081,526.75,526.75,6.26862268672843,6.42648845745769,0.1578657707292601
الخبر,الكوثر,قطعة أرض-سكنى,2020,4,737.0,23,93.85044026716085,519.0,889.0,120.0,534.5,26.151557,50.121287,2.53,3.468,1.734,3,0,5,13.28,-1.0,-1.8369701987210297e-16,8084,537.0,537.0,6.2878585601617845,6.6039438246004725,0.316085264438688
الخبر,الكوثر,قطعة أرض-سكنى,2021,1,779.0,27,266.377893857922,595.0,1942.0,199.0,640.0,26.151557,50.121287,2.53,3.468,1.734,3,0,5,13.28,0.0,1.0,8085,577.0,577.0,6.359573868672378,6.659293919683638,0.29972005101125987
الخبر,الكوثر,قطعة أرض-سكنى,2021,2,967.0,10,636.4007821770457,807.0,2939.0,88.5,640.0,26.151557,50.121287,2.53,3.468,1.734,3,0,5,13.28,1.0,6.123233995736766e-17,8086,677.0,677.0,6.519147287940395,6.875232087276577,0.3560847993361813
الخبر,الكوثر,قطعة أرض-سكنى,2021,3,972.0,12,473.6614313147646,568.0,2285.0,249.5,640.0,26.151557,50.121287,2.53,3.468,1.734,3,0,5,13.28,1.2246467991473532e-16,-1.0,8087,758.0,758.0,6.63200177739563,6.880384082186005,0.2483823047903746
الخبر,الكوثر,قطعة أرض-سكنى,2021,4,1044.0,13,143.0956287744632,716.0,1275.0,171.0,640.0,26.151557,50.121287,2.53,3.468,1.734,3,0,5,13.28,-1.0,-1.8369701987210297e-16,8088,873.0,873.0,6.773080375655535,6.951772164398911,0.1786917887433761
الخبر,الكوثر,قطعة أرض-سكنى,2022,3,951.5,14,238.58101579736203,519.0,1300.0,371.75,969.5,26.151557,50.121287,2.53,3.468,1.734,3,0,5,13.28,1.2246467991473532e-16,-1.0,8091,969.5,969.5,6.877811402609065,6.859090107000856,-0.018721295608208344
الخبر,الكوثر,قطعة أرض-سكنى,2025,4,1730.0,116,1427.0350370288204,500.0,6677.987445383603,2483.5418892110483,2079.0,26.151557,50.121287,2.53,3.468,1.734,3,0,5,13.28,-1.0,-1.8369701987210297e-16,8104,969.5,969.5,6.877811402609065,7.456454555176209,0.5786431525671443
الخبر,الكوثر,قطعة أرض-سكنى,2026,1,2551.1466666666665,329,1472.9212473173866,522.7559694710513,10246.569580989431,2175.7701094463923,1375.25,26.151557,50.121287,2.53,3.468,1.734,3,0,5,13.28,0.0,1.0,8105,1008.0,1008.0,6.9167150203536085,7.844690114077639,0.9279750937240303
الخبر,الكورنيش,قطعة أرض-تجارى,2026,1,2572.720093892701,12,2708.8127276902064,1250.0,11182.475054478726,1226.1862839993541,3326.0695033834154,26.325653,50.221853,0.54,0.24,0.669,35,53,52,34.31,0.0,1.0,8105,1597.75,1597.75,7.376977352893053,7.853107638611625,0.47613028571857274
الخبر,الكورنيش,قطعة أرض-سكنى,2016,3,2507.0,14,617.6137524802596,1194.0,2649.0,975.75,2079.0,26.325653,50.221853,0.54,0.24,0.669,35,53,52,-6.53,1.2246467991473532e-16,-1.0,8067,1387.0,1387.0,7.23561914106675,7.827240901752812,0.5916217606860616
الخبر,الكورنيش,قطعة أرض-سكنى,2017,3,3800.0,14,682.3649445732228,2128.0,4244.0,228.25,3257.0,26.325653,50.221853,0.54,0.24,0.669,35,53,52,-6.53,1.2246467991473532e-16,-1.0,8071,2507.0,2507.0,7.827240901752812,8.24301946898925,0.4157785672364378
الخبر,الكورنيش,قطعة أرض-سكنى,2017,4,2800.0,17,1819.772757710666,1550.0,8500.0,2490.0,3257.0,26.325653,50.221853,0.54,0.24,0.669,35,53,52,-6.53,-1.0,-1.8369701987210297e-16,8072,3153.5,3153.5,8.056585283810865,7.937731775260109,-0.11885350855075583
الخبر,الكورنيش,قطعة أرض-سكنى,2020,4,1825.0,24,450.1514398961528,560.0,2500.0,62.5,3628.0,26.325653,50.221853,0.54,0.24,0.669,35,53,52,-6.53,-1.0,-1.8369701987210297e-16,8084,2800.0,2800.0,7.937731775260109,7.509883061154913,-0.4278487141051954
الخبر,الكورنيش,قطعة أرض-سكنى,2025,4,3297.1785056004537,18,2730.909109264417,879.1208791208791,8611.111111111111,2968.7767457999344,2079.0,26.325653,50.221853,0.54,0.24,0.669,35,53,52,-6.53,-1.0,-1.8369701987210297e-16,8104,2653.5,2653.5,7.884011592023726,8.101125627064294,0.21711403504056737
الخبر,الكورنيش,قطعة أرض-سكنى,2026,1,2523.0003677146533,69,1151.2304009356008,700.0,5650.0,1476.5,3297.1785056004537,26.325653,50.221853,0.54,0.24,0.669,35,53,52,-6.53,0.0,1.0,8105,3048.589252800227,3048.589252800227,8.022762189319435,7.833600369348357,-0.18916181997107806
الخبر,اللؤلؤ,قطعة أرض-تجارى,2019,4,602.5,18,227.33187424061686,502.0,1473.0,165.5,1940.0,26.123207,50.142416,1.218,5.749,0.171,2,0,2,33.17,-1.0,-1.8369701987210297e-16,8080,2441.3600469463504,2441.3600469463504,7.800720083174504,6.402746040537586,-1.3979740426369176
الخبر,اللؤلؤ,قطعة أرض-تجارى,2020,1,640.0,22,58.0462757622755,546.0,797.0,50.25,601.25,26.123207,50.142416,1.218,5.749,0.171,2,0,2,33.17,0.0,1.0,8081,602.5,602.5,6.402746040537586,6.46302945692067,0.060283416383083654
الخبر,اللؤلؤ,قطعة أرض-تجارى,2020,2,620.0,19,254.12842680412894,542.0,1700.0,89.0,601.25,26.123207,50.142416,1.218,5.749,0.171,2,0,2,33.17,1.0,6.123233995736766e-17,8082,621.25,621.25,6.4333419412477015,6.431331081933479,-0.002010859314222735
الخبر,اللؤلؤ,قطعة أرض-تجارى,2020,4,781.0,52,498.14219107995336,518.0,2898.0,52.5,601.25,26.123207,50.142416,1.218,5.749,0.171,2,0,2,33.17,-1.0,-1.8369701987210297e-16,8084,620.0,620.0,6.431331081933479,6.661854740545311,0.23052365861183244
الخبر,اللؤلؤ,قطعة أرض-تجارى,2021,1,860.0,39,737.9590110733058,520.0,2942.0,411.0,710.5,26.123207,50.142416,1.218,5.749,0.171,2,0,2,33.17,0.0,1.0,8085,630.0,630.0,6.447305862541213,6.7580945044277305,0.3107886418865178
الخبر,اللؤلؤ,قطعة أرض-تجارى,2021,2,850.0,27,878.0726676571875,500.0,3343.0,786.0,710.5,26.123207,50.142416,1.218,5.749,0.171,2,0,2,33.17,1.0,6.123233995736766e-17,8086,710.5,710.5,6.567375417529907,6.7464121285733745,0.17903671104346763
الخبر,اللؤلؤ,قطعة أرض-تجارى,2021,3,2600.0,15,903.8544341293227,641.0,3076.0,1766.0,710.5,26.123207,50.142416,1.218,5.749,0.171,2,0,2,33.17,1.2246467991473532e-16,-1.0,8087,815.5,815.5,6.70502691241052,7.8636512654486515,1.1586243530381317
الخبر,اللؤلؤ,قطعة أرض-تجارى,2021,4,1075.0,26,829.0689198408983,891.0,3500.0,1090.75,710.5,26.123207,50.142416,1.218,5.749,0.171,2,0,2,33.17,-1.0,-1.8369701987210297e-16,8088,855.0,855.0,6.752270376141742,6.98100574072173,0.2287353645799879
الخبر,اللؤلؤ,قطعة أرض-تجارى,2023,1,1375.0,10,834.0033040169031,516.0,2720.0,1475.0,1121.0,26.123207,50.142416,1.218,5.749,0.171,2,0,2,33.17,0.0,1.0,8093,967.5,967.5,6.875748482847051,7.226936018493289,0.35118753564623795
الخبر,اللؤلؤ,قطعة أرض-تجارى,2025,4,1575.0,16,1866.7577304947513,849.0,7250.0,1428.857848843106,2079.0,26.123207,50.142416,1.218,5.749,0.171,2,0,2,33.17,-1.0,-1.8369701987210297e-16,8104,1225.0,1225.0,7.111512116496157,7.362645270417825,0.2511331539216677
الخبر,اللؤلؤ,قطعة أرض-تجارى,2026,1,3399.7416196369077,32,1434.4745793554039,551.6778201530306,7324.768988054992,1886.9276606727253,1980.5,26.123207,50.142416,1.218,5.749,0.171,2,0,2,33.17,0.0,1.0,8105,1475.0,1475.0,7.297091005160418,8.131748810241417,0.8346578050809992
الخبر,اللؤلؤ,قطعة أرض-سكنى,2019,1,571.0,10,931.0579168045587,503.0,2476.0,1759.25,2095.25,26.123207,50.142416,1.218,5.749,0.171,2,0,2,47.62,0.0,1.0,8077,2661.5001838573266,2661.5001838573266,7.8870208790720735,6.349138991379798,-1.5378818876922757
الخبر,اللؤلؤ,قطعة أرض-سكنى,2019,2,2478.0,11,1050.8667677856995,537.0,2672.0,2009.5,2095.25,26.123207,50.142416,1.218,5.749,0.171,2,0,2,47.62,1.0,6.123233995736766e-17,8078,571.0,571.0,6.349138991379798,7.8156105320351905,1.4664715406553928
الخبر,اللؤلؤ,قطعة أرض-سكنى,2019,3,594.0,23,588.970267742426,500.0,2672.0,54.5,2095.25,26.123207,50.142416,1.218,5.749,0.171,2,0,2,47.62,1.2246467991473532e-16,-1.0,8079,1524.5,1524.5,7.3300775041567245,6.38856140554563,-0.9415160986110944
الخبر,اللؤلؤ,قطعة أرض-سكنى,2019,4,620.0,67,519.9182693311137,520.0,3885.0,83.5,2095.25,26.123207,50.142416,1.218,5.749,0.171,2,0,2,47.62,-1.0,-1.8369701987210297e-16,8080,594.0,594.0,6.38856140554563,6.431331081933479,0.042769676387848676
الخبر,اللؤلؤ,قطعة أرض-سكنى,2020,1,686.0,37,349.29328263981444,575.0,2519.0,76.0,607.0,26.123207,50.142416,1.218,5.749,0.171,2,0,2,47.62,0.0,1.0,8081,607.0,607.0,6.410174881966167,6.532334292222349,0.12215941025618182
الخبر,اللؤلؤ,قطعة أرض-سكنى,2020,2,600.0,35,598.3128618643167,506.0,2740.0,106.0,607.0,26.123207,50.142416,1.218,5.749,0.171,2,0,2,47.62,1.0,6.123233995736766e-17,8082,653.0,653.0,6.483107351457199,6.398594934535208,-0.0845124169219913
الخبر,اللؤلؤ,قطعة أرض-سكنى,2020,3,781.5,22,770.6251931462456,591.0,3358.0,974.5,607.0,26.123207,50.142416,1.218,5.749,0.171,2,0,2,47.62,1.2246467991473532e-16,-1.0,8083,610.0,610.0,6.415096959171596,6.662493922414308,0.24739696324271243
الخبر,اللؤلؤ,قطعة أرض-سكنى,2020,4,769.0,55,541.8166101710422,500.0,3064.0,56.0,607.0,26.123207,50.142416,1.218,5.749,0.171,2,0,2,47.62,-1.0,-1.8369701987210297e-16,8084,653.0,653.0,6.483107351457199,6.646390514847729,0.16328316339053028
الخبر,اللؤلؤ,قطعة أرض-سكنى,2021,1,936.5,86,610.9615269511663,510.0,3332.0,217.0,727.5,26.123207,50.142416,1.218,5.749,0.171,2,0,2,47.62,0.0,1.0,8085,727.5,727.5,6.590987625635259,6.843216757844566,0.25222913220930643
الخبر,اللؤلؤ,قطعة أرض-سكنى,2021,2,971.0,70,620.4089229508378,600.0,2980.0,250.0,727.5,26.123207,50.142416,1.218,5.749,0.171,2,0,2,47.62,1.0,6.123233995736766e-17,8086,775.25,775.25,6.6544746332476885,6.879355804460439,0.22488117121275053
الخبر,اللؤلؤ,قطعة أرض-سكنى,2021,3,1147.5,20,902.0069377723621,509.0,3328.0,1664.0,727.5,26.123207,50.142416,1.218,5.749,0.171,2,0,2,47.62,1.2246467991473532e-16,-1.0,8087,859.0,859.0,6.756932389247553,7.046212022129153,0.2892796328816001
الخبر,اللؤلؤ,قطعة أرض-سكنى,2021,4,1100.0,41,1058.1568461129048,612.0,4417.0,1734.0,727.5,26.123207,50.142416,1.218,5.749,0.171,2,0,2,47.62,-1.0,-1.8369701987210297e-16,8088,953.75,953.75,6.861449526105625,7.00397413672268,0.14252461061705457
الخبر,اللؤلؤ,قطعة أرض-سكنى,2022,1,2700.0,11,1047.447494887192,1000.0,3505.0,2067.0,1035.5,26.123207,50.142416,1.218,5.749,0.171,2,0,2,47.62,0.0,1.0,8089,1035.5,1035.5,6.943604931875834,7.901377353792616,0.9577724219167818
الخبر,اللؤلؤ,قطعة أرض-سكنى,2025,3,1125.0,11,1157.0314131038494,807.0,4713.0,176.5,2079.0,26.123207,50.142416,1.218,5.749,0.171,2,0,2,47.62,1.2246467991473532e-16,-1.0,8103,1123.75,1123.75,7.025316067721282,7.026426808699636,0.0011107409783539524
الخبر,اللؤلؤ,قطعة أرض-سكنى,2025,4,1900.0,137,1964.576850565734,612.2448979591836,8717.121838153784,2052.2109655195227,2079.0,26.123207,50.142416,1.218,5.749,0.171,2,0,2,47.62,-1.0,-1.8369701987210297e-16,8104,1136.25,1136.25,7.036368346450113,7.550135342488429,0.5137669960383153
الخبر,اللؤلؤ,قطعة أرض-سكنى,2026,1,3337.365537609648,200,1746.1735464153726,563.9027079861155,10535.045150193502,1813.0132995851654,1512.5,26.123207,50.142416,1.218,5.749,0.171,2,0,2,47.62,0.0,1.0,8105,1512.5,1512.5,7.322180128461773,8.113236606197955,0.7910564777361815
الخبر,المرجان,قطعة أرض-تجارى,2022,1,715.0,10,423.97438339807485,626.0,1771.0,341.75,812.0,26.119543,50.116488,2.032,6.769,2.696,1,0,2,34.31,0.0,1.0,8089,1475.0,1475.0,7.297091005160418,6.573680166960646,-0.7234108381997721
الخبر,المرجان,قطعة أرض-تجارى,2026,1,3818.073707330688,12,2543.512281364844,654.0,8869.179600886919,3368.75,2700.0,26.119543,50.116488,2.032,6.769,2.696,1,0,2,34.31,0.0,1.0,8105,715.0,715.0,6.573680166960646,8.247763187204415,1.6740830202437689
الخبر,المرجان,قطعة أرض-سكنى,2022,1,703.0,11,86.64000755477177,638.0,928.0,48.0,630.0,26.119543,50.116488,2.032,6.769,2.696,1,0,2,12.85,0.0,1.0,8089,2300.0,2300.0,7.741099090035366,6.556778356158042,-1.1843207338773238
الخبر,المرجان,قطعة أرض-سكنى,2022,4,685.0,11,55.93291436257284,531.0,726.0,61.0,630.0,26.119543,50.116488,2.032,6.769,2.696,1,0,2,12.85,-1.0,-1.8369701987210297e-16,8092,703.0,703.0,6.556778356158042,6.530877627725885,-0.025900728432157294
الخبر,المرجان,قطعة أرض-سكنى,2025,4,1999.5767195767196,25,1600.9208050187194,557.0,4303.984259714707,3323.441947565543,2079.0,26.119543,50.116488,2.032,6.769,2.696,1,0,2,12.85,-1.0,-1.8369701987210297e-16,8104,694.0,694.0,6.543911845564792,7.601190777762749,1.0572789321979572
الخبر,المرجان,قطعة أرض-سكنى,2026,1,3540.944854699039,43,1498.5365819546446,600.0,9521.469377725904,1599.949286952362,1353.2883597883597,26.119543,50.116488,2.032,6.769,2.696,1,0,2,12.85,0.0,1.0,8105,703.0,703.0,6.556778356158042,8.172431249248978,1.6156528930909362
الخبر,صناعية الفوازية,قطعة أرض-تجارى,2026,1,1825.0,10,2197.759945996668,798.4796073230424,7661.546511193333,2979.461338931348,600.0,26.245507,50.214019,0.55,0.652,0.698,20,21,30,34.31,0.0,1.0,8105,2487.370809818454,2487.370809818454,7.819383482069913,7.509883061154913,-0.30950042091499963
الخبر,صناعية الفوازية,قطعة أرض-سكنى,2025,4,2564.6505663603334,25,1481.7610129761833,599.994557872491,6285.526891123743,2038.7730727470143,2079.0,26.245507,50.214019,0.55,0.652,0.698,20,21,30,12.85,-1.0,-1.8369701987210297e-16,8104,1351.2883597883597,1351.2883597883597,7.209553517728269,7.849967357554976,0.6404138398267074
الخبر,صناعية الفوازية,قطعة أرض-سكنى,2026,1,2005.0223286288297,22,1434.579503390071,789.439521789666,5108.900242000538,2093.0434050128106,2564.6505663603334,26.245507,50.214019,0.55,0.652,0.698,20,21,30,12.85,0.0,1.0,8105,2564.6505663603334,2564.6505663603334,7.849967357554976,7.603909099381583,-0.24605825817339344
الخبر,قرطبة,قطعة أرض-تجارى,2026,1,2846.648044692737,20,1650.5417389966703,605.7142857142857,5534.059209934311,2981.4475564141985,2219.4300762730727,26.344212,50.186123,0.104,0.112,0.044,85,81,55,34.31,0.0,1.0,8105,2612.370809818454,2612.370809818454,7.868396165065275,7.954248685082309,0.08585252001703392
الخبر,قرطبة,قطعة أرض-سكنى,2018,2,2404.0,10,1806.906383235661,1569.0,7000.0,1149.0,4093.5,26.344212,50.186123,0.104,0.112,0.044,85,81,55,-16.81,1.0,6.123233995736766e-17,8074,2284.8364474945815,2284.8364474945815,7.73448729651731,7.785305182539862,0.05081788602255166
الخبر,قرطبة,قطعة أرض-سكنى,2022,2,2000.0,11,447.7253825525399,1450.0,2958.0,366.0,2356.0,26.344212,50.186123,0.104,0.112,0.044,85,81,55,-16.81,1.0,6.123233995736766e-17,8090,2404.0,2404.0,7.785305182539862,7.601402334583733,-0.1839028479561282
الخبر,قرطبة,قطعة أرض-سكنى,2025,4,3696.1333216525336,26,1901.0588630812035,578.3132530120482,7234.7961299239805,3277.2429862855543,2079.0,26.344212,50.186123,0.104,0.112,0.044,85,81,55,-16.81,-1.0,-1.8369701987210297e-16,8104,2202.0,2202.0,7.697575346802343,8.215313020405029,0.517737673602686
الخبر,قرطبة,قطعة أرض-سكنى,2026,1,3500.0,63,1884.128132665539,685.7142857142857,8768.952251640643,2206.998885205052,3252.066660826267,26.344212,50.186123,0.104,0.112,0.044,85,81,55,-16.81,0.0,1.0,8105,2404.0,2404.0,7.785305182539862,8.160803920954665,0.3754987384148034
الخبر,مدينة العمال,قطعة أرض-تجارى,2026,1,2680.4860614724803,13,1269.4937631949797,500.51302585149784,4155.41242468315,2390.639764326608,4028.3190831545767,26.294925,50.204145,0.234,0.226,0.046,106,202,264,34.31,0.0,1.0,8105,2335.8240223463686,2335.8240223463686,7.7565480310388235,7.894126420375713,0.13757838933688937
الخبر,مدينة العمال,قطعة أرض-سكنى,2025,4,2375.0,55,2113.4231249411937,1000.0,11891.062523973917,2736.5376767476228,2079.0,26.294925,50.204145,0.234,0.226,0.046,106,202,264,12.85,-1.0,-1.8369701987210297e-16,8104,2952.0,2952.0,7.990576881743923,7.773173680482536,-0.21740320126138712
الخبر,مدينة العمال,قطعة أرض-سكنى,2026,1,2380.8515145096376,109,1646.9176358412117,628.5714285714286,11469.0,1884.697674418605,2818.5,26.294925,50.204145,0.234,0.226,0.046,106,202,264,12.85,0.0,1.0,8105,2375.0,2375.0,7.773173680482536,7.775633411494344,0.002459731011808408
الدمام,أحد,قطعة أرض-تجارى,2025,4,2832.4366582620996,12,1089.4457512731271,1702.0,4615.207107418945,1694.5861347082434,3280.00627433522,26.413333,50.04074,0.399,0.0,0.555,143,129,127,7.34,-1.0,-1.8369701987210297e-16,8104,1803.0,1803.0,7.4977617006225685,7.949245620767288,0.45148392014471916
الدمام,أحد,قطعة أرض-تجارى,2026,1,2384.683241383207,48,953.2515914283745,956.2841530054644,5077.860528097494,917.4006826148452,2832.4366582620996,26.413333,50.04074,0.399,0.0,0.555,143,129,127,7.34,0.0,1.0,8105,2832.4366582620996,2832.4366582620996,7.949245620767288,7.7772408366710035,-0.17200478409628417
الدمام,أحد,قطعة أرض-سكنى,2016,1,1745.0,30,786.1836007085041,1000.0,3725.0,905.75,2079.0,26.413333,50.04074,0.399,0.0,0.555,143,129,127,-17.91,0.0,1.0,8065,1803.0,1803.0,7.4977617006225685,7.465082736399547,-0.03267896422302119
الدمام,أحد,قطعة أرض-سكنى,2016,2,2189.0,24,1112.907118147417,824.0,4241.0,1977.75,2079.0,26.413333,50.04074,0.399,0.0,0.555,143,129,127,-17.91,1.0,6.123233995736766e-17,8066,1745.0,1745.0,7.465082736399547,7.691656822810547,0.22657408641099952
الدمام,أحد,قطعة أرض-سكنى,2016,3,2105.0,13,912.3909207722819,1181.0,4480.0,1041.0,2079.0,26.413333,50.04074,0.399,0.0,0.555,143,129,127,-17.91,1.2246467991473532e-16,-1.0,8067,1967.0,1967.0,7.584773077612199,7.652545692693921,0.06777261508172217
الدمام,أحد,قطعة أرض-سكنى,2016,4,1680.0,17,1047.0157311026758,694.0,4124.0,1307.0,2079.0,26.413333,50.04074,0.399,0.0,0.555,143,129,127,-17.91,-1.0,-1.8369701987210297e-16,8068,2105.0,2105.0,7.652545692693921,7.427144133408616,-0.22540155928530492
الدمام,أحد,قطعة أرض-سكنى,2017,1,1400.0,20,760.9684964777313,531.0,3191.0,945.25,1925.0,26.413333,50.04074,0.399,0.0,0.555,143,129,127,-17.91,0.0,1.0,8069,1925.0,1925.0,7.563200592358071,7.244941546337007,-0.3182590460210646
الدمام,أحد,قطعة أرض-سكنى,2017,2,2222.0,31,826.5397283740481,808.0,4369.0,1075.5,1925.0,26.413333,50.04074,0.399,0.0,0.555,143,129,127,-17.91,1.0,6.123233995736766e-17,8070,1892.5,1892.5,7.546182247341849,7.706612913964197,0.1604306666223474
الدمام,أحد,قطعة أرض-سكنى,2017,3,1171.0,12,919.0331340681638,726.0,3338.0,1208.75,1925.0,26.413333,50.04074,0.399,0.0,0.555,143,129,127,-17.91,1.2246467991473532e-16,-1.0,8071,1892.5,1892.5,7.546182247341849,7.066466970136958,-0.4797152772048916
الدمام,أحد,قطعة أرض-سكنى,2017,4,1696.0,26,881.0309633954635,560.0,4034.0,1043.0,1925.0,26.413333,50.04074,0.399,0.0,0.555,143,129,127,-17.91,-1.0,-1.8369701987210297e-16,8072,1540.0,1540.0,7.340186835320115,7.436617265234227,0.09643042991411122
الدمام,أحد,قطعة أرض-سكنى,2018,1,1640.0,20,841.2388421094714,1032.0,3976.0,1174.5,1548.0,26.413333,50.04074,0.399,0.0,0.555,143,129,127,-17.91,0.0,1.0,8073,1548.0,1548.0,7.3453648404168685,7.403061091090091,0.05769625067322259
الدمام,أحد,قطعة أرض-سكنى,2018,3,1327.5,16,533.8841907817338,778.0,2375.0,582.5,1548.0,26.413333,50.04074,0.399,0.0,0.555,143,129,127,-17.91,1.2246467991473532e-16,-1.0,8075,1668.0,1668.0,7.419979923661835,7.191805765199868,-0.22817415846196631
الدمام,أحد,قطعة أرض-سكنى,2018,4,1400.0,18,1181.8542827910865,564.0,5897.0,813.5,1548.0,26.413333,50.04074,0.399,0.0,0.555,143,129,127,-17.91,-1.0,-1.8369701987210297e-16,8076,1483.75,1483.75,7.3030016868959695,7.244941546337007,-0.058060140558962914
الدمام,أحد,قطعة أرض-سكنى,2019,1,1700.0,27,768.9226895885583,928.0,3503.0,1063.0,1363.75,26.413333,50.04074,0.399,0.0,0.555,143,129,127,-17.91,0.0,1.0,8077,1520.0,1520.0,7.327123292259293,7.438971592395862,0.1118483001365691
الدمام,أحد,قطعة أرض-سكنى,2019,2,1628.0,18,1876.4456779648435,813.0,9001.0,1004.25,1363.75,26.413333,50.04074,0.399,0.0,0.555,143,129,127,-17.91,1.0,6.123233995736766e-17,8078,1520.0,1520.0,7.327123292259293,7.395721608602045,0.0685983163427526
الدمام,أحد,قطعة أرض-سكنى,2019,3,1830.5,20,997.3982193160045,662.0,4684.0,1131.0,1363.75,26.413333,50.04074,0.399,0.0,0.555,143,129,127,-17.91,1.2246467991473532e-16,-1.0,8079,1514.0,1514.0,7.323170717943469,7.512890582218869,0.18971986427539989
الدمام,أحد,قطعة أرض-سكنى,2019,4,1458.5,18,771.2696179219118,583.0,3300.0,1060.5,1363.75,26.413333,50.04074,0.399,0.0,0.555,143,129,127,-17.91,-1.0,-1.8369701987210297e-16,8080,1664.0,1664.0,7.417580402414544,7.2858491902941696,-0.13173121212037486
الدمام,أحد,قطعة أرض-سكنى,2020,1,1692.0,19,957.7099360648959,882.0,4116.0,1306.5,1664.0,26.413333,50.04074,0.399,0.0,0.555,143,129,127,-17.91,0.0,1.0,8081,1664.0,1664.0,7.417580402414544,7.4342573821331355,0.016676979718591056
الدمام,أحد,قطعة أرض-سكنى,2020,3,1576.0,12,866.2842410915925,757.0,3085.0,1577.0,1664.0,26.413333,50.04074,0.399,0.0,0.555,143,129,127,-17.91,1.2246467991473532e-16,-1.0,8083,1660.0,1660.0,7.415175109613295,7.3632795869630385,-0.05189552265025643
الدمام,أحد,قطعة أرض-سكنى,2020,4,1421.0,12,398.95100139635133,915.0,2433.0,322.5,1664.0,26.413333,50.04074,0.399,0.0,0.555,143,129,127,-17.91,-1.0,-1.8369701987210297e-16,8084,1634.0,1634.0,7.399398083331354,7.259819610363186,-0.13957847296816794
الدمام,أحد,قطعة أرض-سكنى,2022,1,1543.0,17,772.547975856516,545.0,3333.0,548.0,1898.0,26.413333,50.04074,0.399,0.0,0.555,143,129,127,-17.91,0.0,1.0,8089,1517.25,1517.25,7.325313634777685,7.342131730584722,0.016818095807036748
الدمام,أحد,قطعة أرض-سكنى,2022,2,1694.0,15,730.7927658828231,526.0,3024.0,1129.0,1898.0,26.413333,50.04074,0.399,0.0,0.555,143,129,127,-17.91,1.0,6.123233995736766e-17,8090,1559.5,1559.5,7.352761561710834,7.43543801981455,0.08267645810371604
الدمام,أحد,قطعة أرض-سكنى,2022,3,1657.0,22,1023.2401807652335,570.0,4960.0,534.75,1898.0,26.413333,50.04074,0.399,0.0,0.555,143,129,127,-17.91,1.2246467991473532e-16,-1.0,8091,1559.5,1559.5,7.352761561710834,7.4133673356952405,0.06060577398440614
الدمام,أحد,قطعة أرض-سكنى,2022,4,2007.5,10,695.7293854493843,805.0,2880.0,996.25,1898.0,26.413333,50.04074,0.399,0.0,0.555,143,129,127,-17.91,-1.0,-1.8369701987210297e-16,8092,1600.0,1600.0,7.3783837129967145,7.605143453799337,0.2267597408026223
الدمام,أحد,قطعة أرض-سكنى,2023,1,2500.0,15,1007.794158877033,746.0,4167.0,1170.0,1675.5,26.413333,50.04074,0.399,0.0,0.555,143,129,127,-17.91,0.0,1.0,8093,1675.5,1675.5,7.424463565906283,7.824445930877619,0.3999823649713363
الدمام,أحد,قطعة أرض-سكنى,2023,3,1744.0,15,1156.4986854829579,609.0,5338.0,704.5,1675.5,26.413333,50.04074,0.399,0.0,0.555,143,129,127,-17.91,1.2246467991473532e-16,-1.0,8095,1850.75,1850.75,7.523886416893399,7.4645098346365275,-0.05937658225687148
الدمام,أحد,قطعة أرض-سكنى,2025,4,2222.5,62,796.9922166644225,934.0,4006.31297802598,1180.4533677648283,1694.997027758345,26.413333,50.04074,0.399,0.0,0.555,143,129,127,-17.91,-1.0,-1.8369701987210297e-16,8104,1875.75,1875.75,7.537296836453112,7.706837809950751,0.1695409734976394
الدمام,أحد,قطعة أرض-سكنى,2026,1,2268.2024484920876,200,1481.36987799216,530.0,11297.50772463768,1533.6164567903638,2222.5,26.413333,50.04074,0.399,0.0,0.555,143,129,127,-17.91,0.0,1.0,8105,2115.0,2115.0,7.65728279297819,7.727183704462973,0.06990091148478328
الدمام,الأثير,قطعة أرض-سكنى,2016,2,2512.0,13,2225.861463885445,500.0,7242.0,2441.0,2079.0,26.435145,50.058752,0.0,0.218,0.554,177,166,340,7.4,1.0,6.123233995736766e-17,8066,2245.351224246044,2245.351224246044,7.71706250074233,7.829232537543592,0.11217003680126236
الدمام,الأثير,قطعة أرض-سكنى,2025,4,2000.0,29,693.7036300471854,1496.0,4376.0129659643435,369.5188749074755,1358.528049893304,26.435145,50.058752,0.0,0.218,0.554,177,166,340,7.4,-1.0,-1.8369701987210297e-16,8104,2512.0,2512.0,7.829232537543592,7.601402334583733,-0.22783020295985867
الدمام,الأنوار,قطعة أرض-تجارى,2018,4,1028.0,14,389.1098039891048,710.0,2200.0,318.0,1300.5,26.366006,50.012477,1.265,1.402,2.552,24,16,4,7.34,-1.0,-1.8369701987210297e-16,8076,2608.5599498226534,2608.5599498226534,7.866936884501375,6.9363427358340495,-0.9305941486673257
الدمام,الإسكان الالجنوبية,قطعة أرض-تجارى,2025,4,2000.0,17,2351.1415915331895,1600.0,9798.946613239075,606.1403508771928,2079.0,26.419999,50.115965,0.173,0.386,0.394,218,219,284,7.34,-1.0,-1.8369701987210297e-16,8104,2384.683241383207,2384.683241383207,7.7772408366710035,7.601402334583733,-0.17583850208727014
الدمام,الإسكان الالجنوبية,قطعة أرض-تجارى,2026,1,1350.0,69,1228.3148990307088,619.9883483650908,7200.0,1379.9960297512512,2000.0,26.419999,50.115965,0.173,0.386,0.394,218,219,284,7.34,0.0,1.0,8105,2000.0,2000.0,7.601402334583733,7.208600337960199,-0.3928019966235343
الدمام,الإسكان الالجنوبية,قطعة أرض-سكنى,2025,4,2449.0,261,686.172109972251,541.0650324097954,8139.845209500934,497.6765162804181,2079.0,26.419999,50.115965,0.173,0.386,0.394,218,219,284,7.4,-1.0,-1.8369701987210297e-16,8104,2245.351224246044,2245.351224246044,7.71706250074233,7.803843303538772,0.08678080279644274
الدمام,الإسكان الالجنوبية,قطعة أرض-سكنى,2026,1,2397.8605553896687,468,1228.4789125182047,604.4341287686468,9704.550355833511,1417.1872146118722,2449.0,26.419999,50.115965,0.173,0.386,0.394,218,219,284,7.4,0.0,1.0,8105,2449.0,2449.0,7.803843303538772,7.782749135010109,-0.021094168528663637
الدمام,الاتصالات,قطعة أرض-تجارى,2025,4,2200.0,19,936.6812626925494,1050.0,4343.80776340111,1493.7127624367074,2079.0,26.413327,50.084627,0.149,0.249,0.471,290,236,241,7.34,-1.0,-1.8369701987210297e-16,8104,1675.0,1675.0,7.424165281042028,7.696667081526462,0.2725018004844335
الدمام,الاتصالات,قطعة أرض-تجارى,2026,1,1500.0,106,773.0634182711062,717.5145296692258,5454.3671708381335,628.5739814152967,2200.0,26.413327,50.084627,0.149,0.249,0.471,290,236,241,7.34,0.0,1.0,8105,2200.0,2200.0,7.696667081526462,7.313886831633462,-0.38278024989299997
الدمام,الاتصالات,قطعة أرض-سكنى,2025,4,2050.0,149,1094.2606172945784,554.0,6720.0,701.9607843137253,2079.0,26.413327,50.084627,0.149,0.249,0.471,290,236,241,19.51,-1.0,-1.8369701987210297e-16,8104,2423.4302776948343,2423.4302776948343,7.7933518387364975,7.62608275807238,-0.16726908066411728
الدمام,الاتصالات,قطعة أرض-سكنى,2026,1,1950.0,667,1280.5197186501719,500.0,7995.726495726496,1580.5219581782312,2050.0,26.413327,50.084627,0.149,0.249,0.471,290,236,241,19.51,0.0,1.0,8105,2050.0,2050.0,7.62608275807238,7.576097340623111,-0.04998541744926932
الدمام,البادية,قطعة أرض-تجارى,2026,1,2734.4818156959254,69,986.9274422715212,910.0,6732.348111658456,931.3882668454576,3831.417624521073,26.428308,50.089644,0.0,0.426,0.063,319,292,414,7.34,0.0,1.0,8105,1750.0,1750.0,7.467942332285852,7.914062865956992,0.4461205336711398
الدمام,البادية,قطعة أرض-سكنى,2016,1,3598.0,23,1952.3624687762685,1999.0,8071.0,2737.0,2079.0,26.428308,50.089644,0.0,0.426,0.063,319,292,414,-0.28,0.0,1.0,8065,2223.9302776948343,2223.9302776948343,7.707480858241872,8.188411308079031,0.4809304498371594
الدمام,البادية,قطعة أرض-سكنى,2016,2,3751.0,29,3421.431022809369,1625.0,17835.0,1966.0,2079.0,26.428308,50.089644,0.0,0.426,0.063,319,292,414,-0.28,1.0,6.123233995736766e-17,8066,3598.0,3598.0,8.188411308079031,8.230044310126114,0.04163300204708342
الدمام,البادية,قطعة أرض-سكنى,2016,3,4273.0,19,2261.803249957977,1537.0,9532.0,2414.5,2079.0,26.428308,50.089644,0.0,0.426,0.063,319,292,414,-0.28,1.2246467991473532e-16,-1.0,8067,3674.5,3674.5,8.209444456814142,8.360305435879093,0.15086097906495155
الدمام,البادية,قطعة أرض-سكنى,2016,4,4561.0,17,1778.842177554563,1846.0,8205.0,2153.0,2079.0,26.428308,50.089644,0.0,0.426,0.063,319,292,414,-0.28,-1.0,-1.8369701987210297e-16,8068,3751.0,3751.0,8.230044310126114,8.425516402844334,0.19547209271821941
الدمام,البادية,قطعة أرض-سكنى,2017,1,3707.0,17,2205.72255401583,1229.0,8535.0,2905.0,4012.0,26.428308,50.089644,0.0,0.426,0.063,319,292,414,-0.28,0.0,1.0,8069,4012.0,4012.0,8.297294370266917,8.218247926685745,-0.07904644358117174
الدمام,البادية,قطعة أرض-سكنى,2017,2,3845.5,14,3323.0801786334277,500.0,10648.0,5482.5,4012.0,26.428308,50.089644,0.0,0.426,0.063,319,292,414,-0.28,1.0,6.123233995736766e-17,8070,4012.0,4012.0,8.297294370266917,8.25491892289899,-0.04237544736792742
الدمام,البادية,قطعة أرض-سكنى,2017,4,3536.0,13,2171.6330083780094,1845.0,9225.0,1537.0,4012.0,26.428308,50.089644,0.0,0.426,0.063,319,292,414,-0.28,-1.0,-1.8369701987210297e-16,8072,4059.25,4059.25,8.308999827054713,8.17103418920548,-0.13796563784923244
الدمام,البادية,قطعة أرض-سكنى,2018,1,2152.0,13,1283.9526760589638,1184.0,5535.0,1815.0,3621.5,26.428308,50.089644,0.0,0.426,0.063,319,292,414,-0.28,0.0,1.0,8073,3776.25,3776.25,8.23675151061995,7.674617497364363,-0.5621340132555872
الدمام,البادية,قطعة أرض-سكنى,2019,1,2424.0,16,2175.4536844836143,1025.0,8302.0,2132.75,2090.5,26.428308,50.089644,0.0,0.426,0.063,319,292,414,-0.28,0.0,1.0,8077,3621.5,3621.5,8.194919674194837,7.793586803371584,-0.40133287082325353
الدمام,البادية,قطعة أرض-سكنى,2019,4,2630.0,11,1460.4057032831042,1129.0,5277.0,2197.0,2090.5,26.428308,50.089644,0.0,0.426,0.063,319,292,414,-0.28,-1.0,-1.8369701987210297e-16,8080,2980.0,2980.0,8.000014093678072,7.875119281040293,-0.12489481263777868
الدمام,البادية,قطعة أرض-سكنى,2020,3,1620.5,10,777.6834831729424,900.0,3690.0,600.75,2527.0,26.428308,50.089644,0.0,0.426,0.063,319,292,414,-0.28,1.2246467991473532e-16,-1.0,8083,2527.0,2527.0,7.8351837552667485,7.391106925747373,-0.44407682951937577
الدمام,البادية,قطعة أرض-سكنى,2021,2,1560.0,11,375.04700311488233,1066.0,2288.0,562.5,1727.5,26.428308,50.089644,0.0,0.426,0.063,319,292,414,-0.28,1.0,6.123233995736766e-17,8086,2288.0,2288.0,7.735870319952567,7.353081920515432,-0.3827883994371346
الدمام,البادية,قطعة أرض-سكنى,2021,3,2060.0,11,1765.1220508920776,1168.0,7142.0,962.5,1727.5,26.428308,50.089644,0.0,0.426,0.063,319,292,414,-0.28,1.2246467991473532e-16,-1.0,8087,2022.25,2022.25,7.612460408375811,7.630946580890459,0.018486172514648125
الدمام,البادية,قطعة أرض-سكنى,2021,4,1977.5,10,1706.846813408996,790.0,6149.0,1744.75,1727.5,26.428308,50.089644,0.0,0.426,0.063,319,292,414,-0.28,-1.0,-1.8369701987210297e-16,8088,1840.25,1840.25,7.51819996777684,7.590094260825479,0.07189429304863904
الدمام,البادية,قطعة أرض-سكنى,2022,1,2125.0,15,2078.8894654415394,1076.0,8933.0,1829.5,1846.5,26.428308,50.089644,0.0,0.426,0.063,319,292,414,-0.28,0.0,1.0,8089,1799.0,1799.0,7.495541943884256,7.661997558901893,0.16645561501763684
الدمام,البادية,قطعة أرض-سكنى,2022,3,1356.0,11,1140.4926208361971,765.0,4920.0,388.5,1846.5,26.428308,50.089644,0.0,0.426,0.063,319,292,414,-0.28,1.2246467991473532e-16,-1.0,8091,2018.75,2018.75,7.610729020359818,7.213031659834869,-0.39769736052494853
الدمام,البادية,قطعة أرض-سكنى,2022,4,2921.0,12,2309.8752753944937,689.0,8610.0,3051.0,1846.5,26.428308,50.089644,0.0,0.426,0.063,319,292,414,-0.28,-1.0,-1.8369701987210297e-16,8092,2018.75,2018.75,7.610729020359818,7.980023592310645,0.36929457195082716
الدمام,البادية,قطعة أرض-سكنى,2023,2,1819.0,18,2294.3943517138614,1048.0,7687.0,2058.5,2000.0,26.428308,50.089644,0.0,0.426,0.063,319,292,414,-0.28,1.0,6.123233995736766e-17,8094,2051.25,2051.25,7.626692031228376,7.506591780070841,-0.12010025115753464
الدمام,البادية,قطعة أرض-سكنى,2023,3,1998.5,12,1301.3838322293232,881.0,5417.0,1346.25,2000.0,26.428308,50.089644,0.0,0.426,0.063,319,292,414,-0.28,1.2246467991473532e-16,-1.0,8095,1972.0,1972.0,7.587310506022615,7.600652428286873,0.013341922264257455
الدمام,البادية,قطعة أرض-سكنى,2025,4,1844.4524936965745,62,1490.4902959907963,822.4,6728.11680010765,1621.1030282296754,1612.932072582295,26.428308,50.089644,0.0,0.426,0.063,319,292,414,-0.28,-1.0,-1.8369701987210297e-16,8104,1908.75,1908.75,7.554727622421469,7.520479780440857,-0.03424784198061204
الدمام,البادية,قطعة أرض-سكنى,2026,1,2222.222222222222,147,1262.1807302415746,574.9953877375315,6627.421932868115,1716.5561800115297,1844.4524936965745,26.428308,50.089644,0.0,0.426,0.063,319,292,414,-0.28,0.0,1.0,8105,1921.4762468482872,1921.4762468482872,7.561369345957977,7.7067128739802735,0.14534352802229655
الدمام,البديع,قطعة أرض-تجارى,2026,1,2225.0,22,1285.376879286196,687.7495,5193.897170824281,1536.1181451958507,2200.0,26.451197,50.112524,0.05,0.02,0.519,198,199,291,7.34,0.0,1.0,8105,1850.0,1850.0,7.523481312573497,7.70796153183549,0.1844802192619932
الدمام,البديع,قطعة أرض-زراعي,2026,1,4055.5555555555557,12,1510.343368356782,1903.7643733333337,6093.901481926042,2135.430240497944,2079.0,26.451197,50.112524,0.05,0.02,0.519,198,199,291,0.0,0.0,1.0,8105,1803.0,1803.0,7.4977617006225685,8.308089507182126,0.8103278065595578
الدمام,البديع,قطعة أرض-سكنى,2022,2,3250.0,10,882.0306369080636,1304.0,3250.0,1187.25,2394.0,26.451197,50.112524,0.05,0.02,0.519,198,199,291,7.4,1.0,6.123233995736766e-17,8090,1921.4762468482872,1921.4762468482872,7.561369345957977,8.086717920303906,0.5253485743459292
الدمام,البديع,قطعة أرض-سكنى,2025,4,2186.1351114997815,34,1685.8366911367482,700.0,7202.309206075886,1508.0806096794468,3990.81063340991,26.451197,50.112524,0.05,0.02,0.519,198,199,291,7.4,-1.0,-1.8369701987210297e-16,8104,3250.0,3250.0,8.086717920303906,7.6903477981465445,-0.39637012215736167
الدمام,البديع,قطعة أرض-سكنى,2026,1,2750.0,143,1794.2323853121184,536.2505362505362,13008.913514815707,1474.138495628299,2186.1351114997815,26.451197,50.112524,0.05,0.02,0.519,198,199,291,7.4,0.0,1.0,8105,2718.0675557498907,2718.0675557498907,7.908044290131061,7.919719760924575,0.011675470793513831
الدمام,الجامعيين,قطعة أرض-تجارى,2026,1,2500.0,48,946.7437845006647,770.0,5039.306591413022,982.9463475166858,2047.5020475020472,26.395001,50.100202,0.116,0.185,0.243,210,134,107,7.34,0.0,1.0,8105,2212.5,2212.5,7.702330252172196,7.824445930877619,0.12211567870542339
الدمام,الجامعيين,قطعة أرض-سكنى,2021,1,1391.0,12,746.7729919561576,579.0,3180.0,1083.25,2028.0,26.395001,50.100202,0.116,0.185,0.243,210,134,107,138.66,0.0,1.0,8085,2486.1111111111113,2486.1111111111113,7.818877119569043,7.238496840894365,-0.5803802786746779
الدمام,الجامعيين,قطعة أرض-سكنى,2021,4,1100.0,10,695.0669112474792,1099.0,3200.0,813.25,2028.0,26.395001,50.100202,0.116,0.185,0.243,210,134,107,138.66,-1.0,-1.8369701987210297e-16,8088,1391.0,1391.0,7.238496840894365,7.00397413672268,-0.23452270417168553
الدمام,الجامعيين,قطعة أرض-سكنى,2025,4,3435.4944006108426,46,1486.0214020936467,570.667358325264,6317.934782608695,2671.085316055566,1916.47657856595,26.395001,50.100202,0.116,0.185,0.243,210,134,107,138.66,-1.0,-1.8369701987210297e-16,8104,1245.5,1245.5,7.128094902963612,8.14220716117312,1.014112258209508
الدمام,الجامعيين,قطعة أرض-سكنى,2026,1,2826.431421396991,172,1502.2225567423166,559.9998750308517,8741.258741258742,1758.6007704540793,3435.4944006108426,26.395001,50.100202,0.116,0.185,0.243,210,134,107,138.66,0.0,1.0,8105,1391.0,1391.0,7.238496840894365,7.947123953548302,0.7086271126539367
الدمام,الجلوية,قطعة أرض-تجارى,2026,1,2571.7316712365155,34,799.3377574275353,1251.788268955651,3829.9443371577872,1438.2525104251524,2000.0,26.435673,50.074453,0.013,0.416,0.177,265,246,457,7.34,0.0,1.0,8105,2362.5,2362.5,7.767898850233291,7.8527235204994,0.08482467026610951
الدمام,الجلوية,قطعة أرض-زراعي,2026,1,2000.0,15,751.1804867208539,839.8927174520395,3467.5566728793724,1125.9631748387096,2079.0,26.435673,50.074453,0.013,0.416,0.177,265,246,457,0.0,0.0,1.0,8105,4055.5555555555557,4055.5555555555557,8.308089507182126,7.601402334583733,-0.706687172598393
الدمام,الجلوية,قطعة أرض-سكنى,2016,1,2075.0,28,1514.43168309149,1030.0,8720.0,452.75,2079.0,26.435673,50.074453,0.013,0.416,0.177,265,246,457,6.49,0.0,1.0,8065,2108.7157106984955,2108.7157106984955,7.65430848312652,7.638198244285779,-0.016110238840740365
الدمام,الجلوية,قطعة أرض-سكنى,2016,2,2358.5,12,1239.4545323967266,1596.0,6200.0,825.25,2079.0,26.435673,50.074453,0.013,0.416,0.177,265,246,457,6.49,1.0,6.123233995736766e-17,8066,2075.0,2075.0,7.638198244285779,7.766205011166442,0.12800676688066304
الدمام,الجلوية,قطعة أرض-سكنى,2016,3,2000.0,11,444.8908344138532,1749.0,3078.0,448.0,2079.0,26.435673,50.074453,0.013,0.416,0.177,265,246,457,6.49,1.2246467991473532e-16,-1.0,8067,2216.75,2216.75,7.704248447400697,7.601402334583733,-0.10284611281696332
الدمام,الجلوية,قطعة أرض-سكنى,2016,4,2160.0,12,1652.0710120294102,654.0,5977.0,1048.75,2079.0,26.435673,50.074453,0.013,0.416,0.177,265,246,457,6.49,-1.0,-1.8369701987210297e-16,8068,2075.0,2075.0,7.638198244285779,7.6783263565068856,0.04012811222110635
الدمام,الجلوية,قطعة أرض-سكنى,2017,1,1700.0,15,637.18663633492,863.0,3120.0,684.0,2117.5,26.435673,50.074453,0.013,0.416,0.177,265,246,457,6.49,0.0,1.0,8069,2117.5,2117.5,7.658463570066614,7.438971592395862,-0.21949197767075201
الدمام,الجلوية,قطعة أرض-سكنى,2017,2,1700.0,15,550.7083576976976,776.0,2900.0,408.5,2117.5,26.435673,50.074453,0.013,0.416,0.177,265,246,457,6.49,1.0,6.123233995736766e-17,8070,2080.0,2080.0,7.640603826393634,7.438971592395862,-0.2016322339977723
الدمام,الجلوية,قطعة أرض-سكنى,2017,3,1653.0,12,941.1498608649213,951.0,4036.0,740.0,2117.5,26.435673,50.074453,0.013,0.416,0.177,265,246,457,6.49,1.2246467991473532e-16,-1.0,8071,1850.0,1850.0,7.523481312573497,7.4109518755836366,-0.11252943698986062
الدمام,الجلوية,قطعة أرض-سكنى,2017,4,2313.5,14,2706.394354320689,1148.0,11931.0,1037.0,2117.5,26.435673,50.074453,0.013,0.416,0.177,265,246,457,6.49,-1.0,-1.8369701987210297e-16,8072,1700.0,1700.0,7.438971592395862,7.746948960471325,0.3079773680754636
الدمام,الجلوية,قطعة أرض-سكنى,2018,1,2000.0,16,793.7984525894046,577.0,3759.0,696.0,1700.0,26.435673,50.074453,0.013,0.416,0.177,265,246,457,6.49,0.0,1.0,8073,1700.0,1700.0,7.438971592395862,7.601402334583733,0.16243074218787168
الدمام,الجلوية,قطعة أرض-سكنى,2018,4,1708.0,15,710.4767480528899,922.0,3833.0,659.0,1700.0,26.435673,50.074453,0.013,0.416,0.177,265,246,457,6.49,-1.0,-1.8369701987210297e-16,8076,1850.0,1850.0,7.523481312573497,7.443663683115591,-0.07981762945790649
الدمام,الجلوية,قطعة أرض-سكنى,2019,1,1332.0,10,332.5942639981099,842.0,2000.0,149.75,1555.0,26.435673,50.074453,0.013,0.416,0.177,265,246,457,6.49,0.0,1.0,8077,1854.0,1854.0,7.5256399750415355,7.195187320178709,-0.3304526548628264
الدمام,الجلوية,قطعة أرض-سكنى,2019,3,1356.0,10,570.7843433965816,732.0,2296.0,901.75,1555.0,26.435673,50.074453,0.013,0.416,0.177,265,246,457,6.49,1.2246467991473532e-16,-1.0,8079,1854.0,1854.0,7.5256399750415355,7.213031659834869,-0.3126083152066661
الدمام,الجلوية,قطعة أرض-سكنى,2019,4,1050.0,23,790.0648594979015,800.0,3917.0,386.5,1555.0,26.435673,50.074453,0.013,0.416,0.177,265,246,457,6.49,-1.0,-1.8369701987210297e-16,8080,1532.0,1532.0,7.334981878871814,6.957497370876951,-0.377484507994863
الدمام,الجلوية,قطعة أرض-سكنى,2020,1,1500.0,17,1035.0739565790625,700.0,4917.0,350.0,1344.0,26.435673,50.074453,0.013,0.416,0.177,265,246,457,6.49,0.0,1.0,8081,1344.0,1344.0,7.20414929203594,7.313886831633462,0.1097375395975222
الدمام,الجلوية,قطعة أرض-سكنى,2020,3,1435.0,16,442.67128041019333,661.0,2119.0,656.0,1344.0,26.435673,50.074453,0.013,0.416,0.177,265,246,457,6.49,1.2246467991473532e-16,-1.0,8083,1344.0,1344.0,7.20414929203594,7.269616749608169,0.06546745757222983
الدمام,الجلوية,قطعة أرض-سكنى,2020,4,1500.0,30,591.3042043389895,749.0,4167.0,203.5,1344.0,26.435673,50.074453,0.013,0.416,0.177,265,246,457,6.49,-1.0,-1.8369701987210297e-16,8084,1395.5,1395.5,7.241724385385232,7.313886831633462,0.07216244624822998
الدمام,الجلوية,قطعة أرض-سكنى,2022,1,1527.0,15,1428.815726730491,1333.0,6824.0,859.5,1731.25,26.435673,50.074453,0.013,0.416,0.177,265,246,457,6.49,0.0,1.0,8089,1467.5,1467.5,7.291996750638675,7.331714969726466,0.03971821908779116
الدمام,الجلوية,قطعة أرض-سكنى,2022,2,1656.0,19,476.54804069235166,1283.0,3600.0,151.0,1731.25,26.435673,50.074453,0.013,0.416,0.177,265,246,457,6.49,1.0,6.123233995736766e-17,8090,1500.0,1500.0,7.313886831633462,7.4127640174265625,0.09887718579310079
الدمام,الجلوية,قطعة أرض-سكنى,2022,3,1611.5,10,790.8875815605317,1160.0,4000.0,421.5,1731.25,26.435673,50.074453,0.013,0.416,0.177,265,246,457,6.49,1.2246467991473532e-16,-1.0,8091,1513.5,1513.5,7.322840630467292,7.3855410486699276,0.06270041820263561
الدمام,الجلوية,قطعة أرض-سكنى,2022,4,1665.5,12,1018.4153317182473,800.0,4804.0,794.75,1731.25,26.435673,50.074453,0.013,0.416,0.177,265,246,457,6.49,-1.0,-1.8369701987210297e-16,8092,1569.25,1569.25,7.35899012133449,7.418480897747794,0.05949077641330369
الدمام,الجلوية,قطعة أرض-سكنى,2023,2,1600.0,13,622.0200446106506,947.0,3157.0,400.0,1633.75,26.435673,50.074453,0.013,0.416,0.177,265,246,457,6.49,1.0,6.123233995736766e-17,8094,1633.75,1633.75,7.399245166441386,7.3783837129967145,-0.020861453444671163
الدمام,الجلوية,قطعة أرض-سكنى,2025,4,2570.040588533739,94,787.3147145413498,550.000579627261,4920.881452890249,843.925935620271,1852.3451452579102,26.435673,50.074453,0.013,0.416,0.177,265,246,457,6.49,-1.0,-1.8369701987210297e-16,8104,1633.75,1633.75,7.399245166441386,7.852065994202239,0.45282082776085364
الدمام,الجلوية,قطعة أرض-سكنى,2026,1,2537.9892716452937,219,1199.5403883491344,614.9305128520477,8392.857142857143,1747.8687487866378,2570.040588533739,26.435673,50.074453,0.013,0.416,0.177,265,246,457,6.49,0.0,1.0,8105,1638.5,1638.5,7.402146596284703,7.839521356270502,0.4373747599857998
الدمام,الجوهرة,قطعة أرض-تجارى,2025,4,2225.000407903539,14,686.4935712031166,1116.6945840312674,3378.3783783783783,870.0,2079.0,26.464481,50.08132,0.234,0.0,0.06,157,141,276,7.34,-1.0,-1.8369701987210297e-16,8104,2535.8658356182577,2535.8658356182577,7.838684675117855,7.7079617150805495,-0.1307229600373052
الدمام,الجوهرة,قطعة أرض-تجارى,2026,1,2250.0,60,1750.1756493598582,849.1299821276743,12167.837657494994,1001.3048584415942,2225.000407903539,26.464481,50.08132,0.234,0.0,0.06,157,141,276,7.34,0.0,1.0,8105,2225.000407903539,2225.000407903539,7.7079617150805495,7.719129840906732,0.011168125826182873
الدمام,الجوهرة,قطعة أرض-سكنى,2016,2,2700.0,11,787.2162923295547,626.0,2798.0,601.0,2079.0,26.464481,50.08132,0.234,0.0,0.06,157,141,276,-11.49,1.0,6.123233995736766e-17,8066,2101.744635822647,2101.744635822647,7.650998739809759,7.901377353792616,0.250378613982857
الدمام,الجوهرة,قطعة أرض-سكنى,2025,4,2250.0,81,941.8134934374153,780.0,5482.147877424796,912.1511922881787,2079.0,26.464481,50.08132,0.234,0.0,0.06,157,141,276,-11.49,-1.0,-1.8369701987210297e-16,8104,2700.0,2700.0,7.901377353792616,7.719129840906732,-0.18224751288588337
الدمام,الجوهرة,قطعة أرض-سكنى,2026,1,1875.0,272,1290.1733914648635,807.6457127473415,9649.715333397666,1680.4269821732496,2250.0,26.464481,50.08132,0.234,0.0,0.06,157,141,276,-11.49,0.0,1.0,8105,2475.0,2475.0,7.814399633804487,7.53689712956617,-0.277502504238317
الدمام,الحسام,قطعة أرض-تجارى,2025,4,2700.0,15,604.50688286286,1700.0,3400.0,1000.0,2262.2691571754,26.39233,50.172082,0.547,0.618,0.811,77,78,26,7.34,-1.0,-1.8369701987210297e-16,8104,2375.0,2375.0,7.773173680482536,7.901377353792616,0.12820367331007976
الدمام,الحسام,قطعة أرض-تجارى,2026,1,1800.0,26,1655.403060510439,1225.0,7379.619949572596,500.0,2700.0,26.39233,50.172082,0.547,0.618,0.811,77,78,26,7.34,0.0,1.0,8105,2700.0,2700.0,7.901377353792616,7.496097345175956,-0.4052800086166597
الدمام,الحسام,قطعة أرض-سكنى,2022,4,2277.5,12,375.62900781908667,976.0,2300.0,50.0,2901.5,26.39233,50.172082,0.547,0.618,0.811,77,78,26,9.29,-1.0,-1.8369701987210297e-16,8092,2393.994635822647,2393.994635822647,7.781136270102485,7.731272610703937,-0.04986365939854842
الدمام,الحسام,قطعة أرض-سكنى,2023,1,2250.0,31,242.53170062169536,981.0,2429.0,50.0,2563.75,26.39233,50.172082,0.547,0.618,0.811,77,78,26,9.29,0.0,1.0,8093,2277.5,2277.5,7.731272610703937,7.719129840906732,-0.012142769797204522
الدمام,الحسام,قطعة أرض-سكنى,2023,2,2300.0,13,323.4783708538431,2250.0,3457.0,0.0,2563.75,26.39233,50.172082,0.547,0.618,0.811,77,78,26,9.29,1.0,6.123233995736766e-17,8094,2263.75,2263.75,7.725219656549397,7.741099090035366,0.015879433485968875
الدمام,الحسام,قطعة أرض-سكنى,2025,4,2700.0,28,1556.0153534107383,1700.0,6637.998210626569,1589.2559821131254,2249.63794457123,26.39233,50.172082,0.547,0.618,0.811,77,78,26,9.29,-1.0,-1.8369701987210297e-16,8104,2277.5,2277.5,7.731272610703937,7.901377353792616,0.17010474308867884
الدمام,الحسام,قطعة أرض-سكنى,2026,1,2700.0,100,1378.313212276331,556.0,7111.9540093640735,1776.0881164991679,2700.0,26.39233,50.172082,0.547,0.618,0.811,77,78,26,9.29,0.0,1.0,8105,2288.75,2288.75,7.736197920283097,7.901377353792616,0.16517943350951914
الدمام,الخضرية,قطعة أرض-سكنى,2016,1,1374.0,15,427.8492168754693,968.0,2442.0,467.0,2079.0,26.447952,50.047407,0.0,0.687,0.176,148,110,312,32.81,0.0,1.0,8065,2500.0,2500.0,7.824445930877619,7.226209010100671,-0.598236920776948
الدمام,الخضرية,قطعة أرض-سكنى,2021,1,1849.5,10,857.3518660516359,575.0,2889.0,1437.75,1405.5,26.447952,50.047407,0.0,0.687,0.176,148,110,312,32.81,0.0,1.0,8085,1374.0,1374.0,7.226209010100671,7.523211151826211,0.29700214172553974
الدمام,الخضرية,قطعة أرض-سكنى,2021,4,1800.0,11,474.53109870309197,1119.0,2732.0,45.5,1405.5,26.447952,50.047407,0.0,0.687,0.176,148,110,312,32.81,-1.0,-1.8369701987210297e-16,8088,1611.75,1611.75,7.385696075412351,7.496097345175956,0.11040126976360476
الدمام,الخليج,قطعة أرض-تجارى,2025,4,3268.615061007793,10,2713.3147977901112,600.0,9309.616359097798,3150.1544675291398,2079.0,26.445277,50.091987,0.166,0.027,0.0,293,297,443,7.34,-1.0,-1.8369701987210297e-16,8104,2237.5002039517694,2237.5002039517694,7.713561368791925,8.09242753861571,0.37886616982378385
الدمام,الخليج,قطعة أرض-تجارى,2026,1,1625.146164060487,25,1217.8837215356882,500.0,4385.964912280701,1673.4916864608076,3268.615061007793,26.445277,50.091987,0.166,0.027,0.0,293,297,443,7.34,0.0,1.0,8105,3268.615061007793,3268.615061007793,8.09242753861571,7.393968177863848,-0.698459360751861
الدمام,الخليج,قطعة أرض-سكنى,2016,1,3580.5,16,3269.7997058943333,1537.0,10554.0,5456.5,2079.0,26.445277,50.091987,0.166,0.027,0.0,293,297,443,22.91,0.0,1.0,8065,1824.75,1824.75,7.509746140500219,8.183536986054506,0.6737908455542865
الدمام,الخليج,قطعة أرض-سكنى,2016,2,3075.0,15,2142.8186866390547,868.0,8864.0,2609.5,2079.0,26.445277,50.091987,0.166,0.027,0.0,293,297,443,22.91,1.0,6.123233995736766e-17,8066,3580.5,3580.5,8.183536986054506,8.031385330625534,-0.15215165542897147
الدمام,الخليج,قطعة أرض-سكنى,2016,3,3382.0,11,975.605797813478,1346.0,5252.0,471.5,2079.0,26.445277,50.091987,0.166,0.027,0.0,293,297,443,22.91,1.2246467991473532e-16,-1.0,8067,3327.75,3327.75,8.110352137128142,8.12651816878071,0.016166031652566915
الدمام,الخليج,قطعة أرض-سكنى,2017,1,2798.0,19,1541.2729549425785,1537.0,7489.0,1264.5,3324.0,26.445277,50.091987,0.166,0.027,0.0,293,297,443,22.91,0.0,1.0,8069,3382.0,3382.0,8.12651816878071,7.937017489515454,-0.18950067926525538
الدمام,الخليج,قطعة أرض-سكنى,2017,2,2344.5,10,1134.1150049463436,922.0,4756.0,908.5,3324.0,26.445277,50.091987,0.166,0.027,0.0,293,297,443,22.91,1.0,6.123233995736766e-17,8070,3228.5,3228.5,8.080082605472528,7.760253877768513,-0.3198287277040155
الدمام,الخليج,قطعة أرض-سكنى,2017,4,1479.0,20,2822.4310834903713,1024.0,12914.0,1353.75,3324.0,26.445277,50.091987,0.166,0.027,0.0,293,297,443,22.91,-1.0,-1.8369701987210297e-16,8072,2936.5,2936.5,7.9853141584524145,7.299797366758161,-0.685516791694254
الدمام,الخليج,قطعة أرض-سكنى,2018,1,2692.0,10,2008.9761488546017,820.0,7000.0,1691.0,2571.25,26.445277,50.091987,0.166,0.027,0.0,293,297,443,22.91,0.0,1.0,8073,2571.25,2571.25,7.85253628125592,7.898411092811599,0.045874811555679074
الدمام,الخليج,قطعة أرض-سكنى,2021,1,983.0,11,923.2538506430789,701.0,3074.0,815.0,1802.75,26.445277,50.091987,0.166,0.027,0.0,293,297,443,22.91,0.0,1.0,8085,2518.25,2518.25,7.831716517160512,6.891625897052253,-0.9400906201082586
الدمام,الخليج,قطعة أرض-سكنى,2021,3,1633.0,11,2456.8663300302605,615.0,7470.0,3013.0,1802.75,26.445277,50.091987,0.166,0.027,0.0,293,297,443,22.91,1.2246467991473532e-16,-1.0,8087,1911.75,1911.75,7.556297276111962,7.3987862754199485,-0.15751100069201307
الدمام,الخليج,قطعة أرض-سكنى,2023,1,2997.0,12,1755.0430366820242,1361.0,6724.0,1958.5,2199.0,26.445277,50.091987,0.166,0.027,0.0,293,297,443,22.91,0.0,1.0,8093,1556.0,1556.0,7.350516171833998,8.005700678662542,0.6551845068285438
الدمام,الخليج,قطعة أرض-سكنى,2025,4,2507.7827741265996,51,1324.2250830252333,600.0,5151.5477633056025,1823.2268870073772,2150.7404480358746,26.445277,50.091987,0.166,0.027,0.0,293,297,443,22.91,-1.0,-1.8369701987210297e-16,8104,2162.5,2162.5,7.679482559664939,7.827552963952111,0.14807040428717144
الدمام,الخليج,قطعة أرض-سكنى,2026,1,2764.263600176913,214,1354.0384116007872,547.3828258638385,7379.619949572596,1881.2530197556541,2507.7827741265996,26.445277,50.091987,0.166,0.027,0.0,293,297,443,22.91,0.0,1.0,8105,2070.3913870632996,2070.3913870632996,7.63597582811934,7.924891244015242,0.288915415895902
الدمام,الدواسر,قطعة أرض-تجارى,2026,1,2996.8709699314463,28,1376.1593991587968,570.0,6302.5210084033615,1890.9580702053827,2006.6666666666667,26.44576,50.101285,0.0,0.111,0.009,273,298,373,7.34,0.0,1.0,8105,2250.0,2250.0,7.719129840906732,8.005657639021022,0.28652779811428974
الدمام,الدواسر,قطعة أرض-سكنى,2025,4,1782.642857142857,44,2089.517394053971,520.0,7677.165354330709,2669.156538969617,3142.6576090407,26.44576,50.101285,0.0,0.111,0.009,273,298,373,7.4,-1.0,-1.8369701987210297e-16,8104,2636.0231871517562,2636.0231871517562,7.8774059793187075,7.486413100914327,-0.39099287840438013
الدمام,الدواسر,قطعة أرض-سكنى,2026,1,2300.0,126,2161.0610178083566,529.9994572002388,16488.046166529268,1476.182401752918,1782.642857142857,26.44576,50.101285,0.0,0.111,0.009,273,298,373,7.4,0.0,1.0,8105,1782.642857142857,1782.642857142857,7.486413100914327,7.741099090035366,0.2546859891210387
الدمام,الربيع,قطعة أرض-سكنى,2016,2,3075.0,10,2411.0912351971347,1937.0,10436.0,480.75,2079.0,26.440386,50.113438,0.178,0.23,0.0,232,242,319,-3.76,1.0,6.123233995736766e-17,8066,2403.8913870632996,2403.8913870632996,7.7852600202158175,8.031385330625534,0.24612531040971675
الدمام,الربيع,قطعة أرض-سكنى,2017,4,2959.5,10,1723.5931976864815,2050.0,6611.0,1046.25,3866.75,26.440386,50.113438,0.178,0.23,0.0,232,242,319,-3.76,-1.0,-1.8369701987210297e-16,8072,3075.0,3075.0,8.031385330625534,7.993113451971831,-0.03827187865370352
الدمام,الروضة,قطعة أرض-تجارى,2026,1,2349.998957790516,23,845.4882520238795,1062.4343977415308,3902.116402116402,1387.3541423570596,1591.9109880384824,26.403655,50.076707,0.0,0.179,0.359,200,161,172,7.34,0.0,1.0,8105,2398.435484965723,2398.435484965723,7.782988774071129,7.762595605235214,-0.020393168835915354
الدمام,الروضة,قطعة أرض-سكنى,2016,1,1898.0,10,533.0352187655562,1000.0,2825.0,613.0,2079.0,26.403655,50.076707,0.0,0.179,0.359,200,161,172,14.53,0.0,1.0,8065,2629.75,2629.75,7.875024255620922,7.549082710812286,-0.3259415448086358
الدمام,الروضة,قطعة أرض-سكنى,2016,2,3000.0,13,1217.595202406398,656.0,4735.0,1637.0,2079.0,26.403655,50.076707,0.0,0.179,0.359,200,161,172,14.53,1.0,6.123233995736766e-17,8066,1898.0,1898.0,7.549082710812286,8.006700845440367,0.4576181346280812
الدمام,الروضة,قطعة أرض-سكنى,2017,1,2625.0,11,1149.6193599306132,647.0,4000.0,1811.0,3000.0,26.403655,50.076707,0.0,0.179,0.359,200,161,172,14.53,0.0,1.0,8069,2449.0,2449.0,7.803843303538772,7.873217054862741,0.06937375132396895
الدمام,الروضة,قطعة أرض-سكنى,2017,2,1596.5,10,1307.2064573823914,582.0,5000.0,989.25,3000.0,26.403655,50.076707,0.0,0.179,0.359,200,161,172,14.53,1.0,6.123233995736766e-17,8070,2625.0,2625.0,7.873217054862741,7.37619518625169,-0.4970218686110517
الدمام,الروضة,قطعة أرض-سكنى,2017,3,1531.5,10,152.90523572170807,1212.0,1745.0,92.5,3000.0,26.403655,50.076707,0.0,0.179,0.359,200,161,172,14.53,1.2246467991473532e-16,-1.0,8071,2261.5,2261.5,7.724225675574081,7.334655667810367,-0.3895700077637141
الدمام,الروضة,قطعة أرض-سكنى,2017,4,2053.0,10,930.7343337386883,526.0,3842.0,824.75,3000.0,26.403655,50.076707,0.0,0.179,0.359,200,161,172,14.53,-1.0,-1.8369701987210297e-16,8072,2110.75,2110.75,7.655272266607606,7.627544390488503,-0.0277278761191031
الدمام,الروضة,قطعة أرض-سكنى,2018,4,1451.0,10,525.461025090243,1200.0,3000.0,248.5,1824.75,26.403655,50.076707,0.0,0.179,0.359,200,161,172,14.53,-1.0,-1.8369701987210297e-16,8076,1824.75,1824.75,7.509746140500219,7.280697195384741,-0.22904894511547802
الدمام,الروضة,قطعة أرض-سكنى,2021,1,1400.0,11,642.4645444762621,670.0,2842.0,635.5,1258.5,26.403655,50.076707,0.0,0.179,0.359,200,161,172,14.53,0.0,1.0,8085,1564.0,1564.0,7.355641102974253,7.244941546337007,-0.11069955663724684
الدمام,الروضة,قطعة أرض-سكنى,2022,1,1482.5,10,744.9235605826353,581.0,2799.0,1179.25,1595.25,26.403655,50.076707,0.0,0.179,0.359,200,161,172,14.53,0.0,1.0,8089,1491.25,1491.25,7.308040327048759,7.302159439730876,-0.00588088731788261
الدمام,الروضة,قطعة أرض-سكنى,2025,4,2093.5527743394614,37,2463.5563960966742,860.9556607834696,16177.739430543572,1194.8765369041944,2121.31636187505,26.403655,50.076707,0.0,0.179,0.359,200,161,172,14.53,-1.0,-1.8369701987210297e-16,8104,1466.75,1466.75,7.291485894944295,7.64709533669867,0.3556094417543747
الدمام,الروضة,قطعة أرض-سكنى,2026,1,2200.463025902078,92,1163.799890761434,610.9357499236331,7163.773269190546,1460.7243358981395,2093.5527743394614,26.403655,50.076707,0.0,0.179,0.359,200,161,172,14.53,0.0,1.0,8105,1466.75,1466.75,7.291485894944295,7.696877430097732,0.40539153515343695
الدمام,الريان,قطعة أرض-تجارى,2026,1,2379.9366582620996,24,902.9551068672856,500.0,4000.0,1014.4732964055893,3666.6666666666665,26.405394,50.096855,0.0,0.416,0.394,252,182,187,7.34,0.0,1.0,8105,2673.434963860981,2673.434963860981,7.891493408555048,7.775249243135138,-0.11624416541990978
الدمام,الريان,قطعة أرض-سكنى,2025,4,2762.5,24,1567.0610900833287,998.8610835559113,6814.898831873175,1477.524411590724,2079.0,26.405394,50.096855,0.0,0.416,0.394,252,182,187,7.4,-1.0,-1.8369701987210297e-16,8104,1788.0263871697307,1788.0263871697307,7.48942683307559,7.924253271273318,0.43482643819772804
الدمام,الريان,قطعة أرض-سكنى,2026,1,2420.0,85,1638.722506094417,600.0,10873.736727644877,1680.9465524275806,2762.5,26.405394,50.096855,0.0,0.416,0.394,252,182,187,7.4,0.0,1.0,8105,2762.5,2762.5,7.924253271273318,7.791935956938058,-0.13231731433525962
الدمام,السلام,قطعة أرض-تجارى,2026,1,2000.0,75,1122.7252531038914,724.4761480160499,6500.0,1500.0,3169.449081803005,26.451664,50.102353,0.382,0.119,0.269,246,279,351,7.34,0.0,1.0,8105,2364.967808026308,2364.967808026308,7.768942438370666,7.601402334583733,-0.16754010378693263
الدمام,السلام,قطعة أرض-سكنى,2025,4,3050.699723984311,57,1285.0666293334873,628.6013619696175,8133.88873826132,1252.445713550349,2079.0,26.451664,50.102353,0.382,0.119,0.269,246,279,351,7.4,-1.0,-1.8369701987210297e-16,8104,2310.231512951039,2310.231512951039,7.74553578394616,8.023454000927208,0.2779182169810479
الدمام,السلام,قطعة أرض-سكنى,2026,1,2522.7058481534878,378,1498.1773694087972,557.4983528457757,10873.736727644877,1731.5496182841598,3050.699723984311,26.451664,50.102353,0.382,0.119,0.269,246,279,351,7.4,0.0,1.0,8105,3050.699723984311,3050.699723984311,8.023454000927208,7.833483674933546,-0.18997032599366204
الدمام,السوق,قطعة أرض-سكنى,2025,4,10295.063486616335,10,5117.403045137814,537.0,14455.044810638912,5501.1082990975,2079.0,26.440385,50.102264,0.096,0.039,0.007,291,298,382,7.4,-1.0,-1.8369701987210297e-16,8104,2642.602924076744,2642.602924076744,7.8798980096922,9.23951691540073,1.3596189057085297
الدمام,السيف,قطعة أرض-تجارى,2021,1,1405.0,13,289.65888426003653,651.0,1500.0,58.0,1189.5,26.384195,50.205359,1.309,1.311,1.857,67,51,18,12.89,0.0,1.0,8085,2364.967808026308,2364.967808026308,7.768942438370666,7.2485040723706105,-0.5204383660000556
الدمام,السيف,قطعة أرض-تجارى,2022,1,1460.0,61,144.4458035525243,1370.0,1920.0,180.0,1575.0,26.384195,50.205359,1.309,1.311,1.857,67,51,18,12.89,0.0,1.0,8089,1405.0,1405.0,7.2485040723706105,7.2868764117507,0.038372339380089215
الدمام,السيف,قطعة أرض-تجارى,2022,2,1670.0,216,545.388011902656,600.0,5000.0,201.25,1575.0,26.384195,50.205359,1.309,1.311,1.857,67,51,18,12.89,1.0,6.123233995736766e-17,8090,1432.5,1432.5,7.267874285323424,7.421177528595393,0.15330324327196898
الدمام,السيف,قطعة أرض-تجارى,2022,3,1570.0,130,720.5052600057029,1340.0,5257.0,390.0,1575.0,26.384195,50.205359,1.309,1.311,1.857,67,51,18,12.89,1.2246467991473532e-16,-1.0,8091,1460.0,1460.0,7.2868764117507,7.359467638255621,0.07259122650492156
الدمام,السيف,قطعة أرض-تجارى,2022,4,1550.0,150,577.8370619831705,650.0,4571.0,460.0,1575.0,26.384195,50.205359,1.309,1.311,1.857,67,51,18,12.89,-1.0,-1.8369701987210297e-16,8092,1515.0,1515.0,7.323830566202317,7.346655163176539,0.02282459697422201
الدمام,السيف,قطعة أرض-تجارى,2023,1,1720.0,48,846.4421783316715,840.0,6057.0,344.0,1560.0,26.384195,50.205359,1.309,1.311,1.857,67,51,18,12.89,0.0,1.0,8093,1560.0,1560.0,7.353081920515432,7.450660796211539,0.09757887569610713
الدمام,السيف,قطعة أرض-تجارى,2023,2,1800.0,22,616.1200127652648,510.0,3900.0,178.25,1560.0,26.384195,50.205359,1.309,1.311,1.857,67,51,18,12.89,1.0,6.123233995736766e-17,8094,1620.0,1620.0,7.390798521735676,7.496097345175956,0.10529882344027985
الدمام,السيف,قطعة أرض-تجارى,2023,3,1790.0,15,517.6079413536668,1000.0,3300.0,145.0,1560.0,26.384195,50.205359,1.309,1.311,1.857,67,51,18,12.89,1.2246467991473532e-16,-1.0,8095,1645.0,1645.0,7.406103381237015,7.490529402060711,0.08442602082369621
الدمام,السيف,قطعة أرض-تجارى,2025,4,2000.0,17,829.4365385683728,666.6666666666666,4513.262046937925,604.9299991826581,2097.92371972223,26.384195,50.205359,1.309,1.311,1.857,67,51,18,12.89,-1.0,-1.8369701987210297e-16,8104,1755.0,1755.0,7.470793774195062,7.601402334583733,0.13060856038867108
الدمام,السيف,قطعة أرض-تجارى,2026,1,1815.0,82,1154.9469979339685,500.0,6400.0,1006.25,2000.0,26.384195,50.205359,1.309,1.311,1.857,67,51,18,12.89,0.0,1.0,8105,1795.0,1795.0,7.493317248862145,7.504391559161238,0.011074310299092893
الدمام,السيف,قطعة أرض-زراعي,2026,1,1650.0,78,642.564410146743,632.8846884097718,4965.093885411651,325.68728266462995,2079.0,26.384195,50.205359,1.309,1.311,1.857,67,51,18,0.0,0.0,1.0,8105,3027.777777777778,3027.777777777778,8.01591444345567,7.409136443920128,-0.6067779995355425
الدمام,السيف,قطعة أرض-سكنى,2020,2,1234.0,13,199.5918270769057,1029.0,1829.0,120.0,951.5,26.384195,50.205359,1.309,1.311,1.857,67,51,18,58.2,1.0,6.123233995736766e-17,8082,2786.7027860688995,2786.7027860688995,7.9329731614878645,7.118826249062078,-0.8141469124257865
الدمام,السيف,قطعة أرض-سكنى,2020,4,1266.5,10,267.41023415967703,771.0,1837.0,202.75,951.5,26.384195,50.205359,1.309,1.311,1.857,67,51,18,58.2,-1.0,-1.8369701987210297e-16,8084,1234.0,1234.0,7.118826249062078,7.144801735465339,0.02597548640326064
الدمام,السيف,قطعة أرض-سكنى,2021,1,1450.0,16,639.9911327510716,1347.0,4000.0,92.5,1250.25,26.384195,50.205359,1.309,1.311,1.857,67,51,18,58.2,0.0,1.0,8085,1250.25,1250.25,7.13189833062943,7.280008252884188,0.14810992225475772
الدمام,السيف,قطعة أرض-سكنى,2022,1,1600.0,96,379.7589804384936,1000.0,4571.0,370.0,1608.25,26.384195,50.205359,1.309,1.311,1.857,67,51,18,58.2,0.0,1.0,8089,1266.5,1266.5,7.144801735465339,7.3783837129967145,0.23358197753137588
الدمام,السيف,قطعة أرض-سكنى,2022,2,1650.0,510,182.9167473085336,880.0,2900.0,220.0,1608.25,26.384195,50.205359,1.309,1.311,1.857,67,51,18,58.2,1.0,6.123233995736766e-17,8090,1358.25,1358.25,7.21468835602603,7.409136443920128,0.19444808789409862
الدمام,السيف,قطعة أرض-سكنى,2022,3,1700.0,356,262.0556577144419,530.0,3000.0,345.0,1608.25,26.384195,50.205359,1.309,1.311,1.857,67,51,18,58.2,1.2246467991473532e-16,-1.0,8091,1525.0,1525.0,7.330405211844402,7.438971592395862,0.1085663805514594
الدمام,السيف,قطعة أرض-سكنى,2022,4,1720.0,351,380.525407737862,650.0,3667.0,380.0,1608.25,26.384195,50.205359,1.309,1.311,1.857,67,51,18,58.2,-1.0,-1.8369701987210297e-16,8092,1625.0,1625.0,7.3938782901077555,7.450660796211539,0.05678250610378388
الدمام,السيف,قطعة أرض-سكنى,2023,1,1850.0,73,393.0936827972423,1340.0,3200.0,230.0,1675.0,26.384195,50.205359,1.309,1.311,1.857,67,51,18,58.2,0.0,1.0,8093,1675.0,1675.0,7.424165281042028,7.523481312573497,0.09931603153146895
الدمام,السيف,قطعة أرض-سكنى,2023,2,1855.0,68,502.1395338960246,510.0,3670.0,171.25,1675.0,26.384195,50.205359,1.309,1.311,1.857,67,51,18,58.2,1.0,6.123233995736766e-17,8094,1710.0,1710.0,7.444833273892193,7.526178913346146,0.08134563945395268
الدمام,السيف,قطعة أرض-سكنى,2023,3,1850.0,59,565.1951448164943,1300.0,3600.0,195.0,1675.0,26.384195,50.205359,1.309,1.311,1.857,67,51,18,58.2,1.2246467991473532e-16,-1.0,8095,1785.0,1785.0,7.487733761436444,7.523481312573497,0.03574755113705308
الدمام,السيف,قطعة أرض-سكنى,2023,4,2350.0,23,797.7230046168042,1139.0,3700.0,1430.5,1675.0,26.384195,50.205359,1.309,1.311,1.857,67,51,18,58.2,-1.0,-1.8369701987210297e-16,8096,1850.0,1850.0,7.523481312573497,7.762596048540069,0.23911473596657196
الدمام,السيف,قطعة أرض-سكنى,2025,4,4470.0,201,1849.048952980842,560.0,7995.726495726496,3090.078695896571,1858.894000593185,26.384195,50.205359,1.309,1.311,1.857,67,51,18,58.2,-1.0,-1.8369701987210297e-16,8104,1852.5,1852.5,7.524831022590787,8.405367376233981,0.880536353643194
الدمام,السيف,قطعة أرض-سكنى,2026,1,2424.6311256194444,333,1692.8514601025386,530.0,7996.0,2128.6977435099384,4470.0,26.384195,50.205359,1.309,1.311,1.857,67,51,18,58.2,0.0,1.0,8105,2102.5,2102.5,7.651357903030576,7.7938470274977485,0.14248912446717288
الدمام,الشاطئ الشرقي,قطعة أرض-تجارى,2021,1,1700.0,14,1423.2967379979498,557.0,4780.0,1596.25,2079.0,26.473151,50.128757,0.178,0.34,0.352,39,52,33,8.82,0.0,1.0,8085,1807.5,1807.5,7.500253051392153,7.438971592395862,-0.061281458996290894
الدمام,الشاطئ الشرقي,قطعة أرض-تجارى,2025,4,1892.4557060228244,22,823.4904614041056,750.0,4404.845329862849,715.22153406384,2079.0,26.473151,50.128757,0.178,0.34,0.352,39,52,33,8.82,-1.0,-1.8369701987210297e-16,8104,1700.0,1700.0,7.438971592395862,7.546158854421194,0.10718726202533269
الدمام,الشاطئ الشرقي,قطعة أرض-تجارى,2026,1,1960.0,87,946.2112943823158,625.0,6112.469437652812,950.0,1892.4557060228244,26.473151,50.128757,0.178,0.34,0.352,39,52,33,8.82,0.0,1.0,8105,1796.2278530114122,1796.2278530114122,7.494000675079146,7.581209826196346,0.08720915111720018
الدمام,الشاطئ الشرقي,قطعة أرض-زراعي,2026,1,2474.289787190714,17,732.9988917374976,867.0770831526922,3092.352309598254,1157.207062273644,2079.0,26.473151,50.128757,0.178,0.34,0.352,39,52,33,0.0,0.0,1.0,8105,2000.0,2000.0,7.601402334583733,7.814112753882413,0.21271041929867973
الدمام,الشاطئ الشرقي,قطعة أرض-سكنى,2021,1,1975.0,42,1490.9318578922544,533.0,6111.0,1759.5,2079.0,26.473151,50.128757,0.178,0.34,0.352,39,52,33,44.93,0.0,1.0,8085,2387.315562809722,2387.315562809722,7.778343611012283,7.588829878307813,-0.18951373270447025
الدمام,الشاطئ الشرقي,قطعة أرض-سكنى,2021,2,1800.0,40,1118.9151496782442,1200.0,5749.0,1135.5,2079.0,26.473151,50.128757,0.178,0.34,0.352,39,52,33,44.93,1.0,6.123233995736766e-17,8086,1975.0,1975.0,7.588829878307813,7.496097345175956,-0.0927325331318567
الدمام,الشاطئ الشرقي,قطعة أرض-سكنى,2021,3,2000.0,23,1037.594736852816,788.0,4687.0,1427.5,2079.0,26.473151,50.128757,0.178,0.34,0.352,39,52,33,44.93,1.2246467991473532e-16,-1.0,8087,1887.5,1887.5,7.543538142152512,7.601402334583733,0.05786419243122154
الدمام,الشاطئ الشرقي,قطعة أرض-سكنى,2021,4,3224.0,27,1022.7315667123303,1587.0,5008.0,1737.0,2079.0,26.473151,50.128757,0.178,0.34,0.352,39,52,33,44.93,-1.0,-1.8369701987210297e-16,8088,1975.0,1975.0,7.588829878307813,8.078688229229872,0.4898583509220593
الدمام,الشاطئ الشرقي,قطعة أرض-سكنى,2025,4,3438.206480783723,112,1425.3051585449696,653.0,7488.696307460437,1783.2071005492312,2079.0,26.473151,50.128757,0.178,0.34,0.352,39,52,33,44.93,-1.0,-1.8369701987210297e-16,8104,1987.5,1987.5,7.595135864647745,8.142996049567282,0.5478601849195366
الدمام,الشاطئ الشرقي,قطعة أرض-سكنى,2026,1,2456.999322777596,362,1577.804803526051,500.0,13455.428891795926,2039.6473556746773,3438.206480783723,26.473151,50.128757,0.178,0.34,0.352,39,52,33,44.93,0.0,1.0,8105,2612.0,2612.0,7.868254265520613,7.807103014608284,-0.06115125091232887
الدمام,الشعلة,قطعة أرض-تجارى,2016,1,1566.5,22,1129.7287888531635,833.0,5004.0,1449.5,2079.0,26.35119,50.090743,0.361,0.564,0.0,68,44,53,13.02,0.0,1.0,8065,1853.7278530114122,1853.7278530114122,7.525493254311682,7.357237272507076,-0.16825598180460588
الدمام,الشعلة,قطعة أرض-تجارى,2016,2,1900.0,49,999.5473971501598,680.0,4274.0,1550.0,2079.0,26.35119,50.090743,0.361,0.564,0.0,68,44,53,13.02,1.0,6.123233995736766e-17,8066,1566.5,1566.5,7.357237272507076,7.550135342488429,0.19289806998135273
الدمام,الشعلة,قطعة أرض-تجارى,2016,3,1385.0,20,1171.750512335239,842.0,4165.0,1453.75,2079.0,26.35119,50.090743,0.361,0.564,0.0,68,44,53,13.02,1.2246467991473532e-16,-1.0,8067,1733.25,1733.25,7.458330322265411,7.234177179749849,-0.2241531425155623
الدمام,الشعلة,قطعة أرض-تجارى,2016,4,1385.0,37,1329.4833340194361,800.0,4586.0,2532.0,2079.0,26.35119,50.090743,0.361,0.564,0.0,68,44,53,13.02,-1.0,-1.8369701987210297e-16,8068,1566.5,1566.5,7.357237272507076,7.234177179749849,-0.1230600927572274
الدمام,الشعلة,قطعة أرض-تجارى,2017,1,1220.0,26,1186.2516071157145,1073.0,4571.0,250.0,1475.75,26.35119,50.090743,0.361,0.564,0.0,68,44,53,13.02,0.0,1.0,8069,1475.75,1475.75,7.297599006187345,7.107425474110705,-0.19017353207664023
الدمام,الشعلة,قطعة أرض-تجارى,2017,2,1138.0,22,1284.5115398873986,731.0,4356.0,1762.75,1475.75,26.35119,50.090743,0.361,0.564,0.0,68,44,53,13.02,1.0,6.123233995736766e-17,8070,1385.0,1385.0,7.234177179749849,7.037905963447182,-0.19627121630266675
الدمام,الشعلة,قطعة أرض-تجارى,2017,3,1175.0,20,658.2912569276372,825.0,2778.0,912.5,1475.75,26.35119,50.090743,0.361,0.564,0.0,68,44,53,13.02,1.2246467991473532e-16,-1.0,8071,1302.5,1302.5,7.172808233373557,7.069874128458572,-0.10293410491498456
الدمام,الشعلة,قطعة أرض-تجارى,2017,4,1150.0,53,1176.8743084463129,577.0,4655.0,2281.0,1475.75,26.35119,50.090743,0.361,0.564,0.0,68,44,53,13.02,-1.0,-1.8369701987210297e-16,8072,1197.5,1197.5,7.088826053874439,7.048386408721883,-0.04043964515255638
الدمام,الشعلة,قطعة أرض-تجارى,2018,1,3090.5,22,1102.467303752885,1027.0,6107.0,599.5,1162.5,26.35119,50.090743,0.361,0.564,0.0,68,44,53,13.02,0.0,1.0,8073,1162.5,1162.5,7.059187982742347,8.036411688998623,0.9772237062562761
الدمام,الشعلة,قطعة أرض-تجارى,2018,2,2728.0,24,1108.9022896736565,975.0,6627.0,510.0,1162.5,26.35119,50.090743,0.361,0.564,0.0,68,44,53,13.02,1.0,6.123233995736766e-17,8074,1162.5,1162.5,7.059187982742347,7.911690520708339,0.8525025379659921
الدمام,الشعلة,قطعة أرض-تجارى,2018,3,2688.5,12,1062.5726071448225,1101.0,3691.0,1993.75,1162.5,26.35119,50.090743,0.361,0.564,0.0,68,44,53,13.02,1.2246467991473532e-16,-1.0,8075,1951.5,1951.5,7.576865881713841,7.897110581713298,0.3202446999994564
الدمام,الشعلة,قطعة أرض-تجارى,2018,4,1200.0,39,901.860090857657,800.0,3826.0,156.5,1162.5,26.35119,50.090743,0.361,0.564,0.0,68,44,53,13.02,-1.0,-1.8369701987210297e-16,8076,2708.25,2708.25,7.904427122803105,7.0909098220799835,-0.8135173007231211
الدمام,الشعلة,قطعة أرض-تجارى,2019,1,1300.0,19,1146.2396160096464,1030.0,3782.0,2148.0,2708.25,26.35119,50.090743,0.361,0.564,0.0,68,44,53,13.02,0.0,1.0,8077,2708.25,2708.25,7.904427122803105,7.170888478512505,-0.7335386442905998
الدمام,الشعلة,قطعة أرض-تجارى,2019,2,1300.0,13,1201.799681460673,783.0,3968.0,1935.0,2708.25,26.35119,50.090743,0.361,0.564,0.0,68,44,53,13.02,1.0,6.123233995736766e-17,8078,1994.25,1994.25,7.598524634756118,7.170888478512505,-0.4276361562436133
الدمام,الشعلة,قطعة أرض-تجارى,2019,4,1603.5,14,1000.7060913768244,1225.0,3968.0,1805.75,2708.25,26.35119,50.090743,0.361,0.564,0.0,68,44,53,13.02,-1.0,-1.8369701987210297e-16,8080,1300.0,1300.0,7.170888478512505,7.380567460549911,0.20967898203740631
الدمام,الشعلة,قطعة أرض-تجارى,2020,1,3554.5,14,1417.412363319972,649.0,4960.0,2579.0,1451.75,26.35119,50.090743,0.361,0.564,0.0,68,44,53,13.02,0.0,1.0,8081,1300.0,1300.0,7.170888478512505,8.176250979323573,1.005362500811068
الدمام,الشعلة,قطعة أرض-تجارى,2020,2,2530.0,15,923.6699936356365,1400.0,3701.0,1710.5,1451.75,26.35119,50.090743,0.361,0.564,0.0,68,44,53,13.02,1.0,6.123233995736766e-17,8082,1451.75,1451.75,7.281213590955215,7.836369760545124,0.5551561695899094
الدمام,الشعلة,قطعة أرض-تجارى,2020,3,1375.0,12,278.13146825982056,1050.0,2194.0,107.5,1451.75,26.35119,50.090743,0.361,0.564,0.0,68,44,53,13.02,1.2246467991473532e-16,-1.0,8083,2066.75,2066.75,7.634216338572016,7.226936018493289,-0.40728032007872716
الدمام,الشعلة,قطعة أرض-تجارى,2020,4,1415.0,24,678.9541176254694,570.0,3400.0,300.0,1451.75,26.35119,50.090743,0.361,0.564,0.0,68,44,53,13.02,-1.0,-1.8369701987210297e-16,8084,2066.75,2066.75,7.634216338572016,7.255591274253665,-0.3786250643183511
الدمام,الشعلة,قطعة أرض-تجارى,2021,1,1650.0,22,670.0323326824065,1500.0,3746.0,287.0,1972.5,26.35119,50.090743,0.361,0.564,0.0,68,44,53,13.02,0.0,1.0,8085,1972.5,1972.5,7.587563895102901,7.409136443920128,-0.17842745118277303
الدمام,الشعلة,قطعة أرض-تجارى,2021,2,3376.0,10,1822.0689583242693,590.0,5972.0,2892.75,1972.5,26.35119,50.090743,0.361,0.564,0.0,68,44,53,13.02,1.0,6.123233995736766e-17,8086,1532.5,1532.5,7.335307983554306,8.124743020385568,0.7894350368312617
الدمام,الشعلة,قطعة أرض-تجارى,2021,3,2690.0,14,1016.9555945658007,1550.0,4629.0,1432.0,1972.5,26.35119,50.090743,0.361,0.564,0.0,68,44,53,13.02,1.2246467991473532e-16,-1.0,8087,1532.5,1532.5,7.335307983554306,7.897668150726906,0.5623601671726002
الدمام,الشعلة,قطعة أرض-تجارى,2021,4,1682.5,16,1130.6553390991144,825.0,4508.0,900.0,1972.5,26.35119,50.090743,0.361,0.564,0.0,68,44,53,13.02,-1.0,-1.8369701987210297e-16,8088,2170.0,2170.0,7.682943169878292,7.428630238601129,-0.2543129312771626
الدمام,الشعلة,قطعة أرض-تجارى,2022,1,1962.5,18,921.3904170619503,1129.0,4592.0,600.0,2186.25,26.35119,50.090743,0.361,0.564,0.0,68,44,53,13.02,0.0,1.0,8089,2186.25,2186.25,7.690400325986374,7.582483874018064,-0.10791645196831023
الدمام,الشعلة,قطعة أرض-تجارى,2023,2,1990.0,22,825.2200388709139,1470.0,4663.0,65.25,2025.0,26.35119,50.090743,0.361,0.564,0.0,68,44,53,13.02,1.0,6.123233995736766e-17,8094,2326.25,2326.25,7.7524425919966,7.596392304064196,-0.15605028793240372
الدمام,الشعلة,قطعة أرض-تجارى,2023,3,1410.0,75,566.4151970908757,550.0,4312.0,120.0,2025.0,26.35119,50.090743,0.361,0.564,0.0,68,44,53,13.02,1.2246467991473532e-16,-1.0,8095,1976.25,1976.25,7.589462269399527,7.252053951852814,-0.3374083175467124
الدمام,الشعلة,قطعة أرض-تجارى,2025,4,2150.0,35,997.7193660771517,952.3811111111112,5432.043456347651,1431.3054116324975,1824.93693370645,26.35119,50.090743,0.361,0.564,0.0,68,44,53,13.02,-1.0,-1.8369701987210297e-16,8104,1822.5,1822.5,7.508513010248735,7.67368812926773,0.16517511901899518
الدمام,الشعلة,قطعة أرض-تجارى,2026,1,3000.0,129,1285.7349620785599,559.9995341470232,6219.103811194386,2377.1491945739713,2150.0,26.35119,50.090743,0.361,0.564,0.0,68,44,53,13.02,0.0,1.0,8105,1976.25,1976.25,7.589462269399527,8.006700845440367,0.41723857604084014
الدمام,الشعلة,قطعة أرض-زراعي,2026,1,2500.0,25,894.3327096218931,952.539968,3875.284947422605,1553.4261344893791,2079.0,26.35119,50.090743,0.361,0.564,0.0,68,44,53,0.0,0.0,1.0,8105,2237.1448935953567,2237.1448935953567,7.713402629222709,7.824445930877619,0.11104330165491039
الدمام,الشعلة,قطعة أرض-سكنى,2016,1,1755.5,164,1286.6212202547013,784.0,6443.0,2302.75,2079.0,26.35119,50.090743,0.361,0.564,0.0,68,44,53,-7.03,0.0,1.0,8065,2840.499661388798,2840.499661388798,7.952087241570813,7.471078471705882,-0.481008769864931
الدمام,الشعلة,قطعة أرض-سكنى,2016,2,1775.5,218,1252.9521706124585,594.0,5807.0,2203.5,2079.0,26.35119,50.090743,0.361,0.564,0.0,68,44,53,-7.03,1.0,6.123233995736766e-17,8066,1755.5,1755.5,7.471078471705882,7.482400415461082,0.011321943755199904
الدمام,الشعلة,قطعة أرض-سكنى,2016,3,2899.0,133,1285.7297336734296,648.0,4816.0,2557.0,2079.0,26.35119,50.090743,0.361,0.564,0.0,68,44,53,-7.03,1.2246467991473532e-16,-1.0,8067,1765.5,1765.5,7.4767554667992,7.9724660159745655,0.4957105491753655
الدمام,الشعلة,قطعة أرض-سكنى,2016,4,2304.0,115,1346.2692670619597,800.0,4988.0,2597.5,2079.0,26.35119,50.090743,0.361,0.564,0.0,68,44,53,-7.03,-1.0,-1.8369701987210297e-16,8068,1775.5,1775.5,7.482400415461082,7.742835955430749,0.2604355399696674
الدمام,الشعلة,قطعة أرض-سكنى,2017,1,1625.0,104,1254.0589049258804,755.0,5205.0,2389.0,2039.75,26.35119,50.090743,0.361,0.564,0.0,68,44,53,-7.03,0.0,1.0,8069,2039.75,2039.75,7.621072666331465,7.3938782901077555,-0.22719437622370986
الدمام,الشعلة,قطعة أرض-سكنى,2017,2,2785.0,97,1277.5550050868007,618.0,4999.0,2484.0,2039.75,26.35119,50.090743,0.361,0.564,0.0,68,44,53,-7.03,1.0,6.123233995736766e-17,8070,2039.75,2039.75,7.621072666331465,7.932362154339751,0.3112894880082857
الدمام,الشعلة,قطعة أرض-سكنى,2017,3,1671.5,74,965.3974448809914,920.0,4549.0,1449.75,2039.75,26.35119,50.090743,0.361,0.564,0.0,68,44,53,-7.03,1.2246467991473532e-16,-1.0,8071,2544.5,2544.5,7.84208237334239,7.422074792002384,-0.4200075813400064
الدمام,الشعلة,قطعة أرض-سكنى,2017,4,1672.0,123,1172.949520724883,583.0,4719.0,2236.5,2039.75,26.35119,50.090743,0.361,0.564,0.0,68,44,53,-7.03,-1.0,-1.8369701987210297e-16,8072,1987.75,1987.75,7.595261579651996,7.422373700986824,-0.17288787866517286
الدمام,الشعلة,قطعة أرض-سكنى,2018,1,2232.0,99,1151.9006904144126,767.0,5010.0,2169.5,1671.75,26.35119,50.090743,0.361,0.564,0.0,68,44,53,-7.03,0.0,1.0,8073,1671.75,1671.75,7.4222242576629265,7.711101251840158,0.28887699417723134
الدمام,الشعلة,قطعة أرض-سكنى,2018,2,1316.5,68,1072.7288746866466,554.0,3977.0,1967.75,1671.75,26.35119,50.090743,0.361,0.564,0.0,68,44,53,-7.03,1.0,6.123233995736766e-17,8074,1952.0,1952.0,7.577121930876679,7.1834912804155175,-0.3936306504611613
الدمام,الشعلة,قطعة أرض-سكنى,2018,3,1273.5,78,1059.82298996732,636.0,4114.0,2044.75,1671.75,26.35119,50.090743,0.361,0.564,0.0,68,44,53,-7.03,1.2246467991473532e-16,-1.0,8075,1671.75,1671.75,7.4222242576629265,7.15030922381617,-0.2719150338467564
الدمام,الشعلة,قطعة أرض-سكنى,2018,4,1200.0,151,1013.1786916393636,663.0,4286.0,1782.0,1671.75,26.35119,50.090743,0.361,0.564,0.0,68,44,53,-7.03,-1.0,-1.8369701987210297e-16,8076,1494.25,1494.25,7.310048695924666,7.0909098220799835,-0.2191388738446829
الدمام,الشعلة,قطعة أرض-سكنى,2019,1,1250.0,116,976.2240647452338,550.0,4555.0,907.25,1295.0,26.35119,50.090743,0.361,0.564,0.0,68,44,53,-7.03,0.0,1.0,8077,1295.0,1295.0,7.16703787691222,7.1316985104669115,-0.03533936644530833
الدمام,الشعلة,قطعة أرض-سكنى,2019,2,1300.0,63,1076.5306912657304,1099.0,5057.0,1990.0,1295.0,26.35119,50.090743,0.361,0.564,0.0,68,44,53,-7.03,1.0,6.123233995736766e-17,8078,1261.75,1261.75,7.141047161348162,7.170888478512505,0.029841317164343018
الدمام,الشعلة,قطعة أرض-سكنى,2019,3,1400.0,72,992.388472070901,741.0,4223.0,1473.25,1295.0,26.35119,50.090743,0.361,0.564,0.0,68,44,53,-7.03,1.2246467991473532e-16,-1.0,8079,1261.75,1261.75,7.141047161348162,7.244941546337007,0.10389438498884473
الدمام,الشعلة,قطعة أرض-سكنى,2019,4,1400.0,67,1215.5640332953085,587.0,5205.0,1812.5,1295.0,26.35119,50.090743,0.361,0.564,0.0,68,44,53,-7.03,-1.0,-1.8369701987210297e-16,8080,1275.0,1275.0,7.151485463904735,7.244941546337007,0.09345608243227144
الدمام,الشعلة,قطعة أرض-سكنى,2020,1,1400.0,43,1254.312247302084,1143.0,5505.0,2300.0,1350.0,26.35119,50.090743,0.361,0.564,0.0,68,44,53,-7.03,0.0,1.0,8081,1350.0,1350.0,7.208600337960199,7.244941546337007,0.03634120837680754
الدمام,الشعلة,قطعة أرض-سكنى,2020,2,1430.0,94,976.4485598810622,583.0,4982.0,150.0,1350.0,26.35119,50.090743,0.361,0.564,0.0,68,44,53,-7.03,1.0,6.123233995736766e-17,8082,1400.0,1400.0,7.244941546337007,7.266128779556451,0.021187233219444046
الدمام,الشعلة,قطعة أرض-سكنى,2020,3,1500.0,70,836.0613071520354,694.0,5028.0,766.5,1350.0,26.35119,50.090743,0.361,0.564,0.0,68,44,53,-7.03,1.2246467991473532e-16,-1.0,8083,1400.0,1400.0,7.244941546337007,7.313886831633462,0.06894528529645516
الدمام,الشعلة,قطعة أرض-سكنى,2020,4,1525.0,65,848.4549101840266,933.0,4202.0,350.0,1350.0,26.35119,50.090743,0.361,0.564,0.0,68,44,53,-7.03,-1.0,-1.8369701987210297e-16,8084,1415.0,1415.0,7.255591274253665,7.330405211844402,0.07481393759073729
الدمام,الشعلة,قطعة أرض-سكنى,2021,1,1809.0,123,869.4195824624525,668.0,6060.0,477.5,1465.0,26.35119,50.090743,0.361,0.564,0.0,68,44,53,-7.03,0.0,1.0,8085,1465.0,1465.0,7.290292882446597,7.501082124259871,0.2107892418132744
الدمام,الشعلة,قطعة أرض-سكنى,2021,2,2993.0,47,1088.197460587228,900.0,4961.0,1752.5,1465.0,26.35119,50.090743,0.361,0.564,0.0,68,44,53,-7.03,1.0,6.123233995736766e-17,8086,1512.5,1512.5,7.322180128461773,8.004365564979574,0.6821854365178011
الدمام,الشعلة,قطعة أرض-سكنى,2021,3,2200.0,67,999.7017719026829,533.0,6178.0,1040.0,1465.0,26.35119,50.090743,0.361,0.564,0.0,68,44,53,-7.03,1.2246467991473532e-16,-1.0,8087,1667.0,1667.0,7.419380582918692,7.696667081526462,0.27728649860776944
الدمام,الشعلة,قطعة أرض-سكنى,2021,4,2275.0,50,945.5444873463227,663.0,4719.0,919.0,1465.0,26.35119,50.090743,0.361,0.564,0.0,68,44,53,-7.03,-1.0,-1.8369701987210297e-16,8088,2004.5,2004.5,7.603648685210108,7.730174795246222,0.1265261100361137
الدمام,الشعلة,قطعة أرض-سكنى,2022,1,2300.0,37,995.1482429897193,1046.0,4783.0,800.0,2237.5,26.35119,50.090743,0.361,0.564,0.0,68,44,53,-7.03,0.0,1.0,8089,2237.5,2237.5,7.71356127768102,7.741099090035366,0.02753781235434616
الدمام,الشعلة,قطعة أرض-سكنى,2022,2,3202.0,13,882.8410069710988,1980.0,4612.0,1379.0,2237.5,26.35119,50.090743,0.361,0.564,0.0,68,44,53,-7.03,1.0,6.123233995736766e-17,8090,2287.5,2287.5,7.7356518600936965,8.071843149609158,0.33619128951546173
الدمام,الشعلة,قطعة أرض-سكنى,2022,3,2484.0,16,1166.0162377371364,1597.0,5067.0,1424.5,2237.5,26.35119,50.090743,0.361,0.564,0.0,68,44,53,-7.03,1.2246467991473532e-16,-1.0,8091,2287.5,2287.5,7.7356518600936965,7.818027938530729,0.08237607843703287
الدمام,الشعلة,قطعة أرض-سكنى,2022,4,2600.0,19,1417.5079070914092,1026.0,6496.0,1650.0,2237.5,26.35119,50.090743,0.361,0.564,0.0,68,44,53,-7.03,-1.0,-1.8369701987210297e-16,8092,2392.0,2392.0,7.780303087908373,7.8636512654486515,0.08334817754027846
الدمام,الشعلة,قطعة أرض-سكنى,2023,1,2100.0,13,1043.3456110525237,1800.0,5007.0,387.0,2542.0,26.35119,50.090743,0.361,0.564,0.0,68,44,53,-7.03,0.0,1.0,8093,2542.0,2542.0,7.841099765422119,7.650168700845001,-0.19093106457711873
الدمام,الشعلة,قطعة أرض-سكنى,2023,2,2000.0,55,420.13377459112775,670.0,2469.0,573.0,2542.0,26.35119,50.090743,0.361,0.564,0.0,68,44,53,-7.03,1.0,6.123233995736766e-17,8094,2542.0,2542.0,7.841099765422119,7.601402334583733,-0.2396974308383859
الدمام,الشعلة,قطعة أرض-سكنى,2023,3,1350.0,430,390.15840665604304,520.0,6390.0,150.0,2542.0,26.35119,50.090743,0.361,0.564,0.0,68,44,53,-7.03,1.2246467991473532e-16,-1.0,8095,2292.0,2292.0,7.737616282857904,7.208600337960199,-0.5290159448977052
الدمام,الشعلة,قطعة أرض-سكنى,2023,4,1664.5,36,1210.369604773158,1225.0,5831.0,898.25,2542.0,26.35119,50.090743,0.361,0.564,0.0,68,44,53,-7.03,-1.0,-1.8369701987210297e-16,8096,2050.0,2050.0,7.62608275807238,7.417880657633734,-0.20820210043864584
الدمام,الشعلة,قطعة أرض-سكنى,2025,4,2000.0,320,1145.0252883355822,782.0,6873.407997412363,1541.635987981214,1566.65937055836,26.35119,50.090743,0.361,0.564,0.0,68,44,53,-7.03,-1.0,-1.8369701987210297e-16,8104,1832.25,1832.25,7.513845626973909,7.601402334583733,0.08755670760982426
الدمام,الشعلة,قطعة أرض-سكنى,2026,1,2000.0,503,1324.6776567790046,500.0,9511.354179051245,1490.3143035743376,2000.0,26.35119,50.090743,0.361,0.564,0.0,68,44,53,-7.03,0.0,1.0,8105,1832.25,1832.25,7.513845626973909,7.601402334583733,0.08755670760982426
الدمام,الصدفة,قطعة أرض-تجارى,2017,1,1854.0,18,16.55738683559483,1813.0,1896.0,0.0,1750.0,26.374104,50.217237,0.263,1.005,1.423,35,39,16,-6.72,0.0,1.0,8069,2070.0,2070.0,7.635786861395585,7.5256399750415355,-0.11014688635404912
الدمام,الصدفة,قطعة أرض-تجارى,2020,2,2011.0,25,1666.531199827954,1250.0,6596.0,2783.0,1830.0,26.374104,50.217237,0.263,1.005,1.423,35,39,16,-6.72,1.0,6.123233995736766e-17,8082,1854.0,1854.0,7.5256399750415355,7.60688453121963,0.08124455617809456
الدمام,الصدفة,قطعة أرض-تجارى,2020,4,1448.0,15,230.79650901048865,704.0,1530.0,191.0,1830.0,26.374104,50.217237,0.263,1.005,1.423,35,39,16,-6.72,-1.0,-1.8369701987210297e-16,8084,1932.5,1932.5,7.567087111047352,7.278628942320682,-0.2884581687266694
الدمام,الصدفة,قطعة أرض-سكنى,2017,1,1813.0,73,360.72277298470044,500.0,1897.0,8.0,1237.0,26.374104,50.217237,0.263,1.005,1.423,35,39,16,27.85,0.0,1.0,8069,1832.25,1832.25,7.513845626973909,7.503289630675082,-0.01055599629882753
الدمام,الصدفة,قطعة أرض-سكنى,2017,2,1100.0,11,344.1311853454619,545.0,1661.0,34.5,1237.0,26.374104,50.217237,0.263,1.005,1.423,35,39,16,27.85,1.0,6.123233995736766e-17,8070,1813.0,1813.0,7.503289630675082,7.00397413672268,-0.4993154939524018
الدمام,الصدفة,قطعة أرض-سكنى,2017,3,1014.0,25,1681.154536818869,576.0,4800.0,295.0,1237.0,26.374104,50.217237,0.263,1.005,1.423,35,39,16,27.85,1.2246467991473532e-16,-1.0,8071,1456.5,1456.5,7.284477918224647,6.922643891475888,-0.36183402674875964
الدمام,الصدفة,قطعة أرض-سكنى,2017,4,1042.5,24,790.8474804403442,667.0,4741.0,140.25,1237.0,26.374104,50.217237,0.263,1.005,1.423,35,39,16,27.85,-1.0,-1.8369701987210297e-16,8072,1100.0,1100.0,7.00397413672268,6.950335726517255,-0.05363841020542459
الدمام,الصدفة,قطعة أرض-سكنى,2018,1,895.0,31,143.7038471959771,606.0,1330.0,125.5,1071.25,26.374104,50.217237,0.263,1.005,1.423,35,39,16,27.85,0.0,1.0,8073,1071.25,1071.25,6.97751452339699,6.79794041297493,-0.17957411042205962
الدمام,الصدفة,قطعة أرض-سكنى,2018,2,1000.0,16,77.74906215940273,750.0,1050.0,31.0,1071.25,26.374104,50.217237,0.263,1.005,1.423,35,39,16,27.85,1.0,6.123233995736766e-17,8074,1028.25,1028.25,6.936585660650014,6.90875477931522,-0.02783088133479339
الدمام,الصدفة,قطعة أرض-سكنى,2018,3,913.0,15,1224.0281859499805,586.0,5608.0,128.0,1071.25,26.374104,50.217237,0.263,1.005,1.423,35,39,16,27.85,1.2246467991473532e-16,-1.0,8075,1007.0,1007.0,6.915723448631314,6.81783057145415,-0.09789287717716455
الدمام,الصدفة,قطعة أرض-سكنى,2018,4,821.0,33,1033.9443617438117,538.0,5057.0,200.0,1071.25,26.374104,50.217237,0.263,1.005,1.423,35,39,16,27.85,-1.0,-1.8369701987210297e-16,8076,956.5,956.5,6.864325721054801,6.71174039505618,-0.15258532599862118
الدمام,الصدفة,قطعة أرض-سكنى,2019,1,950.0,27,116.45346820258405,783.0,1400.0,49.0,904.0,26.374104,50.217237,0.263,1.005,1.423,35,39,16,27.85,0.0,1.0,8077,904.0,904.0,6.807934943699926,6.85751406254539,0.04957911884546462
الدمام,الصدفة,قطعة أرض-سكنى,2019,2,1000.0,38,1175.9613832794164,500.0,5235.0,120.25,904.0,26.374104,50.217237,0.263,1.005,1.423,35,39,16,27.85,1.0,6.123233995736766e-17,8078,931.5,931.5,6.837869151517971,6.90875477931522,0.07088562779724938
الدمام,الصدفة,قطعة أرض-سكنى,2019,3,1162.0,38,1138.086438954443,840.0,5712.0,194.25,904.0,26.374104,50.217237,0.263,1.005,1.423,35,39,16,27.85,1.2246467991473532e-16,-1.0,8079,931.5,931.5,6.837869151517971,7.0587581525186645,0.22088900100069342
الدمام,الصدفة,قطعة أرض-سكنى,2019,4,1803.0,31,1154.1980886992446,1100.0,5556.0,527.0,904.0,26.374104,50.217237,0.263,1.005,1.423,35,39,16,27.85,-1.0,-1.8369701987210297e-16,8080,975.0,975.0,6.883462586413092,7.4977617006225685,0.6142991142094765
الدمام,الصدفة,قطعة أرض-سكنى,2020,1,1348.0,41,1898.4012641578433,833.0,5658.0,3696.0,1081.0,26.374104,50.217237,0.263,1.005,1.423,35,39,16,27.85,0.0,1.0,8081,1081.0,1081.0,6.9865664594064265,7.207118856207756,0.2205523968013292
الدمام,الصدفة,قطعة أرض-سكنى,2020,2,1350.0,96,1683.670549741186,870.0,6379.0,2978.0,1081.0,26.374104,50.217237,0.263,1.005,1.423,35,39,16,27.85,1.0,6.123233995736766e-17,8082,1255.0,1255.0,7.135687347028144,7.208600337960199,0.07291299093205517
الدمام,الصدفة,قطعة أرض-سكنى,2020,3,1325.0,32,683.9962263796584,1127.0,5167.0,50.0,1081.0,26.374104,50.217237,0.263,1.005,1.423,35,39,16,27.85,1.2246467991473532e-16,-1.0,8083,1349.0,1349.0,7.2078598714324755,7.189922170745808,-0.017937700686667668
الدمام,الصدفة,قطعة أرض-سكنى,2020,4,1300.0,107,778.833514363921,841.0,5945.0,300.0,1081.0,26.374104,50.217237,0.263,1.005,1.423,35,39,16,27.85,-1.0,-1.8369701987210297e-16,8084,1349.0,1349.0,7.2078598714324755,7.170888478512505,-0.03697139291997065
الدمام,الصدفة,قطعة أرض-سكنى,2022,1,2150.0,25,1496.8592118165286,1700.0,6710.0,502.0,2079.0,26.374104,50.217237,0.263,1.005,1.423,35,39,16,27.85,0.0,1.0,8089,1336.5,1336.5,7.198557478770161,7.67368812926773,0.47513065049756875
الدمام,الصدفة,قطعة أرض-سكنى,2022,2,5826.0,15,2120.233484447274,535.0,6615.0,3721.0,2079.0,26.374104,50.217237,0.263,1.005,1.423,35,39,16,27.85,1.0,6.123233995736766e-17,8090,1337.5,1337.5,7.199304862960407,8.670257567143075,1.4709527041826682
الدمام,الصدفة,قطعة أرض-سكنى,2022,3,2600.0,13,2101.8533732313736,1200.0,7484.0,3728.0,2079.0,26.374104,50.217237,0.263,1.005,1.423,35,39,16,27.85,1.2246467991473532e-16,-1.0,8091,1737.5,1737.5,7.460777951447916,7.8636512654486515,0.4028733140007352
الدمام,الصدفة,قطعة أرض-سكنى,2023,1,1700.0,19,257.6365816166922,1400.0,2450.0,220.0,4213.0,26.374104,50.217237,0.263,1.005,1.423,35,39,16,27.85,0.0,1.0,8093,2375.0,2375.0,7.773173680482536,7.438971592395862,-0.3342020880866743
الدمام,الصفا,قطعة أرض-تجارى,2026,1,3000.0,27,1399.178611165748,1050.0001305384187,6297.399783315276,1362.5,1600.0,26.38969,50.182001,0.0,0.08,0.453,75,69,18,7.34,0.0,1.0,8105,1932.5,1932.5,7.567087111047352,8.006700845440367,0.4396137343930153
الدمام,الصفا,قطعة أرض-سكنى,2016,2,3714.0,17,1679.2742655157704,596.0,7734.0,2024.0,2079.0,26.38969,50.182001,0.0,0.08,0.453,75,69,18,5.76,1.0,6.123233995736766e-17,8066,2375.0,2375.0,7.773173680482536,8.220133957151859,0.4469602766693228
الدمام,الصفا,قطعة أرض-سكنى,2017,1,5137.0,19,826.1751545313574,2917.0,5573.0,164.0,3490.25,26.38969,50.182001,0.0,0.08,0.453,75,69,18,5.76,0.0,1.0,8069,3714.0,3714.0,8.220133957151859,8.544419177669829,0.3242852205179698
الدمام,الصفا,قطعة أرض-سكنى,2019,4,1900.0,10,1584.9822992351963,911.0,5905.0,1777.5,3016.0,26.38969,50.182001,0.0,0.08,0.453,75,69,18,5.76,-1.0,-1.8369701987210297e-16,8080,4425.5,4425.5,8.395364483051104,7.550135342488429,-0.8452291405626751
الدمام,الصفا,قطعة أرض-سكنى,2025,4,2639.2582781456954,42,1084.868169181394,807.1203889047755,5864.61126005362,1101.8576693128798,3381.661437046805,26.38969,50.182001,0.0,0.08,0.453,75,69,18,5.76,-1.0,-1.8369701987210297e-16,8104,3714.0,3714.0,8.220133957151859,7.8786320239860075,-0.3415019331658513
الدمام,الصفا,قطعة أرض-سكنى,2026,1,2462.0874417996074,98,1104.492421690664,609.602103998119,6099.3975903614455,1239.0751777947646,2639.2582781456954,26.38969,50.182001,0.0,0.08,0.453,75,69,18,5.76,0.0,1.0,8105,3176.6291390728475,3176.6291390728475,8.063890643960132,7.809170899642039,-0.2547197443180931
الدمام,الصناعية,قطعة أرض-سكنى,2018,4,754.0,11,1.8635254955936096,753.0,760.0,0.0,2193.0,26.451694,50.02191,0.294,0.313,0.614,70,35,78,7.4,-1.0,-1.8369701987210297e-16,8076,2550.672859972651,2550.672859972651,7.844504446581794,6.626717749249025,-1.2177866973327696
الدمام,الضباب,قطعة أرض-تجارى,2026,1,3416.4358264081256,21,2647.4980453179483,1250.0,13360.0,1593.618807724601,2878.903957142857,26.41676,50.059668,0.294,0.535,0.0,202,175,216,7.34,0.0,1.0,8105,1932.5,1932.5,7.567087111047352,8.136645790487087,0.5695586794397354
الدمام,الضباب,قطعة أرض-زراعي,2026,1,2000.0,24,597.9684351282561,1031.3521978021977,3736.855988857939,597.7690423200993,2079.0,26.41676,50.059668,0.294,0.535,0.0,202,175,216,0.0,0.0,1.0,8105,2237.1448935953567,2237.1448935953567,7.713402629222709,7.601402334583733,-0.11200029463897554
الدمام,الضباب,قطعة أرض-سكنى,2016,2,1368.0,12,1372.2838185987177,667.0,4342.0,2038.5,2079.0,26.41676,50.059668,0.294,0.535,0.0,202,175,216,6.22,1.0,6.123233995736766e-17,8066,2181.0437208998037,2181.0437208998037,7.688017203268264,7.221835825288449,-0.4661813779798152
الدمام,الضباب,قطعة أرض-سكنى,2016,3,1400.0,11,2018.522965843184,1397.0,6308.0,2475.0,2079.0,26.41676,50.059668,0.294,0.535,0.0,202,175,216,6.22,1.2246467991473532e-16,-1.0,8067,1368.0,1368.0,7.221835825288449,7.244941546337007,0.023105721048557903
الدمام,الضباب,قطعة أرض-سكنى,2021,2,1282.0,10,1243.7628793303006,500.0,4162.0,585.25,1509.75,26.41676,50.059668,0.294,0.535,0.0,202,175,216,6.22,1.0,6.123233995736766e-17,8086,1384.0,1384.0,7.233455418621439,7.1569563646156364,-0.07649905400580259
الدمام,الضباب,قطعة أرض-سكنى,2022,1,1350.0,15,935.764332358466,1267.0,4167.0,115.0,1196.5,26.41676,50.059668,0.294,0.535,0.0,202,175,216,6.22,0.0,1.0,8089,1368.0,1368.0,7.221835825288449,7.208600337960199,-0.01323548732824964
الدمام,الضباب,قطعة أرض-سكنى,2023,3,1490.0,13,1027.5869418579252,1280.0,3580.0,2161.0,1442.5,26.41676,50.059668,0.294,0.535,0.0,202,175,216,6.22,1.2246467991473532e-16,-1.0,8095,1359.0,1359.0,7.215239978730097,7.307202314764738,0.09196233603464066
الدمام,الضباب,قطعة أرض-سكنى,2025,4,1919.508605796916,43,1518.2181317100244,936.0491238580202,8870.35633055345,1201.981257128166,1660.723043629665,26.41676,50.059668,0.294,0.535,0.0,202,175,216,6.22,-1.0,-1.8369701987210297e-16,8104,1375.0,1375.0,7.226936018493289,7.560345328794882,0.33340931030159293
الدمام,الضباب,قطعة أرض-سكنى,2026,1,1836.1242311696237,130,1423.0456027442503,553.4714962179447,8000.0,1889.395675900708,1919.508605796916,26.41676,50.059668,0.294,0.535,0.0,202,175,216,6.22,0.0,1.0,8105,1420.0,1420.0,7.259116128097101,7.515956710130264,0.2568405820331634
الدمام,العدامة,قطعة أرض-تجارى,2026,1,2275.0,42,1739.5960209620737,500.0,10833.333333333334,1793.6422222161436,2105.588830520171,26.432878,50.10457,0.132,0.233,0.072,302,325,374,7.34,0.0,1.0,8105,2505.5,2505.5,7.826642636703558,7.730174795246222,-0.09646784145733633
الدمام,العدامة,قطعة أرض-سكنى,2016,1,6338.5,22,3304.024471100011,1296.0,13376.0,4843.0,2079.0,26.432878,50.10457,0.132,0.233,0.072,302,325,374,-15.19,0.0,1.0,8065,1663.0621155848119,1663.0621155848119,7.4170169497618526,8.754555179968003,1.3375382302061505
الدمام,العدامة,قطعة أرض-سكنى,2016,2,4161.0,18,4069.3940986423713,2306.0,14525.0,6154.75,2079.0,26.432878,50.10457,0.132,0.233,0.072,302,325,374,-15.19,1.0,6.123233995736766e-17,8066,6338.5,6338.5,8.754555179968003,8.33375100695358,-0.42080417301442274
الدمام,العدامة,قطعة أرض-سكنى,2016,3,4920.0,13,2904.615604119125,2793.0,10761.0,3919.0,2079.0,26.432878,50.10457,0.132,0.233,0.072,302,325,374,-15.19,1.2246467991473532e-16,-1.0,8067,5249.75,5249.75,8.566126202525417,8.501267040865978,-0.06485916165943983
الدمام,العدامة,قطعة أرض-سكنى,2016,4,3536.0,10,3541.851400672316,2485.0,13662.0,2754.5,2079.0,26.432878,50.10457,0.132,0.233,0.072,302,325,374,-15.19,-1.0,-1.8369701987210297e-16,8068,4920.0,4920.0,8.501267040865978,8.17103418920548,-0.3302328516604973
الدمام,العدامة,قطعة أرض-سكنى,2017,2,2967.5,10,4342.35605403334,744.0,15505.0,2798.5,4540.5,26.432878,50.10457,0.132,0.233,0.072,302,325,374,-15.19,1.0,6.123233995736766e-17,8070,4540.5,4540.5,8.421012632942269,7.99581205371073,-0.42520057923153853
الدمام,العدامة,قطعة أرض-سكنى,2017,3,2936.5,16,2835.4324508500167,1512.0,10511.0,5031.0,4540.5,26.432878,50.10457,0.132,0.233,0.072,302,325,374,-15.19,1.2246467991473532e-16,-1.0,8071,3848.5,3848.5,8.255698548718104,7.9853141584524145,-0.27038439026568994
الدمام,العدامة,قطعة أرض-سكنى,2017,4,4232.0,17,2722.5687724258196,1238.0,10454.0,2874.0,4540.5,26.432878,50.10457,0.132,0.233,0.072,302,325,374,-15.19,-1.0,-1.8369701987210297e-16,8072,3251.75,3251.75,8.087256071383585,8.350666240520924,0.26341016913733917
الدمام,العدامة,قطعة أرض-سكنى,2019,3,3153.5,12,1081.4330980021582,1230.0,4920.0,1371.75,3389.5,26.432878,50.10457,0.132,0.233,0.072,302,325,374,-15.19,1.2246467991473532e-16,-1.0,8079,3251.75,3251.75,8.087256071383585,8.056585283810865,-0.03067078757272057
الدمام,العدامة,قطعة أرض-سكنى,2021,1,3934.0,11,2293.8776063092973,819.0,7960.0,3548.0,1732.5,26.432878,50.10457,0.132,0.233,0.072,302,325,374,-15.19,0.0,1.0,8085,3060.5,3060.5,8.02666027091801,8.277666160851503,0.25100588993349326
الدمام,العدامة,قطعة أرض-سكنى,2021,4,2925.0,11,938.0603779753586,1241.0,4021.0,1148.5,1732.5,26.432878,50.10457,0.132,0.233,0.072,302,325,374,-15.19,-1.0,-1.8369701987210297e-16,8088,3543.75,3543.75,8.173222914617668,7.98139158158007,-0.19183133303759803
الدمام,العدامة,قطعة أرض-سكنى,2022,1,4075.0,11,2342.368684589481,542.0,7433.0,3183.0,2630.5,26.432878,50.10457,0.132,0.233,0.072,302,325,374,-15.19,0.0,1.0,8089,3543.75,3543.75,8.173222914617668,8.312871394342615,0.1396484797249471
الدمام,العدامة,قطعة أرض-سكنى,2023,2,4000.0,11,2762.6157532309844,1211.0,10762.0,1222.0,3536.0,26.432878,50.10457,0.132,0.233,0.072,302,325,374,-15.19,1.0,6.123233995736766e-17,8094,3543.75,3543.75,8.173222914617668,8.294299608857235,0.12107669423956757
الدمام,العدامة,قطعة أرض-سكنى,2025,4,2528.7275263913207,128,1328.4724267309525,800.0,7795.698924731183,789.7858285658854,2875.21878976135,26.432878,50.10457,0.132,0.233,0.072,302,325,374,-15.19,-1.0,-1.8369701987210297e-16,8104,3967.0,3967.0,8.286017468404763,7.83586687884329,-0.45015058956147325
الدمام,العدامة,قطعة أرض-سكنى,2026,1,2570.0342465753424,226,1231.0520456790425,520.0,8116.883116883117,1500.6514986628572,2528.7275263913207,26.432878,50.10457,0.132,0.233,0.072,302,325,374,-15.19,0.0,1.0,8105,3462.5,3462.5,8.15003491746266,7.852063527509864,-0.2979713899527967
الدمام,العروبة,قطعة أرض-تجارى,2023,1,1200.0,24,555.7369307791989,1200.0,3063.0,462.5,2079.0,26.346686,49.993031,0.261,0.542,0.711,5,18,11,7.34,0.0,1.0,8093,2637.5,2637.5,7.877965852845723,7.0909098220799835,-0.787056030765739
الدمام,العروبة,قطعة أرض-سكنى,2022,1,1200.0,34,881.8028526517373,999.0,5060.0,0.0,2826.0,26.346686,49.993031,0.261,0.542,0.711,5,18,11,63.53,0.0,1.0,8089,3285.017123287671,3285.017123287671,8.097431509565885,7.0909098220799835,-1.0065216874859013
الدمام,العروبة,قطعة أرض-سكنى,2023,1,1250.0,16,62.38105348047061,1200.0,1450.0,62.5,1717.0,26.346686,49.993031,0.261,0.542,0.711,5,18,11,63.53,0.0,1.0,8093,1200.0,1200.0,7.0909098220799835,7.1316985104669115,0.04078868838692795
الدمام,العروبة,قطعة أرض-سكنى,2025,4,2786.0,29,1617.857350870141,1150.0,8803.632656843667,2359.682141363446,2079.0,26.346686,49.993031,0.261,0.542,0.711,5,18,11,63.53,-1.0,-1.8369701987210297e-16,8104,1225.0,1225.0,7.111512116496157,7.932721027481948,0.8212089109857912
الدمام,العروبة,قطعة أرض-سكنى,2026,1,2730.0277311281725,48,1480.4053427992828,593.5880679634043,6626.905235255136,1750.7592983048921,2786.0,26.346686,49.993031,0.261,0.542,0.711,5,18,11,63.53,0.0,1.0,8105,1250.0,1250.0,7.1316985104669115,7.91243327562507,0.7807347651581589
الدمام,العمامرة,قطعة أرض-تجارى,2026,1,2500.0,35,1006.7233018511789,513.9240946167812,4922.434367541766,915.0,1714.2857142857142,26.44337,50.112293,0.0,0.122,0.124,228,243,323,7.34,0.0,1.0,8105,2637.5,2637.5,7.877965852845723,7.824445930877619,-0.05351992196810329
الدمام,العمامرة,قطعة أرض-سكنى,2017,2,4612.0,12,2910.3047585912354,2767.0,13401.0,2569.0,10505.0,26.44337,50.112293,0.0,0.122,0.124,228,243,323,7.4,1.0,6.123233995736766e-17,8070,1990.0138655640862,1990.0138655640862,7.596399268160533,8.43663368355782,0.8402344153972878
الدمام,العمامرة,قطعة أرض-سكنى,2025,4,3021.494983417915,12,2097.0852461886925,793.6507936507936,8833.333333333334,1785.5809902672645,2079.0,26.44337,50.112293,0.0,0.122,0.124,228,243,323,7.4,-1.0,-1.8369701987210297e-16,8104,4612.0,4612.0,8.43663368355782,8.013837922741637,-0.4227957608161841
الدمام,العمامرة,قطعة أرض-سكنى,2026,1,2325.0,66,1602.4939210327066,725.9528130671506,9650.01059147504,2130.3404471544713,3021.494983417915,26.44337,50.112293,0.0,0.122,0.124,228,243,323,7.4,0.0,1.0,8105,3816.7474917089576,3816.7474917089576,8.247415865825403,7.75190533307861,-0.4955105327467928
الدمام,العنود,قطعة أرض-تجارى,2017,4,4050.0,10,3641.273374643669,2667.0,12000.0,3880.25,4933.0,26.447888,50.070555,0.0,0.425,0.0,235,226,413,7.34,-1.0,-1.8369701987210297e-16,8072,2387.5,2387.5,7.778420832830016,8.30671904320269,0.5282982103726743
الدمام,العنود,قطعة أرض-تجارى,2026,1,2307.4104113526537,22,2192.4528067407145,1200.0,11676.62614190535,1647.069835304368,2632.1988304478555,26.447888,50.070555,0.0,0.425,0.0,235,226,413,7.34,0.0,1.0,8105,4050.0,4050.0,8.30671904320269,7.744314433029661,-0.5624046101730293
الدمام,العنود,قطعة أرض-سكنى,2021,1,1600.0,32,660.4194956860814,500.0,4000.0,459.25,1315.0,26.447888,50.070555,0.0,0.425,0.0,235,226,413,10.23,0.0,1.0,8085,2875.761357273044,2875.761357273044,7.964420411648515,7.3783837129967145,-0.5860366986518004
الدمام,العنود,قطعة أرض-سكنى,2021,2,1633.0,24,816.7107933213177,734.0,4083.0,679.25,1315.0,26.447888,50.070555,0.0,0.425,0.0,235,226,413,10.23,1.0,6.123233995736766e-17,8086,1600.0,1600.0,7.3783837129967145,7.3987862754199485,0.020402562423234016
الدمام,العنود,قطعة أرض-سكنى,2021,3,1633.0,10,538.9991651199472,1380.0,3166.0,418.75,1315.0,26.447888,50.070555,0.0,0.425,0.0,235,226,413,10.23,1.2246467991473532e-16,-1.0,8087,1616.5,1616.5,7.388637026375056,7.3987862754199485,0.01014924904489245
الدمام,العنود,قطعة أرض-سكنى,2021,4,2000.0,16,915.5528020454819,909.0,4923.0,532.25,1315.0,26.447888,50.070555,0.0,0.425,0.0,235,226,413,10.23,-1.0,-1.8369701987210297e-16,8088,1633.0,1633.0,7.3987862754199485,7.601402334583733,0.2026160591637849
الدمام,العنود,قطعة أرض-سكنى,2025,4,1599.5,90,950.8308806161473,560.0,4705.882352941177,1187.5002282979929,1974.81141911354,26.447888,50.070555,0.0,0.425,0.0,235,226,413,10.23,-1.0,-1.8369701987210297e-16,8104,1633.0,1633.0,7.3987862754199485,7.378071359409918,-0.020714916010030393
الدمام,العنود,قطعة أرض-سكنى,2026,1,2200.0,183,1492.7553675133768,520.0,13123.359580052493,1366.0162565333635,1599.5,26.447888,50.070555,0.0,0.425,0.0,235,226,413,10.23,0.0,1.0,8105,1633.0,1633.0,7.3987862754199485,7.696667081526462,0.29788080610651324
الدمام,الفرسان,قطعة أرض-تجارى,2016,1,1488.0,13,479.8899847213915,637.0,2100.0,886.0,2079.0,26.356944,49.960959,0.0,0.492,0.177,9,23,16,-6.21,0.0,1.0,8065,2403.705205676327,2403.705205676327,7.785182599424499,7.305860032684009,-0.4793225667404899
الدمام,الفرسان,قطعة أرض-تجارى,2020,4,975.0,12,512.9074802859999,747.0,2684.0,0.0,864.5,26.356944,49.960959,0.0,0.492,0.177,9,23,16,-6.21,-1.0,-1.8369701987210297e-16,8084,1488.0,1488.0,7.305860032684009,6.883462586413092,-0.42239744627091724
الدمام,الفرسان,قطعة أرض-تجارى,2023,2,1190.0,42,321.7179350500509,1160.0,1824.0,638.0,2200.0,26.356944,49.960959,0.0,0.492,0.177,9,23,16,-6.21,1.0,6.123233995736766e-17,8094,1231.5,1231.5,7.116799905916845,7.0825485693553,-0.03425133656154511
الدمام,الفرسان,قطعة أرض-سكنى,2016,1,769.0,23,973.9826130043507,625.0,3439.0,1101.5,2079.0,26.356944,49.960959,0.0,0.492,0.177,9,23,16,23.63,0.0,1.0,8065,1816.5,1816.5,7.505217209407674,6.646390514847729,-0.8588266945599452
الدمام,الفرسان,قطعة أرض-سكنى,2016,2,750.0,25,673.6511164294665,514.0,4061.0,36.0,2079.0,26.356944,49.960959,0.0,0.492,0.177,9,23,16,23.63,1.0,6.123233995736766e-17,8066,769.0,769.0,6.646390514847729,6.621405651764134,-0.02498486308359471
الدمام,الفرسان,قطعة أرض-سكنى,2016,3,810.0,21,885.8146801781102,578.0,3962.0,252.0,2079.0,26.356944,49.960959,0.0,0.492,0.177,9,23,16,23.63,1.2246467991473532e-16,-1.0,8067,759.5,759.5,6.633976111699347,6.698268054115413,0.06429194241606595
الدمام,الفرسان,قطعة أرض-سكنى,2016,4,881.5,20,1078.5732522765045,655.0,4788.0,1232.75,2079.0,26.356944,49.960959,0.0,0.492,0.177,9,23,16,23.63,-1.0,-1.8369701987210297e-16,8068,769.0,769.0,6.646390514847729,6.782758788807452,0.1363682739597225
الدمام,الفرسان,قطعة أرض-سكنى,2017,1,1148.5,14,1210.7066980863733,700.0,4013.0,2243.0,789.5,26.356944,49.960959,0.0,0.492,0.177,9,23,16,23.63,0.0,1.0,8069,789.5,789.5,6.672665656649527,7.047082344203236,0.37441668755370916
الدمام,الفرسان,قطعة أرض-سكنى,2017,2,843.0,17,706.5599293927794,547.0,2833.0,686.0,789.5,26.356944,49.960959,0.0,0.492,0.177,9,23,16,23.63,1.0,6.123233995736766e-17,8070,845.75,845.75,6.741405491697881,6.738152494595957,-0.003252997101923505
الدمام,الفرسان,قطعة أرض-سكنى,2017,3,914.0,12,794.0796225629373,526.0,2740.0,1241.0,789.5,26.356944,49.960959,0.0,0.492,0.177,9,23,16,23.63,1.2246467991473532e-16,-1.0,8071,862.25,862.25,6.760704336270102,6.818924065275521,0.05821972900541894
الدمام,الفرسان,قطعة أرض-سكنى,2017,4,774.5,20,875.0008180447305,554.0,2922.0,1575.0,789.5,26.356944,49.960959,0.0,0.492,0.177,9,23,16,23.63,-1.0,-1.8369701987210297e-16,8072,897.75,897.75,6.801004909035257,6.653507982616594,-0.14749692641866297
الدمام,الفرسان,قطعة أرض-سكنى,2018,1,825.0,11,710.8018647338307,500.0,2418.0,793.0,878.5,26.356944,49.960959,0.0,0.492,0.177,9,23,16,23.63,0.0,1.0,8073,878.5,878.5,6.779353564177613,6.716594773520978,-0.06275879065663492
الدمام,الفرسان,قطعة أرض-سكنى,2018,2,675.0,18,490.02399567762933,505.0,2303.0,262.5,878.5,26.356944,49.960959,0.0,0.492,0.177,9,23,16,23.63,1.0,6.123233995736766e-17,8074,834.0,834.0,6.727431724850855,6.516193076042964,-0.21123864880789078
الدمام,الفرسان,قطعة أرض-سكنى,2018,3,746.5,12,465.76417332327645,500.0,1867.0,603.25,878.5,26.356944,49.960959,0.0,0.492,0.177,9,23,16,23.63,1.2246467991473532e-16,-1.0,8075,799.75,799.75,6.6855487884892675,6.616734305264841,-0.0688144832244264
الدمام,الفرسان,قطعة أرض-سكنى,2018,4,738.0,45,635.716610677202,500.0,3150.0,138.0,878.5,26.356944,49.960959,0.0,0.492,0.177,9,23,16,23.63,-1.0,-1.8369701987210297e-16,8076,760.5,760.5,6.635290172335217,6.6052979209482015,-0.029992251387015223
الدمام,الفرسان,قطعة أرض-سكنى,2019,1,800.0,29,397.79078034327085,500.0,2308.0,119.0,742.25,26.356944,49.960959,0.0,0.492,0.177,9,23,16,23.63,0.0,1.0,8077,742.25,742.25,6.6110324618782075,6.68586094706836,0.07482848519015217
الدمام,الفرسان,قطعة أرض-سكنى,2019,2,799.0,26,610.8050438056824,536.0,3421.0,186.0,742.25,26.356944,49.960959,0.0,0.492,0.177,9,23,16,23.63,1.0,6.123233995736766e-17,8078,742.25,742.25,6.6110324618782075,6.684611727667927,0.07357926578971963
الدمام,الفرسان,قطعة أرض-سكنى,2019,3,823.5,22,533.505967054837,583.0,2867.0,321.25,742.25,26.356944,49.960959,0.0,0.492,0.177,9,23,16,23.63,1.2246467991473532e-16,-1.0,8079,772.75,772.75,6.651248823998806,6.714777141999654,0.06352831800084768
الدمام,الفرسان,قطعة أرض-سكنى,2019,4,900.0,47,295.51269203933816,611.0,2708.0,0.0,742.25,26.356944,49.960959,0.0,0.492,0.177,9,23,16,23.63,-1.0,-1.8369701987210297e-16,8080,799.5,799.5,6.685236532436769,6.803505257608338,0.11826872517156861
الدمام,الفرسان,قطعة أرض-سكنى,2020,1,950.0,33,611.9113002665822,514.0,3548.0,102.0,811.75,26.356944,49.960959,0.0,0.492,0.177,9,23,16,23.63,0.0,1.0,8081,811.75,811.75,6.700423559184014,6.85751406254539,0.15709050336137587
الدمام,الفرسان,قطعة أرض-سكنى,2020,2,1429.0,25,1284.480566869996,676.0,4364.0,2383.0,811.75,26.356944,49.960959,0.0,0.492,0.177,9,23,16,23.63,1.0,6.123233995736766e-17,8082,861.75,861.75,6.7601249619781125,7.265429723253953,0.5053047612758403
الدمام,الفرسان,قطعة أرض-سكنى,2020,3,917.0,19,308.67996636877314,500.0,1912.0,290.0,811.75,26.356944,49.960959,0.0,0.492,0.177,9,23,16,23.63,1.2246467991473532e-16,-1.0,8083,925.0,925.0,6.8308742346461795,6.822197390620491,-0.008676844025688801
الدمام,الفرسان,قطعة أرض-سكنى,2020,4,1000.0,75,517.6915496128371,505.0,3729.0,91.5,811.75,26.356944,49.960959,0.0,0.492,0.177,9,23,16,23.63,-1.0,-1.8369701987210297e-16,8084,933.5,933.5,6.840011626895618,6.90875477931522,0.06874315241960272
الدمام,الفرسان,قطعة أرض-سكنى,2022,1,2540.0,17,1267.4431446814488,889.0,4879.0,2102.0,2079.0,26.356944,49.960959,0.0,0.492,0.177,9,23,16,23.63,0.0,1.0,8089,975.0,975.0,6.883462586413092,7.840312983320164,0.9568503969070719
الدمام,الفرسان,قطعة أرض-سكنى,2022,2,1333.0,27,967.5606623502401,735.0,3886.0,1425.5,2079.0,26.356944,49.960959,0.0,0.492,0.177,9,23,16,23.63,1.0,6.123233995736766e-17,8090,1214.5,1214.5,7.102910793756178,7.195937226475569,0.09302643271939104
الدمام,الفرسان,قطعة أرض-سكنى,2022,3,1300.0,20,464.6483673307784,515.0,3043.0,13.0,2079.0,26.356944,49.960959,0.0,0.492,0.177,9,23,16,23.63,1.2246467991473532e-16,-1.0,8091,1166.5,1166.5,7.062619989543053,7.170888478512505,0.10826848896945229
الدمام,الفرسان,قطعة أرض-سكنى,2022,4,2198.0,15,1052.0048795831065,565.0,3403.0,1807.5,2079.0,26.356944,49.960959,0.0,0.492,0.177,9,23,16,23.63,-1.0,-1.8369701987210297e-16,8092,1316.5,1316.5,7.1834912804155175,7.695757990554761,0.5122667101392437
الدمام,الفرسان,قطعة أرض-سكنى,2023,2,1161.0,41,305.24446020821557,867.0,3030.0,30.0,1765.5,26.356944,49.960959,0.0,0.492,0.177,9,23,16,23.63,1.0,6.123233995736766e-17,8094,1765.5,1765.5,7.4767554667992,7.057897937411856,-0.4188575293873438
الدمام,الفرسان,قطعة أرض-سكنى,2023,3,1300.0,10,1066.961396781637,738.0,3828.0,1712.75,1765.5,26.356944,49.960959,0.0,0.492,0.177,9,23,16,23.63,1.2246467991473532e-16,-1.0,8095,1316.5,1316.5,7.1834912804155175,7.170888478512505,-0.012602801903012661
الدمام,الفيحاء,قطعة أرض-تجارى,2025,4,2800.0,14,589.4840497335388,1972.137639430131,3776.223776223776,961.0924653085835,2079.0,26.438114,50.038534,0.176,0.384,0.315,100,87,202,7.34,-1.0,-1.8369701987210297e-16,8104,1339.0,1339.0,7.200424892944957,7.937731775260109,0.7373068823151518
الدمام,الفيحاء,قطعة أرض-تجارى,2026,1,2084.4891984655765,24,1386.5626766653318,614.9305128520477,5873.572567783094,1428.0923558943423,2800.0,26.438114,50.038534,0.176,0.384,0.315,100,87,202,7.34,0.0,1.0,8105,2800.0,2800.0,7.937731775260109,7.642758734273587,-0.29497304098652144
الدمام,الفيحاء,قطعة أرض-سكنى,2016,1,3751.0,11,881.8054722607991,2050.0,4000.0,1741.0,2079.0,26.438114,50.038534,0.176,0.384,0.315,100,87,202,32.78,0.0,1.0,8065,1300.0,1300.0,7.170888478512505,8.230044310126114,1.0591558316136096
الدمام,الفيحاء,قطعة أرض-سكنى,2018,4,1828.0,12,972.3870776536877,651.0,3286.0,1907.75,1909.0,26.438114,50.038534,0.176,0.384,0.315,100,87,202,32.78,-1.0,-1.8369701987210297e-16,8076,3751.0,3751.0,8.230044310126114,7.511524648390866,-0.7185196617352485
الدمام,الفيحاء,قطعة أرض-سكنى,2019,1,1450.0,10,1057.62894669581,900.0,3568.0,1779.0,1676.0,26.438114,50.038534,0.176,0.384,0.315,100,87,202,32.78,0.0,1.0,8077,2789.5,2789.5,7.933976070228488,7.280008252884188,-0.6539678173443004
الدمام,الفيحاء,قطعة أرض-سكنى,2021,4,1270.0,11,321.1531778394286,1270.0,2151.0,255.0,1414.0,26.438114,50.038534,0.176,0.384,0.315,100,87,202,32.78,-1.0,-1.8369701987210297e-16,8088,1828.0,1828.0,7.511524648390866,7.147559271189454,-0.36396537720141175
الدمام,الفيحاء,قطعة أرض-سكنى,2025,4,2393.547814713642,62,2134.313277999923,895.0666666666667,14933.928679176975,1792.7502634569373,1767.70783277271,26.438114,50.038534,0.176,0.384,0.315,100,87,202,32.78,-1.0,-1.8369701987210297e-16,8104,1639.0,1639.0,7.402451520818244,7.780949688141926,0.37849816732368247
الدمام,الفيحاء,قطعة أرض-سكنى,2026,1,2049.5901639344265,110,1590.4910001662658,540.1962210196175,9539.58264325936,1583.5858624120692,2393.547814713642,26.438114,50.038534,0.176,0.384,0.315,100,87,202,32.78,0.0,1.0,8105,1639.0,1639.0,7.402451520818244,7.625882915547624,0.22343139472938045
الدمام,الفيصلية,قطعة أرض-تجارى,2016,4,3634.5,16,1240.5925936153792,593.0,4983.0,1338.0,2079.0,26.393687,50.071403,0.348,0.176,0.0,154,122,112,-15.15,-1.0,-1.8369701987210297e-16,8068,1637.2445992327882,1637.2445992327882,7.401380581245647,8.198501932090112,0.7971213508444652
الدمام,الفيصلية,قطعة أرض-تجارى,2020,2,2026.0,16,1996.6307276259174,1157.0,7917.0,2053.0,1388.75,26.393687,50.071403,0.348,0.176,0.0,154,122,112,-15.15,1.0,6.123233995736766e-17,8082,3634.5,3634.5,8.198501932090112,7.614312146452,-0.5841897856381122
الدمام,الفيصلية,قطعة أرض-تجارى,2022,2,1952.0,20,987.2028786851315,1900.0,5249.0,323.0,1932.0,26.393687,50.071403,0.348,0.176,0.0,154,122,112,-15.15,1.0,6.123233995736766e-17,8090,2830.25,2830.25,7.9484735892313445,7.577121930876679,-0.37135165835466566
الدمام,الفيصلية,قطعة أرض-تجارى,2023,2,2000.0,11,1447.9463576201483,1165.0,6347.0,640.0,2984.75,26.393687,50.071403,0.348,0.176,0.0,154,122,112,-15.15,1.0,6.123233995736766e-17,8094,2026.0,2026.0,7.614312146452,7.601402334583733,-0.012909811868266452
الدمام,الفيصلية,قطعة أرض-تجارى,2025,4,2725.0,12,1385.3642780638343,783.9535899474752,5343.826665695062,2088.237864000272,3020.962629127,26.393687,50.071403,0.348,0.176,0.0,154,122,112,-15.15,-1.0,-1.8369701987210297e-16,8104,2013.0,2013.0,7.607878073278507,7.9105906122564775,0.30271253897797035
الدمام,الفيصلية,قطعة أرض-تجارى,2026,1,2175.363936834374,82,1192.1200049345953,530.9318875649626,7142.857142857143,1553.2873860055686,2725.0,26.393687,50.071403,0.348,0.176,0.0,154,122,112,-15.15,0.0,1.0,8105,2013.0,2013.0,7.607878073278507,7.685410844374491,0.07753277109598411
الدمام,الفيصلية,قطعة أرض-زراعي,2026,1,1653.195885981979,20,684.4572233510354,824.6431011311457,3256.6244066574536,820.1783272944142,2079.0,26.393687,50.071403,0.348,0.176,0.0,154,122,112,0.0,0.0,1.0,8105,2237.1448935953567,2237.1448935953567,7.713402629222709,7.411070300241039,-0.3023323289816702
الدمام,الفيصلية,قطعة أرض-سكنى,2016,1,1655.5,12,1235.0621993906366,967.0,4222.0,1645.25,2079.0,26.393687,50.071403,0.348,0.176,0.0,154,122,112,6.56,0.0,1.0,8065,1749.7950819672133,1749.7950819672133,7.467825296292469,7.4124622217399505,-0.055363074552518654
الدمام,الفيصلية,قطعة أرض-سكنى,2016,2,2280.0,19,1365.6354389245996,1430.0,5967.0,2072.0,2079.0,26.393687,50.071403,0.348,0.176,0.0,154,122,112,6.56,1.0,6.123233995736766e-17,8066,1655.5,1655.5,7.4124622217399505,7.732369222284388,0.3199070005444371
الدمام,الفيصلية,قطعة أرض-سكنى,2016,3,2071.0,13,1075.6859945980327,1189.0,4677.0,1571.0,2079.0,26.393687,50.071403,0.348,0.176,0.0,154,122,112,6.56,1.2246467991473532e-16,-1.0,8067,1967.75,1967.75,7.585154102573943,7.6362696033793735,0.05111550080543026
الدمام,الفيصلية,قطعة أرض-سكنى,2017,1,3218.0,16,1012.7972794032705,1037.0,4500.0,1068.75,2162.0,26.393687,50.071403,0.348,0.176,0.0,154,122,112,6.56,0.0,1.0,8069,2071.0,2071.0,7.6362696033793735,8.076826031298808,0.44055642791943406
الدمام,الفيصلية,قطعة أرض-سكنى,2017,2,1833.5,18,1093.391337832461,714.0,4444.0,1512.25,2162.0,26.393687,50.071403,0.348,0.176,0.0,154,122,112,6.56,1.0,6.123233995736766e-17,8070,2175.5,2175.5,7.6854733609923525,7.514527243795337,-0.17094611719701547
الدمام,الفيصلية,قطعة أرض-سكنى,2017,3,1700.0,17,1410.1218580008483,943.0,5974.0,2116.0,2162.0,26.393687,50.071403,0.348,0.176,0.0,154,122,112,6.56,1.2246467991473532e-16,-1.0,8071,2175.5,2175.5,7.6854733609923525,7.438971592395862,-0.24650176859649076
الدمام,الفيصلية,قطعة أرض-سكنى,2017,4,2607.0,23,922.7572276529568,908.0,4444.0,1075.5,2162.0,26.393687,50.071403,0.348,0.176,0.0,154,122,112,6.56,-1.0,-1.8369701987210297e-16,8072,1952.25,1952.25,7.577249930876854,7.866338923046544,0.28908899216969
الدمام,الفيصلية,قطعة أرض-سكنى,2018,1,1736.0,15,1351.2417992350593,521.0,4695.0,2302.0,2220.25,26.393687,50.071403,0.348,0.176,0.0,154,122,112,6.56,0.0,1.0,8073,2220.25,2220.25,7.705825379468861,7.459914766241105,-0.24591061322775598
الدمام,الفيصلية,قطعة أرض-سكنى,2018,2,1700.0,18,1068.0000076497513,519.0,4789.0,1525.75,2220.25,26.393687,50.071403,0.348,0.176,0.0,154,122,112,6.56,1.0,6.123233995736766e-17,8074,1784.75,1784.75,7.487593774035082,7.438971592395862,-0.04862218163922005
الدمام,الفيصلية,قطعة أرض-سكنى,2018,3,2472.5,14,770.3313401558927,1094.0,3352.0,1163.25,2220.25,26.393687,50.071403,0.348,0.176,0.0,154,122,112,6.56,1.2246467991473532e-16,-1.0,8075,1718.0,1718.0,7.449498005382849,7.813389430667764,0.3638914252849146
الدمام,الفيصلية,قطعة أرض-سكنى,2018,4,1660.0,28,1098.4235408676725,500.0,4103.0,1743.0,2220.25,26.393687,50.071403,0.348,0.176,0.0,154,122,112,6.56,-1.0,-1.8369701987210297e-16,8076,2104.25,2104.25,7.652189503910102,7.415175109613295,-0.23701439429680704
الدمام,الفيصلية,قطعة أرض-سكنى,2019,1,1550.0,19,903.3701293729358,586.0,3880.0,1078.5,1718.0,26.393687,50.071403,0.348,0.176,0.0,154,122,112,6.56,0.0,1.0,8077,1718.0,1718.0,7.449498005382849,7.346655163176539,-0.1028428422063099
الدمام,الفيصلية,قطعة أرض-سكنى,2019,2,1250.0,35,781.2951830295706,795.0,4572.0,0.0,1718.0,26.393687,50.071403,0.348,0.176,0.0,154,122,112,6.56,1.0,6.123233995736766e-17,8078,1680.0,1680.0,7.427144133408616,7.1316985104669115,-0.2954456229417044
الدمام,الفيصلية,قطعة أرض-سكنى,2019,3,2000.0,14,955.6943997504043,691.0,4167.0,515.75,1718.0,26.393687,50.071403,0.348,0.176,0.0,154,122,112,6.56,1.2246467991473532e-16,-1.0,8079,1605.0,1605.0,7.381501894506707,7.601402334583733,0.21990044007702636
الدمام,الفيصلية,قطعة أرض-سكنى,2019,4,1206.5,24,1399.3983463917834,648.0,5967.0,1005.75,1718.0,26.393687,50.071403,0.348,0.176,0.0,154,122,112,6.56,-1.0,-1.8369701987210297e-16,8080,1605.0,1605.0,7.381501894506707,7.096307385526727,-0.28519450897997967
الدمام,الفيصلية,قطعة أرض-سكنى,2020,1,1699.0,12,899.6457383578575,1038.0,4075.0,672.75,1400.0,26.393687,50.071403,0.348,0.176,0.0,154,122,112,6.56,0.0,1.0,8081,1400.0,1400.0,7.244941546337007,7.438383530044307,0.19344198370730048
الدمام,الفيصلية,قطعة أرض-سكنى,2020,2,1656.0,32,1677.3433172224004,505.0,7667.0,589.75,1400.0,26.393687,50.071403,0.348,0.176,0.0,154,122,112,6.56,1.0,6.123233995736766e-17,8082,1474.5,1474.5,7.296752194382994,7.4127640174265625,0.11601182304356872
الدمام,الفيصلية,قطعة أرض-سكنى,2020,3,1955.0,12,1079.3529908180542,1155.0,4360.0,1827.75,1400.0,26.393687,50.071403,0.348,0.176,0.0,154,122,112,6.56,1.2246467991473532e-16,-1.0,8083,1677.5,1677.5,7.42565581642009,7.578656850594762,0.1530010341746726
الدمام,الفيصلية,قطعة أرض-سكنى,2020,4,1700.0,21,1372.063013963176,1021.0,5759.0,1882.0,1400.0,26.393687,50.071403,0.348,0.176,0.0,154,122,112,6.56,-1.0,-1.8369701987210297e-16,8084,1677.5,1677.5,7.42565581642009,7.438971592395862,0.013315775975772048
الدمام,الفيصلية,قطعة أرض-سكنى,2021,1,1800.0,19,1004.8110147876547,666.0,4329.0,1191.0,1699.5,26.393687,50.071403,0.348,0.176,0.0,154,122,112,6.56,0.0,1.0,8085,1699.5,1699.5,7.43867760444725,7.496097345175956,0.05741974072870626
الدمام,الفيصلية,قطعة أرض-سكنى,2021,2,2100.0,17,1062.2972678559036,627.0,5329.0,500.0,1699.5,26.393687,50.071403,0.348,0.176,0.0,154,122,112,6.56,1.0,6.123233995736766e-17,8086,1750.0,1750.0,7.467942332285852,7.650168700845001,0.18222636855914853
الدمام,الفيصلية,قطعة أرض-سكنى,2021,3,1800.0,23,688.4948439876862,757.0,4166.0,365.0,1699.5,26.393687,50.071403,0.348,0.176,0.0,154,122,112,6.56,1.2246467991473532e-16,-1.0,8087,1877.5,1877.5,7.538228865014023,7.496097345175956,-0.04213151983806718
الدمام,الفيصلية,قطعة أرض-سكنى,2021,4,1750.0,21,999.3189132985478,692.0,4000.0,1195.0,1699.5,26.393687,50.071403,0.348,0.176,0.0,154,122,112,6.56,-1.0,-1.8369701987210297e-16,8088,1800.0,1800.0,7.496097345175956,7.467942332285852,-0.028155012890104025
الدمام,الفيصلية,قطعة أرض-سكنى,2022,1,2000.0,25,1825.1265234680761,1141.0,8333.0,950.0,1800.0,26.393687,50.071403,0.348,0.176,0.0,154,122,112,6.56,0.0,1.0,8089,1800.0,1800.0,7.496097345175956,7.601402334583733,0.10530498940777733
الدمام,الفيصلية,قطعة أرض-سكنى,2022,2,1900.0,52,584.3086551211372,723.0,4300.0,175.0,1800.0,26.393687,50.071403,0.348,0.176,0.0,154,122,112,6.56,1.0,6.123233995736766e-17,8090,1900.0,1900.0,7.550135342488429,7.550135342488429,0.0
الدمام,الفيصلية,قطعة أرض-سكنى,2022,3,2097.0,17,1687.7738753789754,507.0,6667.0,735.0,1800.0,26.393687,50.071403,0.348,0.176,0.0,154,122,112,6.56,1.2246467991473532e-16,-1.0,8091,1850.0,1850.0,7.523481312573497,7.6487397889562425,0.12525847638274534
الدمام,الفيصلية,قطعة أرض-سكنى,2022,4,3217.0,12,1706.9929501372235,1076.0,6667.0,1760.0,1800.0,26.393687,50.071403,0.348,0.176,0.0,154,122,112,6.56,-1.0,-1.8369701987210297e-16,8092,1950.0,1950.0,7.576097340623111,8.076515327552329,0.500417986929218
الدمام,الفيصلية,قطعة أرض-سكنى,2023,1,2200.0,11,1144.6460667742751,1000.0,5440.0,922.0,2048.5,26.393687,50.071403,0.348,0.176,0.0,154,122,112,6.56,0.0,1.0,8093,2048.5,2048.5,7.625351139944392,7.696667081526462,0.07131594158206944
الدمام,الفيصلية,قطعة أرض-سكنى,2023,2,2149.0,21,1286.1257936698328,706.0,6016.0,1372.0,2048.5,26.393687,50.071403,0.348,0.176,0.0,154,122,112,6.56,1.0,6.123233995736766e-17,8094,2148.5,2148.5,7.672990535936337,7.673223121121708,0.00023258518537172534
الدمام,الفيصلية,قطعة أرض-سكنى,2023,3,3657.0,11,1494.4965342579724,1304.0,6032.0,2174.0,2048.5,26.393687,50.071403,0.348,0.176,0.0,154,122,112,6.56,1.2246467991473532e-16,-1.0,8095,2174.5,2174.5,7.685013802160735,8.204671828950811,0.5196580267900766
الدمام,الفيصلية,قطعة أرض-سكنى,2025,4,2400.0,88,1303.1274889899853,896.418806866568,7483.461549974556,1185.2826250892779,2211.0490697559153,26.393687,50.071403,0.348,0.176,0.0,154,122,112,6.56,-1.0,-1.8369701987210297e-16,8104,2708.5,2708.5,7.904519395006169,7.783640596221253,-0.12087879878491581
الدمام,الفيصلية,قطعة أرض-سكنى,2026,1,2507.4570125160835,328,1180.7775853312503,514.2857142857143,7692.307692307692,1334.5580152087098,2400.0,26.393687,50.071403,0.348,0.176,0.0,154,122,112,6.56,0.0,1.0,8105,2300.0,2300.0,7.741099090035366,7.827423107048784,0.08632401701341763
الدمام,القادسية,قطعة أرض-سكنى,2016,1,1921.0,13,1094.9597697796469,1062.0,4537.0,945.0,2079.0,26.418225,50.071049,0.043,0.291,0.0,266,211,254,16.59,0.0,1.0,8065,2453.7285062580418,2453.7285062580418,7.805771446031044,7.561121589530238,-0.24464985650080617
الدمام,القادسية,قطعة أرض-سكنى,2017,1,2560.0,10,1096.564944623791,561.0,3707.0,1679.0,2361.25,26.418225,50.071049,0.043,0.291,0.0,266,211,254,16.59,0.0,1.0,8069,1921.0,1921.0,7.561121589530238,7.848153086199526,0.28703149666928773
الدمام,القادسية,قطعة أرض-سكنى,2018,3,1186.5,10,1180.4502389625184,595.0,4722.0,348.5,2117.25,26.418225,50.071049,0.043,0.291,0.0,266,211,254,16.59,1.2246467991473532e-16,-1.0,8075,2240.5,2240.5,7.714900563595494,7.079605535908796,-0.6352950276866975
الدمام,القادسية,قطعة أرض-سكنى,2019,1,1717.0,11,1059.642495458642,761.0,4559.0,1094.0,1691.5,26.418225,50.071049,0.043,0.291,0.0,266,211,254,16.59,0.0,1.0,8077,1921.0,1921.0,7.561121589530238,7.4489161025442,-0.1122054869860376
الدمام,القادسية,قطعة أرض-سكنى,2020,4,1080.5,12,301.64603981045957,700.0,1671.0,396.0,1366.75,26.418225,50.071049,0.043,0.291,0.0,266,211,254,16.59,-1.0,-1.8369701987210297e-16,8084,1819.0,1819.0,7.506591780070841,6.986104245393113,-0.520487534677728
الدمام,القادسية,قطعة أرض-سكنى,2021,1,1107.5,14,612.6579859042953,595.0,2998.0,489.25,1268.0,26.418225,50.071049,0.043,0.291,0.0,266,211,254,16.59,0.0,1.0,8085,1451.75,1451.75,7.281213590955215,7.010763029056366,-0.27045056189884864
الدمام,القادسية,قطعة أرض-سكنى,2021,4,1055.5,16,1908.1121462062968,661.0,8371.0,1359.25,1268.0,26.418225,50.071049,0.043,0.291,0.0,266,211,254,16.59,-1.0,-1.8369701987210297e-16,8088,1147.0,1147.0,7.045776576879511,6.962716837056111,-0.08305973982340031
الدمام,القادسية,قطعة أرض-سكنى,2022,2,1197.0,10,465.7215310080096,794.0,2455.0,272.5,1113.75,26.418225,50.071049,0.043,0.291,0.0,266,211,254,16.59,1.0,6.123233995736766e-17,8090,1094.0,1094.0,6.9985096422506015,7.088408778675395,0.08989913642479319
الدمام,القادسية,قطعة أرض-سكنى,2025,4,1808.0,39,3504.3558984355595,856.0,12847.222222222224,2213.0828946623647,1349.2427759238149,26.418225,50.071049,0.043,0.291,0.0,266,211,254,16.59,-1.0,-1.8369701987210297e-16,8104,1094.0,1094.0,6.9985096422506015,7.500529485395295,0.5020198431446934
الدمام,القادسية,قطعة أرض-سكنى,2026,1,2302.766639935846,108,1590.2417831493199,500.0,11535.401750198886,1124.2343992402828,1808.0,26.418225,50.071049,0.043,0.291,0.0,266,211,254,16.59,0.0,1.0,8105,1152.25,1152.25,7.05033932243793,7.742300731936068,0.6919614094981386
الدمام,القزاز,قطعة أرض-تجارى,2026,1,2398.003742981909,19,4999.081543722114,666.6666666666666,14112.90322580645,2204.358555663589,3700.0,26.434762,50.092024,0.01,0.149,0.01,322,306,464,7.34,0.0,1.0,8105,2087.681968417187,2087.681968417187,7.644288508902663,7.782808823064367,0.1385203141617044
الدمام,القزاز,قطعة أرض-سكنى,2016,1,5310.5,16,3367.0389959131744,806.0,12300.0,5610.75,2079.0,26.434762,50.092024,0.01,0.149,0.01,322,306,464,7.4,0.0,1.0,8065,1502.5,1502.5,7.315551002428584,8.577629560220068,1.262078557791484
الدمام,القزاز,قطعة أرض-سكنى,2025,4,1851.851851851852,39,1158.8866397124743,1232.0,6250.0,1531.4019500910772,2034.0759597297065,26.434762,50.092024,0.01,0.149,0.01,322,306,464,7.4,-1.0,-1.8369701987210297e-16,8104,5310.5,5310.5,8.577629560220068,7.524481272658421,-1.0531482875616467
الدمام,القزاز,قطعة أرض-سكنى,2026,1,2374.283237375229,158,2838.900846039785,614.0,18817.204301075268,1288.2946703704235,1851.851851851852,26.434762,50.092024,0.01,0.149,0.01,322,306,464,7.4,0.0,1.0,8105,3581.175925925926,3581.175925925926,8.183725695296777,7.772871967200292,-0.4108537280964857
الدمام,المحمدية,قطعة أرض-سكنى,2025,4,1227.1143179698622,13,97.41566824605754,1161.0,1400.0,207.25190839694642,2092.5942390938,26.459617,50.055398,0.226,0.384,0.0,156,133,330,7.4,-1.0,-1.8369701987210297e-16,8104,2338.5249386555374,2338.5249386555374,7.757703170072297,7.113235197183555,-0.6444679728887417
الدمام,المريكبات,قطعة أرض-تجارى,2025,4,3000.0,12,0.0,2999.9999999999995,3000.0,0.0,2079.0,26.411557,50.103841,0.0,0.0,0.523,275,201,219,7.34,-1.0,-1.8369701987210297e-16,8104,2286.6838399081416,2286.6838399081416,7.735295161093366,8.006700845440367,0.27140568434700096
الدمام,المريكبات,قطعة أرض-سكنى,2016,3,1866.5,10,549.0335043409362,1658.0,3185.0,423.0,2079.0,26.411557,50.103841,0.0,0.0,0.523,275,201,219,35.48,1.2246467991473532e-16,-1.0,8067,2113.0675446135406,2113.0675446135406,7.6563691170141475,7.5323559170069725,-0.12401320000717497
الدمام,المريكبات,قطعة أرض-سكنى,2018,4,1637.0,10,960.4448332818381,800.0,3333.0,1446.0,2638.5,26.411557,50.103841,0.0,0.0,0.523,275,201,219,35.48,-1.0,-1.8369701987210297e-16,8076,1866.5,1866.5,7.5323559170069725,7.401231264413015,-0.13112465259395734
الدمام,المريكبات,قطعة أرض-سكنى,2025,4,3000.0,14,46.66691038582054,2871.0,3000.0,0.0,2617.93154761905,26.411557,50.103841,0.0,0.0,0.523,275,201,219,35.48,-1.0,-1.8369701987210297e-16,8104,1751.75,1751.75,7.468941262087077,8.006700845440367,0.5377595833532895
الدمام,المزروعية,قطعة أرض-تجارى,2026,1,1850.0,37,1288.8843601038964,570.0,6831.067695880867,1121.4285714285716,1898.7605219979396,26.444289,50.121797,0.14,0.068,0.047,151,172,274,7.34,0.0,1.0,8105,2561.5018714909547,2561.5018714909547,7.848739353784331,7.523481312573497,-0.3252580412108337
الدمام,المزروعية,قطعة أرض-سكنى,2016,1,3706.0,11,1441.2198620991492,1520.0,6000.0,1795.0,2079.0,26.444289,50.121797,0.14,0.068,0.047,151,172,274,-8.14,0.0,1.0,8065,1751.75,1751.75,7.468941262087077,8.217978203150732,0.7490369410636548
الدمام,المزروعية,قطعة أرض-سكنى,2016,2,3038.0,15,1261.5156115146724,1053.0,5779.0,1683.5,2079.0,26.444289,50.121797,0.14,0.068,0.047,151,172,274,-8.14,1.0,6.123233995736766e-17,8066,3706.0,3706.0,8.217978203150732,8.019283792916793,-0.19869441023393897
الدمام,المزروعية,قطعة أرض-سكنى,2016,4,1840.0,10,1117.6651307276452,500.0,3311.0,2156.0,2079.0,26.444289,50.121797,0.14,0.068,0.047,151,172,274,-8.14,-1.0,-1.8369701987210297e-16,8068,3372.0,3372.0,8.12355783506165,7.518064181233078,-0.6054936538285718
الدمام,المزروعية,قطعة أرض-سكنى,2019,2,1822.5,10,431.49771468430487,1420.0,2898.0,370.25,2183.0,26.444289,50.121797,0.14,0.068,0.047,151,172,274,-8.14,1.0,6.123233995736766e-17,8078,3038.0,3038.0,8.019283792916793,7.508513010248735,-0.5107707826680583
الدمام,المزروعية,قطعة أرض-سكنى,2021,1,1800.0,11,652.0804049697051,800.0,3061.0,562.5,2369.5,26.444289,50.121797,0.14,0.068,0.047,151,172,274,-8.14,0.0,1.0,8085,2439.0,2439.0,7.799753318287247,7.496097345175956,-0.3036559731112911
الدمام,المزروعية,قطعة أرض-سكنى,2021,2,2249.5,10,1095.8018068975796,1000.0,4545.0,1344.5,2369.5,26.444289,50.121797,0.14,0.068,0.047,151,172,274,-8.14,1.0,6.123233995736766e-17,8086,1831.25,1831.25,7.51329999880596,7.718907692732987,0.2056076939270275
الدمام,المزروعية,قطعة أرض-سكنى,2022,1,2000.0,11,1793.2558809454536,1110.0,7591.0,946.0,2129.75,26.444289,50.121797,0.14,0.068,0.047,151,172,274,-8.14,0.0,1.0,8089,1831.25,1831.25,7.51329999880596,7.601402334583733,0.08810233577777371
الدمام,المزروعية,قطعة أرض-سكنى,2022,4,2231.0,10,915.9645553549913,667.0,3556.0,1083.25,2129.75,26.444289,50.121797,0.14,0.068,0.047,151,172,274,-8.14,-1.0,-1.8369701987210297e-16,8092,1911.25,1911.25,7.556035838201975,7.710653323501202,0.1546174852992266
الدمام,المزروعية,قطعة أرض-سكنى,2025,4,2724.4623384969655,58,872.6201228855606,863.9308855291576,4946.7496944654595,841.6563949350116,1654.57803204164,26.444289,50.121797,0.14,0.068,0.047,151,172,274,-8.14,-1.0,-1.8369701987210297e-16,8104,2115.5,2115.5,7.657519059960978,7.910393358209254,0.2528742982482761
الدمام,المزروعية,قطعة أرض-سكنى,2026,1,2530.415966386555,209,1486.5091772369376,520.0,14455.044810638912,1659.1544780605086,2724.4623384969655,26.444289,50.121797,0.14,0.068,0.047,151,172,274,-8.14,0.0,1.0,8105,2240.25,2240.25,7.714789024919343,7.836534095672957,0.12174507075361429
الدمام,المنار,قطعة أرض-تجارى,2019,3,1000.0,18,832.0090595440645,900.0,4535.0,0.0,2160.25,26.368932,50.035517,0.0,0.125,0.251,47,54,46,58.86,1.2246467991473532e-16,-1.0,8079,2286.6838399081416,2286.6838399081416,7.735295161093366,6.90875477931522,-0.8265403817781456
الدمام,المنار,قطعة أرض-تجارى,2020,2,2710.0,13,1001.4774918422614,728.0,3822.0,1138.0,1000.0,26.368932,50.035517,0.0,0.125,0.251,47,54,46,58.86,1.0,6.123233995736766e-17,8082,1000.0,1000.0,6.90875477931522,7.905072849498666,0.9963180701834453
الدمام,المنار,قطعة أرض-تجارى,2021,1,1450.0,19,448.33930733644576,725.0,2625.0,169.5,1538.5,26.368932,50.035517,0.0,0.125,0.251,47,54,46,58.86,0.0,1.0,8085,1855.0,1855.0,7.526178913346146,7.280008252884188,-0.24617066046195824
الدمام,المنار,قطعة أرض-تجارى,2021,2,1550.0,10,756.8380202453421,964.0,3563.0,417.5,1538.5,26.368932,50.035517,0.0,0.125,0.251,47,54,46,58.86,1.0,6.123233995736766e-17,8086,1450.0,1450.0,7.280008252884188,7.346655163176539,0.06664691029235126
الدمام,المنار,قطعة أرض-تجارى,2021,4,1550.0,10,1402.438229972675,700.0,4865.0,1246.0,1538.5,26.368932,50.035517,0.0,0.125,0.251,47,54,46,58.86,-1.0,-1.8369701987210297e-16,8088,1500.0,1500.0,7.313886831633462,7.346655163176539,0.032768331543077345
الدمام,المنار,قطعة أرض-تجارى,2022,1,2300.0,17,1254.4623877792994,769.0,5943.0,1555.0,1532.0,26.368932,50.035517,0.0,0.125,0.251,47,54,46,58.86,0.0,1.0,8089,1550.0,1550.0,7.346655163176539,7.741099090035366,0.3944439268588269
الدمام,المنار,قطعة أرض-تجارى,2026,1,1999.412167725241,32,1331.4238086961577,867.5,5666.666666666667,1701.1609718695745,1472.5757575757575,26.368932,50.035517,0.0,0.125,0.251,47,54,46,58.86,0.0,1.0,8105,1550.0,1550.0,7.346655163176539,7.601108522172341,0.2544533589958018
الدمام,المنار,قطعة أرض-سكنى,2016,1,2987.5,24,1337.2711019086594,600.0,5716.0,1944.25,2079.0,26.368932,50.035517,0.0,0.125,0.251,47,54,46,-1.11,0.0,1.0,8065,2380.7079831932774,2380.7079831932774,7.775573149282243,8.002526868264308,0.22695371898206496
الدمام,المنار,قطعة أرض-سكنى,2016,2,1227.0,18,1107.1783721299917,721.0,4467.0,1555.5,2079.0,26.368932,50.035517,0.0,0.125,0.251,47,54,46,-1.11,1.0,6.123233995736766e-17,8066,2987.5,2987.5,8.002526868264308,7.113142108707088,-0.8893847595572204
الدمام,المنار,قطعة أرض-سكنى,2016,3,2830.0,21,1301.1929105540771,672.0,4656.0,2627.0,2079.0,26.368932,50.035517,0.0,0.125,0.251,47,54,46,-1.11,1.2246467991473532e-16,-1.0,8067,2107.25,2107.25,7.653613498454751,7.9483852851118995,0.2947717866571482
الدمام,المنار,قطعة أرض-سكنى,2016,4,2354.5,28,2931.14962977266,595.0,14701.0,2564.75,2079.0,26.368932,50.035517,0.0,0.125,0.251,47,54,46,-1.11,-1.0,-1.8369701987210297e-16,8068,2830.0,2830.0,7.9483852851118995,7.764508298140096,-0.18387698697180355
الدمام,المنار,قطعة أرض-سكنى,2017,1,1491.0,23,1109.830493057457,775.0,4430.0,1386.0,2592.25,26.368932,50.035517,0.0,0.125,0.251,47,54,46,-1.11,0.0,1.0,8069,2592.25,2592.25,7.8606671943119375,7.307872780763706,-0.5527944135482317
الدمام,المنار,قطعة أرض-سكنى,2017,2,1536.0,28,2865.10701089199,537.0,16000.0,1733.5,2592.25,26.368932,50.035517,0.0,0.125,0.251,47,54,46,-1.11,1.0,6.123233995736766e-17,8070,1922.75,1922.75,7.562031685153089,7.337587743538596,-0.224443941614493
الدمام,المنار,قطعة أرض-سكنى,2017,4,2155.5,26,976.5227981898914,500.0,3778.0,1611.25,2592.25,26.368932,50.035517,0.0,0.125,0.251,47,54,46,-1.11,-1.0,-1.8369701987210297e-16,8072,1945.25,1945.25,7.573659723148208,7.676241816087898,0.10258209293968967
الدمام,المنار,قطعة أرض-سكنى,2018,1,1103.0,19,975.4357340927332,556.0,3873.0,1500.5,1845.75,26.368932,50.035517,0.0,0.125,0.251,47,54,46,-1.11,0.0,1.0,8073,1845.75,1845.75,7.521182616408847,7.00669522683704,-0.5144873895718067
الدمام,المنار,قطعة أرض-سكنى,2018,2,2321.0,19,876.5694696301712,562.0,3333.0,1551.5,1845.75,26.368932,50.035517,0.0,0.125,0.251,47,54,46,-1.11,1.0,6.123233995736766e-17,8074,1513.5,1513.5,7.322840630467292,7.7501841622578365,0.4273435317905445
الدمام,المنار,قطعة أرض-سكنى,2018,3,1150.0,17,884.3706053725773,667.0,3448.0,950.0,1845.75,26.368932,50.035517,0.0,0.125,0.251,47,54,46,-1.11,1.2246467991473532e-16,-1.0,8075,1845.75,1845.75,7.521182616408847,7.048386408721883,-0.4727962076869643
الدمام,المنار,قطعة أرض-سكنى,2018,4,960.0,34,786.1188899211807,500.0,3013.0,1054.25,1845.75,26.368932,50.035517,0.0,0.125,0.251,47,54,46,-1.11,-1.0,-1.8369701987210297e-16,8076,1652.75,1652.75,7.410800715429166,6.8679744089702925,-0.5428263064588732
الدمام,المنار,قطعة أرض-سكنى,2019,1,900.0,58,539.370604334651,514.0,2917.0,405.75,1126.5,26.368932,50.035517,0.0,0.125,0.251,47,54,46,-1.11,0.0,1.0,8077,1126.5,1126.5,7.027758071376834,6.803505257608338,-0.22425281376849604
الدمام,المنار,قطعة أرض-سكنى,2019,2,1167.0,35,695.6149325983317,767.0,3630.0,300.0,1126.5,26.368932,50.035517,0.0,0.125,0.251,47,54,46,-1.11,1.0,6.123233995736766e-17,8078,1055.0,1055.0,6.962243464266207,7.0630481633881725,0.10080469912196577
الدمام,المنار,قطعة أرض-سكنى,2019,3,1000.0,79,598.7640730078581,601.0,4140.0,100.0,1126.5,26.368932,50.035517,0.0,0.125,0.251,47,54,46,-1.11,1.2246467991473532e-16,-1.0,8079,1055.0,1055.0,6.962243464266207,6.90875477931522,-0.053488684950986354
الدمام,المنار,قطعة أرض-سكنى,2019,4,1109.0,84,777.0337027537134,588.0,4430.0,441.25,1126.5,26.368932,50.035517,0.0,0.125,0.251,47,54,46,-1.11,-1.0,-1.8369701987210297e-16,8080,980.0,980.0,6.8885724595653635,7.01211529430638,0.12354283474101635
الدمام,المنار,قطعة أرض-سكنى,2020,1,1300.0,39,1212.2396310453319,511.0,4579.0,2204.5,1054.5,26.368932,50.035517,0.0,0.125,0.251,47,54,46,-1.11,0.0,1.0,8081,1054.5,1054.5,6.961769867288376,7.170888478512505,0.20911861122412922
الدمام,المنار,قطعة أرض-سكنى,2020,2,3191.0,29,1304.6433359313753,549.0,4400.0,2572.0,1054.5,26.368932,50.035517,0.0,0.125,0.251,47,54,46,-1.11,1.0,6.123233995736766e-17,8082,1138.0,1138.0,7.037905963447182,8.068402958569699,1.0304969951225171
الدمام,المنار,قطعة أرض-سكنى,2020,3,1274.0,22,862.9196149727748,500.0,3887.0,580.5,1054.5,26.368932,50.035517,0.0,0.125,0.251,47,54,46,-1.11,1.2246467991473532e-16,-1.0,8083,1204.5,1204.5,7.094649697621226,7.150701457592526,0.056051759971300186
الدمام,المنار,قطعة أرض-سكنى,2020,4,1400.0,48,731.4790321452044,645.0,5591.0,194.75,1054.5,26.368932,50.035517,0.0,0.125,0.251,47,54,46,-1.11,-1.0,-1.8369701987210297e-16,8084,1287.0,1287.0,7.160845906664299,7.244941546337007,0.08409563967270728
الدمام,المنار,قطعة أرض-سكنى,2021,1,1600.0,57,1050.030301209754,608.0,5000.0,366.0,1350.0,26.368932,50.035517,0.0,0.125,0.251,47,54,46,-1.11,0.0,1.0,8085,1350.0,1350.0,7.208600337960199,7.3783837129967145,0.16978337503651542
الدمام,المنار,قطعة أرض-سكنى,2021,2,1607.5,26,1126.2191021971908,600.0,4274.0,1641.5,1350.0,26.368932,50.035517,0.0,0.125,0.251,47,54,46,-1.11,1.0,6.123233995736766e-17,8086,1500.0,1500.0,7.313886831633462,7.383057346679081,0.06917051504561922
الدمام,المنار,قطعة أرض-سكنى,2021,3,3200.0,13,897.940835239017,1500.0,4722.0,571.0,1350.0,26.368932,50.035517,0.0,0.125,0.251,47,54,46,-1.11,1.2246467991473532e-16,-1.0,8087,1500.0,1500.0,7.313886831633462,8.071218539969863,0.7573317083364008
الدمام,المنار,قطعة أرض-سكنى,2021,4,1829.0,27,1288.6884606909261,998.0,6055.0,1794.0,1350.0,26.368932,50.035517,0.0,0.125,0.251,47,54,46,-1.11,-1.0,-1.8369701987210297e-16,8088,1603.75,1603.75,7.380723260191887,7.512071245835466,0.13134798564357908
الدمام,المنار,قطعة أرض-سكنى,2022,1,2000.0,21,1006.1381283568041,1200.0,4287.0,1361.0,1718.25,26.368932,50.035517,0.0,0.125,0.251,47,54,46,-1.11,0.0,1.0,8089,1718.25,1718.25,7.449643428199946,7.601402334583733,0.15175890638378764
الدمام,المنار,قطعة أرض-سكنى,2022,2,1500.0,29,923.4174493230489,537.0,4000.0,678.0,1718.25,26.368932,50.035517,0.0,0.125,0.251,47,54,46,-1.11,1.0,6.123233995736766e-17,8090,1914.5,1914.5,7.557733964140704,7.313886831633462,-0.24384713250724221
الدمام,المنار,قطعة أرض-سكنى,2022,3,1880.0,23,834.902162264154,625.0,3750.0,945.0,1718.25,26.368932,50.035517,0.0,0.125,0.251,47,54,46,-1.11,1.2246467991473532e-16,-1.0,8091,1914.5,1914.5,7.557733964140704,7.53955882930103,-0.018175134839673923
الدمام,المنار,قطعة أرض-سكنى,2022,4,2200.0,17,1211.1184973840843,550.0,4552.0,1705.0,1718.25,26.368932,50.035517,0.0,0.125,0.251,47,54,46,-1.11,-1.0,-1.8369701987210297e-16,8092,1854.5,1854.5,7.525909480500652,7.696667081526462,0.1707576010258096
الدمام,المنار,قطعة أرض-سكنى,2023,1,1897.5,10,677.6337588337162,1450.0,3722.0,551.75,1940.0,26.368932,50.035517,0.0,0.125,0.251,47,54,46,-1.11,0.0,1.0,8093,1940.0,1940.0,7.57095858316901,7.5488193796718575,-0.022139203497152593
الدمام,المنار,قطعة أرض-سكنى,2023,2,1800.0,39,738.1259323704776,530.0,3858.0,215.0,1940.0,26.368932,50.035517,0.0,0.125,0.251,47,54,46,-1.11,1.0,6.123233995736766e-17,8094,1888.75,1888.75,7.544199824172286,7.496097345175956,-0.0481024789963298
الدمام,المنار,قطعة أرض-سكنى,2023,3,1837.5,18,1533.4140782235297,1135.0,6150.0,1908.75,1940.0,26.368932,50.035517,0.0,0.125,0.251,47,54,46,-1.11,1.2246467991473532e-16,-1.0,8095,1888.75,1888.75,7.544199824172286,7.516705300741327,-0.027494523430958928
الدمام,المنار,قطعة أرض-سكنى,2023,4,2961.0,12,2913.137983187701,1800.0,11297.0,2060.75,1940.0,26.368932,50.035517,0.0,0.125,0.251,47,54,46,-1.11,-1.0,-1.8369701987210297e-16,8096,1867.5,1867.5,7.532891248925538,7.993619994827744,0.46072874590220625
الدمام,المنار,قطعة أرض-سكنى,2025,4,1896.821261073476,99,1007.3926295025841,750.0,5270.049099836334,1354.8846153846152,1698.367922550835,26.368932,50.035517,0.0,0.125,0.251,47,54,46,-1.11,-1.0,-1.8369701987210297e-16,8104,1867.5,1867.5,7.532891248925538,7.548461802487483,0.015570553561945033
الدمام,المنار,قطعة أرض-سكنى,2026,1,2250.0,196,1250.2490233096566,529.3847038527889,6722.264341672984,1967.656135418518,1896.821261073476,26.368932,50.035517,0.0,0.125,0.251,47,54,46,-1.11,0.0,1.0,8105,1867.1606305367382,1867.1606305367382,7.532709605743163,7.719129840906732,0.18642023516356954
الدمام,المنتزه,قطعة أرض-تجارى,2025,4,2817.5767257236903,15,1385.3990612270572,1136.2320320436345,4889.462768615692,2112.4999999999995,2079.0,26.376711,50.12871,0.0,0.422,0.587,78,40,47,7.34,-1.0,-1.8369701987210297e-16,8104,1774.7060838626205,1774.7060838626205,7.481953416535988,7.943987329334433,0.46203391279844563
الدمام,المنتزه,قطعة أرض-تجارى,2026,1,1900.0,107,1101.4774191408696,540.0,6057.142857142857,1219.5272949550763,2817.5767257236903,26.376711,50.12871,0.0,0.422,0.587,78,40,47,7.34,0.0,1.0,8105,2817.5767257236903,2817.5767257236903,7.943987329334433,7.550135342488429,-0.39385198684600464
الدمام,المنتزه,قطعة أرض-سكنى,2020,4,2600.0,11,186.1485233013486,2200.0,2800.0,200.0,2305.0,26.376711,50.12871,0.0,0.422,0.587,78,40,47,21.51,-1.0,-1.8369701987210297e-16,8084,2073.410630536738,2073.410630536738,7.63743235884338,7.8636512654486515,0.2262189066052711
الدمام,المنتزه,قطعة أرض-سكنى,2021,1,2675.0,12,625.6199046957465,1081.0,2750.0,578.25,2757.0,26.376711,50.12871,0.0,0.422,0.587,78,40,47,21.51,0.0,1.0,8085,2600.0,2600.0,7.8636512654486515,7.892078421248119,0.028427155799467307
الدمام,المنتزه,قطعة أرض-سكنى,2023,1,2955.5,10,360.6500458277463,2591.0,3500.0,664.5,2502.0,26.376711,50.12871,0.0,0.422,0.587,78,40,47,21.51,0.0,1.0,8093,2637.5,2637.5,7.877965852845723,7.991761415260885,0.11379556241516209
الدمام,المنتزه,قطعة أرض-سكنى,2025,4,1850.0,124,1376.7560596387673,1000.0,6571.007107415851,2215.262697429545,2079.0,26.376711,50.12871,0.0,0.422,0.587,78,40,47,21.51,-1.0,-1.8369701987210297e-16,8104,2675.0,2675.0,7.892078421248119,7.523481312573497,-0.3685971086746216
الدمام,المنتزه,قطعة أرض-سكنى,2026,1,2147.982305546343,408,1311.1363364179817,566.7506297229219,9000.0,1447.9352960664542,1850.0,26.376711,50.12871,0.0,0.422,0.587,78,40,47,21.51,0.0,1.0,8105,2637.5,2637.5,7.877965852845723,7.672749662800489,-0.20521619004523384
الدمام,الناصرية,قطعة أرض-تجارى,2026,1,2296.6067635069185,27,1331.2113672899548,500.0,5073.602972702587,1987.706897932113,4743.083003952569,26.426676,50.119944,0.245,0.0,0.405,194,234,291,7.34,0.0,1.0,8105,2149.7060838626203,2149.7060838626203,7.67355147830548,7.7396233225764695,0.06607184427098911
الدمام,الناصرية,قطعة أرض-سكنى,2025,4,2753.517709849588,42,1063.1264734090767,650.0,5448.627228983867,1315.2148900169202,2079.0,26.426676,50.119944,0.245,0.0,0.405,194,234,291,7.4,-1.0,-1.8369701987210297e-16,8104,2411.4911527731715,2411.4911527731715,7.788415165962135,7.920997646316531,0.13258248035439557
الدمام,الناصرية,قطعة أرض-سكنى,2026,1,2581.6376834607017,130,1465.1838426708116,562.7145349164368,8582.089552238805,1636.6009845191,2753.517709849588,26.426676,50.119944,0.245,0.0,0.405,194,234,291,7.4,0.0,1.0,8105,2753.517709849588,2753.517709849588,7.920997646316531,7.85656651359422,-0.06443113272231038
الدمام,النخيل,قطعة أرض-تجارى,2026,1,1400.0,12,801.8012179541148,1400.0,3400.0,458.82997122251936,3673.0,26.438769,50.088295,0.0,0.282,0.283,321,288,488,7.34,0.0,1.0,8105,2148.00946561608,2148.00946561608,7.67276230129362,7.244941546337007,-0.4278207549566133
الدمام,النخيل,قطعة أرض-سكنى,2016,2,2381.5,14,1957.5905309367397,1000.0,8174.0,2280.0,2079.0,26.438769,50.088295,0.0,0.282,0.283,321,288,488,-13.63,1.0,6.123233995736766e-17,8066,2364.8099945035224,2364.8099945035224,7.768875734679399,7.775905635528357,0.00702990084895827
الدمام,النخيل,قطعة أرض-سكنى,2016,3,2750.0,11,4495.601468506341,1000.0,16303.0,1926.0,2079.0,26.438769,50.088295,0.0,0.282,0.283,321,288,488,-13.63,1.2246467991473532e-16,-1.0,8067,2381.5,2381.5,7.775905635528357,7.919719760924575,0.14381412539621774
الدمام,النخيل,قطعة أرض-سكنى,2017,1,2232.5,10,4075.5313818500335,1544.0,13865.0,1866.5,2613.0,26.438769,50.088295,0.0,0.282,0.283,321,288,488,-13.63,0.0,1.0,8069,2565.75,2565.75,7.8503957861790745,7.711325140792173,-0.1390706453869015
الدمام,النخيل,قطعة أرض-سكنى,2023,1,988.5,10,2217.6400369161206,639.0,7850.0,1433.0,1500.0,26.438769,50.088295,0.0,0.282,0.283,321,288,488,-13.63,0.0,1.0,8093,2381.5,2381.5,7.775905635528357,6.89719976504262,-0.8787058704857369
الدمام,النخيل,قطعة أرض-سكنى,2025,4,1600.298778210532,24,1227.4664183536345,600.0,4653.650708745654,1528.9990842490843,1491.98598874854,26.438769,50.088295,0.0,0.282,0.283,321,288,488,-13.63,-1.0,-1.8369701987210297e-16,8104,2307.0,2307.0,7.744136627627991,7.378570315329659,-0.3655663122983315
الدمام,النخيل,قطعة أرض-سكنى,2026,1,2903.350809615522,110,987.7221331260735,793.6507936507936,8279.430789133246,341.82554210658145,1600.298778210532,26.438769,50.088295,0.0,0.282,0.283,321,288,488,-13.63,0.0,1.0,8105,1916.399389105266,1916.399389105266,7.55872506203706,7.973965170857889,0.4152401088208295
الدمام,الندى,قطعة أرض-تجارى,2016,3,1049.0,13,379.536002143508,514.0,1700.0,171.0,2079.0,26.373921,50.078501,0.043,0.525,0.47,115,98,85,44.11,1.2246467991473532e-16,-1.0,8067,2098.3033817534592,2098.3033817534592,7.649360845704734,6.956545443151569,-0.6928154025531654
الدمام,الندى,قطعة أرض-تجارى,2017,2,949.5,14,534.9480872420763,702.0,2914.0,107.5,3087.0,26.373921,50.078501,0.043,0.525,0.47,115,98,85,44.11,1.0,6.123233995736766e-17,8070,1049.0,1049.0,6.956545443151569,6.856988161928484,-0.09955728122308471
الدمام,الندى,قطعة أرض-تجارى,2018,3,950.0,15,136.3590149289036,575.0,1100.0,0.0,1193.75,26.373921,50.078501,0.043,0.525,0.47,115,98,85,44.11,1.2246467991473532e-16,-1.0,8075,999.25,999.25,6.908005247737345,6.85751406254539,-0.05049118519195428
الدمام,الندى,قطعة أرض-تجارى,2018,4,1066.0,13,628.4443246865782,697.0,2585.0,311.0,1193.75,26.373921,50.078501,0.043,0.525,0.47,115,98,85,44.11,-1.0,-1.8369701987210297e-16,8076,950.0,950.0,6.85751406254539,6.9726062513017535,0.11509218875636318
الدمام,الندى,قطعة أرض-تجارى,2019,1,2975.0,11,1029.9003217434554,826.0,3636.0,1240.5,1158.0,26.373921,50.078501,0.043,0.525,0.47,115,98,85,44.11,0.0,1.0,8077,999.5,999.5,6.908255154023788,7.998335395952982,1.0900802419291944
الدمام,الندى,قطعة أرض-تجارى,2019,2,1776.0,11,971.6927310813659,813.0,3394.0,1729.5,1158.0,26.373921,50.078501,0.043,0.525,0.47,115,98,85,44.11,1.0,6.123233995736766e-17,8078,1008.0,1008.0,6.9167150203536085,7.482681828154651,0.5659668078010425
الدمام,الندى,قطعة أرض-تجارى,2025,4,2090.909090909091,18,1371.4676587139459,980.8537350910232,5299.044042954579,1024.7985636251412,2054.98336567785,26.373921,50.078501,0.043,0.525,0.47,115,98,85,44.11,-1.0,-1.8369701987210297e-16,8104,1421.0,1421.0,7.259819610363186,7.645832368652203,0.3860127582890174
الدمام,الندى,قطعة أرض-تجارى,2026,1,1724.999931175928,79,1294.3773500199516,510.0,5714.285714285715,1444.9831750370777,2090.909090909091,26.373921,50.078501,0.043,0.525,0.47,115,98,85,44.11,0.0,1.0,8105,1933.4545454545455,1933.4545454545455,7.567580677071826,7.453561831768476,-0.11401884530334971
الدمام,الندى,قطعة أرض-سكنى,2016,1,3333.0,15,1556.044870206267,506.0,4948.0,2220.5,2079.0,26.373921,50.078501,0.043,0.525,0.47,115,98,85,59.74,0.0,1.0,8065,1916.399389105266,1916.399389105266,7.55872506203706,8.111928063310739,0.5532030012736788
الدمام,الندى,قطعة أرض-سكنى,2016,2,3625.5,42,1574.4928333740072,864.0,5690.0,2813.5,2079.0,26.373921,50.078501,0.043,0.525,0.47,115,98,85,59.74,1.0,6.123233995736766e-17,8066,3333.0,3333.0,8.111928063310739,8.196023274803467,0.0840952114927287
الدمام,الندى,قطعة أرض-سكنى,2016,3,3076.0,13,2233.653896817775,950.0,8565.0,3428.0,2079.0,26.373921,50.078501,0.043,0.525,0.47,115,98,85,59.74,1.2246467991473532e-16,-1.0,8067,3479.25,3479.25,8.154859409268676,8.031710375322042,-0.12314903394663368
الدمام,الندى,قطعة أرض-سكنى,2016,4,2434.0,14,1051.308833662242,786.0,4167.0,1566.75,2079.0,26.373921,50.078501,0.043,0.525,0.47,115,98,85,59.74,-1.0,-1.8369701987210297e-16,8068,3333.0,3333.0,8.111928063310739,7.79770203551669,-0.3142260277940485
الدمام,الندى,قطعة أرض-سكنى,2017,1,1175.0,20,1002.8289393405774,781.0,3636.0,1121.5,3204.5,26.373921,50.078501,0.043,0.525,0.47,115,98,85,59.74,0.0,1.0,8069,3204.5,3204.5,8.072623363427311,7.069874128458572,-1.0027492349687392
الدمام,الندى,قطعة أرض-سكنى,2017,2,1140.0,16,1162.8329487362605,950.0,4167.0,1801.75,3204.5,26.373921,50.078501,0.043,0.525,0.47,115,98,85,59.74,1.0,6.123233995736766e-17,8070,2755.0,2755.0,7.9215356321335495,7.039660349862076,-0.8818752822714737
الدمام,الندى,قطعة أرض-سكنى,2017,3,3106.5,14,913.7484805537493,1100.0,3662.0,1128.5,3204.5,26.373921,50.078501,0.043,0.525,0.47,115,98,85,59.74,1.2246467991473532e-16,-1.0,8071,1804.5,1804.5,7.498592840717513,8.041573823384866,0.5429809826673528
الدمام,الندى,قطعة أرض-سكنى,2017,4,1100.0,36,924.3140103247055,674.0,4198.0,567.25,3204.5,26.373921,50.078501,0.043,0.525,0.47,115,98,85,59.74,-1.0,-1.8369701987210297e-16,8072,1804.5,1804.5,7.498592840717513,7.00397413672268,-0.4946187039948331
الدمام,الندى,قطعة أرض-سكنى,2018,1,1274.0,28,1065.0980380640228,787.0,4157.0,1971.25,1157.5,26.373921,50.078501,0.043,0.525,0.47,115,98,85,59.74,0.0,1.0,8073,1157.5,1157.5,7.054881343872431,7.150701457592526,0.09582011372009536
الدمام,الندى,قطعة أرض-سكنى,2018,2,1200.0,21,1198.4405521939154,700.0,4521.0,1674.0,1157.5,26.373921,50.078501,0.043,0.525,0.47,115,98,85,59.74,1.0,6.123233995736766e-17,8074,1207.0,1207.0,7.0967213784947605,7.0909098220799835,-0.0058115564147769305
الدمام,الندى,قطعة أرض-سكنى,2018,3,950.0,27,750.0324684330031,500.0,3456.0,559.5,1157.5,26.373921,50.078501,0.043,0.525,0.47,115,98,85,59.74,1.2246467991473532e-16,-1.0,8075,1237.0,1237.0,7.121252453244542,6.85751406254539,-0.2637383906991513
الدمام,الندى,قطعة أرض-سكنى,2018,4,1100.0,34,1037.4464537435304,695.0,4223.0,1865.0,1157.5,26.373921,50.078501,0.043,0.525,0.47,115,98,85,59.74,-1.0,-1.8369701987210297e-16,8076,1150.0,1150.0,7.048386408721883,7.00397413672268,-0.04441227199920306
الدمام,الندى,قطعة أرض-سكنى,2019,1,1250.5,24,942.6063734997334,575.0,3477.0,1520.25,1150.0,26.373921,50.078501,0.043,0.525,0.47,115,98,85,59.74,0.0,1.0,8077,1150.0,1150.0,7.048386408721883,7.132098110871829,0.08371170214994628
الدمام,الندى,قطعة أرض-سكنى,2019,2,1329.0,17,778.9187972099908,932.0,3288.0,858.0,1150.0,26.373921,50.078501,0.043,0.525,0.47,115,98,85,59.74,1.0,6.123233995736766e-17,8078,1150.0,1150.0,7.048386408721883,7.1929342212158,0.1445478124939168
الدمام,الندى,قطعة أرض-سكنى,2019,3,1372.0,24,908.3602003738322,616.0,4127.0,623.0,1150.0,26.373921,50.078501,0.043,0.525,0.47,115,98,85,59.74,1.2246467991473532e-16,-1.0,8079,1175.25,1175.25,7.070086690899589,7.224753405767971,0.15466671486838202
الدمام,الندى,قطعة أرض-سكنى,2019,4,1299.0,13,1098.4638107783724,1150.0,4000.0,1675.0,1150.0,26.373921,50.078501,0.043,0.525,0.47,115,98,85,59.74,-1.0,-1.8369701987210297e-16,8080,1289.75,1289.75,7.162978723759759,7.170119543449628,0.00714081968986946
الدمام,الندى,قطعة أرض-سكنى,2020,2,2833.0,11,1176.9896732380837,1091.0,4422.0,1812.0,1314.0,26.373921,50.078501,0.043,0.525,0.47,115,98,85,59.74,1.0,6.123233995736766e-17,8082,1314.0,1314.0,7.181591944611865,7.949444420250626,0.7678524756387608
الدمام,الندى,قطعة أرض-سكنى,2020,3,1450.0,20,350.8565871361718,991.0,2870.0,100.0,1314.0,26.373921,50.078501,0.043,0.525,0.47,115,98,85,59.74,1.2246467991473532e-16,-1.0,8083,1350.5,1350.5,7.208970365716502,7.280008252884188,0.07103788716768555
الدمام,الندى,قطعة أرض-سكنى,2020,4,1500.0,50,993.846055503978,633.0,5833.0,120.0,1314.0,26.373921,50.078501,0.043,0.525,0.47,115,98,85,59.74,-1.0,-1.8369701987210297e-16,8084,1411.0,1411.0,7.252762418053187,7.313886831633462,0.06112441358027443
الدمام,الندى,قطعة أرض-سكنى,2021,1,1556.0,33,965.1970957851672,1214.0,5165.0,200.0,1475.0,26.373921,50.078501,0.043,0.525,0.47,115,98,85,59.74,0.0,1.0,8085,1475.0,1475.0,7.297091005160418,7.350516171833998,0.05342516667358055
الدمام,الندى,قطعة أرض-سكنى,2021,2,1600.0,19,873.6351259726988,1031.0,4723.0,140.5,1475.0,26.373921,50.078501,0.043,0.525,0.47,115,98,85,59.74,1.0,6.123233995736766e-17,8086,1528.0,1528.0,7.332369205929062,7.3783837129967145,0.04601450706765231
الدمام,الندى,قطعة أرض-سكنى,2022,1,1420.0,31,779.5673489910306,565.0,3460.0,751.0,2198.0,26.373921,50.078501,0.043,0.525,0.47,115,98,85,59.74,0.0,1.0,8089,1528.0,1528.0,7.332369205929062,7.259116128097101,-0.07325307783196155
الدمام,الندى,قطعة أرض-سكنى,2022,2,1360.0,74,600.0938794875723,1250.0,3299.0,384.0,2198.0,26.373921,50.078501,0.043,0.525,0.47,115,98,85,59.74,1.0,6.123233995736766e-17,8090,1528.0,1528.0,7.332369205929062,7.215975002651466,-0.1163942032775962
الدمام,الندى,قطعة أرض-سكنى,2022,3,1360.0,22,1565.8848873782133,547.0,7283.0,652.5,2198.0,26.373921,50.078501,0.043,0.525,0.47,115,98,85,59.74,1.2246467991473532e-16,-1.0,8091,1488.0,1488.0,7.305860032684009,7.215975002651466,-0.08988503003254333
الدمام,الندى,قطعة أرض-سكنى,2022,4,1300.0,34,739.4395309721745,1226.0,3810.0,90.0,2198.0,26.373921,50.078501,0.043,0.525,0.47,115,98,85,59.74,-1.0,-1.8369701987210297e-16,8092,1390.0,1390.0,7.237778191923443,7.170888478512505,-0.06688971341093808
الدمام,الندى,قطعة أرض-سكنى,2023,4,3435.5,10,1303.3787033876397,722.0,4891.0,1214.5,1360.0,26.373921,50.078501,0.043,0.525,0.47,115,98,85,59.74,-1.0,-1.8369701987210297e-16,8096,1360.0,1360.0,7.215975002651466,8.14220879056166,0.9262337879101947
الدمام,الندى,قطعة أرض-سكنى,2025,4,1856.0054538556938,160,1007.6751134068727,576.4394774576137,5471.207769115032,1262.2067642287975,1566.00124598237,26.373921,50.078501,0.043,0.525,0.47,115,98,85,59.74,-1.0,-1.8369701987210297e-16,8104,1360.0,1360.0,7.215975002651466,7.5267204982658376,0.3107454956143716
الدمام,الندى,قطعة أرض-سكنى,2026,1,2359.1149773071106,424,998.079950663288,510.0,8327.452364149613,1365.5583194438937,1856.0054538556938,26.373921,50.078501,0.043,0.525,0.47,115,98,85,59.74,0.0,1.0,8105,1608.0027269278469,1608.0027269278469,7.38336984178762,7.7664656160308425,0.3830957742432224
الدمام,النزهة,قطعة أرض-سكنى,2016,3,2150.0,11,3616.5766434823167,1400.0,13920.0,2609.0,2079.0,26.398814,50.108216,0.0,0.461,0.447,198,143,100,-3.47,1.2246467991473532e-16,-1.0,8067,2107.560215581402,2107.560215581402,7.653760631271313,7.67368812926773,0.019927497996417465
الدمام,النزهة,قطعة أرض-سكنى,2017,1,3559.0,14,1976.7251805854146,1400.0,7043.0,3120.25,2753.5,26.398814,50.108216,0.0,0.461,0.447,198,143,100,-3.47,0.0,1.0,8069,2150.0,2150.0,7.67368812926773,8.177515823846075,0.5038276945783453
الدمام,النزهة,قطعة أرض-سكنى,2017,2,1603.0,13,1242.2834898809406,800.0,4509.0,1900.0,2753.5,26.398814,50.108216,0.0,0.461,0.447,198,143,100,-3.47,1.0,6.123233995736766e-17,8070,2854.5,2854.5,7.957002238104917,7.38025578842646,-0.5767464496784571
الدمام,النزهة,قطعة أرض-سكنى,2017,3,3040.0,12,1311.7712406813878,802.0,4944.0,1903.75,2753.5,26.398814,50.108216,0.0,0.461,0.447,198,143,100,-3.47,1.2246467991473532e-16,-1.0,8071,2150.0,2150.0,7.67368812926773,8.019941687677365,0.3462535584096349
الدمام,النزهة,قطعة أرض-سكنى,2019,2,2500.0,16,1187.3650081167123,650.0,4235.0,1856.25,3366.75,26.398814,50.108216,0.0,0.461,0.447,198,143,100,-3.47,1.0,6.123233995736766e-17,8078,2595.0,2595.0,7.86172707782398,7.824445930877619,-0.03728114694636098
الدمام,النزهة,قطعة أرض-سكنى,2019,3,1708.5,10,1058.041487319325,1102.0,4000.0,1676.25,3366.75,26.398814,50.108216,0.0,0.461,0.447,198,143,100,-3.47,1.2246467991473532e-16,-1.0,8079,2770.0,2770.0,7.9269635448629785,7.443956209079356,-0.48300733578362287
الدمام,النزهة,قطعة أرض-سكنى,2019,4,2400.0,11,1005.6302863017168,1350.0,4585.0,1204.5,3366.75,26.398814,50.108216,0.0,0.461,0.447,198,143,100,-3.47,-1.0,-1.8369701987210297e-16,8080,2104.25,2104.25,7.652189503910102,7.783640596221253,0.13145109231115093
الدمام,النزهة,قطعة أرض-سكنى,2020,4,2098.0,15,1055.8055692219093,687.0,4014.0,1612.5,2450.0,26.398814,50.108216,0.0,0.461,0.447,198,143,100,-3.47,-1.0,-1.8369701987210297e-16,8084,2450.0,2450.0,7.804251383528112,7.649216319820633,-0.1550350637074791
الدمام,النزهة,قطعة أرض-سكنى,2021,1,2031.0,19,1329.039474198042,1037.0,5331.0,2065.0,1491.75,26.398814,50.108216,0.0,0.461,0.447,198,143,100,-3.47,0.0,1.0,8085,2249.0,2249.0,7.718685495198466,7.616775808698373,-0.10190968650009324
الدمام,النزهة,قطعة أرض-سكنى,2021,2,2062.0,12,1209.7706863849708,1224.0,5269.0,1286.75,1491.75,26.398814,50.108216,0.0,0.461,0.447,198,143,100,-3.47,1.0,6.123233995736766e-17,8086,2064.5,2064.5,7.633127606836819,7.631916513071252,-0.0012110937655673837
الدمام,النزهة,قطعة أرض-سكنى,2021,3,2676.0,11,1886.7159828654658,1476.0,6490.0,2317.0,1491.75,26.398814,50.108216,0.0,0.461,0.447,198,143,100,-3.47,1.2246467991473532e-16,-1.0,8087,2080.0,2080.0,7.640603826393634,7.892452043520352,0.25184821712671823
الدمام,النزهة,قطعة أرض-سكنى,2021,4,1967.0,13,1360.6199473128568,566.0,5764.0,1417.0,1491.75,26.398814,50.108216,0.0,0.461,0.447,198,143,100,-3.47,-1.0,-1.8369701987210297e-16,8088,2080.0,2080.0,7.640603826393634,7.584773077612199,-0.055830748781435346
الدمام,النزهة,قطعة أرض-سكنى,2022,3,2141.5,10,667.0744502843908,673.0,2857.0,847.25,2046.5,26.398814,50.108216,0.0,0.461,0.447,198,143,100,-3.47,1.2246467991473532e-16,-1.0,8091,2046.5,2046.5,7.624374815727225,7.669728650471935,0.04535383474471022
الدمام,النهضة,قطعة أرض-تجارى,2022,2,2350.0,20,1070.4738252411012,2300.0,6605.0,200.0,1973.5,26.377084,50.143618,0.049,0.0,0.445,62,40,11,7.34,1.0,6.123233995736766e-17,8090,1933.4545454545455,1933.4545454545455,7.567580677071826,7.762596048540069,0.19501537146824344
الدمام,النهضة,قطعة أرض-تجارى,2026,1,1852.6449514222056,31,1156.0777274559603,550.0,5269.814502529511,978.1998284816777,2200.0,26.377084,50.143618,0.049,0.0,0.445,62,40,11,7.34,0.0,1.0,8105,2350.0,2350.0,7.762596048540069,7.524909223699284,-0.23768682484078507
الدمام,النهضة,قطعة أرض-سكنى,2016,1,1418.0,48,1442.3428482312975,667.0,5067.0,815.75,2079.0,26.377084,50.143618,0.049,0.0,0.445,62,40,11,-1.14,0.0,1.0,8065,2101.75,2101.75,7.651001290842546,7.257707677160043,-0.3932936136825038
الدمام,النهضة,قطعة أرض-سكنى,2016,2,2776.0,62,1517.3708331758648,1190.0,4872.0,2977.0,2079.0,26.377084,50.143618,0.049,0.0,0.445,62,40,11,-1.14,1.0,6.123233995736766e-17,8066,1418.0,1418.0,7.257707677160043,7.9291264873067995,0.6714188101467569
الدمام,النهضة,قطعة أرض-سكنى,2016,3,3622.0,49,1474.4544849066124,680.0,5069.0,2840.0,2079.0,26.377084,50.143618,0.049,0.0,0.445,62,40,11,-1.14,1.2246467991473532e-16,-1.0,8067,2097.0,2097.0,7.6487397889562425,8.195057690895077,0.546317901938834
الدمام,النهضة,قطعة أرض-سكنى,2016,4,4171.5,44,1749.5169232070143,700.0,8584.0,2991.5,2079.0,26.377084,50.143618,0.049,0.0,0.445,62,40,11,-1.14,-1.0,-1.8369701987210297e-16,8068,2776.0,2776.0,7.9291264873067995,8.33627065553599,0.4071441682291912
الدمام,النهضة,قطعة أرض-سكنى,2017,1,1510.0,85,1325.7435593485118,629.0,5197.0,170.0,3199.0,26.377084,50.143618,0.049,0.0,0.445,62,40,11,-1.14,0.0,1.0,8069,3199.0,3199.0,8.070906088787819,7.32052696227274,-0.750379126515079
الدمام,النهضة,قطعة أرض-سكنى,2017,2,4150.0,33,1817.2728386446975,619.0,6907.0,3530.0,3199.0,26.377084,50.143618,0.049,0.0,0.445,62,40,11,-1.14,1.0,6.123233995736766e-17,8070,3199.0,3199.0,8.070906088787819,8.33110454805304,0.26019845926522045
الدمام,النهضة,قطعة أرض-سكنى,2017,3,3698.0,31,1548.3833372714216,1299.0,5714.0,2853.0,3199.0,26.377084,50.143618,0.049,0.0,0.445,62,40,11,-1.14,1.2246467991473532e-16,-1.0,8071,3886.0,3886.0,8.265392930852224,8.215817791832453,-0.04957513901977073
الدمام,النهضة,قطعة أرض-سكنى,2017,4,4191.5,38,1703.6029940836934,952.0,7089.0,3081.5,3199.0,26.377084,50.143618,0.049,0.0,0.445,62,40,11,-1.14,-1.0,-1.8369701987210297e-16,8072,3924.0,3924.0,8.275121630216509,8.341052493697363,0.06593086348085464
الدمام,النهضة,قطعة أرض-سكنى,2018,2,3976.5,14,1952.014959240554,1044.0,6438.0,3702.0,3924.0,26.377084,50.143618,0.049,0.0,0.445,62,40,11,-1.14,1.0,6.123233995736766e-17,8074,3924.0,3924.0,8.275121630216509,8.288408760211942,0.013287129995433133
الدمام,النهضة,قطعة أرض-سكنى,2018,3,3902.0,13,1302.7292160139846,1365.0,4760.0,2517.0,3924.0,26.377084,50.143618,0.049,0.0,0.445,62,40,11,-1.14,1.2246467991473532e-16,-1.0,8075,4063.25,4063.25,8.309984503114332,8.269500767180615,-0.04048373593371757
الدمام,النهضة,قطعة أرض-سكنى,2018,4,1060.0,36,771.595008500481,854.0,4672.0,165.75,3924.0,26.377084,50.143618,0.049,0.0,0.445,62,40,11,-1.14,-1.0,-1.8369701987210297e-16,8076,3939.25,3939.25,8.27899945205565,6.966967138613983,-1.3120323134416676
الدمام,النهضة,قطعة أرض-سكنى,2019,1,3418.0,92,1344.244904085405,934.0,5734.0,2536.5,3850.0,26.377084,50.143618,0.049,0.0,0.445,62,40,11,-1.14,0.0,1.0,8077,3939.25,3939.25,8.27899945205565,8.137103389639302,-0.14189606241634856
الدمام,النهضة,قطعة أرض-سكنى,2019,2,1390.0,22,1157.722249660646,913.0,4757.0,436.75,3850.0,26.377084,50.143618,0.049,0.0,0.445,62,40,11,-1.14,1.0,6.123233995736766e-17,8078,3660.0,3660.0,8.205491613120236,7.237778191923443,-0.9677134211967928
الدمام,النهضة,قطعة أرض-سكنى,2019,3,2265.0,25,1421.5642299945507,807.0,5263.0,2590.0,3850.0,26.377084,50.143618,0.049,0.0,0.445,62,40,11,-1.14,1.2246467991473532e-16,-1.0,8079,2404.0,2404.0,7.785305182539862,7.725771441587952,-0.059533740951909664
الدمام,النهضة,قطعة أرض-سكنى,2019,4,4545.0,10,1845.3756738880504,956.0,5758.0,3032.75,3850.0,26.377084,50.143618,0.049,0.0,0.445,62,40,11,-1.14,-1.0,-1.8369701987210297e-16,8080,1827.5,1827.5,7.511251237589436,8.422003004412488,0.9107517668230525
الدمام,النهضة,قطعة أرض-سكنى,2020,1,1550.0,22,646.9212468045083,1328.0,3861.0,100.0,2841.5,26.377084,50.143618,0.049,0.0,0.445,62,40,11,-1.14,0.0,1.0,8081,2841.5,2841.5,7.952439225624691,7.346655163176539,-0.6057840624481523
الدمام,النهضة,قطعة أرض-سكنى,2020,2,1600.0,24,1502.8064175479117,1230.0,5603.0,2771.0,2841.5,26.377084,50.143618,0.049,0.0,0.445,62,40,11,-1.14,1.0,6.123233995736766e-17,8082,1907.5,1907.5,7.554072872185285,7.3783837129967145,-0.1756891591885701
الدمام,النهضة,قطعة أرض-سكنى,2020,3,2085.5,14,1102.6261982045562,1600.0,4231.0,2076.0,2841.5,26.377084,50.143618,0.049,0.0,0.445,62,40,11,-1.14,1.2246467991473532e-16,-1.0,8083,1932.5,1932.5,7.567087111047352,7.643243300031608,0.07615618898425591
الدمام,النهضة,قطعة أرض-سكنى,2021,1,1800.0,15,945.4332944664653,1046.0,4189.0,295.0,1650.0,26.377084,50.143618,0.049,0.0,0.445,62,40,11,-1.14,0.0,1.0,8085,1842.75,1842.75,7.5195568200881295,7.496097345175956,-0.023459474912173484
الدمام,النهضة,قطعة أرض-سكنى,2021,2,1800.0,13,1260.8944983215035,980.0,5729.0,0.0,1650.0,26.377084,50.143618,0.049,0.0,0.445,62,40,11,-1.14,1.0,6.123233995736766e-17,8086,1700.0,1700.0,7.438971592395862,7.496097345175956,0.05712575278009435
الدمام,النهضة,قطعة أرض-سكنى,2021,3,1975.0,10,818.0054944124084,1800.0,4525.0,200.0,1650.0,26.377084,50.143618,0.049,0.0,0.445,62,40,11,-1.14,1.2246467991473532e-16,-1.0,8087,1800.0,1800.0,7.496097345175956,7.588829878307813,0.0927325331318567
الدمام,النهضة,قطعة أرض-سكنى,2022,2,2300.0,21,1159.0563670092847,1862.0,6370.0,200.0,1887.5,26.377084,50.143618,0.049,0.0,0.445,62,40,11,-1.14,1.0,6.123233995736766e-17,8090,1887.5,1887.5,7.543538142152512,7.741099090035366,0.19756094788285417
الدمام,النهضة,قطعة أرض-سكنى,2025,4,3016.485827596271,32,1776.416431045265,900.0,7185.904925896316,1895.093635759792,3344.449845144195,26.377084,50.143618,0.049,0.0,0.445,62,40,11,-1.14,-1.0,-1.8369701987210297e-16,8104,1887.5,1887.5,7.543538142152512,8.012179256223712,0.46864111407120035
الدمام,النهضة,قطعة أرض-سكنى,2026,1,2683.333333333333,98,1610.7033411009484,557.6545051513335,13605.442176870749,1507.8282828282827,3016.485827596271,26.377084,50.143618,0.049,0.0,0.445,62,40,11,-1.14,0.0,1.0,8105,2137.5,2137.5,7.667859927666964,7.8951876831274355,0.2273277554604718
الدمام,النور,قطعة أرض-تجارى,2016,1,2008.5,14,2011.3651929872008,1180.0,7900.0,2391.25,2079.0,26.429089,50.016673,0.39,0.118,0.098,84,70,53,10.92,0.0,1.0,8065,1971.7770211656484,1971.7770211656484,7.587197484514612,7.605641213889256,0.01844372937464378
الدمام,النور,قطعة أرض-تجارى,2016,2,1374.5,24,1182.2747663671107,991.0,4341.0,1708.25,2079.0,26.429089,50.016673,0.39,0.118,0.098,84,70,53,10.92,1.0,6.123233995736766e-17,8066,2008.5,2008.5,7.605641213889256,7.226572580364629,-0.3790686335246267
الدمام,النور,قطعة أرض-تجارى,2016,3,1400.0,10,1230.5498545140074,985.0,4380.0,1475.75,2079.0,26.429089,50.016673,0.39,0.118,0.098,84,70,53,10.92,1.2246467991473532e-16,-1.0,8067,1691.5,1691.5,7.43396200478643,7.244941546337007,-0.1890204584494235
الدمام,النور,قطعة أرض-تجارى,2017,1,1300.0,11,1103.406839993959,536.0,3960.0,1325.5,1387.25,26.429089,50.016673,0.39,0.118,0.098,84,70,53,10.92,0.0,1.0,8069,1400.0,1400.0,7.244941546337007,7.170888478512505,-0.07405306782450172
الدمام,النور,قطعة أرض-تجارى,2017,2,1300.0,13,1710.814628271483,653.0,6824.0,1569.0,1387.25,26.429089,50.016673,0.39,0.118,0.098,84,70,53,10.92,1.0,6.123233995736766e-17,8070,1387.25,1387.25,7.235799240121716,7.170888478512505,-0.0649107616092115
الدمام,النور,قطعة أرض-تجارى,2017,4,1437.0,13,736.1767921027999,932.0,3020.0,1000.0,1387.25,26.429089,50.016673,0.39,0.118,0.098,84,70,53,10.92,-1.0,-1.8369701987210297e-16,8072,1337.25,1337.25,7.19911806927349,7.271008538280992,0.07189046900750196
الدمام,النور,قطعة أرض-تجارى,2018,1,974.0,12,1365.455923414549,781.0,4948.0,749.5,1300.0,26.429089,50.016673,0.39,0.118,0.098,84,70,53,10.92,0.0,1.0,8073,1350.0,1350.0,7.208600337960199,6.882437470997847,-0.32616286696235175
الدمام,النور,قطعة أرض-تجارى,2019,2,1150.0,10,487.46770833222035,653.0,2515.0,196.25,1031.5,26.429089,50.016673,0.39,0.118,0.098,84,70,53,10.92,1.0,6.123233995736766e-17,8078,1300.0,1300.0,7.170888478512505,7.048386408721883,-0.12250206979062206
الدمام,النور,قطعة أرض-تجارى,2019,3,1161.0,17,270.7503734178078,1087.0,2261.0,117.0,1031.5,26.429089,50.016673,0.39,0.118,0.098,84,70,53,10.92,1.2246467991473532e-16,-1.0,8079,1225.0,1225.0,7.111512116496157,7.057897937411856,-0.05361417908430077
الدمام,النور,قطعة أرض-تجارى,2019,4,1163.0,11,392.5072784501756,700.0,2200.0,319.0,1031.5,26.429089,50.016673,0.39,0.118,0.098,84,70,53,10.92,-1.0,-1.8369701987210297e-16,8080,1155.5,1155.5,7.053153481671494,7.059617628291383,0.006464146619888922
الدمام,النور,قطعة أرض-تجارى,2020,1,1144.5,10,699.5495455410335,800.0,2793.0,346.75,1155.5,26.429089,50.016673,0.39,0.118,0.098,84,70,53,10.92,0.0,1.0,8081,1155.5,1155.5,7.053153481671494,7.04359650189355,-0.009556979777944008
الدمام,النور,قطعة أرض-تجارى,2020,2,1900.0,11,642.2019648337769,800.0,2524.0,1159.5,1155.5,26.429089,50.016673,0.39,0.118,0.098,84,70,53,10.92,1.0,6.123233995736766e-17,8082,1155.5,1155.5,7.053153481671494,7.550135342488429,0.49698186081693496
الدمام,النور,قطعة أرض-تجارى,2020,4,1300.0,17,786.6872883845793,600.0,3130.0,1271.0,1155.5,26.429089,50.016673,0.39,0.118,0.098,84,70,53,10.92,-1.0,-1.8369701987210297e-16,8084,1162.0,1162.0,7.0587581525186645,7.170888478512505,0.11213032599384043
الدمام,النور,قطعة أرض-تجارى,2021,1,1400.0,31,553.6893679031883,1000.0,3910.0,39.0,1260.5,26.429089,50.016673,0.39,0.118,0.098,84,70,53,10.92,0.0,1.0,8085,1231.5,1231.5,7.116799905916845,7.244941546337007,0.12814164042016163
الدمام,النور,قطعة أرض-تجارى,2021,3,1500.0,13,580.1910825820165,615.0,2666.0,473.0,1260.5,26.429089,50.016673,0.39,0.118,0.098,84,70,53,10.92,1.2246467991473532e-16,-1.0,8087,1350.0,1350.0,7.208600337960199,7.313886831633462,0.1052864936732627
الدمام,النور,قطعة أرض-تجارى,2021,4,1463.0,18,488.6751463833724,923.0,3000.0,387.5,1260.5,26.429089,50.016673,0.39,0.118,0.098,84,70,53,10.92,-1.0,-1.8369701987210297e-16,8088,1450.0,1450.0,7.280008252884188,7.288927694521257,0.008919441637068815
الدمام,النور,قطعة أرض-تجارى,2022,2,1775.0,18,1488.8691721453251,954.0,6818.0,1474.75,1481.5,26.429089,50.016673,0.39,0.118,0.098,84,70,53,10.92,1.0,6.123233995736766e-17,8090,1431.5,1431.5,7.267176448588895,7.4821189235521155,0.2149424749632205
الدمام,النور,قطعة أرض-تجارى,2022,3,1797.0,10,1106.4550801747193,703.0,4822.0,394.25,1481.5,26.429089,50.016673,0.39,0.118,0.098,84,70,53,10.92,1.2246467991473532e-16,-1.0,8091,1481.5,1481.5,7.301485130871881,7.494430215031565,0.19294508415968448
الدمام,النور,قطعة أرض-تجارى,2022,4,2263.5,16,1186.9399029998667,1190.0,5200.0,1463.75,1481.5,26.429089,50.016673,0.39,0.118,0.098,84,70,53,10.92,-1.0,-1.8369701987210297e-16,8092,1637.5,1637.5,7.401536468138869,7.725109262996269,0.32357279485739987
الدمام,النور,قطعة أرض-تجارى,2023,1,1750.0,15,437.6405352515213,909.0,2400.0,522.5,1786.0,26.429089,50.016673,0.39,0.118,0.098,84,70,53,10.92,0.0,1.0,8093,1786.0,1786.0,7.488293515159428,7.467942332285852,-0.020351182873575624
الدمام,النور,قطعة أرض-تجارى,2025,4,2000.0,17,1099.9255117668943,635.0,4691.498436167188,820.7651203798703,2331.171185732805,26.429089,50.016673,0.39,0.118,0.098,84,70,53,10.92,-1.0,-1.8369701987210297e-16,8104,1786.0,1786.0,7.488293515159428,7.601402334583733,0.11310881942430573
الدمام,النور,قطعة أرض-تجارى,2026,1,2069.6590260216985,108,945.1254130753687,863.3286307692307,5842.199126744972,908.0818588990185,2000.0,26.429089,50.016673,0.39,0.118,0.098,84,70,53,10.92,0.0,1.0,8105,1898.5,1898.5,7.54934597262768,7.635622205649213,0.08627623302153253
الدمام,النور,قطعة أرض-سكنى,2016,1,1317.0,46,912.786249986409,979.0,4625.0,268.5,2079.0,26.429089,50.016673,0.39,0.118,0.098,84,70,53,8.72,0.0,1.0,8065,2491.6666666666665,2491.6666666666665,7.821108366868949,7.183870715062453,-0.6372376518064966
الدمام,النور,قطعة أرض-سكنى,2016,2,1348.5,52,1131.0508208193025,734.0,4195.0,1888.5,2079.0,26.429089,50.016673,0.39,0.118,0.098,84,70,53,8.72,1.0,6.123233995736766e-17,8066,1317.0,1317.0,7.183870715062453,7.207489432458059,0.023618717395606836
الدمام,النور,قطعة أرض-سكنى,2016,3,1300.0,32,1262.3756007060913,766.0,4935.0,2096.25,2079.0,26.429089,50.016673,0.39,0.118,0.098,84,70,53,8.72,1.2246467991473532e-16,-1.0,8067,1332.75,1332.75,7.195749802615963,7.170888478512505,-0.024861324103458315
الدمام,النور,قطعة أرض-سكنى,2016,4,2080.0,19,1143.52650917807,665.0,4150.0,1974.0,2079.0,26.429089,50.016673,0.39,0.118,0.098,84,70,53,8.72,-1.0,-1.8369701987210297e-16,8068,1317.0,1317.0,7.183870715062453,7.640603826393634,0.45673311133118144
الدمام,النور,قطعة أرض-سكنى,2017,1,1667.0,23,1174.6747056234847,800.0,4048.0,2195.5,1332.75,26.429089,50.016673,0.39,0.118,0.098,84,70,53,8.72,0.0,1.0,8069,1332.75,1332.75,7.195749802615963,7.419380582918692,0.2236307803027291
الدمام,النور,قطعة أرض-سكنى,2017,2,1175.0,22,1411.9375285102326,599.0,4667.0,2409.0,1332.75,26.429089,50.016673,0.39,0.118,0.098,84,70,53,8.72,1.0,6.123233995736766e-17,8070,1507.75,1507.75,7.319036772411741,7.069874128458572,-0.24916264395316912
الدمام,النور,قطعة أرض-سكنى,2017,3,2375.0,21,1237.7092608063147,1000.0,4935.0,2400.0,1332.75,26.429089,50.016673,0.39,0.118,0.098,84,70,53,8.72,1.2246467991473532e-16,-1.0,8071,1483.5,1483.5,7.302833294203815,7.773173680482536,0.4703403862787212
الدمام,النور,قطعة أرض-سكنى,2017,4,2610.0,25,1262.06496531148,555.0,4675.0,2015.0,1332.75,26.429089,50.016673,0.39,0.118,0.098,84,70,53,8.72,-1.0,-1.8369701987210297e-16,8072,1873.5,1873.5,7.536097236175967,7.8674885686991285,0.3313913325231619
الدمام,النور,قطعة أرض-سكنى,2018,1,1514.0,11,1245.7577832570241,974.0,4013.0,1873.5,2021.0,26.429089,50.016673,0.39,0.118,0.098,84,70,53,8.72,0.0,1.0,8073,2021.0,2021.0,7.611842399580417,7.323170717943469,-0.2886716816369477
الدمام,النور,قطعة أرض-سكنى,2018,2,1154.5,16,1013.999145298785,890.0,3975.0,1469.0,2021.0,26.429089,50.016673,0.39,0.118,0.098,84,70,53,8.72,1.0,6.123233995736766e-17,8074,1944.5,1944.5,7.573274292424609,7.0522884297144355,-0.5209858627101731
الدمام,النور,قطعة أرض-سكنى,2018,3,1015.0,10,828.4874035118323,750.0,3500.0,319.0,2021.0,26.429089,50.016673,0.39,0.118,0.098,84,70,53,8.72,1.2246467991473532e-16,-1.0,8075,1944.5,1944.5,7.573274292424609,6.923628628138427,-0.6496456642861812
الدمام,النور,قطعة أرض-سكنى,2018,4,900.0,21,895.0104814496655,697.0,3100.0,1580.0,2021.0,26.429089,50.016673,0.39,0.118,0.098,84,70,53,8.72,-1.0,-1.8369701987210297e-16,8076,1334.25,1334.25,7.19687381921988,6.803505257608338,-0.3933685616115419
الدمام,النور,قطعة أرض-سكنى,2019,1,1100.0,25,893.2254903811616,500.0,3566.0,1120.0,1084.75,26.429089,50.016673,0.39,0.118,0.098,84,70,53,8.72,0.0,1.0,8077,1084.75,1084.75,6.990026271414931,7.00397413672268,0.013947865307748941
الدمام,النور,قطعة أرض-سكنى,2019,2,1299.0,19,907.8207406068797,649.0,4107.0,1091.5,1084.75,26.429089,50.016673,0.39,0.118,0.098,84,70,53,8.72,1.0,6.123233995736766e-17,8078,1057.5,1057.5,6.96460809057492,7.170119543449628,0.20551145287470796
الدمام,النور,قطعة أرض-سكنى,2019,3,1150.0,31,901.966515841317,800.0,3206.0,1607.5,1084.75,26.429089,50.016673,0.39,0.118,0.098,84,70,53,8.72,1.2246467991473532e-16,-1.0,8079,1057.5,1057.5,6.96460809057492,7.048386408721883,0.08377831814696268
الدمام,النور,قطعة أرض-سكنى,2019,4,1150.0,48,770.5794678759984,747.0,3977.0,952.5,1084.75,26.429089,50.016673,0.39,0.118,0.098,84,70,53,8.72,-1.0,-1.8369701987210297e-16,8080,1125.0,1125.0,7.026426808699636,7.048386408721883,0.02195960002224684
الدمام,النور,قطعة أرض-سكنى,2020,1,2623.0,14,949.2985032915875,802.0,3433.0,1782.5,1150.0,26.429089,50.016673,0.39,0.118,0.098,84,70,53,8.72,0.0,1.0,8081,1150.0,1150.0,7.048386408721883,7.8724551500639794,0.8240687413420966
الدمام,النور,قطعة أرض-سكنى,2020,2,1829.5,22,820.5788686370612,750.0,3250.0,1500.0,1150.0,26.429089,50.016673,0.39,0.118,0.098,84,70,53,8.72,1.0,6.123233995736766e-17,8082,1224.5,1224.5,7.111104202968168,7.512344432560291,0.4012402295921236
الدمام,النور,قطعة أرض-سكنى,2020,3,1291.5,16,709.3369409761015,564.0,3289.0,782.5,1150.0,26.429089,50.016673,0.39,0.118,0.098,84,70,53,8.72,1.2246467991473532e-16,-1.0,8083,1489.75,1489.75,7.3070346280032155,7.164333606382584,-0.14270102162063125
الدمام,النور,قطعة أرض-سكنى,2020,4,1350.0,34,742.212555018503,950.0,3601.0,546.5,1150.0,26.429089,50.016673,0.39,0.118,0.098,84,70,53,8.72,-1.0,-1.8369701987210297e-16,8084,1560.5,1560.5,7.353402176723133,7.208600337960199,-0.14480183876293395
الدمام,النور,قطعة أرض-سكنى,2021,1,1400.0,55,571.5329484037741,641.0,4121.0,175.0,1589.75,26.429089,50.016673,0.39,0.118,0.098,84,70,53,8.72,0.0,1.0,8085,1589.75,1589.75,7.3719608821129015,7.244941546337007,-0.12701933577589486
الدمام,النور,قطعة أرض-سكنى,2021,2,1450.0,22,1046.7949558789821,557.0,4706.0,1330.5,1589.75,26.429089,50.016673,0.39,0.118,0.098,84,70,53,8.72,1.0,6.123233995736766e-17,8086,1375.0,1375.0,7.226936018493289,7.280008252884188,0.05307223439089892
الدمام,النور,قطعة أرض-سكنى,2021,3,1450.0,37,650.6177994960028,793.0,3449.0,250.0,1589.75,26.429089,50.016673,0.39,0.118,0.098,84,70,53,8.72,1.2246467991473532e-16,-1.0,8087,1375.0,1375.0,7.226936018493289,7.280008252884188,0.05307223439089892
الدمام,النور,قطعة أرض-سكنى,2021,4,1450.0,23,686.6557295392582,1000.0,3285.0,1123.0,1589.75,26.429089,50.016673,0.39,0.118,0.098,84,70,53,8.72,-1.0,-1.8369701987210297e-16,8088,1425.0,1425.0,7.262628600974241,7.280008252884188,0.017379651909946503
الدمام,النور,قطعة أرض-سكنى,2022,1,2500.0,24,911.854484799672,500.0,3636.0,1540.5,1450.0,26.429089,50.016673,0.39,0.118,0.098,84,70,53,8.72,0.0,1.0,8089,1450.0,1450.0,7.280008252884188,7.824445930877619,0.5444376779934315
الدمام,النور,قطعة أرض-سكنى,2022,2,1725.0,26,813.4457421270429,500.0,3991.0,982.5,1450.0,26.429089,50.016673,0.39,0.118,0.098,84,70,53,8.72,1.0,6.123233995736766e-17,8090,1450.0,1450.0,7.280008252884188,7.453561871643373,0.1735536187591853
الدمام,النور,قطعة أرض-سكنى,2022,3,1450.0,19,908.5457469324293,750.0,3375.0,1489.0,1450.0,26.429089,50.016673,0.39,0.118,0.098,84,70,53,8.72,1.2246467991473532e-16,-1.0,8091,1587.5,1587.5,7.370545453709571,7.280008252884188,-0.0905372008253833
الدمام,النور,قطعة أرض-سكنى,2022,4,1979.0,14,1034.452023542411,500.0,4733.0,1205.25,1450.0,26.429089,50.016673,0.39,0.118,0.098,84,70,53,8.72,-1.0,-1.8369701987210297e-16,8092,1587.5,1587.5,7.370545453709571,7.590852123688581,0.22030666997900994
الدمام,النور,قطعة أرض-سكنى,2023,1,1861.0,13,858.551538109241,1275.0,4186.0,990.0,1852.0,26.429089,50.016673,0.39,0.118,0.098,84,70,53,8.72,0.0,1.0,8093,1852.0,1852.0,7.52456122628536,7.529406457837013,0.004845231551652951
الدمام,النور,قطعة أرض-سكنى,2023,2,2000.0,13,827.3161039756424,1300.0,3750.0,1424.0,1852.0,26.429089,50.016673,0.39,0.118,0.098,84,70,53,8.72,1.0,6.123233995736766e-17,8094,1793.0,1793.0,7.492203042618741,7.601402334583733,0.109199291964992
الدمام,النور,قطعة أرض-سكنى,2023,4,2795.0,11,586.2402237990839,2035.0,3957.0,725.0,1852.0,26.429089,50.016673,0.39,0.118,0.098,84,70,53,8.72,-1.0,-1.8369701987210297e-16,8096,1920.0,1920.0,7.560601162768557,7.935945103353701,0.375343940585144
الدمام,النور,قطعة أرض-سكنى,2025,4,2180.0,165,1092.561207651069,619.0,6770.480704129994,1232.8539946797391,1440.11348495595,26.429089,50.016673,0.39,0.118,0.098,84,70,53,8.72,-1.0,-1.8369701987210297e-16,8104,1989.5,1989.5,7.596141142440372,7.687538766201629,0.09139762376125748
الدمام,النور,قطعة أرض-سكنى,2026,1,2785.174227827213,654,816.3350460520318,520.0,13067.79572421724,566.7660623993784,2180.0,26.429089,50.016673,0.39,0.118,0.098,84,70,53,8.72,0.0,1.0,8105,2090.0,2090.0,7.645397699428633,7.932424689292947,0.2870269898643141
الدمام,النورس,قطعة أرض-تجارى,2023,2,2500.0,15,276.91325786417735,1800.0,2680.0,290.0,2000.0,26.411986,50.184691,0.296,0.0,0.309,50,44,15,7.34,1.0,6.123233995736766e-17,8094,2034.8295130108493,2034.8295130108493,7.618658637922123,7.824445930877619,0.20578729295549625
الدمام,النورس,قطعة أرض-تجارى,2026,1,2202.643171806167,31,1426.1499000342862,800.0,6460.059604816621,2149.7955794574514,1750.3398072128193,26.411986,50.184691,0.296,0.0,0.309,50,44,15,7.34,0.0,1.0,8105,2500.0,2500.0,7.824445930877619,7.6978672568961075,-0.1265786739815118
الدمام,النورس,قطعة أرض-سكنى,2023,3,1600.0,26,23.481580342570968,1600.0,1700.0,0.0,1921.0,26.411986,50.184691,0.296,0.0,0.309,50,44,15,7.4,1.2246467991473532e-16,-1.0,8095,2482.5871139136066,2482.5871139136066,7.8174592110063506,7.3783837129967145,-0.4390754980096361
الدمام,النورس,قطعة أرض-سكنى,2025,4,2586.0,22,1599.3564484995834,1125.0,7163.773269190546,1928.1172872898399,2619.53391751898,26.411986,50.184691,0.296,0.0,0.309,50,44,15,7.4,-1.0,-1.8369701987210297e-16,8104,1600.0,1600.0,7.3783837129967145,7.8582541821860294,0.479870469189315
الدمام,النورس,قطعة أرض-سكنى,2026,1,2469.753722974323,74,1511.1306687254157,777.7515908555267,6781.326781326781,2194.583811724392,2586.0,26.411986,50.184691,0.296,0.0,0.309,50,44,15,7.4,0.0,1.0,8105,2093.0,2093.0,7.646831391430482,7.812278534074675,0.1654471426441928
الدمام,الواحة,قطعة أرض-تجارى,2023,1,1750.0,13,426.716308209925,1100.0,2467.0,173.0,1750.0,26.382767,50.097581,0.0,0.2,0.0,178,87,100,7.34,0.0,1.0,8093,2136.151098913933,2136.151098913933,7.667228958909404,7.467942332285852,-0.199286626623552
الدمام,الواحة,قطعة أرض-تجارى,2026,1,2300.0,11,701.2777140479621,1202.1963824289403,3589.633139493144,771.2506493950818,1650.0,26.382767,50.097581,0.0,0.2,0.0,178,87,100,7.34,0.0,1.0,8105,1750.0,1750.0,7.467942332285852,7.741099090035366,0.273156757749514
الدمام,الواحة,قطعة أرض-سكنى,2017,4,1330.0,21,269.14995820174295,1100.0,2245.0,322.0,3333.0,26.382767,50.097581,0.0,0.2,0.0,178,87,100,50.38,-1.0,-1.8369701987210297e-16,8072,2527.8768614871615,2527.8768614871615,7.835530554890298,7.193685818395112,-0.6418447364951856
الدمام,الواحة,قطعة أرض-سكنى,2023,1,2000.0,12,308.5891649544305,1100.0,2250.0,200.0,1875.0,26.382767,50.097581,0.0,0.2,0.0,178,87,100,50.38,0.0,1.0,8093,1330.0,1330.0,7.193685818395112,7.601402334583733,0.40771651618862137
الدمام,الواحة,قطعة أرض-سكنى,2025,4,2500.0,12,1032.1305432995516,1528.1091659741026,5176.018880647336,792.0004730878866,2079.0,26.382767,50.097581,0.0,0.2,0.0,178,87,100,50.38,-1.0,-1.8369701987210297e-16,8104,1665.0,1665.0,7.418180822726788,7.824445930877619,0.4062651081508317
الدمام,الواحة,قطعة أرض-سكنى,2026,1,2500.0,74,1742.002455801505,828.225940036442,11306.805827353774,1662.4072851735223,2500.0,26.382767,50.097581,0.0,0.2,0.0,178,87,100,50.38,0.0,1.0,8105,2000.0,2000.0,7.601402334583733,7.824445930877619,0.22304359629388593
الدمام,بدر,قطعة أرض-تجارى,2025,4,1739.0652173913045,14,1170.5932088186855,1094.751034838553,5000.0,1243.9613694730829,1510.95259325308,26.404401,50.023227,0.0,0.786,0.451,111,103,84,7.34,-1.0,-1.8369701987210297e-16,8104,2251.3215859030834,2251.3215859030834,7.719716779199197,7.461677872765541,-0.2580389064336561
الدمام,بدر,قطعة أرض-تجارى,2026,1,2300.0,24,1828.862531560317,1129.4591836734694,9865.892201247118,1202.4981987980268,1739.0652173913045,26.404401,50.023227,0.0,0.786,0.451,111,103,84,7.34,0.0,1.0,8105,1739.0652173913045,1739.0652173913045,7.461677872765541,7.741099090035366,0.2794212172698254
الدمام,بدر,قطعة أرض-زراعي,2026,1,2106.685236768802,23,827.7106623234945,1554.291586073501,3986.273949099228,1457.3815893898623,2079.0,26.404401,50.023227,0.0,0.786,0.451,111,103,84,0.0,0.0,1.0,8105,2237.1448935953567,2237.1448935953567,7.713402629222709,7.653345580091276,-0.06005704913143273
الدمام,بدر,قطعة أرض-سكنى,2016,1,1600.0,27,911.7417506854779,823.0,3605.0,1741.0,2079.0,26.404401,50.023227,0.0,0.786,0.451,111,103,84,3.4,0.0,1.0,8065,2250.0,2250.0,7.719129840906732,7.3783837129967145,-0.3407461279100179
الدمام,بدر,قطعة أرض-سكنى,2016,2,2173.0,23,909.3860718462672,800.0,3500.0,1657.5,2079.0,26.404401,50.023227,0.0,0.786,0.451,111,103,84,3.4,1.0,6.123233995736766e-17,8066,1600.0,1600.0,7.3783837129967145,7.684324067681155,0.3059403546844406
الدمام,بدر,قطعة أرض-سكنى,2016,3,1727.0,19,1115.5688423872655,1200.0,4342.0,1944.0,2079.0,26.404401,50.023227,0.0,0.786,0.451,111,103,84,3.4,1.2246467991473532e-16,-1.0,8067,1886.5,1886.5,7.54300848112318,7.454719949364001,-0.08828853175917928
الدمام,بدر,قطعة أرض-سكنى,2016,4,1738.0,19,685.6111287625375,954.0,4000.0,594.5,2079.0,26.404401,50.023227,0.0,0.786,0.451,111,103,84,3.4,-1.0,-1.8369701987210297e-16,8068,1727.0,1727.0,7.454719949364001,7.461065514354283,0.006345564990282604
الدمام,بدر,قطعة أرض-سكنى,2017,1,1952.0,23,699.8040832552432,825.0,3509.0,787.0,1732.5,26.404401,50.023227,0.0,0.786,0.451,111,103,84,3.4,0.0,1.0,8069,1732.5,1732.5,7.457897765125078,7.577121930876679,0.11922416575160089
الدمام,بدر,قطعة أرض-سكنى,2017,2,2125.0,16,763.5334417474238,986.0,3575.0,1096.75,1732.5,26.404401,50.023227,0.0,0.786,0.451,111,103,84,3.4,1.0,6.123233995736766e-17,8070,1845.0,1845.0,7.520776415062797,7.661997558901893,0.141221143839096
الدمام,بدر,قطعة أرض-سكنى,2017,3,1580.0,22,1038.411057245407,586.0,4170.0,1258.0,1732.5,26.404401,50.023227,0.0,0.786,0.451,111,103,84,3.4,1.2246467991473532e-16,-1.0,8071,1845.0,1845.0,7.520776415062797,7.365812837209472,-0.1549635778533247
الدمام,بدر,قطعة أرض-سكنى,2017,4,1692.5,32,717.0294652469019,667.0,3712.0,782.0,1732.5,26.404401,50.023227,0.0,0.786,0.451,111,103,84,3.4,-1.0,-1.8369701987210297e-16,8072,1845.0,1845.0,7.520776415062797,7.434552672257826,-0.0862237428049708
الدمام,بدر,قطعة أرض-سكنى,2018,1,1427.0,19,760.7053897919217,617.0,3000.0,1235.0,1822.25,26.404401,50.023227,0.0,0.786,0.451,111,103,84,3.4,0.0,1.0,8073,1822.25,1822.25,7.508375901864342,7.2640301428995295,-0.2443457589648128
الدمام,بدر,قطعة أرض-سكنى,2018,2,1464.0,13,690.2970560860199,954.0,3019.0,867.0,1822.25,26.404401,50.023227,0.0,0.786,0.451,111,103,84,3.4,1.0,6.123233995736766e-17,8074,1636.25,1636.25,7.400773284098163,7.289610521451167,-0.11116276264699554
الدمام,بدر,قطعة أرض-سكنى,2018,3,1333.0,14,365.636138413978,759.0,1918.0,539.75,1822.25,26.404401,50.023227,0.0,0.786,0.451,111,103,84,3.4,1.2246467991473532e-16,-1.0,8075,1522.0,1522.0,7.328437352895162,7.195937226475569,-0.1325001264195933
الدمام,بدر,قطعة أرض-سكنى,2018,4,1076.5,30,940.8933001668419,667.0,4241.0,1114.75,1822.25,26.404401,50.023227,0.0,0.786,0.451,111,103,84,3.4,-1.0,-1.8369701987210297e-16,8076,1445.5,1445.5,7.27690212441619,6.9823988219779025,-0.2945033024382875
الدمام,بدر,قطعة أرض-سكنى,2019,1,1424.0,29,682.0206647837866,560.0,3033.0,1027.0,1380.0,26.404401,50.023227,0.0,0.786,0.451,111,103,84,3.4,0.0,1.0,8077,1380.0,1380.0,7.2305631534092925,7.261927092702751,0.03136393929345882
الدمام,بدر,قطعة أرض-سكنى,2019,2,1760.0,25,676.6459610953624,500.0,2929.0,1103.0,1380.0,26.404401,50.023227,0.0,0.786,0.451,111,103,84,3.4,1.0,6.123233995736766e-17,8078,1378.5,1378.5,7.2294763936573405,7.473637108496206,0.24416071483886537
الدمام,بدر,قطعة أرض-سكنى,2019,3,1795.0,26,799.8881768001171,538.0,3750.0,1203.75,1380.0,26.404401,50.023227,0.0,0.786,0.451,111,103,84,3.4,1.2246467991473532e-16,-1.0,8079,1378.5,1378.5,7.2294763936573405,7.493317248862145,0.2638408552048048
الدمام,بدر,قطعة أرض-سكنى,2019,4,1638.5,24,818.1156758417302,591.0,4000.0,1187.0,1380.0,26.404401,50.023227,0.0,0.786,0.451,111,103,84,3.4,-1.0,-1.8369701987210297e-16,8080,1592.0,1592.0,7.373374309910049,7.402146596284703,0.028772286374653788
الدمام,بدر,قطعة أرض-سكنى,2020,1,1524.0,26,724.6467107388366,863.0,3884.0,1041.25,1699.25,26.404401,50.023227,0.0,0.786,0.451,111,103,84,3.4,0.0,1.0,8081,1699.25,1699.25,7.438530578055748,7.329749689041512,-0.10878088901423588
الدمام,بدر,قطعة أرض-سكنى,2020,2,1811.0,18,674.0836045197606,714.0,2880.0,1015.25,1699.25,26.404401,50.023227,0.0,0.786,0.451,111,103,84,3.4,1.0,6.123233995736766e-17,8082,1699.25,1699.25,7.438530578055748,7.502186486602924,0.06365590854717595
الدمام,بدر,قطعة أرض-سكنى,2020,3,1396.0,16,463.5758118510211,572.0,2640.0,436.75,1699.25,26.404401,50.023227,0.0,0.786,0.451,111,103,84,3.4,1.2246467991473532e-16,-1.0,8083,1716.75,1716.75,7.448770573911185,7.242082359256962,-0.20668821465422305
الدمام,بدر,قطعة أرض-سكنى,2020,4,1300.5,14,297.3098431891263,640.0,1747.0,268.0,1699.25,26.404401,50.023227,0.0,0.786,0.451,111,103,84,3.4,-1.0,-1.8369701987210297e-16,8084,1581.25,1581.25,7.366603163655415,7.17127272443462,-0.19533043922079507
الدمام,بدر,قطعة أرض-سكنى,2021,1,1356.5,22,631.9709634953956,1000.0,3331.0,391.0,1460.0,26.404401,50.023227,0.0,0.786,0.451,111,103,84,3.4,0.0,1.0,8085,1460.0,1460.0,7.2868764117507,7.21340005180809,-0.07347635994260937
الدمام,بدر,قطعة أرض-سكنى,2021,2,1333.0,23,666.8699140113,640.0,3000.0,675.0,1460.0,26.404401,50.023227,0.0,0.786,0.451,111,103,84,3.4,1.0,6.123233995736766e-17,8086,1376.25,1376.25,7.227844036352826,7.195937226475569,-0.031906809877257025
الدمام,بدر,قطعة أرض-سكنى,2021,4,1619.0,23,541.4147146879483,959.0,3285.0,505.5,1460.0,26.404401,50.023227,0.0,0.786,0.451,111,103,84,3.4,-1.0,-1.8369701987210297e-16,8088,1344.75,1344.75,7.204706757441067,7.3901814282264295,0.1854746707853625
الدمام,بدر,قطعة أرض-سكنى,2022,1,1500.0,21,1102.334937433135,807.0,4993.0,976.0,1374.75,26.404401,50.023227,0.0,0.786,0.451,111,103,84,3.4,0.0,1.0,8089,1344.75,1344.75,7.204706757441067,7.313886831633462,0.10918007419239473
الدمام,بدر,قطعة أرض-سكنى,2022,2,1510.0,22,496.8083065997322,684.0,2720.0,569.25,1374.75,26.404401,50.023227,0.0,0.786,0.451,111,103,84,3.4,1.0,6.123233995736766e-17,8090,1428.25,1428.25,7.26490511014408,7.32052696227274,0.055621852128659555
الدمام,بدر,قطعة أرض-سكنى,2022,3,1400.0,17,347.1129986380939,914.0,2240.0,470.0,1374.75,26.404401,50.023227,0.0,0.786,0.451,111,103,84,3.4,1.2246467991473532e-16,-1.0,8091,1505.0,1505.0,7.317212408359839,7.244941546337007,-0.07227086202283228
الدمام,بدر,قطعة أرض-سكنى,2022,4,1615.0,19,620.727035524939,583.0,2769.0,747.5,1374.75,26.404401,50.023227,0.0,0.786,0.451,111,103,84,3.4,-1.0,-1.8369701987210297e-16,8092,1505.0,1505.0,7.317212408359839,7.38770923908104,0.0704968307212015
الدمام,بدر,قطعة أرض-سكنى,2023,1,1430.0,11,668.6915310039178,1200.0,3111.0,638.0,1505.0,26.404401,50.023227,0.0,0.786,0.451,111,103,84,3.4,0.0,1.0,8093,1505.0,1505.0,7.317212408359839,7.266128779556451,-0.05108362880338824
الدمام,بدر,قطعة أرض-سكنى,2023,4,1640.0,11,632.7782320126784,1021.0,3085.0,683.0,1505.0,26.404401,50.023227,0.0,0.786,0.451,111,103,84,3.4,-1.0,-1.8369701987210297e-16,8096,1470.0,1470.0,7.293697720601438,7.403061091090091,0.10936337048865319
الدمام,بدر,قطعة أرض-سكنى,2025,4,2076.3455199587124,104,915.239831275993,1021.2418300653594,5534.714962179447,1153.0613184600218,1485.735790558755,26.404401,50.023227,0.0,0.786,0.451,111,103,84,3.4,-1.0,-1.8369701987210297e-16,8104,1522.5,1522.5,7.328765598425764,7.638846165340898,0.3100805669151345
الدمام,بدر,قطعة أرض-سكنى,2026,1,2287.6804806856558,222,1173.274969003416,500.0,8686.427648976078,1485.6796165708704,2076.3455199587124,26.404401,50.023227,0.0,0.786,0.451,111,103,84,3.4,0.0,1.0,8105,1627.5,1627.5,7.395414624716288,7.735730721168331,0.3403160964520424
الدمام,ضاحية الملك فهد,قطعة أرض-تجارى,2016,1,1025.0,120,1403.6708396381323,500.0,5217.0,1980.75,2079.0,26.413589,50.001125,0.278,0.299,0.439,49,48,27,15.55,0.0,1.0,8065,2025.0,2025.0,7.613818684808629,6.933423025730715,-0.6803956590779139
الدمام,ضاحية الملك فهد,قطعة أرض-تجارى,2016,2,1070.0,128,1516.4295323472184,500.0,5616.0,2529.0,2079.0,26.413589,50.001125,0.278,0.299,0.439,49,48,27,15.55,1.0,6.123233995736766e-17,8066,1025.0,1025.0,6.933423025730715,6.976348070447749,0.042925044717033956
الدمام,ضاحية الملك فهد,قطعة أرض-تجارى,2016,3,1026.0,119,1329.6691036586235,519.0,4800.0,2224.0,2079.0,26.413589,50.001125,0.278,0.299,0.439,49,48,27,15.55,1.2246467991473532e-16,-1.0,8067,1047.5,1047.5,6.955115850341975,6.934397209928558,-0.020718640413416978
الدمام,ضاحية الملك فهد,قطعة أرض-تجارى,2016,4,1000.0,65,1329.8332331103084,500.0,4800.0,2337.0,2079.0,26.413589,50.001125,0.278,0.299,0.439,49,48,27,15.55,-1.0,-1.8369701987210297e-16,8068,1026.0,1026.0,6.934397209928558,6.90875477931522,-0.025642430613337375
الدمام,ضاحية الملك فهد,قطعة أرض-تجارى,2017,1,791.0,105,1067.324602090248,500.0,4400.0,1442.0,1025.5,26.413589,50.001125,0.278,0.299,0.439,49,48,27,15.55,0.0,1.0,8069,1025.5,1025.5,6.933910236458988,6.674561391814426,-0.2593488446445624
الدمام,ضاحية الملك فهد,قطعة أرض-تجارى,2017,2,1200.0,88,1064.852196610853,507.0,4874.0,1751.5,1025.5,26.413589,50.001125,0.278,0.299,0.439,49,48,27,15.55,1.0,6.123233995736766e-17,8070,1013.0,1013.0,6.921658184151129,7.0909098220799835,0.16925163792885467
الدمام,ضاحية الملك فهد,قطعة أرض-تجارى,2017,3,1052.0,100,1044.8430463544041,500.0,3640.0,1900.0,1025.5,26.413589,50.001125,0.278,0.299,0.439,49,48,27,15.55,1.2246467991473532e-16,-1.0,8071,1013.0,1013.0,6.921658184151129,6.959398512133975,0.037740327982846544
الدمام,ضاحية الملك فهد,قطعة أرض-تجارى,2017,4,1020.0,141,977.7775101585398,500.0,3571.0,1856.0,1025.5,26.413589,50.001125,0.278,0.299,0.439,49,48,27,15.55,-1.0,-1.8369701987210297e-16,8072,1026.0,1026.0,6.934397209928558,6.928537818164665,-0.005859391763892496
الدمام,ضاحية الملك فهد,قطعة أرض-تجارى,2018,1,1030.0,129,922.800363120008,500.0,4271.0,1634.0,1036.0,26.413589,50.001125,0.278,0.299,0.439,49,48,27,15.55,0.0,1.0,8073,1036.0,1036.0,6.9440872082295275,6.93828448401696,-0.005802724212567334
الدمام,ضاحية الملك فهد,قطعة أرض-تجارى,2018,2,740.0,81,868.720315950812,500.0,3120.0,1774.0,1036.0,26.413589,50.001125,0.278,0.299,0.439,49,48,27,15.55,1.0,6.123233995736766e-17,8074,1041.0,1041.0,6.948897222313312,6.608000625296087,-0.34089659701722574
الدمام,ضاحية الملك فهد,قطعة أرض-تجارى,2018,3,724.0,104,900.179782423126,519.0,4522.0,1408.0,1036.0,26.413589,50.001125,0.278,0.299,0.439,49,48,27,15.55,1.2246467991473532e-16,-1.0,8075,1025.0,1025.0,6.933423025730715,6.586171654854675,-0.3472513708760401
الدمام,ضاحية الملك فهد,قطعة أرض-تجارى,2018,4,740.0,219,798.3765642132463,507.0,3360.0,344.0,1036.0,26.413589,50.001125,0.278,0.299,0.439,49,48,27,15.55,-1.0,-1.8369701987210297e-16,8076,880.0,880.0,6.78105762593618,6.608000625296087,-0.17305700064009333
الدمام,ضاحية الملك فهد,قطعة أرض-تجارى,2019,1,854.0,176,810.5556925833171,500.0,3360.0,212.5,740.0,26.413589,50.001125,0.278,0.299,0.439,49,48,27,15.55,0.0,1.0,8077,740.0,740.0,6.608000625296087,6.75110146893676,0.14310084364067333
الدمام,ضاحية الملك فهد,قطعة أرض-تجارى,2019,2,980.0,153,1048.1436841686061,500.0,3760.0,1965.0,740.0,26.413589,50.001125,0.278,0.299,0.439,49,48,27,15.55,1.0,6.123233995736766e-17,8078,740.0,740.0,6.608000625296087,6.8885724595653635,0.2805718342692769
الدمام,ضاحية الملك فهد,قطعة أرض-تجارى,2019,3,1051.0,219,912.6416900087836,514.0,3900.0,266.0,740.0,26.413589,50.001125,0.278,0.299,0.439,49,48,27,15.55,1.2246467991473532e-16,-1.0,8079,797.0,797.0,6.682108597449809,6.9584483932976555,0.2763397958478464
الدمام,ضاحية الملك فهد,قطعة أرض-تجارى,2019,4,1160.0,194,1088.5733306793002,509.0,3822.0,2038.5,740.0,26.413589,50.001125,0.278,0.299,0.439,49,48,27,15.55,-1.0,-1.8369701987210297e-16,8080,917.0,917.0,6.822197390620491,7.057036981697891,0.23483959107740038
الدمام,ضاحية الملك فهد,قطعة أرض-تجارى,2020,1,1162.0,145,1198.550104967987,511.0,4060.0,2308.0,1015.5,26.413589,50.001125,0.278,0.299,0.439,49,48,27,15.55,0.0,1.0,8081,1015.5,1015.5,6.9241206330684015,7.0587581525186645,0.13463751945026292
الدمام,ضاحية الملك فهد,قطعة أرض-تجارى,2020,2,3108.0,70,1290.3314213067874,508.0,4358.0,2514.25,1015.5,26.413589,50.001125,0.278,0.299,0.439,49,48,27,15.55,1.0,6.123233995736766e-17,8082,1105.5,1105.5,7.008957159491104,8.042056410058754,1.0330992505676493
الدمام,ضاحية الملك فهد,قطعة أرض-تجارى,2020,3,1000.0,79,831.0154581345356,508.0,3473.0,678.0,1015.5,26.413589,50.001125,0.278,0.299,0.439,49,48,27,15.55,1.2246467991473532e-16,-1.0,8083,1161.0,1161.0,7.057897937411856,6.90875477931522,-0.1491431580966358
الدمام,ضاحية الملك فهد,قطعة أرض-تجارى,2020,4,1242.5,130,798.7425237961321,511.0,4581.0,389.75,1015.5,26.413589,50.001125,0.278,0.299,0.439,49,48,27,15.55,-1.0,-1.8369701987210297e-16,8084,1161.0,1161.0,7.057897937411856,7.12568526324346,0.06778732583160352
الدمام,ضاحية الملك فهد,قطعة أرض-تجارى,2022,1,1463.0,69,978.2875731980998,545.0,6659.0,612.0,2079.0,26.413589,50.001125,0.278,0.299,0.439,49,48,27,15.55,0.0,1.0,8089,1202.25,1202.25,7.092781508183219,7.288927694521257,0.19614618633803804
الدمام,ضاحية الملك فهد,قطعة أرض-تجارى,2022,2,1426.0,63,948.5253410324076,580.0,4756.0,623.0,2079.0,26.413589,50.001125,0.278,0.299,0.439,49,48,27,15.55,1.0,6.123233995736766e-17,8090,1352.75,1352.75,7.2106337983152,7.2633296174768365,0.05269581916163624
الدمام,ضاحية الملك فهد,قطعة أرض-تجارى,2022,3,1560.0,53,1035.832211715433,762.0,6005.0,700.0,2079.0,26.413589,50.001125,0.278,0.299,0.439,49,48,27,15.55,1.2246467991473532e-16,-1.0,8091,1334.25,1334.25,7.19687381921988,7.353081920515432,0.15620810129555274
الدمام,ضاحية الملك فهد,قطعة أرض-تجارى,2022,4,2062.0,44,1132.4999633638083,800.0,5047.0,1837.5,2079.0,26.413589,50.001125,0.278,0.299,0.439,49,48,27,15.55,-1.0,-1.8369701987210297e-16,8092,1444.5,1444.5,7.2762105614564,7.631916513071252,0.3557059516148513
الدمام,ضاحية الملك فهد,قطعة أرض-تجارى,2023,1,1965.0,76,1146.5302342590778,801.0,4889.0,2109.75,1511.5,26.413589,50.001125,0.278,0.299,0.439,49,48,27,15.55,0.0,1.0,8093,1511.5,1511.5,7.321519189904997,7.583756300707112,0.26223711080211487
الدمام,ضاحية الملك فهد,قطعة أرض-تجارى,2023,2,1550.0,42,754.4229063348935,629.0,3928.0,526.0,1511.5,26.413589,50.001125,0.278,0.299,0.439,49,48,27,15.55,1.0,6.123233995736766e-17,8094,1762.5,1762.5,7.475055749676106,7.346655163176539,-0.1284005864995672
الدمام,ضاحية الملك فهد,قطعة أرض-تجارى,2023,3,1546.5,34,988.56359000294,631.0,4620.0,1449.0,1511.5,26.413589,50.001125,0.278,0.299,0.439,49,48,27,15.55,1.2246467991473532e-16,-1.0,8095,1762.5,1762.5,7.475055749676106,7.344396004558751,-0.130659745117355
الدمام,ضاحية الملك فهد,قطعة أرض-سكنى,2016,1,1000.0,483,1344.5665340314486,501.0,5690.0,2113.5,2079.0,26.413589,50.001125,0.278,0.299,0.439,49,48,27,15.47,0.0,1.0,8065,1858.1727599793562,1858.1727599793562,7.527886915076159,6.90875477931522,-0.619132135760939
الدمام,ضاحية الملك فهد,قطعة أرض-سكنى,2016,2,980.0,405,1326.1610425929007,512.0,4898.0,2220.0,2079.0,26.413589,50.001125,0.278,0.299,0.439,49,48,27,15.47,1.0,6.123233995736766e-17,8066,1000.0,1000.0,6.90875477931522,6.8885724595653635,-0.02018231974985696
الدمام,ضاحية الملك فهد,قطعة أرض-سكنى,2016,3,800.0,338,1154.9656057411862,501.0,9600.0,1109.5,2079.0,26.413589,50.001125,0.278,0.299,0.439,49,48,27,15.47,1.2246467991473532e-16,-1.0,8067,990.0,990.0,6.898714534329988,6.68586094706836,-0.21285358726162862
الدمام,ضاحية الملك فهد,قطعة أرض-سكنى,2016,4,955.0,208,1261.9996230905883,500.0,5882.0,2030.0,2079.0,26.413589,50.001125,0.278,0.299,0.439,49,48,27,15.47,-1.0,-1.8369701987210297e-16,8068,980.0,980.0,6.8885724595653635,6.862757913051401,-0.025814546513962533
الدمام,ضاحية الملك فهد,قطعة أرض-سكنى,2017,1,740.0,315,1093.2311477876838,500.0,4800.0,1676.5,967.5,26.413589,50.001125,0.278,0.299,0.439,49,48,27,15.47,0.0,1.0,8069,967.5,967.5,6.875748482847051,6.608000625296087,-0.2677478575509644
الدمام,ضاحية الملك فهد,قطعة أرض-سكنى,2017,2,980.0,311,1060.6635575062253,500.0,6384.0,1805.0,967.5,26.413589,50.001125,0.278,0.299,0.439,49,48,27,15.47,1.0,6.123233995736766e-17,8070,877.5,877.5,6.7782159076271515,6.8885724595653635,0.11035655193821192
الدمام,ضاحية الملك فهد,قطعة أرض-سكنى,2017,3,777.0,274,1010.3976034663048,500.0,3704.0,1550.0,967.5,26.413589,50.001125,0.278,0.299,0.439,49,48,27,15.47,1.2246467991473532e-16,-1.0,8071,877.5,877.5,6.7782159076271515,6.656726524178391,-0.12148938344876026
الدمام,ضاحية الملك فهد,قطعة أرض-سكنى,2017,4,800.0,393,1045.1671370184629,500.0,5050.0,1750.0,967.5,26.413589,50.001125,0.278,0.299,0.439,49,48,27,15.47,-1.0,-1.8369701987210297e-16,8072,866.0,866.0,6.7650389767805414,6.68586094706836,-0.0791780297121818
الدمام,ضاحية الملك فهد,قطعة أرض-سكنى,2018,1,732.0,393,1001.1830627805435,500.0,5446.0,1526.0,788.5,26.413589,50.001125,0.278,0.299,0.439,49,48,27,15.47,0.0,1.0,8073,788.5,788.5,6.671399833695697,6.597145701886651,-0.07425413180904528
الدمام,ضاحية الملك فهد,قطعة أرض-سكنى,2018,2,741.5,294,980.6036476001419,500.0,5490.0,1707.0,788.5,26.413589,50.001125,0.278,0.299,0.439,49,48,27,15.47,1.0,6.123233995736766e-17,8074,788.5,788.5,6.671399833695697,6.610022870676855,-0.06137696301884166
الدمام,ضاحية الملك فهد,قطعة أرض-سكنى,2018,3,720.0,283,866.9811369532176,500.0,4336.0,1171.5,788.5,26.413589,50.001125,0.278,0.299,0.439,49,48,27,15.47,1.2246467991473532e-16,-1.0,8075,759.25,759.25,6.633647326557474,6.580639137284949,-0.05300818927252493
الدمام,ضاحية الملك فهد,قطعة أرض-سكنى,2018,4,763.0,732,803.4432059002266,500.0,3661.0,992.5,788.5,26.413589,50.001125,0.278,0.299,0.439,49,48,27,15.47,-1.0,-1.8369701987210297e-16,8076,736.75,736.75,6.603605013823048,6.638567789166521,0.03496277534347225
الدمام,ضاحية الملك فهد,قطعة أرض-سكنى,2019,1,840.0,623,832.9834059980167,500.0,4111.0,198.0,736.75,26.413589,50.001125,0.278,0.299,0.439,49,48,27,15.47,0.0,1.0,8077,736.75,736.75,6.603605013823048,6.734591659972948,0.13098664614989985
الدمام,ضاحية الملك فهد,قطعة أرض-سكنى,2019,2,940.0,480,1029.0805554773744,500.0,3752.0,1777.5,736.75,26.413589,50.001125,0.278,0.299,0.439,49,48,27,15.47,1.0,6.123233995736766e-17,8078,752.25,752.25,6.624397178010411,6.846943139585379,0.2225459615749683
الدمام,ضاحية الملك فهد,قطعة أرض-سكنى,2019,3,1048.0,616,1002.2426612041087,500.0,4100.0,1313.75,736.75,26.413589,50.001125,0.278,0.299,0.439,49,48,27,15.47,1.2246467991473532e-16,-1.0,8079,801.5,801.5,6.687731855004171,6.955592608396297,0.2678607533921262
الدمام,ضاحية الملك فهد,قطعة أرض-سكنى,2019,4,1100.0,540,1074.0759703025878,500.0,4360.0,1605.75,736.75,26.413589,50.001125,0.278,0.299,0.439,49,48,27,15.47,-1.0,-1.8369701987210297e-16,8080,890.0,890.0,6.792344427470809,7.00397413672268,0.21162970925187086
الدمام,ضاحية الملك فهد,قطعة أرض-سكنى,2020,1,1200.0,410,1211.82261332119,520.0,4082.0,2307.5,994.0,26.413589,50.001125,0.278,0.299,0.439,49,48,27,15.47,0.0,1.0,8081,994.0,994.0,6.902742737158593,7.0909098220799835,0.18816708492139078
الدمام,ضاحية الملك فهد,قطعة أرض-سكنى,2020,2,3238.0,239,1162.6579629148464,540.0,4457.0,2305.0,994.0,26.413589,50.001125,0.278,0.299,0.439,49,48,27,15.47,1.0,6.123233995736766e-17,8082,1074.0,1074.0,6.980075940561763,8.08301991917133,1.1029439786095665
الدمام,ضاحية الملك فهد,قطعة أرض-سكنى,2020,3,917.5,238,921.0112319301863,500.0,5481.0,703.0,994.0,26.413589,50.001125,0.278,0.299,0.439,49,48,27,15.47,1.2246467991473532e-16,-1.0,8083,1150.0,1150.0,7.048386408721883,6.822741904655181,-0.2256445040667021
الدمام,ضاحية الملك فهد,قطعة أرض-سكنى,2020,4,1162.5,308,793.3576868845503,511.0,5662.0,422.25,994.0,26.413589,50.001125,0.278,0.299,0.439,49,48,27,15.47,-1.0,-1.8369701987210297e-16,8084,1150.0,1150.0,7.048386408721883,7.059187982742347,0.010801574020463889
الدمام,ضاحية الملك فهد,قطعة أرض-سكنى,2022,1,1460.0,140,1136.5961654517532,600.0,5761.0,854.75,2079.0,26.413589,50.001125,0.278,0.299,0.439,49,48,27,15.47,0.0,1.0,8089,1181.25,1181.25,7.075174681523985,7.2868764117507,0.21170173022671435
الدمام,ضاحية الملك فهد,قطعة أرض-سكنى,2022,2,1449.0,149,1009.1187240908374,600.0,5579.0,700.0,2079.0,26.413589,50.001125,0.278,0.299,0.439,49,48,27,15.47,1.0,6.123233995736766e-17,8090,1311.25,1311.25,7.179498500132409,7.27931883541462,0.09982033528221113
الدمام,ضاحية الملك فهد,قطعة أرض-سكنى,2022,3,1600.0,157,1058.1884311975348,600.0,5708.0,857.0,2079.0,26.413589,50.001125,0.278,0.299,0.439,49,48,27,15.47,1.2246467991473532e-16,-1.0,8091,1305.75,1305.75,7.175298417593031,7.3783837129967145,0.20308529540368347
الدمام,ضاحية الملك فهد,قطعة أرض-سكنى,2022,4,1894.0,111,1245.5780722830402,583.0,6189.0,1366.5,2079.0,26.413589,50.001125,0.278,0.299,0.439,49,48,27,15.47,-1.0,-1.8369701987210297e-16,8092,1454.5,1454.5,7.283104763185678,7.546974117516527,0.2638693543308488
الدمام,ضاحية الملك فهد,قطعة أرض-سكنى,2023,1,1500.0,71,875.2216551674463,789.0,4669.0,858.0,1530.0,26.413589,50.001125,0.278,0.299,0.439,49,48,27,15.47,0.0,1.0,8093,1530.0,1530.0,7.333676395657684,7.313886831633462,-0.019789564024222273
الدمام,ضاحية الملك فهد,قطعة أرض-سكنى,2023,2,1543.0,62,938.6966104907381,600.0,4164.0,1165.0,1530.0,26.413589,50.001125,0.278,0.299,0.439,49,48,27,15.47,1.0,6.123233995736766e-17,8094,1550.0,1550.0,7.346655163176539,7.342131730584722,-0.004523432591817311
الدمام,ضاحية الملك فهد,قطعة أرض-سكنى,2023,3,1400.0,63,988.9865850646248,600.0,4164.0,1647.0,1530.0,26.413589,50.001125,0.278,0.299,0.439,49,48,27,15.47,1.2246467991473532e-16,-1.0,8095,1571.5,1571.5,7.360421988574595,7.244941546337007,-0.11548044223758858
الدمام,طيبة,قطعة أرض-تجارى,2016,1,1732.0,20,2687.390898152646,1083.0,8667.0,2387.5,2079.0,26.354668,50.047954,0.334,0.563,0.608,51,60,37,6.53,0.0,1.0,8065,1757.5,1757.5,7.472216451914037,7.457609289715606,-0.01460716219843139
الدمام,طيبة,قطعة أرض-تجارى,2016,2,3396.0,13,2663.5309897452544,551.0,8085.0,4473.0,2079.0,26.354668,50.047954,0.334,0.563,0.608,51,60,37,6.53,1.0,6.123233995736766e-17,8066,1732.0,1732.0,7.457609289715606,8.130647968160584,0.6730386784449784
الدمام,طيبة,قطعة أرض-تجارى,2016,4,3000.0,11,1650.0225618292175,603.0,7051.0,1026.0,2079.0,26.354668,50.047954,0.334,0.563,0.608,51,60,37,6.53,-1.0,-1.8369701987210297e-16,8068,2564.0,2564.0,7.84971375760487,8.006700845440367,0.15698708783549709
الدمام,طيبة,قطعة أرض-تجارى,2017,1,1786.5,12,2520.170587059294,917.0,7400.0,2516.0,2491.5,26.354668,50.047954,0.334,0.563,0.608,51,60,37,6.53,0.0,1.0,8069,3000.0,3000.0,8.006700845440367,7.488573274568163,-0.5181275708722044
الدمام,طيبة,قطعة أرض-تجارى,2017,3,1850.5,10,1600.633818904943,943.0,5357.0,1950.75,2491.5,26.354668,50.047954,0.334,0.563,0.608,51,60,37,6.53,1.2246467991473532e-16,-1.0,8071,2393.25,2393.25,7.780825308401728,7.523751400353667,-0.25707390804806085
الدمام,طيبة,قطعة أرض-تجارى,2018,3,1169.5,10,766.444286588689,950.0,3332.0,750.5,1818.5,26.354668,50.047954,0.334,0.563,0.608,51,60,37,6.53,1.2246467991473532e-16,-1.0,8075,2425.25,2425.25,7.79410213448322,7.065186286930966,-0.7289158475522539
الدمام,طيبة,قطعة أرض-تجارى,2019,4,1173.5,24,1288.4759000181323,720.0,5800.0,312.5,1168.25,26.354668,50.047954,0.334,0.563,0.608,51,60,37,6.53,-1.0,-1.8369701987210297e-16,8080,1818.5,1818.5,7.506317017052215,7.068597804098967,-0.43771921295324745
الدمام,طيبة,قطعة أرض-تجارى,2020,1,1385.5,10,590.2881029162323,1270.0,3234.0,91.75,1237.25,26.354668,50.047954,0.334,0.563,0.608,51,60,37,6.53,0.0,1.0,8081,1480.0,1480.0,7.300472814267799,7.234537865055833,-0.0659349492119663
الدمام,طيبة,قطعة أرض-تجارى,2020,2,1420.0,21,854.7138061808704,810.0,4400.0,400.0,1237.25,26.354668,50.047954,0.334,0.563,0.608,51,60,37,6.53,1.0,6.123233995736766e-17,8082,1279.5,1279.5,7.15500590563958,7.259116128097101,0.10411022245752033
الدمام,طيبة,قطعة أرض-تجارى,2020,3,1522.5,10,1249.857418534877,967.0,4889.0,1332.75,1237.25,26.354668,50.047954,0.334,0.563,0.608,51,60,37,6.53,1.2246467991473532e-16,-1.0,8083,1279.5,1279.5,7.15500590563958,7.328765598425764,0.17375969278618353
الدمام,طيبة,قطعة أرض-تجارى,2020,4,1500.0,13,872.205861080149,1101.0,3731.0,950.0,1237.25,26.354668,50.047954,0.334,0.563,0.608,51,60,37,6.53,-1.0,-1.8369701987210297e-16,8084,1402.75,1402.75,7.246902506052653,7.313886831633462,0.06698432558080913
الدمام,طيبة,قطعة أرض-تجارى,2021,1,1500.0,27,1611.0600039049868,1000.0,7391.0,528.0,1460.0,26.354668,50.047954,0.334,0.563,0.608,51,60,37,6.53,0.0,1.0,8085,1460.0,1460.0,7.2868764117507,7.313886831633462,0.027010419882762093
الدمام,طيبة,قطعة أرض-تجارى,2021,2,1800.0,20,689.722161834978,1141.0,3636.0,833.25,1460.0,26.354668,50.047954,0.334,0.563,0.608,51,60,37,6.53,1.0,6.123233995736766e-17,8086,1500.0,1500.0,7.313886831633462,7.496097345175956,0.1822105135424943
الدمام,طيبة,قطعة أرض-تجارى,2021,3,2762.0,13,2567.781018501064,1300.0,9920.0,2093.0,1460.0,26.354668,50.047954,0.334,0.563,0.608,51,60,37,6.53,1.2246467991473532e-16,-1.0,8087,1511.25,1511.25,7.321353886987024,7.924072324923417,0.6027184379363932
الدمام,طيبة,قطعة أرض-تجارى,2022,1,1724.0,18,2008.9602853477654,575.0,8237.0,2547.25,1754.0,26.354668,50.047954,0.334,0.563,0.608,51,60,37,6.53,0.0,1.0,8089,1650.0,1650.0,7.409136443920128,7.45298232946546,0.04384588554533142
الدمام,طيبة,قطعة أرض-تجارى,2022,2,1850.0,15,1456.266236778479,1490.0,7004.0,1175.0,1754.0,26.354668,50.047954,0.334,0.563,0.608,51,60,37,6.53,1.0,6.123233995736766e-17,8090,1762.0,1762.0,7.47477218239787,7.523481312573497,0.04870913017562728
الدمام,طيبة,قطعة أرض-تجارى,2022,3,2574.5,14,1220.6888818015204,833.0,5333.0,1546.25,1754.0,26.354668,50.047954,0.334,0.563,0.608,51,60,37,6.53,1.2246467991473532e-16,-1.0,8091,1825.0,1825.0,7.509883061154913,7.85379896900564,0.3439159078507261
الدمام,طيبة,قطعة أرض-تجارى,2022,4,1917.0,15,867.5577927778206,917.0,4679.0,584.5,1754.0,26.354668,50.047954,0.334,0.563,0.608,51,60,37,6.53,-1.0,-1.8369701987210297e-16,8092,2212.25,2212.25,7.702217302491158,7.559038255443384,-0.1431790470477745
الدمام,طيبة,قطعة أرض-تجارى,2023,1,2919.5,24,1216.9929612588658,741.0,5037.0,2086.25,1883.5,26.354668,50.047954,0.334,0.563,0.608,51,60,37,6.53,0.0,1.0,8093,1883.5,1883.5,7.5414178127071905,7.979510113480364,0.4380923007731736
الدمام,طيبة,قطعة أرض-تجارى,2025,4,1750.0,35,1419.852614993919,805.461798097576,5357.142857142857,1066.4606779357437,2418.526078341595,26.354668,50.047954,0.334,0.563,0.608,51,60,37,6.53,-1.0,-1.8369701987210297e-16,8104,2245.75,2245.75,7.717240006538483,7.467942332285852,-0.24929767425263094
الدمام,طيبة,قطعة أرض-تجارى,2026,1,1851.1960336112809,51,2226.4505904934394,578.9891356307381,13027.155698196331,1008.3962139323132,1750.0,26.354668,50.047954,0.334,0.563,0.608,51,60,37,6.53,0.0,1.0,8105,2245.75,2245.75,7.717240006538483,7.524127259286559,-0.19311274725192362
الدمام,طيبة,قطعة أرض-زراعي,2026,1,3744.073719243202,36,1615.7187301445642,1800.0,7170.608108108107,2677.949361435316,2079.0,26.354668,50.047954,0.334,0.563,0.608,51,60,37,0.0,0.0,1.0,8105,2053.3426183844012,2053.3426183844012,7.627711182023203,8.228196580468714,0.6004853984455103
الدمام,طيبة,قطعة أرض-سكنى,2016,1,3462.0,67,1519.5908175646412,1012.0,6000.0,2596.5,2079.0,26.354668,50.047954,0.334,0.563,0.608,51,60,37,-4.96,0.0,1.0,8065,1521.5,1521.5,7.328108999584052,8.149890544402423,0.8217815448183705
الدمام,طيبة,قطعة أرض-سكنى,2016,2,3077.0,73,1338.2564563065896,1050.0,6000.0,2356.0,2079.0,26.354668,50.047954,0.334,0.563,0.608,51,60,37,-4.96,1.0,6.123233995736766e-17,8066,3462.0,3462.0,8.149890544402423,8.032035314398824,-0.11785523000359888
الدمام,طيبة,قطعة أرض-سكنى,2016,3,3171.0,57,1419.4757510766913,575.0,6012.0,2425.0,2079.0,26.354668,50.047954,0.334,0.563,0.608,51,60,37,-4.96,1.2246467991473532e-16,-1.0,8067,3269.5,3269.5,8.092698157401268,8.06211758275474,-0.03058057464652819
الدمام,طيبة,قطعة أرض-سكنى,2016,4,3333.0,44,1351.952496718233,960.0,6068.0,2334.0,2079.0,26.354668,50.047954,0.334,0.563,0.608,51,60,37,-4.96,-1.0,-1.8369701987210297e-16,8068,3171.0,3171.0,8.06211758275474,8.111928063310739,0.04981048055599935
الدمام,طيبة,قطعة أرض-سكنى,2017,1,1887.5,44,1361.8559808120579,900.0,5246.0,2503.5,3252.0,26.354668,50.047954,0.334,0.563,0.608,51,60,37,-4.96,0.0,1.0,8069,3252.0,3252.0,8.087332926473351,7.543538142152512,-0.5437947843208395
الدمام,طيبة,قطعة أرض-سكنى,2017,2,2885.0,47,1044.4855538280135,1000.0,4190.0,2169.5,3252.0,26.354668,50.047954,0.334,0.563,0.608,51,60,37,-4.96,1.0,6.123233995736766e-17,8070,3124.0,3124.0,8.047189562170502,7.9676267393338165,-0.07956282283668514
الدمام,طيبة,قطعة أرض-سكنى,2017,3,2500.0,37,1084.4997172137191,653.0,4125.0,2000.0,3252.0,26.354668,50.047954,0.334,0.563,0.608,51,60,37,-4.96,1.2246467991473532e-16,-1.0,8071,3028.0,3028.0,8.015987811027237,7.824445930877619,-0.19154188014961804
الدمام,طيبة,قطعة أرض-سكنى,2017,4,2724.0,42,1060.5884238846136,787.0,4625.0,2024.75,3252.0,26.354668,50.047954,0.334,0.563,0.608,51,60,37,-4.96,-1.0,-1.8369701987210297e-16,8072,2692.5,2692.5,7.8985967421205885,7.9102237070973445,0.011626964976755971
الدمام,طيبة,قطعة أرض-سكنى,2018,1,2491.0,26,1140.2640989633128,900.0,4750.0,2251.0,2612.0,26.354668,50.047954,0.334,0.563,0.608,51,60,37,-4.96,0.0,1.0,8073,2612.0,2612.0,7.868254265520613,7.820840879907344,-0.04741338561326902
الدمام,طيبة,قطعة أرض-سكنى,2018,2,2023.0,30,1033.202320207789,574.0,4097.0,1700.5,2612.0,26.354668,50.047954,0.334,0.563,0.608,51,60,37,-4.96,1.0,6.123233995736766e-17,8074,2612.0,2612.0,7.868254265520613,7.6128310304073565,-0.2554232351132564
الدمام,طيبة,قطعة أرض-سكنى,2018,3,2165.5,36,1136.2805443185348,573.0,4921.0,2009.5,2612.0,26.354668,50.047954,0.334,0.563,0.608,51,60,37,-4.96,1.2246467991473532e-16,-1.0,8075,2495.5,2495.5,7.822645029940664,7.680868241179964,-0.14177678876069955
الدمام,طيبة,قطعة أرض-سكنى,2018,4,1869.5,48,910.131984963275,800.0,3641.0,1518.25,2612.0,26.354668,50.047954,0.334,0.563,0.608,51,60,37,-4.96,-1.0,-1.8369701987210297e-16,8076,2328.25,2328.25,7.753301606330535,7.533961053788201,-0.21934055254233353
الدمام,طيبة,قطعة أرض-سكنى,2019,1,1333.0,60,1150.1882885651994,500.0,4221.0,1935.0,2094.25,26.354668,50.047954,0.334,0.563,0.608,51,60,37,-4.96,0.0,1.0,8077,2094.25,2094.25,7.647428156979015,7.195937226475569,-0.45149093050344646
الدمام,طيبة,قطعة أرض-سكنى,2019,2,2333.0,53,1141.9476509852416,587.0,4567.0,1899.0,2094.25,26.354668,50.047954,0.334,0.563,0.608,51,60,37,-4.96,1.0,6.123233995736766e-17,8078,1946.25,1946.25,7.574173399800058,7.755338812846501,0.1811654130464433
الدمام,طيبة,قطعة أرض-سكنى,2019,3,1625.0,43,1663.0444163933237,500.0,9487.0,2180.0,2094.25,26.354668,50.047954,0.334,0.563,0.608,51,60,37,-4.96,1.2246467991473532e-16,-1.0,8079,2017.5,2017.5,7.610109940292996,7.3938782901077555,-0.21623165018524038
الدمام,طيبة,قطعة أرض-سكنى,2019,4,2002.0,51,1111.814833292582,583.0,4425.0,1683.0,2094.25,26.354668,50.047954,0.334,0.563,0.608,51,60,37,-4.96,-1.0,-1.8369701987210297e-16,8080,1747.25,1747.25,7.466370566583977,7.602401335665818,0.13603076908184164
الدمام,طيبة,قطعة أرض-سكنى,2020,1,1454.0,58,1225.8554216633934,850.0,5248.0,1994.5,1813.5,26.354668,50.047954,0.334,0.563,0.608,51,60,37,-4.96,0.0,1.0,8081,1813.5,1813.5,7.503565226653125,7.282761179605593,-0.22080404704753143
الدمام,طيبة,قطعة أرض-سكنى,2020,2,1500.0,45,1090.0421695114053,921.0,4313.0,1785.0,1813.5,26.354668,50.047954,0.334,0.563,0.608,51,60,37,-4.96,1.0,6.123233995736766e-17,8082,1813.5,1813.5,7.503565226653125,7.313886831633462,-0.189678395019663
الدمام,طيبة,قطعة أرض-سكنى,2020,3,1799.5,36,1001.6445853678965,606.0,4000.0,1671.25,1813.5,26.354668,50.047954,0.334,0.563,0.608,51,60,37,-4.96,1.2246467991473532e-16,-1.0,8083,1562.5,1562.5,7.354682176897896,7.49581968308893,0.1411375061910345
الدمام,طيبة,قطعة أرض-سكنى,2020,4,1515.0,37,1070.2688949546782,800.0,6283.0,925.0,1813.5,26.354668,50.047954,0.334,0.563,0.608,51,60,37,-4.96,-1.0,-1.8369701987210297e-16,8084,1649.75,1649.75,7.408985009074681,7.323830566202317,-0.08515444287236384
الدمام,طيبة,قطعة أرض-سكنى,2021,1,1614.5,58,967.7142563963125,554.0,5651.0,1301.75,1507.5,26.354668,50.047954,0.334,0.563,0.608,51,60,37,-4.96,0.0,1.0,8085,1507.5,1507.5,7.3188710585991155,7.387399785264553,0.06852872666543774
الدمام,طيبة,قطعة أرض-سكنى,2021,2,1500.0,99,2490.0763060799973,850.0,14212.0,475.0,1507.5,26.354668,50.047954,0.334,0.563,0.608,51,60,37,-4.96,1.0,6.123233995736766e-17,8086,1564.75,1564.75,7.356120221405522,7.313886831633462,-0.04223338977206037
الدمام,طيبة,قطعة أرض-سكنى,2021,3,2521.0,18,1405.715026345709,500.0,5318.0,2319.25,1507.5,26.354668,50.047954,0.334,0.563,0.608,51,60,37,-4.96,1.2246467991473532e-16,-1.0,8087,1564.75,1564.75,7.356120221405522,7.8328075165248645,0.4766872951193424
الدمام,طيبة,قطعة أرض-سكنى,2021,4,1959.0,68,920.3268648645416,1100.0,4770.0,1534.0,1507.5,26.354668,50.047954,0.334,0.563,0.608,51,60,37,-4.96,-1.0,-1.8369701987210297e-16,8088,1564.75,1564.75,7.356120221405522,7.580699752224563,0.22457953081904058
الدمام,طيبة,قطعة أرض-سكنى,2022,1,1818.0,52,1362.7492247189487,1075.0,8174.0,1332.0,1786.75,26.354668,50.047954,0.334,0.563,0.608,51,60,37,-4.96,0.0,1.0,8089,1786.75,1786.75,7.4887131249285055,7.506042178518122,0.01732905358961645
الدمام,طيبة,قطعة أرض-سكنى,2022,2,2000.0,53,2160.1181914124113,543.0,11730.0,2332.0,1786.75,26.354668,50.047954,0.334,0.563,0.608,51,60,37,-4.96,1.0,6.123233995736766e-17,8090,1888.5,1888.5,7.544067522789543,7.601402334583733,0.05733481179419009
الدمام,طيبة,قطعة أرض-سكنى,2022,3,2826.0,30,1264.251031743446,778.0,6165.0,1943.5,1786.75,26.354668,50.047954,0.334,0.563,0.608,51,60,37,-4.96,1.2246467991473532e-16,-1.0,8091,1979.5,1979.5,7.591104617061971,7.946971357693591,0.3558667406316198
الدمام,طيبة,قطعة أرض-سكنى,2022,4,3188.0,29,1133.3242311041804,1500.0,5257.0,1980.0,1786.75,26.354668,50.047954,0.334,0.563,0.608,51,60,37,-4.96,-1.0,-1.8369701987210297e-16,8092,1979.5,1979.5,7.591104617061971,8.067462667010057,0.47635804994808595
الدمام,طيبة,قطعة أرض-سكنى,2023,1,3230.0,22,1265.2172648492935,1106.0,5101.0,2307.5,2413.0,26.354668,50.047954,0.334,0.563,0.608,51,60,37,-4.96,0.0,1.0,8093,2413.0,2413.0,7.789040401657477,8.080546965824498,0.2915065641670207
الدمام,طيبة,قطعة أرض-سكنى,2023,2,2871.0,28,1030.193740447467,750.0,4350.0,1820.25,2413.0,26.354668,50.047954,0.334,0.563,0.608,51,60,37,-4.96,1.0,6.123233995736766e-17,8094,3007.0,3007.0,8.00903068506973,7.962763930168115,-0.04626675490161514
الدمام,طيبة,قطعة أرض-سكنى,2023,3,3568.5,30,1361.8222920676594,750.0,6284.0,1680.25,2413.0,26.354668,50.047954,0.334,0.563,0.608,51,60,37,-4.96,1.2246467991473532e-16,-1.0,8095,3029.5,3029.5,8.01648290139134,8.180180808942515,0.16369790755117464
الدمام,طيبة,قطعة أرض-سكنى,2023,4,3087.5,18,1776.6017425506448,850.0,8133.0,1766.25,2413.0,26.354668,50.047954,0.334,0.563,0.608,51,60,37,-4.96,-1.0,-1.8369701987210297e-16,8096,3209.0,3209.0,8.07402621612406,8.035440815135955,-0.038585400988106144
الدمام,طيبة,قطعة أرض-سكنى,2025,4,2137.5367083601127,135,1012.0765076011959,622.2042848013991,6299.291959583742,1236.6151061136784,3633.24921232314,26.354668,50.047954,0.334,0.563,0.608,51,60,37,-4.96,-1.0,-1.8369701987210297e-16,8104,3158.75,3158.75,8.058248189527236,7.667877092990816,-0.39037109653641977
الدمام,طيبة,قطعة أرض-سكنى,2026,1,1850.0,537,1156.6531079965525,509.8125,9189.969804384928,1326.1656910297152,2137.5367083601127,26.354668,50.047954,0.334,0.563,0.608,51,60,37,-4.96,0.0,1.0,8105,2979.25,2979.25,7.999762468598111,7.523481312573497,-0.47628115602461385
الدمام,عبدالله فؤاد,قطعة أرض-سكنى,2016,2,1908.0,10,1383.7118197081356,1550.0,6194.0,638.0,2079.0,26.407375,50.1179,0.279,0.468,0.0,160,142,102,-11.53,1.0,6.123233995736766e-17,8066,2612.518354180056,2612.518354180056,7.868452620963616,7.554334823725748,-0.31411779723786815
الدمام,عبدالله فؤاد,قطعة أرض-سكنى,2022,2,1688.0,12,431.82463472052535,1161.0,2811.0,476.25,2079.0,26.407375,50.1179,0.279,0.468,0.0,160,142,102,-11.53,1.0,6.123233995736766e-17,8090,1908.0,1908.0,7.554334823725748,7.4318919168078,-0.12244290691794824
الدمام,غرناطة,قطعة أرض-تجارى,2026,1,2127.300084386041,78,1706.6567008628376,583.2000014318259,14099.78873204347,1191.4047944519812,2447.9458044309404,26.424704,50.079476,0.115,0.189,0.122,279,237,367,7.34,0.0,1.0,8105,1884.0980168056403,1884.0980168056403,7.541735096835626,7.663078857618262,0.12134376078263642
الدمام,غرناطة,قطعة أرض-زراعي,2026,1,1625.0,19,1064.8486500191639,624.5081749999999,4347.826086956522,1334.8970219344696,2079.0,26.424704,50.079476,0.115,0.189,0.122,279,237,367,0.0,0.0,1.0,8105,2053.3426183844012,2053.3426183844012,7.627711182023203,7.3938782901077555,-0.23383289191544776
الدمام,غرناطة,قطعة أرض-سكنى,2016,1,2219.0,17,842.7005739602538,1725.0,4075.0,1725.0,2079.0,26.424704,50.079476,0.115,0.189,0.122,279,237,367,8.98,0.0,1.0,8065,1879.0,1879.0,7.539027055823995,7.705262474866325,0.16623541904233008
الدمام,غرناطة,قطعة أرض-سكنى,2016,2,2035.5,22,1024.1558280716663,706.0,3950.0,1705.25,2079.0,26.424704,50.079476,0.115,0.189,0.122,279,237,367,8.98,1.0,6.123233995736766e-17,8066,2219.0,2219.0,7.705262474866325,7.618987927088467,-0.08627454777785815
الدمام,غرناطة,قطعة أرض-سكنى,2016,3,2750.0,11,770.5512666561872,1375.0,3375.0,1496.5,2079.0,26.424704,50.079476,0.115,0.189,0.122,279,237,367,8.98,1.2246467991473532e-16,-1.0,8067,2127.25,2127.25,7.663055324764167,7.919719760924575,0.256664436160408
الدمام,غرناطة,قطعة أرض-سكنى,2016,4,2640.0,10,498.7208192521699,1882.0,3382.0,740.0,2079.0,26.424704,50.079476,0.115,0.189,0.122,279,237,367,8.98,-1.0,-1.8369701987210297e-16,8068,2219.0,2219.0,7.705262474866325,7.878912912297133,0.17365043743080744
الدمام,غرناطة,قطعة أرض-سكنى,2017,2,1941.0,10,709.4260904264643,1375.0,3625.0,539.5,2429.5,26.424704,50.079476,0.115,0.189,0.122,279,237,367,8.98,1.0,6.123233995736766e-17,8070,2429.5,2429.5,7.79585227648551,7.571473648851271,-0.22437862763423944
الدمام,غرناطة,قطعة أرض-سكنى,2017,4,1887.5,10,1283.134118736879,875.0,5000.0,1582.5,2429.5,26.424704,50.079476,0.115,0.189,0.122,279,237,367,8.98,-1.0,-1.8369701987210297e-16,8072,2337.75,2337.75,7.757371877588299,7.543538142152512,-0.2138337354357871
الدمام,غرناطة,قطعة أرض-سكنى,2018,4,1374.0,10,570.4410087331069,941.0,2472.0,645.5,1767.25,26.424704,50.079476,0.115,0.189,0.122,279,237,367,8.98,-1.0,-1.8369701987210297e-16,8076,2290.5,2290.5,7.736961903949179,7.226209010100671,-0.5107528938485073
الدمام,غرناطة,قطعة أرض-سكنى,2019,1,1412.0,13,619.2972444013269,893.0,2824.0,999.0,1849.5,26.424704,50.079476,0.115,0.189,0.122,279,237,367,8.98,0.0,1.0,8077,1914.25,1914.25,7.55760344139693,7.253470382684528,-0.30413305871240226
الدمام,غرناطة,قطعة أرض-سكنى,2019,2,1306.5,14,235.012099291051,875.0,1658.0,313.0,1849.5,26.424704,50.079476,0.115,0.189,0.122,279,237,367,8.98,1.0,6.123233995736766e-17,8078,1649.75,1649.75,7.408985009074681,7.175872195939078,-0.23311281313560261
الدمام,غرناطة,قطعة أرض-سكنى,2019,3,1466.0,14,771.9571993202846,1044.0,3375.0,468.5,1849.5,26.424704,50.079476,0.115,0.189,0.122,279,237,367,8.98,1.2246467991473532e-16,-1.0,8079,1393.0,1393.0,7.2399325913204695,7.2909747781429814,0.05104218682251194
الدمام,غرناطة,قطعة أرض-سكنى,2019,4,1444.0,15,885.1669307187743,1101.0,4092.0,524.5,1849.5,26.424704,50.079476,0.115,0.189,0.122,279,237,367,8.98,-1.0,-1.8369701987210297e-16,8080,1393.0,1393.0,7.2399325913204695,7.275864600546533,0.03593200922606332
الدمام,غرناطة,قطعة أرض-سكنى,2020,1,1222.0,17,631.2536371473551,500.0,3194.0,559.0,1428.0,26.424704,50.079476,0.115,0.189,0.122,279,237,367,8.98,0.0,1.0,8081,1428.0,1428.0,7.264730177929867,7.109062135687172,-0.15566804224269504
الدمام,غرناطة,قطعة أرض-سكنى,2020,4,1250.0,18,404.23850786612365,759.0,2400.0,416.0,1428.0,26.424704,50.079476,0.115,0.189,0.122,279,237,367,8.98,-1.0,-1.8369701987210297e-16,8084,1375.25,1375.25,7.2271176880368895,7.1316985104669115,-0.09541917756997798
الدمام,غرناطة,قطعة أرض-سكنى,2021,1,1250.0,15,399.67966935439443,625.0,2125.0,569.5,1236.0,26.424704,50.079476,0.115,0.189,0.122,279,237,367,8.98,0.0,1.0,8085,1347.0,1347.0,7.206377291472252,7.1316985104669115,-0.07467878100534087
الدمام,غرناطة,قطعة أرض-سكنى,2022,2,1450.0,11,1017.2236099930402,500.0,4250.0,1063.5,1557.5,26.424704,50.079476,0.115,0.189,0.122,279,237,367,8.98,1.0,6.123233995736766e-17,8090,1250.0,1250.0,7.1316985104669115,7.280008252884188,0.14830974241727635
الدمام,غرناطة,قطعة أرض-سكنى,2023,3,1224.0,10,702.4619879000177,750.0,3125.0,464.75,1502.25,26.424704,50.079476,0.115,0.189,0.122,279,237,367,8.98,1.2246467991473532e-16,-1.0,8095,1250.0,1250.0,7.1316985104669115,7.110696122978827,-0.021002387488084473
الدمام,غرناطة,قطعة أرض-سكنى,2025,4,1975.0,53,1082.3504550722714,750.0,4351.548009701812,1697.591526211262,1226.0416666666652,26.424704,50.079476,0.115,0.189,0.122,279,237,367,8.98,-1.0,-1.8369701987210297e-16,8104,1250.0,1250.0,7.1316985104669115,7.588829878307813,0.45713136784090125
الدمام,غرناطة,قطعة أرض-سكنى,2026,1,2000.0,266,1171.0762437788746,550.0,8609.556607834696,1495.0096649269913,1975.0,26.424704,50.079476,0.115,0.189,0.122,279,237,367,8.98,0.0,1.0,8105,1350.0,1350.0,7.208600337960199,7.601402334583733,0.3928019966235343
الدمام,مدينة العمال,قطعة أرض-تجارى,2026,1,1999.96276,46,1675.804198159929,529.507745771682,6241.519674355495,2365.4146529390646,2391.776546276833,26.423089,50.10983,0.173,0.416,0.047,269,292,346,7.34,0.0,1.0,8105,1989.2480589986608,1989.2480589986608,7.596014562713174,7.6013837237159,0.005369161002725775
الدمام,مدينة العمال,قطعة أرض-سكنى,2016,1,4141.0,22,2678.330584266012,1055.0,10891.0,3619.5,2079.0,26.423089,50.10983,0.173,0.416,0.047,269,292,346,9.48,0.0,1.0,8065,1712.5,1712.5,7.4462933413146635,8.328934041955529,0.8826407006408656
الدمام,مدينة العمال,قطعة أرض-سكنى,2016,2,3151.0,19,1412.2615039558202,2051.0,7001.0,1674.0,2079.0,26.423089,50.10983,0.173,0.416,0.047,269,292,346,9.48,1.0,6.123233995736766e-17,8066,4141.0,4141.0,8.328934041955529,8.05579245097777,-0.2731415909777599
الدمام,مدينة العمال,قطعة أرض-سكنى,2016,3,2538.0,10,523.4994322399552,1189.0,3113.0,440.5,2079.0,26.423089,50.10983,0.173,0.416,0.047,269,292,346,9.48,1.2246467991473532e-16,-1.0,8067,3646.0,3646.0,8.20166019080868,7.839525581704678,-0.3621346091040012
الدمام,مدينة العمال,قطعة أرض-سكنى,2016,4,2761.0,11,1600.404125099771,1674.0,5756.0,2858.0,2079.0,26.423089,50.10983,0.173,0.416,0.047,269,292,346,9.48,-1.0,-1.8369701987210297e-16,8068,3151.0,3151.0,8.05579245097777,7.923710333969238,-0.13208211700853134
الدمام,مدينة العمال,قطعة أرض-سكنى,2017,1,2567.0,12,2365.8057807910272,867.0,8759.0,3357.0,2956.0,26.423089,50.10983,0.173,0.416,0.047,269,292,346,9.48,0.0,1.0,8069,2956.0,2956.0,7.9919305198524775,7.850882664809852,-0.14104785504262551
الدمام,مدينة العمال,قطعة أرض-سكنى,2021,3,1304.0,13,1436.4931747229577,521.0,4890.0,1088.0,1195.5,26.423089,50.10983,0.173,0.416,0.047,269,292,346,9.48,1.2246467991473532e-16,-1.0,8087,2664.0,2664.0,7.887959336599945,7.173958319756794,-0.7140010168431505
الدمام,مدينة العمال,قطعة أرض-سكنى,2022,2,1886.5,10,1726.407046118872,610.0,6039.0,2019.75,1325.0,26.423089,50.10983,0.173,0.416,0.047,269,292,346,9.48,1.0,6.123233995736766e-17,8090,2552.5,2552.5,7.845220246087699,7.54300848112318,-0.30221176496451907
الدمام,مدينة العمال,قطعة أرض-سكنى,2022,3,1545.0,11,930.582701126753,718.0,4264.0,547.0,1325.0,26.423089,50.10983,0.173,0.416,0.047,269,292,346,9.48,1.2246467991473532e-16,-1.0,8091,2226.75,2226.75,7.7087473864928295,7.343426229147367,-0.36532115734546267
الدمام,مدينة العمال,قطعة أرض-سكنى,2022,4,1287.5,12,1872.1017094714862,594.0,7571.0,523.0,1325.0,26.423089,50.10983,0.173,0.416,0.047,269,292,346,9.48,-1.0,-1.8369701987210297e-16,8092,1715.75,1715.75,7.448188247500786,7.1612340300924195,-0.2869542174083666
الدمام,مدينة العمال,قطعة أرض-سكنى,2023,1,1215.0,10,3077.5266205184967,828.0,10873.0,1107.25,1715.75,26.423089,50.10983,0.173,0.416,0.047,269,292,346,9.48,0.0,1.0,8093,1424.5,1424.5,7.2622779083527265,7.103322062526113,-0.15895584582661382
الدمام,مدينة العمال,قطعة أرض-سكنى,2023,3,1492.0,11,853.3918315649723,797.0,3308.0,818.5,1715.75,26.423089,50.10983,0.173,0.416,0.047,269,292,346,9.48,1.2246467991473532e-16,-1.0,8095,1416.25,1416.25,7.256473653204413,7.30854279753919,0.052069144334777384
الدمام,مدينة العمال,قطعة أرض-سكنى,2025,4,1656.225940036442,68,1635.8536586915584,600.0,8407.713281193945,1501.9991510445884,1404.39645422656,26.423089,50.10983,0.173,0.416,0.047,269,292,346,9.48,-1.0,-1.8369701987210297e-16,8104,1389.75,1389.75,7.237598448955403,7.412900363011252,0.17530191405584894
الدمام,مدينة العمال,قطعة أرض-سكنى,2026,1,2156.221603618158,232,1228.132833677604,540.0,9135.995823544768,1227.715703935141,1656.225940036442,26.423089,50.10983,0.173,0.416,0.047,269,292,346,9.48,0.0,1.0,8105,1389.75,1389.75,7.237598448955403,7.676576378069962,0.438977929114559
الظهران,الدوحة الجنوبية,قطعة أرض-سكنى,2025,2,3550.0,22,566.6832394510761,2094.0,3968.253968253968,737.1443746021641,2127.4296687149345,26.317434,50.16361,0.144,0.27,0.664,136,82,76,-4.23,1.0,6.123233995736766e-17,8102,1803.0,1803.0,7.4977617006225685,8.174984532943087,0.6772228323205187
الظهران,الدوحة الجنوبية,قطعة أرض-سكنى,2025,3,2833.3333333333335,11,580.7416796362268,2168.0,3550.0,1031.9673109043188,2127.4296687149345,26.317434,50.16361,0.144,0.27,0.664,136,82,76,-4.23,1.2246467991473532e-16,-1.0,8103,3550.0,3550.0,8.174984532943087,7.949562032717683,-0.22542250022540422
الظهران,الدوحة الجنوبية,قطعة أرض-سكنى,2025,4,3550.0,40,768.3610407809689,2149.0,6420.2513069797305,100.0,2127.4296687149345,26.317434,50.16361,0.144,0.27,0.664,136,82,76,-4.23,-1.0,-1.8369701987210297e-16,8104,3191.666666666667,3191.666666666667,8.068611792234446,8.174984532943087,0.10637274070864144
الظهران,الدوحة الجنوبية,قطعة أرض-سكنى,2026,1,3400.0,321,259.95477442442655,2700.0,6000.0,0.0,3336.25,26.317434,50.16361,0.144,0.27,0.664,136,82,76,-4.23,0.0,1.0,8105,3550.0,3550.0,8.174984532943087,8.131824785007195,-0.04315974793589206
الظهران,الوسام,قطعة أرض-تجارى,2025,4,3210.237336167198,13,1945.26689174616,609.9234546064469,6547.619047619048,1650.0,2988.7160272660963,26.31935,50.066506,2.432,2.468,2.823,6,2,2,1.48,-1.0,-1.8369701987210297e-16,8104,1803.0,1803.0,7.4977617006225685,8.074411604832727,0.5766499042101589
