type,name,latitude,longitude
school,Creative International School,26.430459,50.099788
school,Rowad AlKhaleej International in Dammam - AlZahour Area,26.453173,50.088281
school,Saudi International School for Science and Art,26.377028,50.13892
school,Victory International Schools Dammam,26.431266,50.095896
school,Al Safi International Language School,26.412367,50.063842
school,Advance international school,26.465096,50.088023
school,Sri Lankan International School Dammam,26.439785,50.130674
school,Independent International School,26.419734,50.104102
school,International Indian School - Boys & KG Section,26.382512,50.181945
school,Al Khozama International School Dammam,26.368927,50.195044
school,"International Future School, Dammam",26.4178,50.105827
school,Dammam Academy School,26.456674,50.085581
school,ISG Dammam,26.433445,50.024524
school,Atlas international school,26.432419,50.092034
school,Al Muna International School for Boys,26.431925,50.097467
school,Rowad Al Khaleej Girls Private School in Dammam - Al Hamra,26.462092,50.088222
school,Bangladesh International School Dammam,26.422406,50.086662
school,مدارس الفرسان العالمية - الراكة,26.369045,50.188109
school,مدارس سمها العالمية,26.431288,50.103835
school,Admire International Academy Boys School,26.392255,50.085253
school,Aajad International School,26.386248,50.033054
school,Al Majd International School-Philippine Curriculum,26.360836,50.175175
school,Alhussan-Orbit international school مدارس المدار العالمية,26.374962,50.179971
school,مدارس البسام العالمية,26.398214,50.107164
school,Notion international school,26.396388,50.079675
school,Rand International Schools,26.475964,50.047167
school,AIA school,26.4166,50.100926
school,AlBassam School Boys,26.474519,50.127835
school,International Indian School - Girls Section,26.364973,50.1972
school,School,26.453073,50.087129
school,School beacons Dammam,26.417191,50.0495
school,New World International School,26.345102,50.190217
school,"Sahma International School, Dammam",26.431456,50.103649
school,مجمع الحصان التعليمي بنين بالدمام,26.419582,50.100791
school,Global Turkish school in Dammam,26.407448,50.036769
school,AL MUNA GIRLS SCHOOL,26.435308,50.11615
school,Admire International Academy Girls,26.393009,50.087027
school,BIT International school مدارس رواد الأعمال العالمية,26.408725,50.091623
school,Al Majd International School - Girls Section,26.361352,50.176361
school,مدارس أجيال الحصان العالمية Ajyal International School,26.420017,50.101035
school,Excellence International school - boys section,26.412047,50.112962
school,Al Hydaiyah Schools,26.433567,50.081365
school,Orient leaders international school,26.420364,50.098722
school,Sharq Driving School men/women,26.40136,50.091225
school,Tahtheeb Private Schools,26.472803,50.058489
school,Dunes International Schools,26.32624,50.165773
school,Al-Faisaliyah Islamic School,26.306029,50.199032
school,Al-Hussan High School,26.403358,50.126492
school,Old school أولد سكول الدمام,26.467754,50.059396
school,Mubarakiya secondary school eligibility,26.465832,50.088723
school,متوسطة مجمع ابن القيم التعليمي,26.477276,50.054268
school,Dhahran Ahliyya Schools,26.328939,50.164223
school,Saihat High School,26.481813,50.039313
school,مدرسة تعليم قيادة السيارات بالدمام,26.441356,50.029919
school,"Al Muhammadiyah, Dammam Saudi Arabia",26.466787,50.052745
school,Alshatti High School,26.416546,50.094481
school,Qadisiyah Primary School,26.440829,50.098289
school,Tarbia Private Schools for Girls,26.406649,50.077723
school,البسام الاهلية بنات,26.4636,50.118119
school,Riad civil Islam Girls' Schools,26.421362,50.077776
school,Imam Abdulrahman Bin Faisal University,26.3928,50.192587
school,Imam Abdul rahman Bin Faisal University,26.404699,50.18073
school,Arab Open University,26.377383,50.011731
school,Al Yamamah University,26.380235,50.217958
school,Dammam Community College - King Fahd University of Petroleum and Minerals,26.395303,50.121223
school,Alasala Colleges,26.373318,49.975766
school,Continuing Education Center IAU,26.404631,50.18052
school,College of Education IAU,26.419124,50.106736
school,Saudi Electronic University,26.406106,50.090896
school,Health Colleges Building,26.39506,50.19178
school,College of Computer Science and Information Technology,26.394888,50.195701
school,"Nursing College, Imam Abdulrahman Bin Faisal University",26.38886,50.185728
school,الكلية التقنية بالدمام,26.385721,50.119305
school,جامعة الامام عبدالرحمن الفيصل الريان,26.405463,50.08724
school,College of Design,26.391906,50.184944
school,College of Art,26.404374,50.086485
school,Science College Dammam (Girls),26.406542,50.084388
school,"Building D19, Imam Abdulrahman Bin Faisal University",26.391548,50.186964
school,جامعة الدمام - أرض فضاء مخصصة,26.377416,50.054762
school,King Fahd University of Petroleum and Minerals,26.307062,50.145894
school,College of Engineering,26.395938,50.197679
school,Saudi Electronic University - male,26.40572,50.090145
school,Imam Abdulrahman Bin Faisal University Administration Building,26.3928,50.192587
school,College of Public Health - Female Campus,26.38921,50.188425
school,Imam Abdulrahman bin Faisal University,26.388759,50.187209
school,College of Architecture & Planning,26.395129,50.188896
school,"Engineering Building, Dammam University",26.396028,50.197649
school,Dental Hospital,26.393806,50.193127
school,Bright Start Kindergarten,26.472392,50.094689
school,Little Wonders Daycare Center مركز عجائب الطفولة لضيافة الأطفال,26.464655,50.087179
school,Rainbow Kidz,26.481768,50.046847
school,Rainbow Kidz Childcare Center - Ad Danah,26.464512,50.041772
school,مركز اللؤلؤة البهية لضيافة الأطفال,26.474543,50.057878
school,مركز الحلم الصغير لضيافة الأطفال,26.459513,50.059624
school,روضه رحله الاجيال الاهليه,26.495998,50.041862
school,Kids Cave Kindergarten,26.408938,50.114688
school,Nawadwer Kindergarten,26.456503,50.088991
school,عالم نجوم لضيافة الاطفال,26.435082,50.026489
school,مركز الياس لضيافة الاطفال,26.476483,50.063851
school,حضانة و روضة شجرة المحبة,26.478456,50.048425
school,ملتقى البراعم,26.401586,50.08217
school,Little Angel Daycare,26.483201,50.123522
school,نوادر الأطفال الاهليه 1,26.456715,50.089053
school,Happy bees مركز النحلة المسرورة,26.475108,50.055258
school,شركة حياة الشرقية التعليمية || Eastern Hayat Educational Company,26.486393,50.051617
school,مركز الطفل المبدع,26.45523,50.087992
school,الروضة الاولى بسيهات (حي الكوثر),26.480362,50.057236
school,مركز أبطال المعرفة لضيافة الأطفال الأهليه,26.429081,50.083148
school,مركز الغد الجديد لضيافة الأطفال الأهلية,26.456547,50.068354
school,مركز خطوات جنان,26.464977,50.05965
school,مركز ضيافة الجيل الجديد,26.454915,50.120732
school,مركز براعم النرجس لضيافة الأطفال,26.476764,50.045324
school,SupersDo Daycare,26.472717,50.061712
school,Kindergarten eleventh,26.471452,50.089751
school,مركز القلب الصغير ضيافة الأطفال الأهلية,26.474837,50.08902
school,مركز روائع التربية لضيافة الأطفال | Sparkle kids,26.45751,50.126235
school,Kids 2 Day,26.403566,50.117946
school,مركز معالي البيان,26.434892,49.99307
school,مركز عالم النجوم لضيافة الاطفال,26.443238,49.992593
school,مركز روضه البيان,26.464962,50.051823
school,Tiny Dreams | مركز الأحلام الصغيرة,26.493567,50.038919
school,Rayaheen Al Toofowlah Kindergarten,26.442908,50.075635
school,حضانة شارع سمسم sesame street,26.439928,50.117824
school,Kids Steps,26.489497,50.123984
school,روضة |تمهيدي قرية الصغار الاهليه - KIDS VILLAGE,26.368631,50.087251
school,ديار المسك,26.451008,50.116291
school,اطفال الياسمين,26.417076,50.038166
school,مركز روائع الطفولة لضيافة الاطفال الاهلية,26.423499,50.116377
school,الرائدة لضيافة الأطفال الأهلية,26.465905,50.00218
school,مركز القرش الصغير لضيافة الاطفال,26.406155,50.029131
school,Kindergarten eighth in Dammam,26.444678,50.072353
school,Busy Bees Kids Center,26.35937,50.097071
school,بذرة,26.40143,50.108418
school,Gifted Hands حضانه الأنامل المبدعه,26.453817,50.110776
school,روضة النبراس - مركز أجيال النبراس,26.45697,49.995309
school,روضة -تمهيدي- مركز تفاحة لضيافة الأطفال الأهلية بضاحية الملك فهد,26.45149,50.006719
school,مركز الالوان الخمسة لضيافة الاطفال الاهلية,26.380643,50.039294
school,مركز كواكب الغد ضيافة اطفال بالفيحاء,26.438716,50.036901
school,فكر وإبداع,26.362652,50.062955
school,Kinder Valley Nursery & Preschool,26.371788,50.169972
school,مركز بكره احلى لضيافة الاطفال,26.419824,50.075533
school,مركز النجوم العالية لضيافة الأطفال,26.404775,50.115051
school,6th Kindergarten,26.432476,50.095492
school,مركز الطفل العالمي,26.411588,50.115367
school,روضة قلعة النور لضيافة الاطفال,26.363589,50.0539
school,Dar Al-Tufolah Private Schools,26.434173,50.111883
school,Dammam Nurseries,26.505166,49.969851
school,Nakhlah co. شركة نخلة الزراعية,26.465866,50.060442
school,مشتل زهرة الإكليل _ Rosemary Flower Nursery,26.472931,50.016105
school,Zaid Alhussain Nursery,26.486555,49.999172
school,WORLD PLANTS Nursery & Landscaping Est.,26.476649,50.01179
school,مشاتل لافندر | Lavender Nurseries,26.476771,50.01152
school,مركز الباندا لرعاية الأطفال,26.402621,50.099137
school,Noralia,26.473663,50.015002
school,MNS Garden,26.436663,50.065527
school,مشتل الهادف - فرع الدمام,26.476538,50.011869
school,Little Wings daycare center,26.401291,50.117638
school,Nursery Rayyan No. 1,26.488277,49.995308
school,روضه عالم الاطفال للتعلم(روضه و حضانه),26.464946,50.057682
school,Kayan Daycare,26.418513,50.102024
school,مشاتل الدمام طريق الجبيل,26.462334,50.027415
school,Canary Kidz كناري لضيافة الأطفال,26.396946,50.103271
school,House social nursery Dammam,26.444596,50.119528
school,Green Generosity of agriculture 2,26.487431,49.997128
school,مشتل عبق الياسمين,26.470997,50.019314
school,Nursery Grape Tree Agricultural,26.483045,50.004234
school,مشاتل عالم البلاد,26.412877,50.095417
school,Mama Meme Nursery,26.358999,50.201829
school,روضة وحضانة رواد التميز الأهلية,26.408424,50.115361
school,مركز لمة أطفال الأهلية,26.44391,50.071619
school,مركز ثراء الطفولة لضيافة الأطفال الأهليه,26.430346,50.03644
school,روضة الطفل المشرق,26.465178,50.057631
school,ALFaris Nursery مركز الفارس للأطفال,26.358351,49.98523
school,مركز عجائب صغيرة little wonders,26.468335,50.060639
school,المشاتل الحديثة نانبوو nanpoo Modern Nursery,26.476729,50.011543
school,مشاتل طوكيو للعشب الياباني,26.478197,50.031089
school,Ms. Lema nursery,26.439502,50.123827
school,Alhusni haraj,26.425773,50.062571
school,Discovery Town Center,26.49335,50.037487
school,مركز قطار الطفولة لضيافة الاطفال,26.397359,50.07085
school,مدارس حكاية نجم المستقبل,26.475178,50.046552
school,روضه,26.430699,50.087257
school,مشاتل اوراق الربيع الزراعيه طريق الجبيل الظهران السريع,26.461131,50.028165
school,مركز بلدة الصغار لضيافة الأطفال,26.394762,50.079235
school,نوادر الاطفال الاهليه ٢,26.43509,50.071125
school,مشتل عطر الياسمين للزرعه,26.400394,50.097485
school,مركز إثراء الإبداع لضيافة الأطفال,26.432344,50.07398
school,مركز ثريا لضيافة الاطفال الاهلية,26.439246,50.07555
school,"مدارس الحصان النموذجية الأهلية ""بنات""",26.447057,50.123374
school,Safwat Al Rowad School,26.370063,50.085442
school,مدرسة عالم التقدم العالمية,26.416643,50.100784
school,مدارس التهذيب للبنات,26.4604,50.051327
school,مدرسة منارات الدمام الأهلية,26.404302,50.112392
school,معهد التعليم الحديث للغات,26.458503,50.092798
school,Mecca Makkah secondary school,26.453286,50.090243
school,مدرسة نور الإسلام الأهلية,26.465137,50.126238
school,تابعة لشركة الحماد للمشاريع التعليمية القابضه,26.397631,50.099915
school,مدرسة البلدية الدمام,26.390919,50.086144
school,Tithkariyah School,26.433574,50.091418
school,مدارس النخبة العلمية الأهلية,26.459721,50.125651
school,Thirty First (31st) Intermediate School in Dammam,26.446591,50.078023
school,Saeed Bin Zaid Middle School,26.425794,50.07862
school,Ansar Private Schools for Girls,26.400553,50.075556
school,Community College Girls in Dammam,26.416007,50.11316
school,الباب الرئيسي لجامعة السعوديه الاكترونية بالدمام بنات,26.404934,50.088514
school,College of Science - Girls,26.404814,50.086102
school,Al Ghad International Colleges for Health Sciences,26.450512,50.083234
school,Prince Mohammad Bin Fahd University,26.144497,50.090961
school,College of Arts,26.405174,50.085006
school,جامعة الرصيف,26.46123,50.083005
school,College of Education (girls),26.400253,50.088457
school,Building 10,26.391225,50.186943
school,University of Dammam Faculty Housing,26.40449,50.177461
school,عمادة الدراسات العليا جامعة الإمام عبدالرحمن بن فيصل,26.392179,50.191699
school,Cambridge Institute of Learning,26.442492,50.107937
school,ادعولي اتزوج فطوم تدرس عندكم,26.405068,50.091226
school,كلية الاداب,26.402213,50.088092
school,College of Technology,26.378635,50.104702
school,بوابة الموظفات,26.402098,50.086777
school,Deputy Deanship of Student Affairs,26.405659,50.085049
school,مبنى البثوث كلية الآداب,26.402861,50.085851
school,Arab Cultural Institute,26.398039,50.116414
school,الكلية التقنية بكالوريوس,26.421268,50.066422
school,King Fahd Mosque,26.440954,50.102988
school,كلية البنات بالدمام,26.405712,50.086635
hospital,Arrawdha General Hospital,26.435415,50.118469
hospital,مستشفى المواساة - الدمام | Mouwasat Hospital - Dammam,26.410144,50.046176
hospital,Dammam Medical Complex,26.431669,50.08377
hospital,Almana Hospital Aziziah Dammam,26.455214,50.068021
hospital,King Fahad Specialist Hospital - Dammam.,26.412907,50.100813
hospital,Saudi German Hospital Dammam,26.378203,49.991598
hospital,Tadawi General Hospital,26.448096,50.122783
hospital,Dar As Sihha Medical Center - Dammam Branch,26.450325,50.087642
hospital,Clinic 9 Medical Center,26.467111,50.059738
hospital,Dar Afia Hospital | مستشفى دار عافية,26.461237,50.073476
hospital,Almana Hospital Dammam,26.412668,50.115584
hospital,Central Hospital ER,26.433153,50.083804
hospital,Safa Medical Center Dammam,26.44063,50.100093
hospital,Security Forces Hospital Dammam,26.410887,50.011402
hospital,AlFaraby Medical Center - Dammam,26.414432,50.078265
hospital,Mouwasat Hospital - Khobar,26.345072,50.186715
hospital,Ahmadi Medical Complex,26.403055,50.052432
hospital,مجمع ملاذ الخليج الطبي,26.420984,50.024025
hospital,Maternity And Children Hospital,26.406705,50.104484
hospital,Dammam Private Medical Complex,26.422177,50.105049
hospital,Shifa Al-Dammam Polyclinics Company,26.440236,50.063309
hospital,Rubban Medical Center,26.471708,50.046603
hospital,مستشفى الصادق,26.489356,50.039992
hospital,Al Rai Medical Complex,26.397782,50.04183
hospital,Al Madlouh Medical Complex,26.474866,50.044343
hospital,البرج الطبي المبنى رقم ١,26.43132,50.083826
hospital,Healthcare Polyclinic dammam,26.442424,50.097634
hospital,Abeer Medical Center - Dammam مركز العبير الطبي - دمام,26.444278,50.094055
hospital,Badr Medical Center Dammam,26.441161,50.116594
hospital,مستشفى الحسن النعمي ، العيادات الخارجية,26.424586,50.087705
hospital,Dammam Private Medical Complex 2,26.45428,50.020654
hospital,The Emergency,26.412399,50.101493
hospital,AL RYAN POLYCLINIC DAMMAM مجمع عيادات الريان المتميزة الطبي,26.443499,50.094758
hospital,مستشفى د. خالد الرحيمي,26.400418,50.096454
hospital,Canadian Medical Center المركز الكندي الطبي,26.408555,50.05837
hospital,KFSH Dammam - The Recreation Center,26.411094,50.101298
hospital,Mouwasat Hospital doctor's accomodation,26.411403,50.047173
hospital,AlWajha Specialist Medical Complex,26.408607,50.070682
hospital,Fajar Al Dammam Medical Complex,26.427539,50.072989
hospital,Saud Al Babtain Cardiac Center,26.432259,50.083741
hospital,مستشفى سيجل,26.436856,50.11845
hospital,Gama Hospital,26.370863,50.174763
hospital,التجمع الصحي الأول بالمنطقة الشرقية,26.407361,50.107153
hospital,Al Saif Medical Center مجمع السيف الطبي,26.471,50.063408
hospital,King Fahd Military Medical Complex (KFMMC),26.320881,50.021318
hospital,Gastroenterologist clinic,26.412673,50.115542
hospital,"Abeer Medical Center, IKD, Dammam | مركز العبير الطبي، حي ابن خلدون، الدمام",26.423521,50.097643
hospital,Mouwasat Hospital - Dammam gate 20,26.410158,50.045672
hospital,Hospital,26.457645,50.047231
hospital,Al Taqwa Medical Complex,26.4529,50.106014
hospital,Granada Health Center,26.418238,50.07898
hospital,Gulf Asian Medical Center Dammam,26.442157,50.106058
hospital,Dar As-Salama Hospital,26.282762,50.212742
hospital,Maysan Medical Clinics,26.404253,50.083889
hospital,Children's Emergency,26.406297,50.10503
hospital,Pamburgerini,26.46182,50.065651
hospital,قسم الحركة بمستشفى الملك فهد التخصصي بالدمام,26.407755,50.103663
hospital,مجمع الدر الطبي التخصصي,26.487873,50.050148
hospital,Almana Oncology Center,26.412661,50.114744
hospital,Medical Fitness Center in Dammam,26.415932,50.064961
pharmacy,United Pharmacy - صيدلية المتحدة,26.443852,50.080464
pharmacy,Nahdi pharmacy | صيدليه النهدى,26.461393,50.049933
pharmacy,صيدلية ليمون,26.480749,50.046404
pharmacy,United Pharmacy - صيدلية المتحدة,26.45962,50.061202
pharmacy,Al-Dawaa Pharmacy 363,26.475715,50.057008
pharmacy,صيدلية الدواء,26.489433,50.040067
pharmacy,Wafa Dammam Pharmacy,26.440592,50.100094
pharmacy,Al Dawaa Pharmacy,26.44628,50.096834
pharmacy,صيدلية كيرلاين Care Line Pharmacy,26.487758,50.050067
pharmacy,Nahdi pharmacy | صيدليه النهدى,26.43654,50.096989
pharmacy,صيدلية الدواء,26.473979,50.044404
pharmacy,United Pharmacy - صيدلية المتحدة,26.486906,50.052384
pharmacy,Al Rawda Pharmacy,26.435743,50.118278
pharmacy,Al-Dawaa Pharmacy,26.425158,50.096922
pharmacy,صيدلية الدواء,26.430783,50.104373
pharmacy,صيدلية فارما هوم العنود pharma home pharmacy,26.443497,50.07558
pharmacy,Lemon Pharmacy | صيدلية ليمون,26.453141,50.105979
pharmacy,صيدلية الدواء,26.458562,50.051063
pharmacy,Nahdi pharmacy | صيدليه النهدى,26.410008,50.080397
pharmacy,صيدلية الدواء,26.454736,50.080803
pharmacy,Exceer Pharmacy,26.488523,50.038362
pharmacy,صيدلية الدواء,26.4844,50.052502
pharmacy,صيدلية الدواء,26.464192,50.025766
pharmacy,Lemon Pharmacy | صيدلية ليمون,26.466753,50.092446
pharmacy,United Pharmacy - صيدلية المتحدة,26.436701,50.084136
pharmacy,Nahdi pharmacy | صيدليه النهدى‎,26.438374,50.078464
pharmacy,صيدلية الدواء,26.459349,50.093444
pharmacy,Al Ahmadi Pharmacy,26.403186,50.052636
pharmacy,Nahdi pharmacy | صيدليه النهدى,26.459407,50.095735
pharmacy,United Pharmacy - صيدلية المتحدة,26.410058,50.110674
pharmacy,صيدلية الدواء,26.435938,50.088313
pharmacy,صيدلية الدواء 157,26.433069,50.08279
pharmacy,Exceer Pharmacy,26.488216,50.047774
pharmacy,صيدلية الدواء,26.456481,50.101645
pharmacy,Zahrat Al Rawdah Pharmacy 326 صيدلية زهرة الروضة,26.440079,50.101259
pharmacy,Nahdi pharmacy | صيدليه النهدى,26.45262,50.118866
pharmacy,صيدلية الدواء,26.464839,50.092114
pharmacy,صيدلية الدواء,26.419276,50.07521
pharmacy,Nahdi pharmacy | صيدليه النهدى,26.416001,50.115185
pharmacy,صيدليه ليمون سيهات,26.484594,50.053329
pharmacy,صيدلية الدواء,26.41492,50.117081
pharmacy,Nahdi pharmacy | صيدليه النهدى,26.448397,50.122846
pharmacy,صيدلية الدواء,26.435917,50.065738
pharmacy,صيدلية زهرة الروضة Zahrat Al Rawdah Pharmacy 318,26.42342,50.07193
pharmacy,صيدلية الدواء,26.456604,50.115662
pharmacy,Nahdi pharmacy | صيدليه النهدى,26.461471,50.073398
pharmacy,صيدلية الدواء,26.424214,50.087201
pharmacy,صيدلية اكسير Exceer Pharmacy 18,26.468812,50.044938
pharmacy,صيدلية النور,26.433859,50.082494
pharmacy,Zahrat Al Rawdah Pharmacy 327 صيدلية زهرة الروضة,26.423519,50.093874
pharmacy,صيدلية الدواء,26.412754,50.116146
pharmacy,Zahrat Al Rawdah Pharmacy 310 صيدلية زهرة الروضة,26.429357,50.07631
pharmacy,Nahdi pharmacy | صيدليه النهدى,26.424513,50.081687
pharmacy,Al-Dawaa Pharmacies #74,26.394521,50.104819
pharmacy,صيدلية الدواء,26.412414,50.096536
pharmacy,صيدلية اكسير Exceer Pharmacy 10,26.453544,50.064483
pharmacy,صيدلية الدواء,26.398533,50.047019
pharmacy,Nahdi pharmacy | صيدليه النهدى,26.370176,50.081723
pharmacy,صيدلية الدواء,26.456448,50.128843
pharmacy,Wahat Al-Quds Pharmacy - صيدلية واحة القدس,26.412851,50.116206
clinic,Dammam National Medical Complex,26.434023,50.082658
clinic,Royal Medical Complex,26.410306,50.080145
clinic,Health United Polyclinic مجمع صحة المتحدة الطبي,26.457672,50.047129
clinic,عيادات رويال الطبية,26.452182,50.118979
clinic,عيادات اهالينا الطبية - فرع الزهور بالدمام,26.45019,50.096353
clinic,Sola Care Dental & Derma Clinics,26.461632,50.067723
clinic,Ram Clinics | عيادات رام,26.469787,50.059919
clinic,مجمع بسمات الشرقية الطبي فرع الشاطئ,26.481518,50.126785
clinic,Padi Clinic| عيادات بداية الطفل لطب أسنان الأطفال - سيهات,26.486761,50.051142
clinic,مجمع تبسم بلس الطبي,26.469611,50.045623
clinic,Nova Dental Clinics,26.432101,50.067389
clinic,Ram Clinics | عيادات رام,26.413992,50.096557
clinic,مركز التركيز السريع للتأهيل الطبي,26.481522,50.040974
clinic,مركز الدواء الأمثل للحجامة | Al-Dawaa Cupping Center,26.434048,50.084494
clinic,My health cupping center,26.436797,50.083612
clinic,"المهيدب لطب الأسنان,المحمدية(الدمام)",26.464743,50.061114
clinic,بي كلينيك B Clinic,26.463126,50.063224
clinic,Dammam Dispensary,26.422024,50.104321
clinic,HealthMe,26.482381,50.054349
clinic,مجمع مكياس الطبي Mikyas Medical Complex,26.439695,50.119083
clinic,Cham Dental & Derma Clinics,26.412497,50.097167
clinic,Ekleel Dental Clinic,26.474471,50.047797
clinic,Dammam Scan Center,26.436665,50.118295
clinic,عيادة بيوتي بتس البيطرية,26.423405,50.093563
clinic,مركز التميز للعلاج الطبيعي,26.41266,50.096336
clinic,عيادة صحة الرجل,26.413533,50.096753
clinic,عيادة أوبال الماسيّ,26.495862,50.042104
clinic,مجمع عيادات الحقيل الدمام,26.405521,50.101726
clinic,Al Dukhair Clinic,26.423793,50.097639
clinic,Primary Care Center,26.417424,50.110929
clinic,عيادات المسواك الطبية,26.417196,50.109747
clinic,Altabeeb Medical Center,26.457933,50.080741
clinic,Burj AlShifa Medical Complex مجمع برج الشفاء الطبي,26.42057,50.02689
clinic,Health & Life Polyclinic مجمع الصحة و الحياة الطبي,26.393634,50.033161
clinic,مجمع المزايا المتقدمة,26.427612,50.038403
clinic,مركز رزان الطبي- razan medical establishment,26.432462,50.085613
clinic,Jamiyin Medical Center,26.39541,50.098239
clinic,"Abeer Medical Center, IKD, Dammam",26.423521,50.097639
clinic,Ashraqat Medical Center,26.445614,50.079825
clinic,Al Aziziyah Medical Center,26.456836,50.064062
clinic,مركز صحي العدامة Adamah Primary Healthcare Center,26.438192,50.100853
clinic,مستوصف الأحمدي الطبي,26.413333,50.04074
clinic,Lama Medical Center,26.379731,50.058509
clinic,مجمع إكسير الطبي,26.460734,50.077658
clinic,Almubarakiya Health Center,26.473693,50.093646
clinic,Basma Al Thuraya Medical Complex,26.360664,50.06594
clinic,Alfaisaliyah Health Center,26.398205,50.070256
clinic,Health Center Mazroue'yah,26.44263,50.124755
clinic,Almanaa medical center,26.243586,49.983441
clinic,Ram Clinics | عيادات رام,26.459472,50.086958
clinic,Durrat Alalami Dammam - مجمع درة العالمي لطب الأسنان فرع الدمام,26.423952,50.032805
clinic,عيادات شام,26.398518,50.047032
clinic,عيادات العلاج التخصصي لطب وتقويم الأسنان - Specialist Dental Treatment Center,26.441836,50.12081
clinic,مجمع بانوراما الطبي,26.459373,50.09436
clinic,مجمع عيادات الدار البيضاء لطب وتقويم و زراعه الاسنان,26.459287,50.061206
clinic,Ram Clinics | عيادات رام,26.452562,50.123688
clinic,Nova dental clinic,26.413733,50.031073
clinic,AJ Smile Dental Center,26.460228,50.077456
clinic,صفوة المهيدب لطب الاسنان الدمام حي الجلوية,26.433872,50.066667
clinic,eastern smiles medical clinics,26.422709,50.028485
clinic,مجمع عيادات بيتر شاين لطب الاسنان BETTER SHINE DENTAL CLINIC,26.369152,50.080319
clinic,‏Creative Dental Center,26.408721,50.05804
clinic,Avicena Dental ابن سينا لطب الأسنان دكتور فادي فلوح,26.452607,50.123055
clinic,Modern Dental Center,26.420052,50.086686
clinic,عاجي لطب الأسنان,26.404256,50.054654
clinic,Ram Clinics | عيادات رام,26.39212,50.047339
clinic,مجمع عيادات ابتسامة السن الطبي,26.439105,50.126607
clinic,Nova Dental Complex,26.413628,50.031132
clinic,مجمع عيادات بيرل الدمام,26.366559,50.070203
clinic,صفوة المهيدب لطب الاسنان الدمام حي احد,26.41662,50.051418
clinic,Segal Dental,26.436813,50.118049
clinic,Nova Dental Clinic Dammam,26.381212,50.057064
clinic,"المهيدب لطب الأسنان,الفيصلية(الدمام)",26.383437,50.055812
clinic,Rand III medical complex | مجمع رند الثالث الطبي,26.524519,50.032192
clinic,صفوة المهيدب لطب الاسنان الدمام الفيصلية,26.379321,50.058898
clinic,عيادات رام الطبي فرع الفيصلية,26.397141,50.068088
clinic,مجمع بسيم الطبي التخصصي الرقمي Bassim,26.395448,50.041464
clinic,عيادة ضحكة صبا للأسنان والجلدية,26.458571,50.090134
clinic,مجمع توبال لطب الاسنان والجلدية,26.380295,50.057226
clinic,مجمع بسمات الشرقية الطبي - عنك (القطيف),26.51586,50.034725
clinic,عيادات الماس لطب وتقويم الأسنان,26.398291,50.068106
clinic,Ozone Medical Clinic,26.366276,50.048375
clinic,مجمع العناية لطب الأسنان,26.45853,50.119749
clinic,Ram Clinics | عيادات رام,26.534747,50.026436
clinic,مركز اضواء الحكمة لطب وتقويم الاسنان,26.437089,50.090581
clinic,عيادات زارا لطب الاسنان ZARA DENTAL CLINICS,26.367323,50.068091
clinic,Maple Clinics | عيادات ميبل لطب الأسنان,26.412535,50.096252
clinic,Mazsaf Dental Clinics,26.456837,50.123984
hospital,Erada Complex and Mental Health - Dammam,26.36326,50.026195
hospital,مستشفى الدمام ..الخدمات المساندة,26.431455,50.082597
hospital,المستشفى المركزي,26.431946,50.082544
hospital,مركز داركوف للتأهيل الطبي,26.491235,50.042346
hospital,Imam Abdulrahman Bin Faisal University Hospital,26.376652,50.193987
hospital,مركز العيون بمجمع الدمام الطبي,26.430492,50.083552
hospital,Mada dental center,26.434817,50.085049
hospital,"VIP Tent, King Fahad Specialist Hospital - Dammam",26.410699,50.098718
hospital,‏مركز الأسنان التخصصي / مركز التأهيل الطبي,26.430902,50.084438
hospital,Blood Bank @ KFSH,26.409778,50.09926
hospital,المركز الاقليمى لمراقبة السموم بالدمام,26.430229,50.084181
hospital,Dammam central hospital convinience store,26.431314,50.084932
hospital,Eastern Health Cluster Dammam,26.416079,50.064972
hospital,Almana Dammam Hospital Parking,26.412161,50.115429
hospital,العيادات الخارجية مبنى 3,26.412435,50.099872
pharmacy,صيدلية الدواء,26.46129,50.076393
pharmacy,صيدلية الدواء,26.466109,50.081221
pharmacy,صيدلية الدواء,26.451959,50.074915
pharmacy,Nahdi pharmacy | صيدليه النهدى,26.455016,50.089014
pharmacy,صيدلية الدواء,26.452977,50.096421
pharmacy,صيدلية الدواء,26.43119,50.067647
pharmacy,صيدلية وهج,26.456035,50.092016
pharmacy,صيدلية الدواء,26.458687,50.083354
pharmacy,صيدلية الدواء,26.436618,50.035068
pharmacy,صيدلية الدواء,26.442462,50.121072
pharmacy,صيدلية الدواء,26.433969,50.045072
pharmacy,صيدلية الدواء,26.4284,50.038414
clinic,مجمع عيادات المركز السعودي الصيني بالدمام,26.456887,50.11582
clinic,مجمع الحقيل الطبي الرقمي التخصصي - الدمام,26.405595,50.101753
clinic,عيادة الفن الثامن البيطرية الدمام Art 8 Vet Clinic Dammam,26.423474,50.117854
clinic,كوزمو دكتور,26.458795,50.09103
clinic,رام للاسنان والجلدية,26.469894,50.059719
mall,Al Othaim Mall Dammam,26.399964,50.116563
mall,Westfield Dammam وجهتك المفضلة,26.391591,50.037597
mall,Dareen Mall,26.461301,50.064939
mall,Hayat plaza,26.442247,50.066983
mall,AlHaram Plaza Dammam,26.45153,50.063829
mall,Ramez Shopping Center,26.441761,50.065285
mall,Marina Mall,26.455208,50.105722
mall,Al Shatea Mall,26.454847,50.120971
mall,Top Center,26.375377,50.14806
mall,The Emporium,26.407521,50.066347
mall,West Avenue Mall,26.387548,50.075008
mall,Taba Center Dammam,26.463161,50.06059
mall,LuLu Mall - Dammam,26.427577,50.097187
mall,Gulf Centre Mall,26.467834,50.059463
mall,AlWaha Downtown Mall,26.429674,50.116046
mall,The Souq Mall,26.470891,50.092043
mall,المريكبات بلازا AlMuraikabat Plaza,26.411097,50.109659
mall,Top Mall (5 riyal shop),26.449922,50.062633
mall,Malath Plaza,26.463227,50.06282
mall,AlLoloah Mall,26.44699,50.103041
mall,Rayyan Mall,26.407711,50.099851
mall,Panda Old Market,26.429363,50.066259
mall,Mall Al Firdaws,26.375932,50.122773
mall,Dammam Corniche - Marina Mall Section,26.457108,50.105627
mall,Lulu Al Neelain Pearl Shopping,26.434664,50.106782
mall,Shiraa Mall,26.427463,50.09669
mall,Dammam Traditional Market,26.43739,50.094774
mall,AL DANAH COMMERCIAL CENTER MALL,26.442171,50.106317
mall,تاج توب اب الدمام Tag Top Up Dammam,26.427995,50.073607
mall,Mall of Dhahran,26.305322,50.171278
mall,الشرق الاوسط,26.437974,50.10239
mall,Lagoon Mall,26.470391,50.059272
mall,Family Discount Store,26.429342,50.116975
mall,مركز كائن للتسويق,26.42493,50.085128
mall,Al Rashid Mall,26.290012,50.180413
mall,Shopping center,26.422839,50.085104
mall,Granada Walk غرناطة ووك,26.475922,50.0513
mall,Day N Day,26.435495,50.084994
mall,Centrepoint - Dammam - Othaim Mall,26.400529,50.116991
mall,Dammam Siko,26.441927,50.096624
mall,Old Gold Market,26.441745,50.102804
mall,dahran mall,26.419281,50.089069
mall,Al Hutaibi Mall,26.481372,50.046358
mall,Malabar Gold and Diamonds - LuLu Hypermarket - Dammam,26.459592,50.121672
mall,سوق الحب,26.44034,50.102222
mall,Malabar Gold and Diamonds - LuLu Mall - Dammam,26.427442,50.096927
mall,Lulu Hypermarket - Al Adamah,26.42726,50.097603
mall,Max,26.427644,50.097109
mall,Green Shopping Center,26.414403,50.053358
mall,AlNasser Sports Center,26.461301,50.06494
mall,Centro Khaleej ٍ,26.462055,50.067689
mall,شارع المكتبات بالدمام dammam Library,26.436537,50.102364
mall,Souk Al Haraj Dammam,26.420683,50.088794
mall,جملة التطوير,26.420232,50.088342
mall,Dammam Vegetable Market,26.448964,50.066632
mall,THE MARINA MALL CHENNAI,12.835736,80.22892
mall,Abayas Complex,26.446505,50.102809
mall,Dammam old market,26.437109,50.095181
mall,كسرة ذهبية للعود ودهن العود,26.418929,50.084748
mall,سودان جديد,26.427752,50.089512
shopping,رامز هايبر ماركت - الدمام,26.447609,50.064245
shopping,Taba Commercial Center,26.392657,50.047644
shopping,Johra Shopping Center,26.445258,50.063327
shopping,الشعله سكوير,26.348843,50.050749
shopping,Al Noor Square,26.422445,50.027982
shopping,Buhaira Plaza,26.468288,50.060184
shopping,MINISO | ميني سو النخيل مول الدمام,26.390962,50.037734
shopping,Al majdouie Shopping Centre,26.43948,50.041305
shopping,الشاطئ بلازا,26.460477,50.120597
shopping,Zakariya Shopping Center,26.434706,50.100224
shopping,مجمع بلكونه الفيصليه,26.398297,50.046949
shopping,Al Mane Shopping Center,26.395699,50.087587
shopping,AL-Andalus Plaza,26.430245,50.066926
shopping,Jumana Center AlRawdah,26.399628,50.075174
shopping,سوبرماركت المخيزيم - Al Makhaizeem Shopping Center,26.438693,50.126731
shopping,TV market,26.427163,50.0646
shopping,Shumok Plaza، Roselle Cafe & Italian restaurant,26.48012,50.132381
shopping,Ala Kaifak,26.401662,50.113471
shopping,Danube,26.468832,50.060766
shopping,Tamimi Markets,26.46215,50.067096
shopping,"Nesto Hypermarket Dabab, Dammam",26.434081,50.047526
shopping,LuLu Hypermarket - Ash Shatie Dammam,26.459508,50.121843
shopping,"Al Wafa Hypermarket SEIKO, Dammam",26.439007,50.109375
shopping,Tamimi Markets | أسواق التميمي,26.424029,50.030547
shopping,أسواق المنتزه | Muntazah Markets,26.475649,50.056211
shopping,Nahla Markets - اسواق نهلة,26.475641,50.051603
shopping,Tamimi Markets,26.396157,50.042916
shopping,LuLu Hypermarket - Saihat,26.487134,50.047595
shopping,Panda Super 419 | بنده سوبر,26.488382,50.047546
shopping,Tamimi Markets,26.413367,50.110233
shopping,Panda Hyper 40006 | بنده هايبر,26.429787,50.066232
shopping,Carrefour Al Shatea,26.45506,50.121096
shopping,هايبر بنده,26.411681,50.045988
shopping,Panda Hyper 40011 | بنده هايبر,26.402484,50.100053
shopping,مركز جوان الغذاء,26.480924,50.054945
shopping,Danube | الدانوب,26.40356,50.056637
shopping,لينا ماركت 1 ( أسواق الخالدي - سابقاً ) 24 ساعة,26.458655,50.089379
shopping,Lama Super Market Al adama Dammam KSA,26.434707,50.10341
shopping,LuLu Express - Jalawiya,26.431502,50.078984
shopping,Panda Hyper 40012 | بنده هايبر,26.459733,50.064777
shopping,Muntazah Markets‎ 1,26.48884,50.040634
shopping,Lulu Express Freshmarket - East Dammam,26.410867,50.187523
shopping,Al-Nojoom Supermarket,26.436411,50.089361
shopping,Panda 421,26.398136,50.066932
shopping,Layan Hypermarket,26.43272,50.037258
shopping,Panda Super 403 | بنده سوبر,26.442736,50.117456
shopping,"LuLu Express - Rawdah, Dammam",26.400082,50.083248
shopping,Panda Super 42 | بنده سوبر,26.438596,50.071658
shopping,هايبر بنده,26.364497,50.071522
shopping,LuLu Hypermarket - Al Rayyan,26.408027,50.099716
shopping,سوبر ماركت عربة رهف / Rahaf trolley super market,26.482663,50.052091
shopping,We One Supermarket,26.445243,50.065412
shopping,Bonjour بونجور,26.478441,50.056214
shopping,Farm Superstore Farm1,26.433359,50.115214
shopping,اسواق العثيم | Othaim Markets,26.396756,50.044606
shopping,Amazon 5 Riyal Shop,26.413937,50.074297
shopping,Dmart Hyper,26.444834,50.066072
shopping,Al-Massira Supermarket,26.429914,50.088827
shopping,PINAS SUPERMARKET,26.441777,50.106557
shopping,Supermarket Merits Spring,26.437171,50.129603
shopping,Farm Super Stores 12,26.447993,50.123969
shopping,Aswaq Najmat AlGhadeer,26.491937,50.046946
shopping,Mazaya Saihat,26.476676,50.040262
shopping,Farm markets,26.423731,50.043802
shopping,بقالة الأصناف الجيدة للتجارة يوجد توصيل للمنازل GOOD ITEMS GROCERY TRADING,26.425798,50.017754
shopping,درة الريان للتسويق Dorrat Al Rayan Marketing,26.410877,50.097031
shopping,Farm Superstores 54,26.422062,50.006563
shopping,مركز الباب الغربي للمواد الغذائية,26.488222,50.055652
shopping,Rawan Supermarket,26.430883,50.087818
shopping,GRANDMART Hypermarket,26.441403,50.100122
shopping,PRiMO - بريمو - Rayan,26.411453,50.092824
shopping,Nesto Hypermarket Mina,26.414938,50.160307
shopping,Red Apple Hypermarket,26.442685,50.099488
shopping,City mart سيتي مارت,26.442946,50.099689
shopping,Super Market,26.377844,50.05935
shopping,Olive Shopping Center,26.462949,50.056009
shopping,مركز أرض العرب للتسويق,26.424812,50.084376
shopping,Nesto Werhouse,26.405856,50.146403
shopping,Universal Cold Store,26.434711,50.092106
shopping,Grandmart Hypermarket,26.436864,50.117681
mall,Octo City,26.390313,50.037655
mall,Sparky's | سباركيز,26.46197,50.06442
mall,Family Discount,26.433189,50.066911
mall,ساكو دارين | SACO Dareen,26.462492,50.065293
mall,Centrepoint - Nakheel,26.390968,50.039077
mall,Bob’s Famous,26.390317,50.03759
mall,Billy Beez City,26.390125,50.037706
mall,Brands For Less براندز فور لس - Othaim Mall,26.400596,50.116904
mall,SEPHORA AL NAKHEEL MALL,26.391739,50.037582
mall,"EXTRA - Khaleej Rd, Al Aziziyah, Dammam 32424, Saudi Arabia",26.459748,50.078716
mall,الحضرمي لمستلزمات التجميل,26.438722,50.103528
mall,POSH AVENUE,26.426935,50.096941
mall,Auto Mall أوتو مول,26.441202,50.063545
mall,5 Riyal Shop,26.442286,50.06577
mall,Dihan Mobile Center Dammam Seiko,26.442481,50.100362
mall,Al Shatea Mall dammam,26.454926,50.120908
mall,Khobar Mall,26.314487,50.21015
mall,BBZ Dareen Mall,26.461832,50.064881
mall,Octo Karting,26.390418,50.036754
mall,muvi Cinemas | موڤي سينما,26.390056,50.037276
mall,Vox Cinemas,26.386266,50.075711
mall,REDTAG,26.400759,50.117058
mall,City Mall,26.557022,50.037987
mall,ملاهي مجمع الواحة,26.429722,50.116084
mall,Khobar Plaza,26.283592,50.210672
mall,Sun and Sand Sports Outlet,26.463039,50.063603
shopping,Mahmal Center,26.46654,50.123239
shopping,مجمع القاضي التجاري,26.36344,50.073756
shopping,Saad Commercial Center,26.446293,50.102705
shopping,Refad Square,26.393572,50.084772
shopping,NEOM Mall,26.341062,50.035313
shopping,مجمع النخيل التجاري,26.420145,50.003582
shopping,Rakah Square,26.359821,50.188979
shopping,Sadeen Commercial Center,26.324623,50.206847
shopping,مركز هجر التجاري,26.444364,50.068128
shopping,المركز السعودي للأعمال / الفرع الرئيسي,26.375193,50.175132
shopping,مجمع سوق واقف,26.439438,50.102984
shopping,مركز التجارة و الأعمال Business & Trade Center,26.441541,50.074043
shopping,مجمع القو التجاري,26.479437,50.132562
shopping,Madina Centre,26.440852,50.100833
shopping,مركز احمد التجاري,26.44437,50.099269
shopping,مركز اسواق الخير للملابس الجاهزة,26.42742,50.071412
shopping,Economic mall,26.436889,50.117686
shopping,مركز تاج الأوائل التجاري,26.442316,50.065766
shopping,مجمع اسس التجاري,26.421766,50.002539
shopping,مركز تاج الشرقية,26.428019,50.073697
shopping,Shams Commercial Center-1,26.445866,50.118305
shopping,مركز العنود الاداري التجاري,26.441596,50.071163
shopping,Alshatea business center,26.492629,50.129465
shopping,طابا الدمام الجديد,26.392053,50.04798
shopping,Al Bassam Commercial Centre,26.421447,50.089589
shopping,Al-Sehri Plaza,26.4405,50.100394
shopping,مجمع الفاخرية التجاري,26.340017,50.036911
shopping,شركة ريال أو أكثر RIYAL AND MORE TRADING,26.443586,50.063666
shopping,الرونق اكسسوار,26.440167,50.102078
shopping,النور افينيو,26.423046,50.029065
shopping,Aldahan Commercial Center,26.466317,50.019088
shopping,مجمع اللؤلؤة التجاري Pearl Business Complex,26.457226,50.061994
shopping,سوبرماركت سلة الرضاء,26.449735,50.078335
shopping,Sahil Al Jubail - شركة الساحل الجبيل,26.443958,50.080427
shopping,اسواق العثيم | Othaim Markets,26.40962,50.035027
shopping,az zuhur,26.454667,50.096144
shopping,Fathima supermarket,26.446706,50.0919
shopping,SHARQ AL MADEENA WHOLESALE,26.453478,50.059704
shopping,Panda Super 436 | بنده سوبر,26.474982,50.125197
shopping,سوبر ماركت,26.438366,49.98031
shopping,لينا ماركت 7 ( 24 ساعة ),26.388313,49.962357
shopping,سوبر ماركت مجتمع الاسرة ( يوجد توصيل الان ),26.361295,49.984859
shopping,فيول ماركت,26.45135,50.105022
shopping,Tamimi Markets Express,26.372422,50.178638
shopping,Dubais Supermarket,26.491437,50.030687
shopping,Hala Markets | أسواق هلا,26.338153,49.95748
shopping,تموينات زاد غرناطه,26.478562,50.046237
shopping,Othaim Markets,26.342178,49.967165
shopping,بقالة نجوم الخيرات التجارية فرع نرجس 17,26.488081,50.05986
shopping,سوبر ماركت مدد البيان,26.467171,50.018222
mosque,Yousef Al Dossary Grand Mosque,26.458812,50.131773
mosque,Amr Ibn Aljamooh Mosque.,26.41741,50.100661
mosque,Imam Hussain Mosque,26.446979,50.072263
mosque,Saeed Raddad Mosque,26.414794,50.095737
mosque,Faisal Bin Turki Mosque,26.431729,50.072974
mosque,Yousef bin Ahmed Kanoo Mosque,26.460818,50.114334
mosque,Furqan Grand Mosque,26.397755,50.045975
mosque,Qanbar Al Ansari Mosque,26.439247,50.091746
mosque,Al Wabel Mosque,26.397779,50.076616
mosque,Almohsin Mosque - مسجد المحسن,26.47901,50.047002
mosque,Rayyan Grand Mosque,26.438004,50.108418
mosque,Al Hamza Mosque,26.475308,50.052503
mosque,مسجد الرسول الأعظم,26.479686,50.052828
mosque,Esam Bulbul Grand Mosque,26.461772,50.079572
mosque,Isra Mosque,26.454188,50.128544
mosque,Alsaqeefah Mosque,26.437068,50.056609
mosque,Mosque,26.444689,50.058656
mosque,Almajdouie Masjid,26.425985,50.09064
mosque,Imam Ali Mosque,26.482466,50.05619
mosque,King Fahd International Airport Grand Mosque,26.468695,49.798906
mosque,Aljoharah Aldhowian mosque,26.359146,50.082478
mosque,King Fahd Masjid,26.262104,50.210451
mosque,Abdullah Aldabal Masjid,26.385065,50.179958
mosque,Ameer Muhammad bin Fahd Masjid,26.444022,50.105916
mosque,Alnada Mosque,26.379062,50.083252
mosque,Masjid Al-Hajri,26.435116,50.102474
mosque,Masjid Makkah,26.46207,50.093473
mosque,Nakheel District Masjid,26.4407,50.090047
mosque,ِAlmishil Mosque,26.408058,50.091332
mosque,Al Juffali Mosque,26.435226,50.122266
mosque,Mosque of Ahmad Abdulrahman Al-Ghamdi,26.380565,50.037172
mosque,Fatima Alzahra Mosque,26.402218,50.026269
mosque,Eid Mosque,26.421066,50.082164
mosque,Hamad Almubarak Mosque,26.395372,50.099703
mosque,Omar Ibn Alkhattab Masjid,26.438652,50.102646
mosque,Baraka Mosque,26.395715,50.062562
mosque,Ahmed Nasser Albinali Mosque,26.490116,50.122
mosque,Safa Mosque,26.381765,50.184149
mosque,Al Ghazali Mosque,26.436756,50.097378
mosque,Masjid Muhammed bin Ishaq,26.438627,50.060942
mosque,AlJafari Al-Tayyar Mosque,26.465404,50.077702
mosque,Imam Mahdi mosque -Saihat,26.484651,50.060035
mosque,sunni masjid,26.48378,50.041598
mosque,Al Eissa Mosque,26.410449,50.071786
mosque,The Great Prophet Mosque,26.466799,50.043993
mosque,Rashed Al-Amari Mosque,26.426866,50.135357
mosque,Utbah Ibn Ghazwan Mosque,26.414902,50.080345
mosque,Al Salam Mosque,26.429108,50.099087
mosque,Soraqah bin Malek Mosque,26.418381,50.088911
mosque,Seiko masjid,26.442306,50.101523
mosque,Al Bara Ibn Azib Mosque,26.409717,50.026326
mosque,مسجد جعفر ابن ابي طالب بسيهات,26.484131,50.048292
mosque,Al Muntazah Mosque,26.376162,50.124763
mosque,Al Yarmook Mosque,26.42286,50.076539
mosque,Mosque Mohammed Sultan Al-Rashed Albuainain,26.463263,50.082706
mosque,Jalawiyah Grand Mosque,26.43651,50.081485
mosque,جامع الفاروق عمر رضي الله عنه,26.471502,50.055545
mosque,Hayat Plaza Mosque,26.442159,50.067213
mosque,Mohammed Aal Kshm Mosque,26.372833,50.135692
mosque,Rabwah Mosque,26.462013,50.086389
mosque,Alshgrud Mosque,26.367524,50.052251
mosque,مسجد حذيفة بن اليمان,26.435885,50.06915
mosque,مسجد الصفا,26.460645,50.066199
mosque,Al-Mutairi Mosque,26.458637,50.091713
mosque,Masjed Hessat Al-seif,26.427063,50.031813
mosque,مسجد المنار,26.375799,50.040602
mosque,Al Rajhi Mosque,26.433998,50.105166
mosque,Mohammad Ibn Al-Qasim Mosque,26.430207,50.101366
mosque,Sheikh Abdullah bin Jibreen Mosque(Masjid),26.422328,50.021963
mosque,جامع الامام القرطبي,26.45112,50.094184
mosque,Masjid Al-Ghamdi,26.456457,50.084795
mosque,جامع عبدالله الخطاف ووالديه رحمهم الله,26.347631,49.996127
mosque,Imam Shafi Mosque,26.413566,50.046066
mosque,Aldossary Masjid مسجد الدوسري,26.465628,50.082235
mosque,Dammam Corniche Prayer Square,26.456675,50.106014
mosque,Osama bin Zaid Mosque,26.447354,50.096427
mosque,Public Mosque,26.428263,50.061291
mosque,Uhud Mosque,26.394345,50.074444
park,Life Park (King Fahd Park),26.392526,50.123915
park,Swan Park at King Fahd Theme Park,26.39218,50.126279
park,King Abdullah Park,26.487411,50.119214
park,Muraikabat Mountain Park,26.417058,50.105611
park,Modon Lake Park,26.225117,49.97763
park,Salsabeel Park,26.378319,50.117987
park,King Fahad Park,26.419855,50.120447
park,Ibn Sina Park,26.423385,50.110752
park,Prince Abdulmohsin Bin Jalawi Park,26.448839,50.079794
park,Dolphin Village Dammam,26.47867,50.097285
park,Adventure World,26.43201,50.113834
park,Abdullah Fuad Park,26.408337,50.118235
park,Al-Nour Park,26.426687,50.016688
park,Dammam Global City,26.463424,50.069209
park,Almuntazah Park,26.374078,50.13309
park,Ghurnata Park,26.427954,50.086566
park,Al Athir Park,26.438426,50.062394
park,Cobra Entertainment City,26.388438,50.12654
park,Zuhoor Park,26.422695,50.08595
park,Saihat Park,26.484231,50.044758
park,Al-Nahdah Park,26.37103,50.141238
park,Ibn Khaldoon Park,26.42559,50.101645
park,Safforiland,26.400029,50.117521
park,Rakah Park,26.36673,50.193991
park,Al Salama Park,26.393584,50.113703
park,Marjan Walk,26.486953,50.101617
park,Tubaishi public park,26.433314,50.121756
park,Hams park,26.490584,50.134113
park,Park Of Desperates,26.442023,50.098536
park,Park,26.423187,50.074377
park,زيبلاين لايف بارك الدمام,26.39054,50.126624
park,Al Yarmook Park,26.42003,50.071851
park,Dhahran Hills Park,26.298215,50.107218
park,Prince Ibn Jalawy Park,26.283508,50.205453
park,View park,26.490641,50.119238
park,Al Shafa Park,26.407889,50.114185
park,Alnawras District Park,26.405995,50.184819
park,Aramco Environmental Park 3,26.389919,50.128592
park,Takyt Bahar,26.496545,50.133902
park,Iskan Park,26.415434,50.124078
park,Al-Safa Park,26.381156,50.182802
park,Dammam Corniche,26.457589,50.101763
park,Aramco Environmental Park 2,26.374121,50.128022
park,Toy Town Dammam- قرية الألعاب الدمام,26.465342,50.114598
park,Saihat Corniche Park,26.473535,50.066645
park,حديقة القادسية,26.435755,50.072207
park,Fog Garden,26.413419,50.059322
park,Al Jawharah Corniche Walk,26.467762,50.080467
park,Dammam Cornish,26.460723,50.132712
park,Hamra Corniche,26.468688,50.084438
park,Dammam Corniche - Boats Dock,26.471729,50.133325
park,حديقة الريان,26.409325,50.093946
park,Fabyland,26.387703,50.074731
park,Almohammdi Museum Park,26.497121,50.12152
park,زقرت اللوتس,26.417878,50.078207
park,Olive Garden,26.384473,50.055591
park,Prince Abdullah bin Jalawi Park,26.445259,50.117413
park,AlShoalah Garden,26.351929,50.075822
park,Garden,26.432399,50.077585
park,Rawdah Park,26.42285,50.116536
park,Shalawi garden,26.402835,50.029275
park,Garden suburb,26.422936,50.000496
park,حديقة شهد حي الشعلة بالدمام,26.361171,50.076351
park,Jasmine Garden,26.373575,50.074832
park,حديقة المصطفى,26.469399,50.056261
park,Rose Garden,26.409272,50.076202
park,Clove Park,26.461757,50.056153
park,حديقة حي السلام,26.452282,50.104661
park,حديقة الزهور,26.423174,50.086004
park,Seder garden,26.377702,50.044894
park,Al Hazm Yard,26.396179,50.110693
park,حديقة الشموخ,26.408044,50.098163
park,Paradise Garden,26.363331,50.033685
park,حديقة النور,26.440404,50.076309
park,Hiraa Park,26.415215,50.062417
park,حديقة الأقحوان,26.404458,50.119748
park,حديقة الجلوية,26.436534,50.075671
park,Park,26.479747,50.059498
park,Almajd park,26.404494,50.069072
park,Paradise Park 2,26.376279,50.118
park,AlMalath Park,26.378597,50.136546
park,حديقة الريان,26.40339,50.097572
park,حديقة الفل,26.392337,50.075485
park,حديقة و ممشى حي الواحه,26.38088,50.10043
bank,Riyad Bank,26.441889,50.079605
bank,Al Rajhi Bank,26.446262,50.101769
bank,Arab National Bank (ANB) - Digital Self-Service Branch,26.451309,50.129848
bank,The Saudi Investment Bank ATM,26.400982,50.097442
bank,Emirates NBD - Dammam Branch فرع الدمام,26.45271,50.126737
bank,البنك السعودي للاستثمار,26.437794,50.09187
bank,anb البنك العربي الوطني - Dammam Branch,26.441987,50.11035
bank,SAB الأول,26.451479,50.075046
bank,SNB AlAhli,26.428306,50.107015
bank,Riyad Bank,26.426149,50.100534
bank,Riyad Bank,26.455659,50.117646
bank,SAB الأول,26.480597,50.045799
bank,BSF - Dammam Mohammadiah Branch - فرع الدمام المحمدية,26.459898,50.061027
bank,SNB AlAhli,26.469812,49.797063
bank,Riyad Bank,26.412615,50.109228
bank,SAB الأول,26.45328,50.119376
bank,Alinma Bank | مصرف الإنماء,26.430563,50.078991
bank,SNB AlAhli,26.447648,50.080904
bank,مصرف الراجحي | alrajhi bank,26.442404,50.086103
bank,SNB AlAhli,26.420202,50.021567
bank,anb البنك العربي الوطني - Street 42 Branch,26.426847,50.071534
bank,The Saudi Investment Bank (SAIB),26.454969,50.115088
bank,Riyad Bank,26.366437,50.070437
bank,Riyad Bank,26.442916,50.104631
bank,anb البنك العربي الوطني - Al Muraikbat Branch,26.41012,50.109088
bank,SNB AlAhli,26.402279,50.13861
bank,BSF - Dammam Corniche Branch - فرع كورنيش الدمام,26.454336,50.118228
bank,Alinma Bank,26.401235,50.098107
bank,Riyad Bank,26.407306,50.060438
bank,Riyad Bank,26.437284,50.128917
bank,anb البنك العربي الوطني - First Street Branch,26.458622,50.120421
bank,The Saudi Investment Bank ATM,26.437799,50.091998
bank,The Saudi Investment Bank,26.401086,50.097521
bank,Alinma Bank | مصرف الإنماء,26.454833,50.114525
bank,The Saudi Investment Bank,26.399759,50.045586
bank,مصرف الراجحي | alrajhi bank,26.432458,50.104304
bank,NCB الأهلي,26.385042,50.058633
bank,The Saudi Investment Bank ATM,26.399624,50.045792
bank,SNB AlAhli,26.442618,50.106219
bank,BSF - Dammam Andalus Branch - فرع الدمام الاندلس,26.403813,50.102438
bank,مصرف الراجحي | alrajhi bank,26.459563,50.089187
bank,SAB الأول,26.462218,50.066505
bank,مصرف الراجحي | alrajhi bank,26.454448,50.117039
bank,SAB الأول,26.461601,50.074648
bank,SAB الأول,26.452617,50.062997
bank,SAB الأول,26.463706,50.061007
bank,مصرف الراجحي | alrajhi bank,26.402975,50.101487
bank,صراف بنك الجزيره,26.454812,50.113937
bank,Alawwal bank,26.446259,50.063903
bank,SAB الأول,26.448632,50.074352
bank,SAB الأول,26.451513,50.07494
bank,anb البنك العربي الوطني - Muhammadiyah Branch,26.461744,50.06849
bank,بنك الرياض - فرع شارع الأمير محمد,26.440174,50.10766
bank,SAB الأول,26.431713,50.079768
bank,Riyad Bank ATM,26.476441,50.056829
bank,SNB AlAhli,26.47267,50.057312
bank,SNB AlAhli,26.436462,50.083759
bank,Alinma Bank | مصرف الإنماء,26.398699,50.043436
bank,مصرف الراجحي | alrajhi bank,26.471835,50.057378
bank,مصرف الراجحي | alrajhi bank,26.439197,50.118247
bank,SNB AlAhli ATM,26.472679,50.057309
bank,SAB الأول,26.480618,50.045799
bank,SAB الأول,26.48715,50.047661
bank,Riyad Bank ATM,26.46271,50.06509
bank,SNB AlAhli ATM,26.453057,50.068351
bank,BSF - Banque Saudi Fransi ATM - Panda Sihat - Gulf Street - Cash withdrawal,26.488389,50.047568
bank,BSF - Banque Saudi Fransi ATM - Mohammadiya Dammam Branch - Cash Deposit,26.459931,50.061017
bank,Riyad Bank ATM,26.44203,50.06702
bank,Riyad Bank ATM,26.47297,50.09428
bank,SNB AlAhli ATM,26.440346,50.050077
bank,SNB AlAhli ATM,26.492444,50.037096
bank,BSF - Banque Saudi Fransi ATM - Dammam Mohamadia Branch - Self Service Card Printing,26.459932,50.061021
bank,SNB AlAhli ATM,26.474841,50.043589
bank,anb ATM صراف البنك العربي الوطني - Alsaleem Company,26.470189,50.046044
bank,SNB AlAhli ATM,26.44305,50.09966
bank,SAB الأول,26.429461,50.065565
bank,SAB الأول,26.461349,50.064697
bank,SAB الأول,26.46239,50.056067
bank,Riyad Bank ATM,26.487987,50.038205
bank,البنك الأول,26.461159,50.064879
bank,Riyad Bank ATM,26.42952,50.08538
bank,Riyad Bank ATM,26.43651,50.10451
bank,Riyad Bank ATM,26.48808,50.03833
bank,Riyad Bank ATM,26.48808,50.03833
bank,Riyad Bank ATM,26.4426,50.06936
bank,SNB AlAhli ATM,26.438,50.056403
bank,Riyad Bank ATM,26.441885,50.079556
bank,Riyad Bank ATM,26.44197,50.111978
bank,BSF - Banque Saudi Fransi ATM - Siyhat Branch Atm - Cash withdrawal,26.487895,50.038607
bank,SAB الأول,26.440888,50.060628
bank,BSF - Banque Saudi Fransi ATM - Aldrees Gas Station AlZohur - Cash withdrawal,26.465387,50.024929
bank,SAB الأول,26.445131,50.092113
bank,Riyad Bank ATM,26.478755,50.125293
bank,Riyad Bank ATM,26.48793,50.038242
bank,Riyad Bank ATM,26.42322,50.10426
bank,Riyad Bank ATM,26.412607,50.109013
bank,Riyad Bank ATM,26.435263,50.037231
bank,Riyadh Bank ATM,26.426531,50.106287
bank,Riyad Bank ATM,26.435458,50.087196
bank,SNB AlAhli ATM,26.430881,50.107625
bank,SAB الأول,26.432641,50.083348
bank,Riyad Bank ATM,26.433491,50.11518
bank,SNB AlAhli ATM,26.441938,50.075187
bank,Riyad Bank ATM,26.45218,50.10146
bank,SAB الأول,26.422275,50.006679
bank,Riyad Bank ATM,26.427492,50.072709
bank,SNB AlAhli ATM,26.436725,50.033908
bank,Riyad Bank ATM,26.44731,50.10305
bank,Riyad Bank ATM,26.44801,50.11508
bank,Riyad Bank ATM,26.42306,50.10953
bank,Riyad Bank ATM,26.463178,50.067067
bank,Riyad Bank ATM,26.461863,50.092544
bank,SAB الأول,26.438875,50.099938
bank,انجاز يوم الجمعة,26.442663,50.103444
bank,بنك التنمية الاجتماعية,26.411125,50.064562
bank,SNB AlAhli,26.456437,50.124688
bank,SAB الأول,26.39435,50.071579
bank,Riyad Bank,26.41292,50.096102
bank,مصرف الراجحي | alrajhi bank,26.369173,50.067237
bank,NCB Bank,26.368242,50.035182
bank,بنك الجزيرة,26.43078,50.077446
bank,SAB الأول,26.411025,50.09161
bank,Riyad Bank,26.386063,50.095937
bank,SNB AlAhli ATM,26.431703,50.042296
bank,مصرف الراجحي | alrajhi bank,26.39895,50.066219
gas_station,ADNOC Service Station | Al Zuhoor (2039),26.450347,50.084349
gas_station,Sahel Fuel Station,26.427607,50.101929
gas_station,Aldrees kurid,26.442583,50.11203
gas_station,Aldrees,26.433855,50.104874
gas_station,Fuel Way,26.451376,50.105345
gas_station,محطة وقود بترولي,26.351242,50.01869
gas_station,Fuel Way Gas Station,26.168598,49.924805
gas_station,ADNOC Service Station | King Fahad Rd. (2016),26.409991,50.133324
gas_station,Aramco Station,26.404915,50.059796
gas_station,Aldrees,26.425687,50.099176
gas_station,Aldrees,26.467548,50.018258
gas_station,SASCO Gas Station - Algabrin,26.295603,50.034885
gas_station,Aldrees,26.406633,50.013811
gas_station,ENOC,26.46145,50.074764
gas_station,Aldrees,26.426471,50.05934
gas_station,Aldrees,26.45731,50.09708
gas_station,Aldrees,26.432648,50.087661
gas_station,Fuel Way,26.364567,50.095217
gas_station,ADNOC Service Station | Al Noor District (2052),26.436129,50.034173
gas_station,Sahel,26.435737,50.117862
gas_station,TotalEnergies,26.478188,50.056188
gas_station,AlMuhammadiyah Station,26.454156,50.061932
gas_station,OOMCO Gas Station,26.465069,50.048615
gas_station,ADNOC Service Station | Al Salam (2013),26.453277,50.096835
gas_station,NAFT,26.46321,50.067041
gas_station,Jubail Petrol Station,26.444049,50.029171
gas_station,Orange Gas Station Al Zuhur | محطة وقود أورانج الزهور,26.454857,50.096298
gas_station,SASCO,26.443607,50.092416
gas_station,Petrol Station,26.356793,50.060646
gas_station,Aldrees,26.463084,50.061978
gas_station,ENOC,26.47653,50.055896
gas_station,Ghanim Station,26.478407,50.046337
gas_station,ENOC,26.435032,50.088136
gas_station,Orange Gas Station Khodariya | محطة وقود أورانج الخضرية,26.466454,50.046988
gas_station,محطة محمد عبداللطيف,26.461627,50.061075
gas_station,ADNOC Service Station | South Dammam (2060),26.375698,50.123145
gas_station,Aldrees,26.481085,50.041585
gas_station,GO Station,26.38043,50.012028
gas_station,Isa'ee Gas Station,26.440662,50.049886
gas_station,Aldrees,26.428543,50.073317
gas_station,Sahel Gas Station,26.448068,50.012347
gas_station,ENOC,26.478768,50.125083
gas_station,ADNOC Service Station | Al Amwaj (2076),26.449447,50.088091
gas_station,GOstation | محطة قو ستيشن,26.397437,50.018437
gas_station,AlMazaya Petrol Station,26.415699,50.169918
gas_station,SASCO,26.431269,50.041591
gas_station,ADNOC Service Station | Corniche Al Dammam (2004),26.459817,50.120854
gas_station,Aldrees,26.450146,50.053759
gas_station,Orange Gas Station Al Shatti | محطة وقود أورانج الشاطئ,26.453218,50.124301
gas_station,Emad Gas Station,26.456693,50.117921
gas_station,Advantages of Station 6,26.458637,50.032023
gas_station,NAFT Petrol Station,26.48205,50.126761
gas_station,Sahel Gas Station,26.42103,50.099154
gas_station,Enoc,26.404313,50.062788
gas_station,Aldrees,26.433032,50.066271
gas_station,NAFT,26.48811,50.05978
gas_station,Mazaya Gas Station,26.439978,50.057457
gas_station,Aldrees,26.41336,50.07362
gas_station,Orange Gas Station Mubarkiya | محطة وقود أورانج المباركية,26.459411,50.09518
gas_station,Aldrees,26.395817,50.038321
gas_station,ENOC,26.449381,50.055022
gas_station,Aldrees,26.459286,50.079773
gas_station,Petroly,26.393731,50.070698
gas_station,Aldrees,26.415786,50.079782
gas_station,SASCO Xpress,26.453095,50.06806
gas_station,Aldrees,26.451642,50.12726
gas_station,Aldrees,26.395888,50.04383
gas_station,SASCO,26.411805,50.071873
gas_station,SASCO | ساسكو ( المبارك ),26.451623,50.072709
gas_station,Sasco petrol Station,26.439691,50.118356
gas_station,Aldrees,26.440687,50.049937
police,East of Dammam Police Station,26.441525,50.125177
police,Ministery of Interior - Public Security - Eastern Province Police,26.447682,50.103933
police,South Dammam Police Station,26.381232,50.115879
police,North Dammam Police Station,26.42662,50.090551
police,West Dammam Police Station,26.411825,50.044422
police,Building No-17,26.414423,50.122351
police,مركز شرطة سكة الحديد,26.430271,50.123354
police,شرطه محافظه البيضاء,26.451379,49.990304
police,Dhahran Police Station,26.343852,50.078558
police,المديريه - شرطة المنطقة الشرقيه - إلامن العام,26.448017,50.101863
police,Khobar Police Station.,26.278501,50.217521
police,Department of Criminal Evidence - Eastern Province,26.448284,50.10192
police,Saihat Police Station,26.480574,50.040887
police,Division of Enforcement of Judgments in the Eastern Region Police,26.407175,50.071904
police,North Area Police,26.411826,50.04441
police,Aziziyah Police Station - khobar,26.175662,50.162409
police,Thuqba Police Department,26.28149,50.194761
police,West Dammam Traffic Office,26.411586,50.043692
police,شرطة الصناعية الثانية بالظهران,26.24387,49.982677
police,Inspection Point Dammam Riyadh Road,26.313175,50.047914
police,Muroor Office,26.399012,50.014601
police,Tarout Police Station,26.560006,50.058882
police,Traffic Office - Dammam مرور الدمام,26.398472,50.088649
police,Facilities Security Forces,26.467034,50.083903
fire_station,KFMMC- fire department,26.325504,50.020449
fire_station,KFIA Fire Station 1,26.462671,49.80388
fire_station,KFIA Fire Station 2,26.48083,49.809486
fire_station,الدفاع المدني بالحي المحمدية,26.4519,50.054014
fire_station,Dhahran Main Fire Station,26.308507,50.126406
fire_station,Directorate of Civil Defence,26.412726,50.069918
fire_station,Civil Defense الدفاع المدني بالراكة,26.36676,50.198807
fire_station,Civil Defense Center,26.435894,50.083998
fire_station,الدفاع المدني بالحي العدامه,26.429895,50.103908
fire_station,الإدارة العامة للدفاع المدني بالدمام,26.416985,50.120994
fire_station,مركز الدفاع المدني الجديد بالصناعية الثانية بالدمام,26.244341,49.981978
restaurant,مطعم ماكس Macs Eatery,26.456973,50.096814
restaurant,"SOLACE, سولاس",26.465546,50.060448
restaurant,Food Star Restaurant ️,26.447202,50.090415
restaurant,Al Tanour Restaurants Dammam Branch,26.469575,50.059668
restaurant,Roma Castle Restaurant,26.423437,50.093293
restaurant,Shrimp House Restaurant,26.459381,50.086613
restaurant,مطعم بيتش بارك الدمام,26.466391,50.122897
restaurant,Paragon Restaurant Dammam,26.448363,50.096844
restaurant,Harat Ward,26.457596,50.097117
restaurant,زاد السلطان - النزهة,26.392516,50.10475
restaurant,Maoon Restarunt,26.401851,50.105152
restaurant,Umbrella - Dammam,26.376072,50.08883
restaurant,Rummaan Dammam Hyderabadi Restaurant,26.443716,50.098298
restaurant,Taj Restaurant Dammam தாஜ் உணவகம்,26.436175,50.101289
restaurant,Osmanli Lezzet,26.471728,50.131481
restaurant,UNAGI RESTAURANT,26.485395,50.049996
restaurant,Wasabi & gari,26.467728,50.059165
restaurant,Pastel Cafe,26.452566,50.123508
restaurant,shrimpshack,26.398148,50.047171
restaurant,مطعم فخامه البحر,26.434837,50.107737
restaurant,MOMOs Restaurant 🏅,26.436783,50.106601
restaurant,Cousin’s Pizza - كزنز بيتزا,26.468279,50.061041
restaurant,Khan AlRayhan,26.485018,50.053063
restaurant,RedPot multi Cuisine Family Restaurant,26.43868,50.112913
restaurant,SAFSAF Restaurant,26.442056,50.064052
restaurant,Karachi Sultan’s Restaurant,26.453413,50.096454
restaurant,Sadd Ma'arib,26.441524,50.074918
restaurant,Nilamuttam Restaurant,26.423024,50.109285
restaurant,Hyderabad Restaurant,26.444317,50.09848
restaurant,KOKORO (Dammam),26.411236,50.109132
restaurant,Ghawar Restaurant,26.439071,50.083209
restaurant,Shajarat Al-durr Restaurant - Dammam Branch مطعم شجرة الدر - فرع الدمام,26.456856,50.100984
restaurant,Riocha,26.395618,50.077931
restaurant,Torticano resturant - مطعم تورتيكانو,26.467789,50.059464
restaurant,Royal Malabar Restaurant مطعم رويال مالابار - Dammam‎,26.455698,50.097043
restaurant,All Day,26.404878,50.102131
restaurant,جيميز كيلر الدمام Jimmy's Killer Prawns Dammam,26.454331,50.080711
restaurant,Ghazi Traditional Restaurant | مطعم غازي المذاق التقليدي للتقديم الوجبات,26.436532,50.107009
restaurant,Boromana Restaurant,26.447445,50.117974
restaurant,Abu Tayib Restaurant,26.440784,50.071022
restaurant,مطعم المضياف (النزهه),26.401363,50.105006
restaurant,Al Shabout,26.441937,50.120313
restaurant,Moma’s Urban Eatery,26.453022,50.116799
restaurant,Malbriz Biriyani,26.435096,50.117143
restaurant,Anjappar Indian Restaurant Dammam,26.435593,50.107679
restaurant,Kozhikoden Biriyani,26.439914,50.113368
restaurant,Da Vinci Italian Restaurant,26.452415,50.120396
restaurant,AlRomansiah,26.455757,50.113838
restaurant,Mehfil Restaurant - مطعم محفل,26.418643,50.115287
restaurant,RFC,26.423248,50.106195
restaurant,Root 98,26.469697,49.796466
restaurant,Al Waqas Restaurant,26.445358,50.092879
restaurant,Salad Meal Dammam,26.400517,50.10421
restaurant,Rose Garden Restaurant,26.436694,50.106289
restaurant,Loop Restaurant & Cafe,26.481352,50.117951
restaurant,Shawaya house بيت الشواية,26.42865,50.096414
restaurant,Atlas Restaurant,26.420893,50.047639
restaurant,Casapasta | كازاباستا,26.442672,50.118401
restaurant,"Operation Falafel, Ash Shati Al Gharbi",26.455563,50.118931
restaurant,Paradise Beach Club,26.472876,50.086187
restaurant,Raising Cane's,26.462022,50.068367
restaurant,مطعم صبه,26.448754,50.095517
restaurant,ANJIK Restaurant,26.407595,50.188702
restaurant,Oceana Restaurant - مطعم أوشيانا,26.478239,50.117173
restaurant,فتة وصنوبر,26.455036,50.09707
restaurant,Mijana,26.450876,50.118657
restaurant,Lumiere Lounge,26.466181,50.123066
restaurant,Fareej AlBaja,26.464457,50.048636
restaurant,Okashi - أوكاشي,26.468536,50.060304
restaurant,Lazona,26.404431,50.106699
restaurant,Ensalada & Co Bar,26.452173,50.080749
restaurant,Zaman Bairot,26.438788,49.982146
restaurant,مطعم روائع أطلس,26.440286,50.082737
restaurant,Lemons,26.463665,50.048922
restaurant,Leffah Saihat,26.475537,50.051261
restaurant,مطاعم الزبداني,26.439363,50.082569
restaurant,Papa John's,26.461876,50.067681
restaurant,Al Tazaj,26.40468,50.055004
restaurant,Alfawar Restaurant شاورما مطعم الفوار,26.413953,50.120218
restaurant,Chapati & Karak,26.395509,50.078163
restaurant,Muscle Food Restaurant,26.488275,50.056153
restaurant,Abu Noor Restaurant,26.425804,50.085216
restaurant,Belad Al-Sham Restaurant,26.372869,50.178602
restaurant,Aljara Alshabia restaurant Dammam,26.454479,50.058392
restaurant,Abu Nawas Restaurant,26.437248,50.083483
restaurant,غاوي فلافل | Ghawi Falafel,26.407072,50.067667
restaurant,شواية الخليج‎,26.401476,50.040291
restaurant,Arkaan Al Diera Restaurant,26.481223,50.054704
cafe,CORE COFFEE & ROASTERY,26.458702,50.092697
cafe,Piccolo,26.400393,50.073456
cafe,troy coffee lounge,26.452437,50.124063
cafe,GRAV CAFE قراف كافيه,26.393761,50.072365
cafe,Cafficha Coffee,26.462585,50.092188
cafe,دوح وشاهي كورنيش الدمام Marsa Café مرسى كافيه,26.460126,50.112623
cafe,Dura Specialty Cafe,26.398269,50.046469
cafe,BREWS coffee and brunch,26.421445,50.090651
cafe,The Garden,26.384338,50.096233
cafe,Onda Coffee مقهى أوندا,26.3763,50.122813
cafe,Ace Cafe & Lounge,26.467803,50.05952
cafe,101Cafe,26.421855,50.026484
cafe,KAV cafe | كاف كافيه,26.463226,50.062961
cafe,Avenue Café,26.420935,50.101329
cafe,View Cafe,26.451749,50.126507
cafe,keen Cafe & Rest,26.461033,50.077939
cafe,VERDE Coffee Lounge,26.398037,50.047001
cafe,Four Squares Café,26.379993,50.178356
cafe,All Day,26.400999,50.051653
cafe,dr.CAFE COFFEE | V12 Station | د.كيف كافيه,26.456174,50.09694
cafe,Club 90 Resto Cafe,26.438615,50.111271
cafe,.VIA Specialty Coffee And Bakery,26.452093,50.130571
cafe,Once Coffee House - وانس هاوس,26.402035,50.105349
cafe,Verocci cafe,26.455463,50.105044
cafe,COPLANT Cafe | مقهى كوبلانت,26.421784,50.003073
cafe,Le 42 Cafe,26.423796,50.030318
cafe,Innovation Taste Coffee,26.482689,50.044335
cafe,Ocaso Specialty Coffee,26.444625,49.996136
cafe,OMOTENASHI,26.379583,50.103615
cafe,CHAOUA تشاوا,26.414837,50.108354
cafe,قهوة بارك,26.451954,50.127081
cafe,8oz Coffee | ايت اوز كوفي,26.382547,50.178344
cafe,SPREE Rooftop Lounge,26.48402,50.053717
cafe,Icons Coffee Couture,26.462376,50.065447
cafe,The Geeks Club Café,26.343941,50.203736
cafe,Dana Lobby Lounge,26.454579,50.113023
cafe,Cafe Chai,26.440427,50.116388
cafe,Barn's | بارنز,26.413494,50.07378
cafe,كاريبو كوفي - Caribou Coffee,26.45861,50.09284
cafe,Chai Spot Dammam KSA,26.439821,50.116811
cafe,مقهى سُلاف | Soulaf Coffee,26.337183,50.201611
cafe,Rosalie Cafe,26.290506,50.177764
cafe,Eleven Three | 11 3,26.453102,50.080717
cafe,017 specialty coffee,26.452077,50.130419
cafe,Levels Board Games Cafe | ليفلز,26.467885,50.059259
cafe,SOVA COFFEE HOUSE,26.468073,50.047085
cafe,CROP coffee & more,26.41155,50.046502
cafe,محمصة و مقهى عصر,26.407547,50.066267
cafe,Remedy Roasters & Specialty Coffee,26.479433,50.132684
cafe,Garden Gate,26.398134,50.127048
cafe,Coffee Address | عنوان القهوة,26.465136,50.048342
cafe,SEKKAT ALKAIF Coffee Shop and Roaster,26.370071,50.053421
cafe,Coffee Address | عنوان القهوة,26.46422,50.121457
cafe,kefaf coffee,26.495624,50.132498
cafe,ZOYA COFFEE I مقهى زويا,26.391692,50.035594
cafe,Savor Bakery (Dammam),26.411176,50.109292
cafe,graph cafe,26.412166,50.013886
cafe,GRAPH Cafe,26.40748,50.066636
cafe,Costa Coffee,26.458661,50.082488
cafe,مقهى ومحمصة سمبلسيتي | Simplicity cafe & roastery,26.484538,50.052392
cafe,Sip day specialty coffee,26.367169,50.079298
cafe,Inno Store & Coffee مقهى وادوات قهوة مختصة,26.468001,50.043382
cafe,RATIO Speciality Coffee,26.452102,50.130268
cafe,Frieze Cafe,26.405213,50.070036
cafe,Bnbr Cafe بنبر كافي,26.434852,50.100101
cafe,Onda Coffee,26.405516,50.101224
cafe,Meow Cafe,26.459871,50.064585
cafe,7 Grams - Dammam Cornish,26.451225,50.131009
cafe,THiRDWAVE | Al-Faisaliyah | ثيردويڤ - الفيصلية,26.391579,50.072661
cafe,Rosh Coffee & Sweet's,26.421858,50.086437
cafe,McCafe,26.462201,50.113624
cafe,Loopie cafe,26.484657,50.052288
cafe,Otten اوتن,26.392083,50.103945
cafe,Boho Speciality coffee ... بوهو للقهوة المختصة,26.467459,50.040409
cafe,Cardio,26.477947,50.091665
cafe,Ojair Specialty Coffee,26.411158,50.114582
cafe,Weeks coffee,26.445088,50.102079
cafe,Happiness Cup,26.40802,50.07187
cafe,Cafe,26.38824,50.187575
gym,Fitness Time Pro,26.474028,50.058016
gym,PureGym Man Dammam Al Qairawan |بيورجيم للرجال القيروان في الدمام,26.373816,50.147888
gym,W Gym,26.401344,50.113776
gym,Power Gym,26.434615,50.035547
gym,AbuAlSaud Sports Center H2 GYM,26.487997,50.055998
gym,iN2Fitness Al Shatea Men,26.454591,50.119572
gym,THE POWER GYM,26.452195,50.13096
gym,H2 gym,26.492346,50.122237
gym,iN2Fitness - Faisaliyah Ladies,26.405656,50.069596
gym,OxyGym,26.455933,50.102269
gym,Pure gym ladies Alshatea بيور جيم الشاطيء للسيدات,26.452437,50.128225
gym,PureGym Man Dammam Al Faisaliyah |بيورجيم للرجال الفيصلية في الدمام,26.395937,50.070188
gym,وقت اللياقة | Fitness Time,26.47809,50.092028
gym,PR - PERSONAL RECORD GYM (WOMEN),26.475986,50.051145
gym,OLYMPIA FITNESS CLUB,26.44205,50.102167
gym,GymNation Othaim Mall Dammam Men's | Best Gym in Dammam,26.400231,50.116899
gym,GymNation Othaim Mall Dammam Ladies | Best Ladies Gym in Dammam,26.400173,50.117226
gym,Body Masters Premium | بودي ماسترز بريميوم,26.43751,50.052919
gym,Abosaud Sport Center - H2 GYM,26.360938,50.079876
gym,Fitness Solutions Co. Ltd. Ladies & Men,26.440806,50.120146
gym,iN2Fitness - Faisaliyah Men,26.405488,50.069603
gym,Bit fitness,26.454819,50.119559
gym,Fitness Time Ladies | وقت اللياقة ليديز,26.450672,50.082584
gym,Power Gym,26.447554,50.08292
gym,iN2Fitness - Al Shatea Ladies,26.45466,50.119593
gym,Body Motions | بودي موشنز,26.431141,50.078494
gym,وقت اللياقة | Fitness Time,26.420016,50.020948
gym,نادي فتنس كونسبت النسائي Fitness Concept Gym,26.418424,50.030248
gym,Fitness Power Gym,26.371478,50.033568
gym,وقت اللياقة | Fitness Time,26.402918,50.071125
gym,Taj Gym,26.457441,50.050465
gym,Healthy & Fitness - هلثي اند فتنس,26.492561,50.122347
gym,وقت اللياقة | Fitness Time,26.454793,50.119642
gym,9ROUND Gents,26.405938,50.058563
gym,Hard Knocks ladies fitness center مركز ضربات قوية الرياضي للنساء,26.475185,50.091253
gym,Fitness Lounge Gym & Nail Spa,26.49562,50.042957
gym,Sway Gym for Ladies - سوّي جيم للسيدات,26.375792,50.088243
gym,Fitness Time Xpress | وقت اللياقة اكسبرس,26.360465,50.073279
gym,صالة القوة الرياضية Power Gym,26.423714,50.095615
gym,عالم مبدع الرياضي,26.46743,50.059092
gym,Hasna gym saihat,26.481438,50.044915
gym,Gold's Gym,26.485257,50.039703
gym,Fitness Time Ladies | وقت اللياقة ليديز,26.383782,50.101917
gym,Starting Force Gym,26.427838,50.071694
gym,Steel Woman Crossfit,26.453855,50.08133
gym,وقت اللياقة | Fitness Time,26.384069,50.123824
gym,Fitness Time Ladies | وقت اللياقة ليديز,26.400817,50.047777
gym,Fit Target Gym,26.468024,50.047114
gym,Non-Stop Gym,26.479589,50.132685
gym,مركز الصخور الصلبة الرياضى Hard Rocks Gym,26.416424,50.125479
gym,اللياقة الذهبية,26.436138,50.089765
gym,Lioness Fitness Center,26.470433,50.059567
gym,Fitness Time Xpress | وقت اللياقة اكسبرس,26.365464,50.20682
gym,WARRIOR GYM واريور جيم (مركز شجاعة محارب),26.495705,50.042196
gym,Body Motions | بودي موشنز,26.396491,50.044547
gym,عالم المحيط للمساج,26.471364,50.045002
gym,Fitness zone | مكان الرشاقة,26.472209,50.032774
gym,Blue Shark Gym 1,26.43122,50.115712
gym,Saihat Fitness,26.470806,50.045215
gym,Power Lady Pro,26.497448,50.036019
gym,Your Zone Gym | مركز يورزون الرياضي,26.408799,50.115392
gym,9ROUND Ladies,26.397966,50.046641
gym,نادي ليفت جيم للسيدات Lift Gym Ladies,26.397778,50.068534
gym,نادي رياضي نسائي,26.396902,50.044359
gym,نادى الروضة,26.401558,50.081989
gym,‎بلياردو نادي راسون |RC| Rasson Club Billiard,26.479515,50.132679
gym,Dammam Sports City,26.358888,50.186359
gym,Fighter Zone MMA,26.451732,50.12664
gym,ذا سماش فايتر The Smash Fighter MMA,26.481298,50.046568
gym,little sports الرياضي الصغير,26.375987,50.090964
gym,D fit,26.371302,50.095129
gym,وقت تحدي الحسناء,26.481409,50.044974
gym,صالة رواد الرياضة لتدريب الكاراتيه,26.443125,50.089266
gym,Energy Center,26.443997,50.070423
gym,Active Plus,26.427778,50.097569
gym,Green Sapphire Ladies Studio,26.378003,50.147917
gym,ملعب سبورت بوكس / Sport Box & Padel Box,26.385589,50.147414
gym,JESSICA SPA,26.465026,50.121979
gym,Body Masters Premium|بودي ماسترز بريميوم,26.374958,50.116678
gym,القبة الرياضية,26.40409,50.025158
hotel,Al Eairy Furnished Apartments Dammam 7,26.441403,50.064448
hotel,لاريـف للوحدات السكنية المخدومة ( غصن البنفسج سابقاً),26.426859,50.037421
hotel,Dammam Palace Hotel,26.428795,50.103758
hotel,Sheraton Dammam Hotel & Convention Centre,26.45262,50.120384
hotel,ريف الزهور للشقق الفندقية,26.452711,50.096063
hotel,Howard Johnson by Wyndham Dammam,26.468453,50.086178
hotel,Gulf flower hotel,26.435671,50.107435
hotel,Naviti Warwick Dammam,26.459405,50.093911
hotel,Marbia hotel,26.403642,50.062192
hotel,Beach View Hotel,26.476953,50.117899
hotel,Golden Tulip Corniche Dammam,26.457647,50.096284
hotel,Residence Inn by Marriott Dammam,26.451662,50.118908
hotel,Wyndham Garden Dammam,26.427778,50.097569
hotel,شركة العييري للشقق المخدومة فرع الدمام ( ٨ ),26.4352,50.066453
hotel,جراند سيزون للشقق المخدومة الدمام,26.421602,50.027219
hotel,Al Eairy Furnished Apartments Dammam 2,26.435192,50.046159
hotel,Eastyard Dammam Hotel,26.459274,50.090987
hotel,First Grand Hotel,26.452853,50.122121
hotel,Park Inn by Radisson Dammam,26.453019,50.130884
hotel,Hotel Corniche Al Dammam,26.453167,50.130701
hotel,Braira Al Dammam Hotel,26.470113,50.123838
hotel,أونيسن للشقق المخدومة - الشرقية 4,26.456781,50.08072
hotel,Novotel Dammam Business Park,26.407586,50.138354
hotel,هنا الحلم للأجنحة الفندقية,26.418796,50.019037
hotel,Radisson Hotel & Apartments Dammam Industrial City,26.233453,49.986997
hotel,Time Dammam Residence,26.453048,50.116757
hotel,فندق إس ريزيدنس,26.458566,50.089953
hotel,Elaf Hotel,26.454943,50.12457
hotel,Elaf Alsharqyah Hotel 2,26.435906,50.097112
hotel,بانوراما للشقق المخدومة,26.42214,50.029039
hotel,Tripper Inn - تريبر إن للشقق الفندقية,26.48528,50.128358
hotel,OYO 560 Al Eairy Apartment Dammam 4,26.427891,50.06925
hotel,الماسة الخليجية للشقق الفندقية,26.422824,50.030701
hotel,Honest,26.454154,50.124854
hotel,Watheer Hotel Suite Dammam,26.453044,50.12475
hotel,The Gate Hotel & Apartments,26.370274,50.056193
hotel,Lina Park,26.391325,50.074168
hotel,Mesas Gulf Hotel,26.391855,50.091577
hotel,Mooj Served Apartments ~ موج للشقق المخدومة,26.441732,50.05937
hotel,The Address Palace,26.369988,50.057412
hotel,Eastyard Dammam Hotel فندق ايستيارد الدمام,26.459398,50.091114
hotel,Sendan Residence,26.436024,50.088073
hotel,Villa Misk Dammam,26.454943,50.124959
hotel,العييري,26.42771,50.068937
hotel,Dana Rayhaan by Rotana,26.454563,50.11285
hotel,عروض الدولفين,26.479768,50.097201
hotel,Suhaim Hotel,26.461539,50.11455
hotel,العييري للشقق المخدومه,26.441727,50.064077
hotel,Can Hotel Suites,26.472491,50.086318
hotel,OYO 411 Moon Hotel,26.44402,50.117907
hotel,Dammam,26.420683,50.088794
hotel,Morjan-Resort,26.481731,50.097203
hotel,White Suite Hotel Suites الجناح الأبيض للأجنحه الفندقية,26.414698,50.022901
hotel,Mdaen Hotel Suites,26.372383,50.061167
hotel,Princess Furnished Apartments,26.401921,50.049836
hotel,Peninsula Suites Hotel,26.456065,50.096356
hotel,OTTOMAN Hotel,26.366602,50.176621
hotel,golden garden al corniche hotel,26.472104,50.086522
hotel,Rukn Alsuk Apartments,26.44284,50.104192
hotel,رنز بالاس للشقق المخدومة,26.372704,50.061335
hotel,Rest Home Hotel Apartments Dammam,26.425466,50.035569
hotel,Al Faisaliah Bride,26.38134,50.05674
hotel,Eastward Hotel,26.458598,50.081327
hotel,suite blue,26.394394,50.044642
hotel,Sky2030Tower,26.421368,50.034717
hotel,Karam House,26.411127,50.015865
hotel,Royal Golden House,26.454939,50.125301
hotel,فندق إيلاف الشرقية Elaf alsharqyh Hotel,26.384853,50.024918
hotel,Lamar Suites Hotel,26.457856,50.08037
hotel,Gulf Park Apartment,26.454613,50.124399
hotel,Amwaj Alshate Hotel Apartments,26.401384,50.085639
hotel,Sea Club Resort,26.475533,50.07068
hotel,نورمينا الشرق للاجنحة الفندقية,26.454357,50.124897
hotel,Oriental Residence‎,26.365285,50.095083
hotel,Swiss Spirit hotel Second Dammam Industrial City فندق سويس سبيريت المدينة الصناعية الثانية بالدمام,26.236274,49.966826
hotel,راوند للشقق المخدومة,26.36912,50.080128
hotel,Kempinski Al Othman Hotel Al Khobar,26.367,50.177795
hotel,Bilqase Throne Hotel,26.412541,50.073166
hotel,Danat Al Sharqiah Apartments,26.468341,50.092449
hotel,Al Qurashi Residences 2,26.443161,50.095352
library,بيت الثقافة - المكتبة العامة بالدمام | The Culture House - Dammam Public Library,26.428762,50.118426
library,نسختي السريعة My Quick Copy,26.476246,50.050993
library,Ithra Library,26.335388,50.120552
library,Al-Hayat Bookstore,26.475739,50.046781
library,مكتب موجز الاعمال للخدمات العامة,26.434673,50.11008
library,Central Library IAU - المكتبة المركزية الرئيسة,26.393874,50.190058
library,Indian islahi center dammam (wisdom),26.443309,50.105773
library,Mutanabbi Bookshop,26.432646,50.095518
library,Library friends in Dammam,26.434189,50.085776
library,مكتبة حبر وقلم,26.462423,50.0561
library,مكتبة الحجاز,26.421701,50.047084
library,Dar Ibn al-Jawzi Library,26.410078,50.097931
library,مكتبة وقرطاسية فريق الطالب للنسخ والتصوير,26.461915,50.081243
library,King Abdulaziz Center for World Culture - Ithra,26.335426,50.120959
library,AlNuaimi Stationery And Copy Center,26.429872,50.076233
library,مكتبة وحي القلم,26.491194,50.041576
library,مكتبة قمم الأجيال,26.454607,50.088879
library,اجيال المعاف الحديثة,26.427234,50.072201
library,Stationery The Savings Center,26.4518,50.069199
library,Asma'i library,26.406845,50.035849
library,مكتبة الفراهيدي للنسخ والتصوير والقرطاسية,26.422566,50.073118
library,المكتبة الوطنية الجديدة,26.437405,50.102173
library,مكتبة المنجز المبدع للنسخ والتصوير والخدمات الالكترونية,26.44966,50.108564
library,مكتبة القلم والقرطاس,26.435661,50.079575
library,CENTRAL LIBRARY 2,26.390224,50.183818
library,مكتبة الوان المعرفة,26.362474,49.96638
library,مكتبة بلورة الاجيال,26.404757,50.045052
library,Al Handasa Book Store,26.395703,50.069198
library,مكتبة الفرزدق للنسخ والتصوير,26.4518,50.0692
library,Diwan Alkawthar Stationary Store,26.481969,50.054398
library,Islamic Cultural Center,26.442608,50.098005
library,إنجاز الشرق للخدمات الالكترونيه,26.432878,50.10457
library,مكتبة بيانات المعرفة.,26.415691,50.052032
library,Naqsh Kids Book Store,26.486878,50.03373
library,مكتبة وقرطاسية أسس الساحل,26.436758,50.129621
library,مكتبة نور الشرق للنسخ والتصوير,26.492628,50.036663
library,Nebras Tamayoz Stationery,26.410866,50.114494
library,مكتبة فريق الطالب للنسخ والتصوير,26.450199,50.112041
library,مكتبة الجامعة الريان,26.401256,50.090859
library,مكتبة انوار المعرفة Knowledg Light Stationary,26.438848,50.039828
library,قرطاسية ابداع فتى الجزيرة,26.437555,50.102172
library,مكتبة العلوم الرقمية,26.414867,50.030884
library,أدب بوك,26.42995,50.077514
library,المكتبة المركزيه 3,26.401187,50.091047
library,مكتبة نبع الهدى لبيع المصاحف,26.401739,50.074818
library,مكتبة اسناد للنسخ والتصوير و الخدمات العامة,26.432309,50.043208
library,قرطاسية النخبة,26.467554,50.092511
library,مكتبة العلوم الرقمية للنسخ والتصوير,26.419699,50.07434
library,دار سمو للنشر والتوزيع,26.461301,50.064939
library,مكتبة الانجاز للخدمات الإلكترونية,26.429215,50.076029
library,قرطاسية بوارق الخليج,26.410234,50.057761
library,مكتبة دارين الحديثة,26.404121,50.037993
library,Jara,26.453643,50.05706
library,مكتبة الصفار - العدامة،الدمام,26.43708,50.102405
library,Dhahran Recreation Library,26.304931,50.130514
library,قرطاسية روح مبدعة (الابداع سابقا),26.486262,50.033108
library,بوابة ناجز الدمام,26.399016,50.044167
library,قرطاسية قلم الفيصل,26.437429,50.129367
library,مكتبة تميزالعلوم للقرطاسية,26.359188,50.067497
library,Rawnq Bookstore,26.465373,50.122762
library,مكتبة مهارات رقمية,26.411448,50.026181
library,AlMotanabi Book Shop,26.419889,50.027384
library,مكتبة بيت الأحبار لكتب المنهج المصري,26.437444,50.092309
library,Asdaf AL-Alem Stationery| قرطاسية أصداف العلم,26.424255,50.025102
library,مكتبة رمز الابداع,26.356851,50.045619
library,Ajyal Bookstore,26.412976,50.019396
library,Multaqa-Alabnaa Stationery,26.452891,50.096843
library,Albahith Stationery | قرطاسية الباحث,26.424306,50.084845
library,Khulood book Store,26.434863,50.107056
library,Abomoati Stationery | مكتبة ابومعطي,26.435882,50.102171
library,"Al-okily Library, Dammam, wholesale stationery and stationery",26.435049,50.102161
library,مكتبة المعاصر الماسي (فرست ون) فرع الدمام,26.428608,50.073832
library,قرطاسية خالد,26.437561,50.10234
library,Jarir Bookstore,26.458525,50.092713
library,Jarir Bookstore,26.39713,50.044714
library,طريق العلم للنسخ والطباعة والخدمات الالكترونية,26.428915,50.075525
library,مكتبة جرير / مركز صيانة ابل معتمد,26.409366,50.109613
library,مكتبة الانوار,26.485454,50.037523
library,مكتبة وقرطاسية كوكبة المعرفة,26.419941,50.003608
library,قرطاسية ومكتبة الأفكار العلمية للنسخ والتصوير,26.432942,49.986959
library,مكتبة عبير المعرفة,26.421594,50.112606
library,مكتبة المتنبي فرع الجملة,26.434922,50.102374
library,مكتبة معرفة الأجيال,26.427191,50.023509
library,مكتبة نور الزهراء للقرطاسيه والخدمات الإلكترونية,26.434933,49.992776
library,مكتبة دنيا العلوم للقرطاسية,26.373741,50.042963
library,مكتبة الخليج الشرقي,26.422639,50.096733
library,المكتبة الوطنية الجديدة للتجارة,26.437381,50.102173
museum,Heritage Village,26.491937,50.120613
museum,Ithra Museum Galleries,26.335921,50.12061
museum,Energy Exhibit,26.334438,50.122593
museum,Taybeen Museum,26.167037,50.145342
museum,Alfelwah and Aljowharah Museum,26.399799,50.110871
museum,Scitech - Prince Sultan Science and Technology Center,26.319249,50.227936
museum,Khobar Tea Museum,26.32415,50.226018
museum,Marjan Island,26.483886,50.105955
museum,Boradha Trading Est.,26.417336,50.166425
stadium,Prince Mohammed Bin Fahd Stadium,26.427684,50.114486
stadium,Stadium,26.395267,50.178426
stadium,IAU Stadium,26.399832,50.196757
stadium,Z5 playground,26.384958,50.031859
stadium,Z7 للقدم والبادل ملاعب,26.372357,50.202919
stadium,Football Ground,26.3968,50.1106
stadium,ملعب الكابيتانو,26.373476,50.04656
stadium,ملاعب الصقر,26.38918,50.039251
stadium,Strikers Hub,26.465764,50.114146
stadium,ملعب كتارا,26.380032,50.0309
stadium,Corniche Waterfront Football Pitch,26.482499,50.118305
stadium,ملاعب المنافسة,26.381657,50.027337
stadium,Alwaha Soccer Field,26.379452,50.091063
stadium,Football Stadium,26.383054,50.067057
stadium,Z5 Stadiums,26.484316,50.018685
stadium,football stadium,26.457426,50.071764
stadium,Lastadio ملعب,26.376781,50.045655
stadium,ملعب طائره حي طيبه,26.356794,50.042273
stadium,SFA Domes,26.403622,50.025132
stadium,Basketball Court,26.459298,50.112352
stadium,Almuntazah Field #3,26.391872,50.128163
stadium,ملعب الريان الرياضي للإيجار,26.500905,49.99973
stadium,نادي الدمام السعودي,26.36126,50.021802
stadium,ملعب كرة قدم,26.409028,50.077894
stadium,Kick Start Playgrounds,26.475837,50.024895
stadium,Football Pitch,26.403122,50.061058
stadium,Prince Saud Bin Jalawi Stadium,26.369954,50.20516
stadium,Football Pitch 2,26.380043,50.128572
stadium,Winners Saudi Al Basatin,26.383996,50.126363
stadium,football field,26.393304,50.081501
stadium,Al Athir Garden,26.4384,50.062246
stadium,ملعب الكحال,26.473088,50.093688
stadium,Prince Nayef Sports City,26.507062,49.978187
stadium,football stadium,26.476446,50.052395
stadium,ملعب الكلاسيكو,26.49865,50.029531
stadium,Playgrounds generations Bissehat,26.48725,50.027264
stadium,Reserves Football Pitch,26.3613,50.184423
stadium,‏Abdullah Al Dabil Stadium,26.350744,50.181446
stadium,ملعب ابوزياد,26.434772,50.068085
stadium,Champions Arena ملعب الابطال,26.48982,50.024628
stadium,We Padel,26.37841,50.20718
stadium,ملعب كره طائره,26.438703,50.061901
stadium,Guqa Cricket Academy Flood Lights Ground Dammam,26.363321,50.018268
stadium,Marina Padel,26.47481,50.071188
stadium,ملعب الفاروق,26.407727,50.110141
stadium,ملعب عبدالله فؤاد,26.408862,50.117192
stadium,Padel In,26.452528,50.128593
stadium,ملعب أجيال,26.446702,50.076361
stadium,football stadium,26.481205,50.039477
stadium,ملاعب بلاي برو- PlayPro Fields,26.413064,49.983874
stadium,Offside Arena أوفسايد أرينا,26.379224,50.084485
stadium,ملعب الدليجان,26.430601,50.094358
stadium,الملعب فريق التعاون حي البادية,26.430441,50.094592
stadium,ملاعب بادل الفلاح,26.467923,50.041564
stadium,SABSA Cricket Ground,26.372738,50.209806
cinema,Play Cinemas,26.42744,50.097167
cinema,Noir CINEMA DAMMAM - نوار سينما الدمام,26.3994,50.117667
cinema,Dammam Manuciplty Theatre مسرح أمانة المنطقة الشرقية,26.44743,50.102956
cinema,muvi Cinemas | موڤي سينما,26.305881,50.170829
cinema,Play Cinemas,26.309796,50.170808
cinema,Ithra Theatre,26.335918,50.120089
cinema,Empire Cinemas Khobar,26.293112,50.180937
cinema,Dhahran Movie Theatre,26.303936,50.129524
cinema,mesmar alle,26.420876,50.113625
cinema,Cinepolis Cinema,26.427436,50.097166
park,Tory Land,26.394027,50.077381
park,Playground,26.397871,50.23035
park,Playground,26.463153,50.097143
park,Peek-A-Zoo,26.373206,50.147638
park,My Town,26.459699,50.065113
park,Little Foxy,26.426368,50.096946
park,عالم الصغار - Kids World,26.458283,50.082439
park,Happy Yard هابي يارد,26.370748,50.094459
park,Playground,26.488457,50.1187
park,Play topia,26.360329,50.073336
park,Playground,26.460551,50.112765
park,Playground,26.403134,50.227118
park,Playground,26.370925,50.140874
park,Kids Fun,26.407505,50.066213
park,Kidsarena,26.375949,50.122646
park,Kitii Center Entertainment,26.48636,50.048666
park,Kids Play Zone,26.458464,50.110684
park,Playground,26.485997,50.118347
park,Playground,26.492699,50.120728
park,Playground,26.375348,50.127575
park,Children's Playground,26.321852,50.229301
park,Iris Garden,26.391743,50.103842
park,Bass Gardens Resort,26.475983,50.023668
park,حديقة الروضة,26.407832,50.080139
park,ركن العشب,26.41489,50.077902
park,Gardens Restaruant & Lounge,26.471816,50.01821
park,Healthy Walk,26.483174,50.04497
park,Tamimi Park,26.309282,50.206752
park,Nabiya,26.420683,50.088794
park,حديقة الشوك العالمية,26.412691,50.10642
park,Paradise FARM,26.486812,49.967562
park,Garden Roses - جاردن روزز,26.393126,50.091461
park,Parrot Garden/حديقة الطيور,26.444804,50.096423
park,حديقة السنيد رحمه الله,26.420804,50.070864
park,جلسات كورنيش الدمام,26.484898,50.052859
park,Qurtubah Garden,26.495047,50.032858
park,Touch Gold Saudi Arabia,26.44655,50.099868
park,حديقة أبو رشيد,26.436854,50.082007
park,حديقة الاندومي,26.465458,50.059058
park,Violet garden | حديقة البنفسج,26.475663,50.051083
park,حديقة الغدير,26.489431,50.050821
post_office,مكتب البريد الرسمي سبل,26.434888,50.108052
post_office,SPL,26.407522,50.083037
post_office,SPL,26.482433,50.040524
post_office,SPL,26.409641,50.11513
post_office,SPL - Naqel,26.426603,50.035331
post_office,SPL,26.471433,50.124185
post_office,SPL,26.421312,50.070423
post_office,البريد السعودي سبل,26.366563,50.070062
post_office,البريد السعودي فرع الشاطئ,26.471525,50.12451
post_office,سبل,26.435136,50.10791
post_office,Saudi post,26.409693,50.057179
post_office,محطة الطرود parcel station,26.435863,50.107901
post_office,Post office,26.321936,50.017788
post_office,SPL,26.409389,50.115611
post_office,سبل حي النور,26.426788,50.035207
post_office,القمر المضيئ,26.433001,50.088369
post_office,Dammam,26.420711,50.08877
post_office,سبل,26.447601,50.103696
post_office,بارسلات,26.447957,50.123779
post_office,ريد بوكس حي احد,26.422163,50.036541
post_office,مسار سريع لوسطاء الشحن,26.448813,50.030426
post_office,محطة نون لتسليم الشحنات,26.428667,50.072726
post_office,البريد السعودي - سبل SPL,26.364119,50.20114
post_office,Alka Drishya,26.420683,50.088794
post_office,انجاز الشرق للخدمات الإلكترونية,26.434887,50.097498
post_office,سمسا للشحن,26.435275,50.08767
post_office,ريد بوكس,26.488833,50.040635
post_office,SPL Saudi Post البريد السعودي سبل,26.338246,50.207085
post_office,Saudi Post,26.392563,50.158938
post_office,SPL,26.280628,50.206539
post_office,Red box pick up Alwaha (Inside Meed Supermarket),26.38213,50.097645
post_office,طلبات المکتب,26.408726,50.140855
post_office,Taybah,26.352293,50.049487
post_office,SPL,26.407298,50.083044
post_office,Munirah Post Office,26.314608,50.129352
post_office,Masna,26.361629,50.030021
post_office,Stc,26.429884,50.116033
post_office,مكتب ايفاء للخدمات العامة,26.429391,50.106491
post_office,SPL,26.556278,50.001211
post_office,Redbox Locker,26.411551,50.09277
post_office,المكتب الرئيسي للبريد السعودي سبل,26.43584,50.108062
post_office,ارامكس الشعلة,26.357432,50.069226
post_office,SPL,26.296704,50.200049
post_office,نقطة نون,26.457585,50.097192
post_office,SMACO COMPANY,26.422478,50.110723
post_office,مكتب سلمان الشلاحي,26.416637,50.005384
post_office,جمعية الرفق بالحيوان الدمام,26.420683,50.088794
post_office,RedBox,26.431411,50.041337
post_office,مؤسسة عبدالعزيز زيد الدوسري,26.391629,49.987953
post_office,نقطة رد بوكس,26.342318,50.040203
post_office,زلوفر ستور,26.420683,50.088794
post_office,السيف اكسبرس,26.410577,50.056591
post_office,RedBox DMM-C-4056,26.354133,50.047922
post_office,مكتب الاصيل الماسي للخدمات,26.352245,50.049529
post_office,مكتب رفيع المستوى للخدمات العامة,26.445809,50.049687
post_office,ساعي SAEE,26.401804,50.149062
post_office,RedBox 4036,26.39358,50.070457
post_office,RedBox Locker 4077,26.441533,50.122234
post_office,SPL,26.451125,50.093823
post_office,بريك اند بريد | Break & bread,26.463258,50.06236
post_office,RedBox Locker 4001,26.433557,50.11524
post_office,DHL Service Point (DHL Ibn Khaldoun),26.42144,50.089692
post_office,Dammam passports,26.439287,50.107904
post_office,DHL Service Point - DHL (DAMMAM FIRST STREET),26.439245,50.118133
post_office,SMSA Express,26.402264,50.08517
post_office,٣٧,26.394545,50.090571
car_wash,Poleer car wash,26.457132,50.097024
car_wash,مغسلة خالد للسيارات الشاطئ,26.456464,50.123221
car_wash,LAVENDER WORLD CAR WASH. 🧼,26.399534,50.096103
car_wash,TERQWAZ Car Wash مغسلة تركواز للسيارات,26.382443,50.098279
car_wash,مغسلة وتلميع ثلاثه وعشرين دقيقة,26.43889,50.064337
car_wash,مغسلة اللمسة الفريده للعناية بالسيارات,26.454531,50.061946
car_wash,مغسلة برو ادفانس,26.452939,50.124131
car_wash,Svn elvn car wash,26.462406,50.060998
car_wash,Kwik n kleen كويك اند كلين,26.412526,50.172875
car_wash,VIP Car Care,26.404127,50.054432
car_wash,Ten Stars CarWash,26.412234,50.078444
car_wash,007 CAR WASH,26.428853,50.073278
car_wash,24 HOUR'S .مغسلة سيارات سبوتليز . SPOTLEZ,26.425773,50.044615
car_wash,exit5 car wash,26.463829,50.030414
car_wash,مغسلة لمعة النور للسيارات,26.42682,50.022994
car_wash,Celebrity’z Car wash,26.439572,50.118541
car_wash,Car Wash Auto Spa مغسلة سيارات,26.46502,50.048887
car_wash,مغسلة بريق الأوزون للسيارات,26.425282,50.043861
car_wash,تيم كار لغسيل السيارات,26.419033,50.086158
car_wash,مركز بلاك ديب BLACK DIP CENTER (تلميع- حمايه -عازل-رش وتكحيل),26.439635,50.118549
car_wash,SPOTLESS CAR WASH,26.384349,50.06358
car_wash,Khaled car wash,26.361273,50.196018
car_wash,بست كلين للعناية بالسيارات بالدمام,26.491627,50.0469
car_wash,مغسلة أفضل لمسة للسيارات,26.449408,50.055118
car_wash,مغسلة المستقبل الباهر لغسيل السيارات,26.402728,50.051718
car_wash,مغسلة كيان الذهبية للسيارات - غسيل بستم,26.406735,50.015952
car_wash,Auto Steam اوتوستيم,26.408915,50.05859
car_wash,Top noch car wash,26.425431,50.096877
car_wash,Ultra Car Wash مغسلة الترا كار ووش,26.376027,50.046229
car_wash,Fresh Wash Carwash مغسلة فريش واش للسيارات,26.482264,50.126587
car_wash,غسيل سيارات متنقل في الدمام والخبر,26.435145,50.058752
car_wash,Traction off car care مغسلة و تلميع تركشن,26.443479,50.045078
car_wash,Camel car services & Dewaneya | مغسلة و ديوانية الجمل,26.400874,50.017261
car_wash,Touch & Shine Car Wash مغسلة لمسة ولمعة للسيارات,26.415755,50.079697
car_wash,Moon Car Wash Qahtani,26.432133,50.020904
car_wash,مغسلة خالد للسيارات طيبه,26.367947,50.059303
car_wash,Aramco car wash,26.3743,50.042168
car_wash,محطة غسيل بستم بالدمام,26.411687,50.01432
car_wash,مغسلة ميزان الراسي لغسيل السيارات,26.411759,50.014462
car_wash,Car Wash Center,26.432669,50.087591
car_wash,Eco Self,26.372205,50.098869
car_wash,Car wash full service,26.430678,50.068156
car_wash,MOON CAR WASH,26.435943,50.033748
car_wash,تلميع سيارات متنقل امام المنزل الدمام الخبر الظهران,26.37373,50.109875
car_wash,Steam Ride 2,26.477255,50.051201
car_wash,مغسلة امكو للسيارات,26.464918,50.13205
car_wash,SeaHat Carwash مغسلة قبعة البحر لخدمات السيارات,26.488739,50.035381
car_wash,Five stars for car polishing,26.460958,50.05006
car_wash,مغسلة إعصار الشرقية,26.461683,50.060695
car_wash,Modern Automatic Car Wash,26.435195,50.128052
car_wash,Auto Spa,26.405685,50.107453
car_wash,Secret Soft Car Wash,26.435196,50.127999
car_wash,Marwa Carwash مغسلة سيارات مروى,26.463323,50.067267
car_wash,مغسلة أفضل لمسه للسيارات Best touch car wash,26.471934,50.093482
car_wash,مركز اللمعة الزرقاء | BLUE SHINE,26.479811,50.0435
car_wash,Poleer Car Wash,26.349057,50.198127
car_wash,Bkaer,26.373589,50.031745
car_wash,مغسله سيارات اسوار حطين,26.419995,50.024082
car_wash,Road Car Car Wash,26.431128,50.118326
car_wash,First clean car wash,26.451561,50.127073
car_wash,غسلني اليوم,26.435722,50.053334
car_wash,مغسلة المرزوق,26.451436,50.078338
car_wash,البريق الساطع,26.378064,50.101206
car_wash,مغسلة الريف للغسيل والعناية بالسيارات,26.467029,50.060532
car_wash,الغسيل المضاعف للسيارات,26.406101,50.015642
car_wash,برايم | PRIME,26.409392,50.138026
car_wash,مغسلة راية الغسيل للسيارات Rayah Car wash,26.364652,50.094934
car_wash,مغاسل تلمسان,26.43806,50.033914
car_wash,مغسله الحب اللامع لخدمات السيارات,26.394852,50.078745
car_wash,مغسلة اللمعة المتحدة للسيارات,26.401676,50.098957
car_wash,مغسلة الينابيع للسيارات الدمام,26.448743,50.098994
car_wash,مركز تلميع ثلاثه وعشرين دقيقه للعناية الشامله بالسيارات,26.438778,50.064886
car_wash,نهر لغسيل السيارات,26.399105,50.086681
car_wash,كراج المرح,26.425209,50.086933
car_wash,تلميع و مغسلة 211,26.481015,50.045186
car_wash,مغسلة اللمعة الاخيرة,26.478605,50.046485
car_wash,مغسله ترو كار للسيارات,26.431605,50.02211
car_wash,مغسلة مزايا للسيارات - بستم,26.443541,50.046918
car_wash,مغسلة خالد للسيارات الندى,26.370893,50.0829
car_wash,Wash me,26.390096,50.113015
car_wash,Aramco Car Wash,26.404911,50.060134
car_wash,مغسلة سيارات الانهار الجارية,26.458485,50.089002
car_wash,Drive 6 Car Wash,26.346234,50.047333
car_wash,مغسلة ارجوان للسيارات,26.472047,50.093477
laundry,مغاسل المرجان الاصفر,26.482792,50.054058
laundry,مغسلة مدار - Madar Laundry,26.365528,50.04939
laundry,مغاسل المختصة الذكية للملابس,26.480881,50.05478
laundry,Dammam Laundry Co (Head Office),26.444329,50.080889
laundry,مغاسل الرهدن‎,26.476188,50.056812
laundry,مغسلة هيام ( Hiyam Laundry ),26.475029,50.046109
laundry,مغاسل التنظيف المثالي لغسيل الملابس,26.474435,50.057514
laundry,مغسلة دور الكوثر,26.482777,50.054064
laundry,مغاسل نظافة واهتمام للملابس,26.348398,50.049947
laundry,Jeeves جيفس- London's Finest Dry Cleaners,26.413353,50.109965
laundry,مغسلة دنر5 𝐃𝐀𝐍𝐀𝐑 Laundry,26.352203,50.049687
laundry,مغاسل سموالنظافه,26.48549,50.052535
laundry,Rmooz Laundry | مغسلة رموز,26.411125,50.07159
laundry,"Saudi arabia ,Dammam , alnoor ,",26.426737,50.036312
laundry,Sanam Laundry مغاسل سنام,26.402353,50.074969
laundry,Bodor,26.434435,50.046469
laundry,SPINS LAUNDRY,26.460649,50.081347
laundry,مغاسل الرهدن‎,26.369719,50.055168
laundry,مغسلة الجبر للملابس,26.483835,50.053851
laundry,مغسله ملابس -Laundry,26.445781,50.123026
laundry,المغاسل الحديثة السريعة( كلين ),26.420671,50.111911
laundry,Al Byader Laundry,26.364869,50.061988
laundry,One Hour Laundry مغسلة الساعة,26.395532,50.069279
laundry,مغاسل الخدمة الذهبية The Gold Laundry Service,26.426571,50.097883
laundry,DAMC Laundry مغسلة داماك,26.353588,50.097955
laundry,مغسلة هامات ( توصيل مجاني) ملابس -سجاد,26.418308,49.999469
laundry,مغاسل العلاقه الزرقاء Blue Hanger Laundries,26.369545,50.105487
laundry,مغسلة العمري laundry Al omary,26.425256,50.094383
laundry,Aziz Laundry,26.452017,50.105604
laundry,White Press Laundry مغاسل المكبس الابيض,26.372828,50.099886
laundry,شركة تنظيف بالدمام نظافة منازل فلل شقق كنب مجالس سجاد,26.415081,50.08111
laundry,Laundry Clothes and Shose Dammam Tibah,26.356225,50.045809
laundry,TOP CLEAN,26.421428,50.0268
laundry,مغاسل النظافة الكبرى للملابس MEGA CLEAN,26.400777,50.098346
laundry,مغسلة دورا Dora Laundry,26.415706,50.116555
laundry,مغاسل الرهدن,26.402737,50.105614
laundry,NOVA EXPRESS LAUNDRY,26.440631,50.077402
laundry,Laundry,26.421865,50.086459
laundry,Fawares shark laundry مغسلة فوارس الشرق للملابس,26.485626,50.037329
laundry,Al-Fateh Al-Aseel Laundry,26.423247,50.105939
laundry,مغسلة أنهار Anhar Laundry,26.398095,50.066779
laundry,Ada Eco Laundries & Restoration ‎ - مغاسل أداء ايكو,26.360887,50.096965
laundry,مغسلة نجوم الوسام,26.411001,50.114718
laundry,مغسلة الصابون علينا لغسيل الملابس,26.455951,50.089017
laundry,شركة عالم الصادرات,26.421585,50.085108
laundry,Qamat Al Safa Laundry,26.436233,50.079499
laundry,3RD STREET LAUNDRY,26.435859,50.126204
laundry,Private dry cleaning,26.445751,50.124403
laundry,مغسلة الزهراء,26.478272,50.05087
laundry,Green laundries,26.43891,50.078204
laundry,مغسلة السراج المضيء,26.432965,50.071726
laundry,مغسله الخلد Alkhuld laundry,26.437511,50.09246
laundry,مغسلة لمسة عبير لغسيل الملابس Laundry for clothes,26.434753,50.095721
laundry,مغسلة الانتعاش الذكي للملابس,26.365757,50.031087
laundry,Saihat Express Laundry,26.481405,50.041293
laundry,White Bubbles Laundry,26.419667,50.111876
laundry,مغسلة النسيم البارد,26.4251,50.098751
laundry,Sanam Laundry مغاسل سنام,26.39777,50.092572
laundry,BANDARI AL SHARQ LAUNDRY,26.44901,50.119381
real_estate,مكتب عبدالعزيز المنصور للعقارات,26.428302,50.105062
real_estate,Al-Saqabi Real Estate Apartment for rent - الصقعبي للعقارات شقق للايجار,26.430859,50.100211
real_estate,Dana real estate office towers,26.463582,50.041303
real_estate,Comprehensive Real Estate Office,26.453488,50.108745
real_estate,إقتصادك(منشأة عقارية)youreconomy for real estate,26.429883,50.101042
real_estate,Altaif Real Estate Office,26.414488,50.069385
real_estate,مكتب إعمار الشعله للخدمات العقارية Emaar Al Shulah Real Estate Services Office,26.347636,50.078643
real_estate,Happy Home Real estate,26.41389,50.112197
real_estate,مكتب اليوسف للخدمات العقارية الدمام حي غرناطة,26.424276,50.082238
real_estate,"مكتب القو للعقارات ,Al-Gow Real Estate",26.438985,50.09995
real_estate,مكتب دانة الخليج للخدمات العقارية Danat Al Khaleej Real Estate Office,26.444708,50.110615
real_estate,مكتب واحة الاندلس العقاري Andalusia Oasis Real Estate Office,26.424834,50.097845
real_estate,Adel Real Estate,26.455205,50.129562
real_estate,Jenan Real Estate Company / شركة جنان العقارية,26.348516,50.19738
real_estate,مكتب املاك الدمام للعقارات,26.457327,50.092338
real_estate,مكتب دليل المملكه العقاري,26.394387,50.08567
real_estate,Raed Abdulla & Sons Real Estate birds,26.439142,50.126572
real_estate,مكتب زهور الدمام العقاري,26.449325,50.093307
real_estate,شركة أثمن للعقارات وإدارة الاملاك,26.346651,50.044377
real_estate,مكتب محمد الغامدي للعقارات Mohammed Al Ghamdi Real Estate Office,26.409228,50.033375
real_estate,مجد الشرق للخدمات العقارية Majd Al Sharq Real Estate,26.428351,50.104811
real_estate,Masadr Real Estate Co,26.403027,50.11492
real_estate,مجموعة تشابك الاعمال لادارة الاملاك العقارية - مكتب عقاري - مكتب عقار - مكتب عقارات - مكتب إيجارات .,26.404992,50.083392
real_estate,مكتب الاربش العقارى الجديد,26.449592,50.078419
real_estate,Real Estate Office Darna,26.439197,50.077699
real_estate,Al Darah Real Estate Development Company,26.43827,50.116569
real_estate,Office of the World Resources Services Real Estate,26.381111,50.047917
real_estate,شركة انصاف العقارية Insaf Real Estate Company,26.348265,49.961399
real_estate,مكتب ربيع الدمام العقاري,26.416713,50.11452
real_estate,شركة سهم الظهران العقارية,26.41837,50.017378
real_estate,مكتب ايراد للتطوير و الإستثمارات العقاري,26.428041,50.095204
real_estate,Dar Al Mada Real Estate | دار المدى العقارية,26.438267,50.127965
real_estate,مكتب عيسى الحمدان للخدمات العقارية,26.433287,50.101288
real_estate,Ryadah Real Estate,26.452597,50.12688
real_estate,مكتب نجمة الديار العقاري,26.445393,50.101315
real_estate,Amana Properties,26.342878,50.182356
real_estate,مكتب السبيعي للعقارات الدمام,26.436347,50.055839
real_estate,مكتب آل عمر للعقارات|تسويق-عقود إيجار-إدارة أملاك,26.404782,50.073704
real_estate,مجموعة إبراهيم الدليجان للعقارات,26.348236,50.196018
real_estate,Office real estate dimension,26.461109,50.092062
real_estate,مجموعة صالح القرشي العقارية,26.421177,50.047342
real_estate,SULTAN REAL ESTATE,26.421126,50.08993
real_estate,شركة العمار المتطور العقارية,26.452389,50.080823
real_estate,إعمار المنازل للعقارات,26.426998,50.024605
real_estate,Sutlan real estate,26.42106,50.089996
real_estate,مكتب الواحة الجميلة العقاري,26.362063,50.090313
real_estate,مكتب بويوسف سلمان الدجاني للعقارات,26.447033,50.082185
real_estate,مؤسسة النرجس للعقارات Al Narjes Real Estate,26.409542,50.032916
real_estate,شركة اثراء الدمام العقارية (المكتب الرئيسي),26.347737,50.101835
real_estate,Hani's office for real estate marketing,26.426794,50.099447
real_estate,Stars Zone Real Estate Investment Office,26.406813,50.042063
real_estate,مكتب ساس المستقبل للخدمات العقارية,26.378564,50.103521
real_estate,مؤسسة عثمان عبدالله بالطيور العقارية,26.454155,50.115192
real_estate,Roaya Real Estate - شركة رؤية العقارية,26.348883,50.197767
real_estate,هلال بوسبيت للخدمات العقارية,26.449694,50.09622
real_estate,أمجاد الخليج للعقارات,26.433041,50.093232
real_estate,مكتب سعيد المانع للعقارات فرع(1),26.412322,50.054985
real_estate,مؤسسة حضارة للخدمات العقارية,26.387857,50.062365
real_estate,Awaji Real estate office,26.4174,50.069105
real_estate,مكتب البقمي للعقارات Al Bakmi Real State Office,26.409558,50.032948
real_estate,مكتب فارس المليحي للعقارات,26.441106,50.077281
real_estate,مكتب غازي بن عبدالرحمن السعد العقاري,26.474237,50.094764
real_estate,مكتب عبدالرحمن الدوسري للخدمات العقارية,26.43429,50.093739
real_estate,مكتب عبدالله المسلم للعقارات,26.445159,50.091406
real_estate,مكتب الفانوس الذهبي للعقارات,26.452025,50.091965
real_estate,مكتب قمم الأندلس للخدمات العقارية,26.423801,50.081055
real_estate,مكتب آل حافظ العقاري,26.441666,50.071985
real_estate,مكتب عقار لؤلؤة الأراضي للخدمات العقارية,26.354684,50.059469
real_estate,مكتب المانع للعقارات,26.401819,50.08547
real_estate,مكتب الكسب المبارك القحطاني,26.416864,50.005507
real_estate,مكتب أضواء اليمامه للخدمات العقاريه,26.408467,50.031012
real_estate,مكتب رواسي عبس العقاري,26.434051,50.019844
real_estate,مكتب علي الأحمري للعقارات بالدمام,26.350214,50.073755
real_estate,مكتب الابراج المشرقة للعقارات,26.449365,50.108553
real_estate,مكتب عبدالناصر أحمد بوحليقة العقاري,26.454059,50.080711
real_estate,"مكتب المتر المربع للتقييم العقاري "" SQM """,26.441052,50.073936
real_estate,مكتب الإسم الساطع للخدمات العقارية,26.447038,50.082073
real_estate,Tania Drinking Water Accomodation,26.345521,50.076741
real_estate,مكتب السيف الشرقي العقاري,26.455794,50.081101
real_estate,مكتب مبارك الجمعه العقاري,26.427475,50.088227
real_estate,مكتب,26.434487,50.031342
real_estate,مكتب حسين المهناء العقاري,26.430293,50.035659
real_estate,مكتب البناس العقاري,26.467163,50.092687
real_estate,مكتب دار السمو للعقارات,26.408473,50.045122
real_estate,مكتب العكاس للإستثمار العقاري,26.417405,50.092403
real_estate,مجموعة الدليل الناطق العقارية | إدارة املاك - إدارة مرافق - تسويق عقاري,26.436927,50.047074
real_estate,مكتب إيلاف الخليج العقاري للتاجير وادارة الاملاك,26.461042,50.061055
real_estate,مكتب سمو النور للخدمات العقارية,26.431269,50.035841
real_estate,Alam Altamayouz,26.366253,50.204399
real_estate,مكتب دبلوماسية الشرق العقاري,26.429858,50.076158
real_estate,مكتب وسط السوق للعقارات,26.439896,50.10103
real_estate,"مكتب فؤاد العثمان للخدمات العقارية ,",26.421484,50.088881
real_estate,مكتب المحرقي للخدمات العقارية,26.407319,50.042793
real_estate,مكتب دار طالب العقاري,26.451261,50.069942
real_estate,مكتب عامر الدليجان العقاري,26.407439,50.072623
real_estate,مكتب عبدالعزيز الداعج للعقارات والمقاولات وإدارة املاك Aldaij Group,26.384836,50.09576
salon,Vida,26.457248,50.08078
salon,Jolie Dame Salon - Dammam Branch,26.461453,50.122542
salon,Manal elegant,26.412885,50.095413
salon,ROYAL CARE SALON,26.452007,50.076909
salon,صالون غندوره للتزيين النسائي,26.455218,50.088537
salon,صالون بيوتي ايلاند | Beauty Island Salon,26.378688,50.100393
salon,Joory,26.402695,50.105581
salon,Lemon Nails & Hair spa,26.451155,50.131557
salon,صالون لاكالما النسائي / LA CALMA,26.398285,50.093395
salon,صالون نيزك النسائي ، naizac.salon,26.39844,50.093663
salon,Beauty Station,26.402434,50.103005
salon,Sahar beauty lounge,26.477939,50.132697
salon,Masdool Salon | صالون مسدول,26.38194,50.047305
salon,Serene Beauty Salon,26.373387,50.147659
salon,Anat nail and hair spa,26.405091,50.107124
salon,Salis spa,26.395713,50.070399
salon,Flamingo Salon and Spa,26.456533,50.127368
salon,Laracine Salon,26.388178,50.104613
salon,هناي للإسترخاء Hanay spa& Salon‏,26.36993,50.084348
salon,Ramsha Salon & Spa رمشاء,26.395733,50.070428
salon,صالون عطر الندى للتزيين النسائي,26.44183,50.120284
salon,مشغل ايفا بيوتي,26.393672,50.084508
salon,Sage Salon,26.371126,50.140394
salon,مركز اوركيد النسائي,26.437803,50.078409
salon,صالون و سبا البيت المغربي,26.385769,50.096351
salon,Beauty station,26.444212,50.121837
salon,Beauty Lane Salon ممر الجمال للتزيين النسائي,26.378064,50.148047
salon,luxury salon,26.434821,50.093151
salon,صالون المنطقه الجميله للتزيين النسائي Area beautiful,26.37825,50.058483
salon,"Mariam Ali beauty, salon",26.46135,50.092086
salon,Moon spa للتجميل النسائي الدمام حي الزهور,26.451303,50.091909
salon,صالون هيام الأول للتجميل,26.40787,50.049836
salon,مشغل عالية الجمال,26.417816,50.04938
salon,صالون الياسمين الشامي,26.421019,50.112255
salon,صالون ملكة سبأ / Queen Of Sheeba,26.421572,50.079357
salon,Glamour Beauty Salon,26.372936,50.119879
salon,Salon L’h elegan hair & nails spa,26.347704,50.07848
salon,صالون بيت الشعر | Hair House Salon,26.368826,50.058999
salon,صالون فيرا Vera salon,26.357456,50.063892
salon,We Care Center,26.372951,50.120632
salon,صالون انتصار الجمال / VB Salon,26.377863,50.103623
salon,NOOR BEAUTY SALON,26.371334,49.970996
salon,Mubrad Salon صالون مبرد,26.406487,50.100967
salon,ميلينيوم سنتر Millennium Center,26.407344,50.115767
salon,Azizah,26.36535,50.049155
salon,صالون درة أوزون,26.381688,50.071062
salon,Kidzy Salon,26.399333,50.095421
salon,Maisoon Beauty Parlour,26.366002,50.195805
salon,صالون تجميل سحر العيون النسائي,26.411426,50.114626
salon,Rafeef Beauty,26.451724,50.091909
salon,Ladies Island Beauty Salon,26.442781,50.123021
salon,Eshraqat Alanoud VIP Center,26.446659,50.080816
salon,صالون VALi - للعناية بالرجل - الدمام,26.365548,50.04941
salon,MIRROR Ladies Salon - صالون مرور النسائي,26.486257,50.051536
salon,ري بيوتي صالون شعر وأظافر ReBeauty Hair and Nail salon,26.486804,50.051203
salon,Beauty key,26.359801,50.094875
salon,مشغل لمسة غروب,26.365249,50.060163
salon,VIP Salon,26.43047,50.078465
salon,Grazia Salon,26.462518,50.121343
salon,صالون لينا النسائي,26.379493,50.185127
bakery,Alpha Bakery,26.471888,50.060835
bakery,Afandina bakery and sweets,26.437392,50.065174
bakery,Alyahya Bakeries,26.459314,50.087013
bakery,Fraiche bakery مخبز فريش,26.454982,50.069845
bakery,Al Maameer Bakery,26.411558,50.110823
bakery,MOR BAKERY مور بيكري‎,26.461404,50.09207
bakery,alyahya bakeries,26.405048,50.062115
bakery,Baking up,26.417479,50.108402
bakery,Caitlin bakery,26.388042,50.104604
bakery,FiKA & GO,26.475932,50.046676
bakery,Delle Rose Chocolatier & Pastry دلي روز,26.468453,50.04473
bakery,Haret Rahal Bakery,26.461884,50.061734
bakery,Modern Taste المذاق الحديث,26.464207,50.031538
bakery,Baba Khabbaz,26.458591,50.085104
bakery,Bakery Pearl Egyptian Bread,26.436659,50.105841
bakery,بيتا Beta,26.476737,50.042844
bakery,2 Haret Rahal,26.427937,50.072337
bakery,Al Tabiah Sweets and Pastries saihat,26.482637,50.054284
bakery,Saadeddin Pastry,26.432115,50.080543
bakery,Mumsie,26.375964,50.12249
bakery,مخابز اليحيى,26.463316,50.062209
bakery,باستيل المريكبات PASTEL,26.412925,50.09683
bakery,Al Eid Sweet Factory,26.460448,50.008311
bakery,دوار السعادة,26.474766,50.057388
bakery,LUXURY BAKERY,26.398797,50.104131
bakery,Baba Khabbaz,26.407528,50.036011
bakery,Noor & D Bakery,26.376791,50.060397
bakery,Aleph bakery,26.435278,50.066319
bakery,Naan Bakery | مخبز نان,26.483182,50.044158
bakery,Baba Khabbaz,26.431878,50.081361
bakery,Pastry Shop,26.467966,50.059435
bakery,Iskan Harat Rahal Bakery & Sweets,26.414195,50.119861
bakery,Afandina Bakery and Sweets,26.438441,50.127793
bakery,بيلا سويت | Billa sweet,26.412055,50.09675
bakery,سويت كورنر sweet corner,26.395087,50.01896
bakery,Baba Khabbaz | بابا خباز,26.398003,50.104107
bakery,حلويات غرناطه فرع سيهات,26.486812,50.043125
bakery,Flower box,26.44251,50.121295
bakery,Rahaf Bakery,26.440473,50.099565
bakery,كيك الاء Alaa Cake,26.455422,50.061857
bakery,مخابز و حلويات أموند Amande sweets & bakery,26.427325,50.036884
bakery,Oats Bakery,26.378405,50.103543
bakery,Cake & Tart كيك وتارت,26.441769,50.120239
bakery,Munch Bakery‎,26.404926,50.102314
bakery,براير كافيه Briar Cafe & Tea room,26.451165,50.131209
bakery,Bread way -طريق الخبز,26.377007,50.060181
bakery,AL Shallal Pastry,26.442061,50.120314
bakery,Gluck - Sweet & chocolate,26.37669,50.102488
bakery,Sugar Sprinkles Al Manar - شوقر سبرينكلز الدمام المنار,26.378221,50.058494
bakery,Afandina Bakery and Sweets,26.456756,50.116681
bakery,Bran bakery,26.359185,50.067499
bakery,دانه كيك | Dana Cake,26.419857,50.026769
bakery,Ana Starter Sourdough Factory,26.399459,50.138115
bakery,Dana Cake,26.422358,50.092427
bakery,The Cake House | بيت الكيك,26.44188,50.120287
bakery,THE,26.325941,50.214255
bakery,AL FALAH- SAMOOSA PASTRY,26.433597,50.095835
bakery,Ragheef Al Sultan Baking Goods,26.445852,50.000603
bakery,مخابز الفرن السعودية,26.463807,50.03394
bakery,مخبز شهد السلطانة للخبز والحلويات المصرية,26.436563,50.100274
bakery,sanabel raghd,26.370103,50.057265
bakery,مخابز وحلويات مشهور الخليج,26.442093,50.07652
bakery,foysaliya Rahal,26.416157,50.029917
bakery,مخبز وردة الكلي Full tamis,26.405506,50.083126
bakery,المخابز المتطورة حي الزهور,26.45204,50.081339
bakery,مخبوزات حلواني بسكوت,26.429722,50.09417
bakery,مخبز سدرة رحال,26.498461,50.04131
bakery,مخابز التنور اليمني,26.424311,50.082486
bakery,مخبز ريف الشرق,26.414555,50.031026
bakery,مخبز لؤلؤه العربي,26.453487,50.091931
bakery,المخبز العصري,26.462636,50.056593
bakery,Khulood Bakeries,26.432631,50.105528
bakery,مخابز المتطورة,26.391379,50.104647
bakery,Faris & Danah,26.397869,50.092541
bakery,Baba Khabbaz,26.396885,50.068081
bakery,مخابز الرضا الأتوماتيكية,26.447254,50.095809
bakery,Beta Bakery and Sweets,26.42365,50.094098
bakery,دروازة الخباز,26.41579,50.115431
bakery,مخبز تميس الخيام للخبز,26.441415,50.077284
bakery,Zaman Awwal,26.393727,50.104721
bakery,مخابز وحلويات بيتا,26.43323,50.083148
bakery,مخبز العنود الشعبي,26.449057,50.074282
bakery,مخابز سمسم الريف SimSim Alreef bakery,26.426472,50.107825
bakery,خبز هولي,26.452532,50.091939
bakery,Al Hatab Bakery,26.461183,50.121279
gas_station,ADNOC Service Station | AL Khodaryah (2054),26.458589,50.031935
gas_station,ADNOC Service Station | Al Athir District (2053),26.439989,50.057485
parking,Long Term Parking Lot,26.454435,49.803787
parking,Airport Parking,26.470934,49.79809
parking,Paid Parking,26.442839,50.10404
parking,Free Parking,26.417576,50.088185
parking,Customer parking,26.414311,50.074127
parking,Customer parking,26.412227,50.072427
parking,Satha dammam,26.430699,50.087257
parking,Parking,26.413879,50.173518
parking,Paid Parking,26.441093,50.099139
parking,Dammam Airport Passenger Parking,26.466713,49.800212
parking,Mawgif parking Dammam,26.4407,50.101375
parking,parking lot eXtra,26.405706,50.062509
parking,Paid Parking P3,26.442481,50.099186
parking,King Fahd Road Parking,26.470895,49.798212
parking,Saptco Garage Dammam,26.452798,50.030423
parking,Swiss International Hotel Parking Lot,26.439214,50.106036
parking,Basement Parking Of Jarir,26.458513,50.092974
parking,Parking alkhaleej dammam,26.446883,50.093958
parking,مواقف سيارات محطة قطار الدمام,26.411117,50.127391
parking,المواقف الوطنية National Parking موقف,26.444805,50.104298
parking,مواقف عامة Public Parking,26.459536,50.086312
parking,Careem Car Park,26.490326,49.790304
parking,Parking,26.476437,50.08538
parking,مواقف السيارات Hospotal,26.41372,50.100932
parking,Al Shatea Mall Parking,26.454522,50.122251
parking,النقل الجماعي,26.451526,50.106153
parking,مواقف سوق الحب,26.446225,50.101475
parking,Parking,26.447266,50.101751
parking,parking,26.457211,50.109731
parking,Aramco airport parking not run by aramco,26.477701,49.815833
parking,مواقف سيارات سابك,26.397111,50.077264
parking,مواقف الموظفين | عمادة الاتصالات وتقنية المعلومات,26.395638,50.194013
parking,مواقف أعضاء هيئة التدريس | المكتبة المركزية,26.394097,50.190919
parking,مواقف جامع عبدالرزاق الأنصاري Masjid Parking,26.439455,50.090755
parking,Panda Parking Area,26.360422,50.190992
parking,Public Parking,26.390118,50.127752
parking,نقطة انطلاق باصات المواقف طويلة الاجل,26.467337,49.798368
parking,Parking Suqe Alatoor,26.440729,50.101983
parking,مواقف سوق الحب الكبيرة,26.440385,50.102264
parking,parking,26.401689,50.034635
parking,Pay & Park,26.442811,50.103874
parking,مواقف سيارات,26.434146,50.037799
parking,مواقف للسيارات,26.430969,50.117159
parking,Parking Lot,26.474416,50.194574
parking,مواقف أعضاء هيئة التدريس,26.394904,50.190432
parking,مواقف سيارات الموظفين,26.37117,49.972225
parking,مواقف سيارات,26.488833,49.789083
parking,Mawgif Parking Jubail,27.014339,49.659617
parking,مواقف سيارات,26.425184,50.082682
parking,مواقف سيارات الزبائن,26.435361,50.08487
parking,حجز شركة مواقف والمسحوبة من ارامكو المواقف الخارجية,26.472197,49.798186
parking,VJ hoMe,26.418169,50.094287
parking,موقف للزوار,26.424109,50.088161
parking,مواقف مؤسسة دروب لتأجير السيارات.,26.417021,50.078789
parking,AlRomansiah Restaurant parking lot,26.405845,50.0616
parking,غيار زيت الدمام,26.420683,50.088794
parking,فرزه الكدادين للدمام,26.420683,50.088794
parking,مركز الغانم للأعمال,26.48805,50.049607
parking,Dammam Railway Station,26.40991,50.126418
parking,Saheb,26.420683,50.088794
government,Dammam office,26.424172,50.107644
government,Expatriate Affairs Office,26.468928,50.088438
government,مكتب خدمات عامة,26.432867,50.047673
government,Istiqdam Office - Family Visa,26.468876,50.088419
government,Dekra Dammam Station,26.415479,50.066433
government,Labor Office Dammam,26.39642,50.103931
government,General Secretariat of the Committees for Resolution of Insurance Disputes & Violations ​​​ - Dammam Branch|الأمانة العامة للجان الفصل في المنازعات والمخالفات التأمينية - فرع الدمام,26.400608,50.05132
government,Social follow-up office in Dammam,26.429971,50.095281
government,Dammam General Medical Authority,26.429464,50.084082
government,General Administration for Urban Planning,26.441656,50.108041
government,General Administration of Education,26.42423,50.117895
government,Dammam Social Development Center,26.44706,50.108592
government,Technical and vocational training in the Eastern Region Office,26.421109,50.065484
government,Ministry of Foreign Affairs in Dammam,26.378186,50.171041
government,Radio station dammam,26.461965,50.04331
government,Aramco - Dammam Office Building,26.384324,50.167445
government,"Branch of the Ministry of Health, Sharqia Region",26.429199,50.085007
government,General Sport Authority,26.446643,50.111302
government,Yemeni Consulate Office in Dammam,26.431101,50.096898
government,Emirate of Eastern Province,26.444983,50.104956
government,المدينة الصناعية الأولى بالدمام - مدن Dammam 1st industrial city - Modon,26.402262,50.139014
government,Ministry of Justice Eastern Region Branch| فرع الوزارة بالمنطقة الشرقية,26.398468,50.074565
government,المبنى الرئيسي لإدارة الأسواق والمسالخ بالمنطقة الشرقية(التابع لوزارة البيئة والمياه والزراعة),26.427022,50.041924
government,General Directorate of Health Affairs in the Eastern Region,26.416061,50.065446
government,Sara al arabia for safety dammam,26.426685,50.094394
government,مركز الاستثمار الاجتماعي بالمنطقة الشرقية,26.429359,50.094084
government,فرع خدمات القنصلية المصرية بالدمام,26.432747,50.103781
government,National Water Co. Dammam,26.438855,50.096293
government,POLO DAMMAM,26.431388,50.106683
government,"Ministry of Environment, Water, and Agriculture",26.435125,50.110907
government,LC Office Dammam,26.424799,50.095809
government,মরুর অফিস,26.420683,50.088794
government,مكتب الإنجاز للخدمات العامة الدمام شارع الخزان حي الخليج,26.446933,50.096706
government,Government Offices Complex,26.323636,50.139181
government,Training Department National Technical and Vocational Training Office in Dammam,26.42096,50.064012
government,Al Qasim umar bin khattab,26.426446,50.097737
government,Saudi Central Bank,26.438,50.109639
government,Public Pension Agency|المؤسسة العامة للتقاعد,26.435265,50.109979
government,شعبة الضبط الإداري بالدمام,26.429049,50.103577
government,المؤسسة العامة للتأمينات الاجتماعية - فرع الدمام,26.371346,50.124276
government,Ministry Of Labor And Social Development,26.377273,50.038916
government,House social protection in Dammam,26.429804,50.094403
government,مكتب سعود الحارثي للخدمات العامة,26.434897,50.102744
government,مركز ناجز للخدمات العدلية,26.400063,50.075562
government,"Post office, Abdulla Fouaad",26.409609,50.11513
government,Social Security Western Dammam,26.377149,50.038427
government,Dammam Labor Court| المحكمة العمالية بالدمام,26.402999,50.052039
government,Al-Hegra,26.443458,50.097551
government,مكتب منفذك للخدمات العامة,26.432878,50.10457
government,جهاز خدمة ابشر,26.427688,50.097062
government,Communication Hub PHC Dammam,26.417532,50.111468
government,مكتب صالح الغامدي للخدمات الإلكترونية,26.433135,50.045128
government,MOHAMMED Al Qathani For visa passport & Iqama,26.442083,50.099699
government,General Medical Commission - Dammam,26.433508,50.083253
government,Bangladesh embassy dammam,26.380947,50.030058
government,مكتب علي الشهري للخدمات العامة,26.439176,50.107483
government,Ministry of Transport & Logistic Services,26.3991,50.150512
government,"Ministry of Islamic Affairs, Endowments, Da`wah, and Guidance",26.43684,50.108335
government,Ministry of Commerce,26.389038,50.026786
government,The Ministry of Finance in the Eastern Region Branch,26.44091,50.108302
government,MINISTRY OF HOUSING | وزارة الإسكان,26.405793,50.185644
government,فرع وزارة الموارد البشرية و التنمية الاجتماعية بالمنطقة الشرقية,26.428145,50.117942
government,Ministry of Economy and Planning فرع وزارة الاقتصاد والتخطيط بالمنطقة الشرقية,26.435168,50.109223
government,General Directorate of Education Eastern Province,26.450784,50.097901
government,إدارة المجاهدين بالمنطقة الشرقية | Management of the Eastern Region Branch,26.386256,50.027452
government,وزارة الصناعة الدمام,26.402157,50.139104
government,فرع وزارة الإعلام بالمنطقة الشرقية,26.411004,50.110872
government,General Directorate for Education,26.378339,50.113626
government,وزارة الموارد البشرية والتنمية الاجتماعية,26.446867,50.108631
government,Saudi Business Center,26.389317,50.026493
government,Ministry of Investment (MISA) - Saudi Arabian General Investment Authority (SAGIA),26.348507,50.196939
government,"Ministry of Environment,Water and Agriculture",26.42875,50.170657
government,Training center in the Eastern Province to the Ministry of Social Affairs,26.448244,50.108692
government,Maktab amal,26.431108,50.106141
government,Asharqia Chamber in Dammam,26.377235,50.172186
government,الادارة العامة لخدمات المياه بالمنطقة الشرقية,26.425075,50.118205
government,Ministry of Energy,26.307915,50.155672
government,إدارة حقوق المؤلف بالمنطقة الشرقية,26.432706,50.118259
government,Ministry of Interior Secretary General Interior Weapons Department,26.41584,50.120263
government,Dammam Center Municipality,26.450037,50.063815
government,مجمع ديوان المظالم بالمنطقة الشرقية,26.375511,50.112413
government,Dammam General Court | المحكمة العامة بالدمام,26.437251,50.110326
government,Dammam Criminal Court,26.406563,50.063058
government,محكمة الأحوال الشخصية بالدمام,26.399051,50.044236
government,Eastern Province Amana,26.449382,50.100976
government,هيئة الزكاة والضريبة والجمارك - فرع الدمام,26.435099,50.110437
government,Dammam Enforcement Court & Notarial Office,26.39842,50.074351
government,Dammam Commercial Court,26.371761,50.096921
government,Public Prosecution Eastern Region Branch,26.41214,50.064858
government,محكمة الاستئناف بالمنطقة الشرقية,26.453954,50.115532
government,Real Estate Development Fund,26.477537,50.132671
government,Civil Affairs Office,26.32362,50.139011
government,National Water Company Eastern Cluster | NWC,26.425784,50.118132
government,محكمة التنفيذ بالمنطقة الشرقية,26.39571,50.077888
government,إدارة مرور الدمام مخطط,26.411585,50.04369
government,Al Khobar Criminal Court & Al-Khobar Notary Public,26.287318,50.202203
government,Qatif Civil Affairs,26.510375,49.984046
government,Civil Affairs Office in Al Khobar,26.298881,50.223515
clinic,Fusion paws veterinary clinic,26.480872,50.11912
clinic,Unlimited Nature Veterinary Clinic,26.436903,50.123851
clinic,Oz Pets Clinic,26.435826,50.130174
clinic,Oka Veterinary Clinic,26.42401,50.116671
clinic,عيادة الكفوف الأليفة البيطرية pet paws,26.466719,50.123182
clinic,عيادة كفوف الرحمه البيطرية Mercy Paws Pets Clinic,26.421336,50.090567
clinic,عيادة فيت البيطرية,26.372865,50.041577
clinic,عيادة أليف الشرقية &shariga_pets Veterinary Clinic,26.464182,50.031273
clinic,عيادة الفن الثامن البيطرية Art No. 8 Vet Clinic,26.216514,50.192656
clinic,Essential Veterinary Advanced Care الرعاية اللازمة البيطرية المتقدمة,26.348567,50.133969
clinic,عيادة كفوف البيطرية,26.295541,50.189062
clinic,Pets Houses vet clinic,26.353977,50.209471
clinic,الوحدة البيطرية بالدمام Dammam Veterinary Unit,26.501606,49.981946
clinic,OKA Vet Clinic Khobar,26.296471,50.208651
clinic,Hadir veterinary pets clinic,26.422478,50.029932
clinic,عيادة ران البيطرية RAN VETERINARY CLINIC,26.42464,50.024717
clinic,International Animal Care Clinic عيادة رعاية الحيوان العالمية,26.465391,50.035206
clinic,Cat Land Veterinary,26.546277,50.003237
clinic,عيادة المرعى البيطرية | Almaraa Vet Clinic,26.360478,50.191342
clinic,Beauty Pets,26.423286,50.093545
clinic,عيادة عنقاء الشرق البيطرية East Phoenix Vet Clinic,26.542908,50.006844
clinic,Pet park veterinary clinic,26.296492,50.208669
clinic,4 Pets Clinic Al Kohbar / عيادة فور بيتس الخبر الشمالية,26.296241,50.208738
clinic,4 Pets Clinic Azizyah / عيادة فور بيتس العزيزية,26.203541,50.197369
clinic,عيادة واحة الحيوان البيطرية Pets Oasis Vet Clinic,26.287566,50.205702
clinic,Olfa House Vet Clinic • عيادة بيت الألفة البيطرية,26.297098,50.208972
clinic,OKA veterinary clinic,27.008763,49.643686
clinic,Alefah Advance Pet Clinic,26.29962,50.219362
clinic,London Pets Clinic,26.272689,50.211709
clinic,Gozal Pharmacy صيدلية جوزل,26.465332,50.035202
clinic,Maya Vet Clinic & Pet Shop عيادة مايا الحياة البيطرية ومتجر مستلزمات الحيوانات الاليفة,26.550548,50.014985
clinic,iVet Home,26.564125,49.984156
clinic,بتس هاوسس Pets Houses‏,26.354102,50.209409
clinic,طبيعة بلا حدود ١,26.436857,50.123666
clinic,Four Pets Trading Est.مؤسسة أربعة حيوانات أليفة التجارية,26.296436,50.208777
clinic,Almaraa (Anak) Vet | صيدلية المرعى فرع عنك,26.521679,50.018875
clinic,Green Crown Clinic,26.296967,50.210942
clinic,Oka Pets,26.424258,50.116242
clinic,Beauty Pets,26.413689,50.053748
clinic,Cat zone,26.440598,50.063711
clinic,مركز علوم الأحياء | Biocenter,26.452394,50.072064
clinic,صيدلية عالم روز البيطرية الفرع الرئيسي,26.341049,49.957029
clinic,طبيعة بلا حدود للحيوانات الاليفة 2 فرع سيهات,26.500797,50.039835
clinic,بيت بارك الخبر PetPark,26.296534,50.208789
clinic,مستشفى الموسر لعلاج الصقور و الطيور الاليفة البيطري,26.348103,49.962569
clinic,العيادة المتقدمة للحيوانات بالدمام,26.367319,50.181686
clinic,مرابط الصقار,26.439413,50.010624
clinic,مركز البلوشي للرعاية و إيواء الصقور,26.348058,49.962
clinic,عيادة ران البيطرية Ran Veterinary Clinic,26.393285,50.090896
clinic,Khobar Veterinary Clinic,26.367974,50.181853
school,Green Kaf - كاف الخضراء,26.468012,50.059409
school,مركز غيمة الأمل لحضانة الأطفال,26.457078,50.06727
school,مركز طفل الجود الأهلية لضيافة الأطفال,26.460629,50.088631
school,روضة أبطال الضاحية لضيافة الأطفال,26.461063,50.000563
school,Happy kidz private center,26.352641,50.060322
school,مركز طفلي الأول (First Child Day Care Center),26.355511,50.072229
school,كيدز تايم | Kids Time,26.402284,50.064933
school,مركز حديقة المرح لضيافة الاطفال,26.454237,50.070347
school,مركز الطفل الرائع,26.395203,50.0864
school,مركز عالم فرح لضيافة الاطفال الاهلية,26.443832,50.074718
school,مركز أول كلمة لضيافة الأطفال,26.411894,50.178747
school,مركز سماء الاطفال لضيافه الاطفال فرع رقم 2,26.417324,50.003914
school,روضة أناملي المبدعة لضيافة الأطفال,26.37097,50.073984
school,مركز القمر الساطع لرعاية وتدريب الاطفال,26.404717,50.051791
school,Golden years daycare center,26.40257,50.102899
school,مركز العبقري لضيافة الأطفال,26.437687,49.990258
school,مركز براعم بلادي لضيافة الأطفال,26.412375,50.047571
school,مركز اطفال المستقبل Future Kids,26.403691,49.994179
school,روضة دار الجودي,26.402102,50.109302
school,Future Kids / روضة أطفال المستقبل,26.324811,49.984609
school,Busy Bees Daycare,26.359674,50.097077
school,Little Moons Child Care Center,26.355419,50.207325
school,مركز حروف الطفولة لضيافة الأطفال,26.416018,50.001792
school,روضة وحضانة بصمة ذكاء لضيافة الاطفال,26.343001,50.054236
school,مركز الناس الصغيرة لضيافة الأطفال,26.373379,50.067775
school,روضة جنى الأهلية,26.415312,50.027437
school,مركز سماء الاطفال لضيافه الاطفال,26.417957,49.995914
school,مركز براعم العلا لضيافة الأطفال,26.387284,50.105535
school,مركز كيان العلم لضيافة الاطفال ومدارس الرواد حي أحد,26.41974,50.033727
school,مركز رؤية المستقبل لضيافة الأطفال الأهلية,26.359534,50.056235
school,وقتي المميز لضيافة الاطفال,26.387378,50.173366
school,Little House Daycare,26.330274,50.155815
school,Dammam Modern Driving School,26.339678,50.031795
school,Ladies driving school dammam,26.400558,50.090384
school,Saudi Aramco Driving Center,26.308257,50.093257
school,Dallha saniya Dammam,26.454475,50.096484
school,مدرسة إكمال لتعليم القيادة,26.441881,50.029793
school,شرق,26.420683,50.088794
school,Sharq Driving School Traffic Police,26.39843,50.088758
school,Alhasa,26.435571,50.035776
school,Saudi Automobile Association (SATA),26.452433,50.073624
school,سستم,26.440278,50.060317
school,Advanced Scientific Solutions Maintenance Company ASSM,26.449899,50.028131
school,المدرسه المهجوره,26.362149,50.066383
school,Dallah Driving School,26.546418,49.951754
school,STTC Higher Institute,26.447201,50.042219
school,DALLAH,26.460735,50.015761
school,مدرسة القطيف النموذجية لتعليم القيادة Qatef Model Driving School,26.546345,49.95159
school,أكاديمية التعلم | academy of learning,26.455386,50.125496
school,مرور مدرسة قيادة جامعة الإمام عبدالرحمن بن فيصل,26.446254,50.099057
school,Safety and Quality Assurance - License and Training,26.488695,49.820576
school,مدرسة تعليم القيادة-جامعة الإمام عبدالرحمن بن فيصل (شرق),26.403354,50.092832
school,ورشة همة المبدعين بالدمام,26.449659,50.049349
school,Hail,26.36615,50.06666
school,Dallah Sanaya,26.460621,50.023499
school,مؤسسة هرم الدمام لبيع المشروبات الغازيه,26.374563,50.044508
school,عمارة الضباب ١,26.432243,50.048188
school,Transport,26.420683,50.088794
school,Gondal Workshop,26.405697,50.207783
school,Rahmankhan,26.420683,50.088794
school,معهد التميز الوطني العالي للتدريب | NETI,26.467899,50.047174
school,مدرسة تعليم القيادة ( نساء فقط ),26.340202,50.032003
school,مازدا للتدريس,26.356944,49.960959
school,إدارة مدارس تطوير لتعليم قيادة المركبات | Tatweer Driving Schools HQ,26.291006,50.207004
school,Al Khobar,26.299443,50.211954
school,"Dalla,dammam",26.444739,50.039832
school,مدرسه ام محسن,26.448623,49.995368
school,Muroor driving license test office,26.398285,50.088725
school,موسى حسين القرني,26.420683,50.088794
school,CLC: Canadian Language Center | المركز الكندي للغات,26.455376,50.126556
school,معهد Speak Up,26.366701,50.093354
school,Noon Horizons Training Institute,26.487069,50.042523
school,معهد التعليم الحديث للغات,26.372991,50.1003
school,ACT (Arabian Centre of Technology),26.442118,50.117112
school,كوكب اللغة الانجليزية انجلش بلنت,26.425426,50.100176
school,‏Saudi British Centre Khobar| IELTS Testing,26.293332,50.185648
school,وول ستريت انجلش - الخبر,26.366785,50.185155
school,معهد الازدهار للغات فرع سيهات,26.481324,50.04552
school,معهد الأفق العام للتدريب واللغات - بنين، بنات,26.442177,50.117581
school,International House Dhahran انترناشونال هاوس الظهران,26.380158,50.122776
school,Orbit Institute,26.394871,50.079437
school,مركز بعد بلس للغات | BoudPlus Language Center,26.380556,50.148239
school,Alliance Française Khobar,26.308359,50.214656
school,معهد بيرلتز للغات بالخبر berlitz Language Center -Khobar,26.321132,50.219853
school,معهد التعليم الحديث للغات,26.359333,50.188841
school,TAFE Arabia - LTP,26.450043,50.024211
school,Native English Saudi Arabia,26.414369,50.061104
school,مركز تطويرالوعي للتدريب وتعليم اللغة الإنجليزية بنين,26.442608,50.088662
school,Future Leaders Training Center/ مركز قادة المستقبل للتدريب,26.466392,50.12368
school,TAFE Arabia,26.452329,50.072525
school,المعهد السعودي العالمي ، Saudi Global Institute,26.379554,50.121705
school,معلمة انجليزي خصوصية الدمام,26.368843,50.122068
school,Translator Chinese Arabic Hindhi Urdu And English,26.446737,50.091081
school,Al Bassam Institute,26.367173,50.125132
school,معهد نون الافاق للغات - الفرع النسائي,26.495798,50.042047
school,مركز التثقيف الصحي للعاملين في منشآت الغذاء والصحة العامة - أمانة المنطقة الشرقية /AlArkkan Training Center/arkkanapp,26.391209,50.086078
school,Ghazi Algosaibi Institute (SECTI),26.374955,50.097725
school,British Council,26.315948,50.200819
school,ELC Saudi Arabia,26.333691,50.186841
school,Taqat Al-Khaleej Training Institute-TKT معهد طاقات الخليج للتدريب,26.444531,50.068215
school,Future Skills Higher Training Institute,26.463236,50.063313
school,General Technical & Safety Training Center (GTSC) DAMMAM,26.264185,49.96189
school,Gulf Health Training Center مركز صحة الخليج للتدريب,26.461467,50.073419
school,United Technical Training Center,26.421531,50.112565
school,STTC - Specialized Technicians Training Center,26.36863,50.091902
school,Integrated For Training - انتجريتد للتدريب,26.414091,50.159484
school,Tamkene Training - تمكين للتدريب,26.411036,50.064408
school,مركز طموح و ريادة للتدريب,26.421186,50.090139
school,Aspire Training Center,26.450144,50.087798
school,Edupath Training Institute,26.417028,50.092927
school,ATECO TWI Training center,26.465151,50.037397
school,Provision Training Center,26.470796,50.059316
school,ENVIRONMENT FRIEND TRAINING CENTER,26.380486,50.056169
school,RIGX TRAINING CENTER /training center in Dammam/ best training center/,26.458209,50.089741
school,Saja Energy Training Institute,26.429925,50.116066
school,KAF Safety Training Co.,26.459889,50.081531
school,PNGIT INSTITUTE,26.429121,50.117203
school,AVEEN Training center,26.495224,50.042285
school,TAFE Arabia Technical And Further Education,26.456587,50.115315
school,Agora Training Center,26.365521,50.049501
school,معهد التقنيات الصناعية العالي للتدريب بالدمام,26.407429,50.066975
school,Arabian Drilling Learning Academy,26.387163,50.149049
school,معهد الذهب الأسود للتدريب,26.384648,50.139206
school,معهد آفاق التطور العالي للتدريب AFAAQ ALTATAWOUR HIGHER INSTITUTE FOR TRAINING,26.450472,50.08744
school,معهد الخبر العالمي الحديث العالي للتدريب واللغات,26.461363,50.07806
school,Middle East Logistics Institute,26.456842,50.1167
school,HGT Training Center,26.442118,50.117551
school,Safety Training Center C.A.T. International L.L.C. Dammam,26.339157,50.076932
school,مركز الجيل القادم للتدريب / Nexgen / Next Generation Training Center,26.406389,50.113229
school,معهد إنهانس للتدريب | Enhance Training Institute,26.43661,50.03516
school,Arabian Safety Training Center,26.234937,49.988222
school,مرکز کفاءات المهارات للتدریب Kafaat - Competencies Skills Training Company,26.376352,50.124425
school,مركز لين للتدريب,26.464403,50.031918
school,Scope for Training,26.456958,50.114721
school,Civil Defense Training Center,26.41406,50.133821
school,Kingdom of Doctors,26.466499,50.123343
school,ALFaraby Training Center,26.414097,50.078874
school,شركة فاطمة حسن السبع لخدمات الاعمال,26.494244,50.043317
school,EASTERN UNITED TRAINING CENTER,26.284321,50.199491
school,Zahid Learning Institute,26.40897,50.156557
school,Institute for Workforce Education for Saudi Arabia,26.430344,50.116233
school,Human Assets Training Institute,26.295645,50.169245
school,مركز مهارات التميز للتدريب,26.412663,50.118903
school,SG Petroleum Training Center,26.430532,50.116335
school,"Training Center, Al Salem Transportation & Tourism.",26.47978,50.017776
school,Elite Consultancy & Training Services,26.37264,50.099908
school,Nesma Training Institute,26.258242,50.032747
school,Al Yaum Training Institute | معهد اليوم للتدريب,26.379264,50.170146
school,MATC المركز المبتكر للتدريب,26.498287,50.031751
school,مركز الإرشاد المهني للتدريب,26.372571,50.099703
school,KITC,26.430682,50.116493
school,Prince Mohammed Program for Youth Development,26.397823,50.116214
school,مركز تعليم بلا حدود للتدريب,26.400043,50.104887
school,معهد اصنع مهارة للتدريب,26.401505,50.081988
school,مركز التدريب بسيهات,26.477153,50.053925
school,مركز التدريب التربوي شرق الدمام بنات,26.454334,50.074364
school,مركز نور وسام لتدريب القدرات والتحصيلي,26.361931,50.072014
school,معهد طريق المعرفة للتدريب,26.479191,50.007139
school,مركز أرينا للتدريب واللغات | Arena Training Center,26.356567,50.062537
school,مركز الشرقية المتميز للتدريب,26.537009,50.024909
school,معهد الدمام الدولي للتدريب,26.415773,50.11536
school,Awareness Development Training Center,26.442771,50.088549
school,صلة الاتقان للتدريب,26.414518,50.160411
school,معهد نون للتدريب,26.423264,50.105124
school,مركز الماهر بالقرآن للتدريب بالدمام,26.389177,50.053273
school,مركز قياس القدرات للتدريب,26.423967,50.096119
school,Talent development center,26.375876,50.096991
school,فرع السيدات - معهد القدرات الإدارية العالي للتدريب,26.454941,50.097169
school,مركز نوسة لضيافة الأطفال,26.388164,50.075341
school,حضانة زهرة و نحلة,26.457154,50.11515
school,روضة وحضانة كن نجماً,26.351919,50.06719
school,حضانة بيبي هوم,26.387435,50.092437
school,مركز المجد لضيافة الأطفال الأهلية,26.437239,50.119272
school,مركز زهرة الأمل المتجددة لضيافة الأطفال,26.418557,50.080045
school,حضانة ام فراس,26.453822,50.084496
school,Children's Morning Center for Children's Hospitality,26.421703,50.04588
school,مركز السنابل الرائعه لضيافه الأطفال,26.418316,50.114111
school,مركز فجر,26.415404,50.022295
school,الحضانة الزينبية,26.48442,50.060693
school,PAUSA,26.462253,50.065396
school,Atfaluna Akbaduna Nursery,26.418573,50.115257
school,حضانة طفلي المنزليه,26.405114,49.994101
school,مركز طفلي المدلل ضيافة الاطفال,26.442736,50.065945
school,الروضة الثانية بالدمام,26.429518,50.070776
school,روضة أجيال الفرسان,26.367258,49.959863
school,ADVANCED STEP,26.403619,50.09282
school,مركز حضن الأمومة لضيافة الأطفال,26.443324,49.979841
restaurant,Alandalus Hall,26.403856,50.11189
restaurant,Qasr AlNakheel,26.472271,50.017201
restaurant,Bin Sultan Hall,26.377433,50.02916
restaurant,Royal Palace Banquet Hall,26.387722,50.035919
restaurant,Danat Celebrations Hall,26.383082,50.031657
restaurant,White Palace Banquet Hall,26.456407,50.088616
restaurant,Al Josaq Celebration Hall,26.421138,50.117397
restaurant,Alsharqiyah Banquet Hall,26.375221,50.113744
restaurant,Bushra Palace for celebrations,26.378447,50.028547
restaurant,Golden Crown Nights,26.3876,50.036082
restaurant,قاعة اللؤلؤة ( إحدى قاعات مونتريال ),26.387057,50.034909
restaurant,قصر فلورنسا,26.385036,50.03741
restaurant,قاعة مونتريال,26.383596,50.030294
restaurant,مجلس السالم,26.470415,50.048141
restaurant,قاعة البريك ٢,26.38115,50.032584
restaurant,قاعة المغيدي للاحتفالات,26.382172,50.031681
restaurant,Saraya Palace,26.369971,50.066306
restaurant,قصر عز الخيالة للمناسبات والاحتفالات,26.380701,50.033979
restaurant,Sultan Hall 2 Two,26.383765,50.033799
restaurant,قاعه المملكه,26.379528,50.027721
restaurant,Al Baraka Hall,26.38681,50.034396
restaurant,Sultan Hall 1 Faisaliah,26.381131,50.030249
restaurant,Delmon Hall Weddings and events,26.347853,49.965291
restaurant,قاعة الحسناء للإحتفالات,26.384567,50.036011
restaurant,AlMasyia Hall,26.358867,50.1937
restaurant,جواهر الشرق للأفراح والمناسبات,26.342645,49.966894
restaurant,قاعة مراسينا للاحتفالات,26.384068,50.034395
restaurant,الدارة - ADDARAH,26.386492,50.121127
restaurant,قصر ليلة العمر للاحتفالات,26.384313,50.032313
restaurant,قاعة واستراحة دلمونيا,26.381833,50.033606
restaurant,قاعة الروضة للمناسبات,26.377628,50.111416
restaurant,قاعة الثريا للاحتفالات,26.381007,50.034417
restaurant,قاعة البيت الشرقي للأفراح و والمناسبات,26.366681,50.037769
restaurant,The White Hall l القاعة البيضاء,26.32802,50.009307
restaurant,Bin Sultan Hall,26.421543,50.117552
restaurant,قاعة الدانات 2 للاحتفالات,26.383928,50.03489
restaurant,قاعة مشاعل الخير,26.397747,50.079044
restaurant,Al Ghanim Wedding Hall,26.544474,50.002961
restaurant,Al Gosaibi Wedding & Parties Hall,26.362839,50.17438
restaurant,قاعة رويال للإحتفالات,26.347246,49.968547
restaurant,خدمة مستلزمات للافراح و المناسبات,26.376556,50.029194
restaurant,قاعة تاج العروبة للاحتفالات,26.328951,50.007338
restaurant,قاعة زفاف للمناسبات,26.341917,49.961212
restaurant,Sultan Hall 3,26.387084,50.036339
restaurant,King Abdullah Wedding Hall,26.530851,49.962006
restaurant,قاعة بن سلطان البلاتينية,26.42149,50.118087
restaurant,Berwaz Hall,26.317945,50.159691
restaurant,قصر العطاء للأحتفالات,26.38164,50.033636
restaurant,Al Ahsa Hall,26.366513,50.186483
restaurant,قاعة خيال للمناسبات,26.34593,49.960875
restaurant,Banquet Hall 2,26.38097,50.026556
restaurant,قاعة الرمال الذهبية,26.380623,50.02744
restaurant,قاعة حمد 1 للمناسبات,26.387963,50.041838
restaurant,قاعة الفخامه - قاعة زواجات,26.344874,49.96871
restaurant,شركة مطاعم قصر المنتزه- الدمام,26.456502,50.062196
restaurant,Shehab Wedding Venues,26.563727,49.974225
restaurant,قاعة المضياف,26.384178,50.030843
restaurant,قاعة يوم اللقاء للاحتفلات,26.383114,50.033458
restaurant,Five star Hall,26.515309,50.007698
restaurant,قاعة الاحتفالات الكبرى | فندق جراند حياة,26.290819,50.177912
restaurant,الخبر ارينا| Khobar Arena,26.382336,50.211557
restaurant,قبو السالم,26.470091,50.048462
restaurant,Emerald Hall,26.380885,50.214035
restaurant,شركة ترفيه الشرقية لتنظيم المعارض والمؤتمرات,26.42401,50.072223
restaurant,Dhahran Expo,26.381233,50.212694
restaurant,مجلس النورين,26.473513,50.038511
restaurant,Fahad Wedding Venue,26.34353,49.967171
restaurant,حسينية الإمام المنتظر (شاخور),26.490124,50.038159
restaurant,Gulf Entertainment Co,26.421499,50.121616
restaurant,قاعه ميلانو للاحتفالات,26.38416,50.030496
restaurant,مجلس عائلة العليو,26.465584,50.026574
restaurant,مجلس امنيان,26.468888,50.028989
restaurant,قاعة بن حمدان للمناسبات,26.379647,50.030262
restaurant,Prince Faisal Bin Fahd Center for Events,26.471933,50.033076
restaurant,درة العروبة للاحتفالات,26.330218,50.010579
restaurant,قاعة بن سلطان الذهبية,26.42116,50.117273
restaurant,TOLOM تولوم,26.46628,50.038044
restaurant,Badr Al Rabie Auditorium,26.441163,50.117003
restaurant,منتجع التميز الشرقي,26.328383,50.00644
restaurant,Palace life events,26.38165,50.032943
restaurant,قاعه أكنان للمناسبات,26.343122,49.958197
restaurant,الذهبية للاحتفالات,26.344391,49.964412
restaurant,قاعة لفارا رقم 5,26.342437,49.963938
restaurant,Saraya knights events hall,26.347078,49.965413
restaurant,قاعة بيان للحفلات و المؤتمرات,26.3463,49.960621
restaurant,Princess Wedding Venue,26.517529,50.00364
restaurant,القاعة الذهبية بالملاحة,26.520593,50.011547
restaurant,قاعة المها,26.367101,50.176636
restaurant,قاعة الكادي للمناسبات,26.348185,49.964956
shopping,Design Concept,26.451698,50.076711
shopping,البيوت للاثاث - فرع الدمام,26.449656,50.039645
shopping,إن هاوس | العثيم مول الدمام,26.399951,50.117087
shopping,Al Shammasi Furniture,26.45115,50.062357
shopping,إن هاوس | الشاطئ الدمام,26.453706,50.117445
shopping,Dammam Used Furniture | شراء وبيع الأثاث المستعمل الدمام السعودية”,26.425563,50.065688
shopping,شراء أثاث مستعمل في الدمام - شراء مكيفات هواء مستعملة في الدمام,26.423658,50.067861
shopping,Home Centre,26.459808,50.082245
shopping,مخازن الأثاث لأفضل اطقم غرف النوم,26.385092,50.140571
shopping,شراء اثاث مستعمل الدمام الشرقيهالمكيفات وجميع,26.427412,50.067335
shopping,Haraj market,26.425926,50.064633
shopping,شراء المكيفات وجميع أنواع الأثاث المستعمل في الدمام,26.425955,50.06771
shopping,قصر الكلاسيك للاثاث فرع الدمام Classic Palace,26.372937,50.050187
shopping,اليقنت هوم ELEGANT HOME,26.429198,50.10466
shopping,Home Box - Dammam,26.45564,50.125097
shopping,Nice Store,26.458552,50.086103
shopping,زرابي للأثاث,26.376989,50.148077
shopping,Al Saleh Furniture Co. Dammam,26.427636,50.110502
shopping,Idec Dammam Showroom,26.438384,50.116372
shopping,شراء الاثاث المستعمل بالدمام الفلاح شراء سكراب شراء مكيفات مستعمله,26.420063,50.089312
shopping,Alabdullatif Furniture,26.453359,50.065241
shopping,شراء مكيفات مستعمله الدمام,26.42443,50.070328
shopping,Home Sense Furniture,26.452066,50.074272
shopping,شراء اثاث المستعمل الدمام ، شراء سكراب الدمام,26.458327,50.023603
shopping,Sofa home,26.376054,50.052483
shopping,شراء اثاث مستعمل بالدمام شركه الزهره,26.418675,50.068897
shopping,TARGET DESIGN FOR FURNITURE,26.428122,50.068604
shopping,شراء الاثاث المستعمل بالدمام - بيع وشراء الاثاث المستخدم مكيفات و السكراب,26.420111,50.074283
shopping,Furniture Bursa,26.453256,50.06617
shopping,شركة الدار المميز للأثاث,26.4245,50.095901
shopping,العطاس للأثاث المنزلي والمكتبي,26.428521,50.06836
shopping,Alansari Palace,26.426328,50.099458
shopping,Najmah For International Marketing,26.442248,50.085605
shopping,شركة انواركم المحدودة اثاث مكتبي,26.438664,50.106449
shopping,Ashraf Hasan Aalo Trading Est.,26.42493,50.065215
shopping,القلعة للأثاث - الدمام,26.427899,50.110147
shopping,Ashley homestore | مفروشات آشلي,26.340116,50.197061
shopping,Koncept Furniture & PARQUET SHOWROOM,26.458536,50.081312
shopping,Kitchen Crown كتشن كراون,26.488033,50.049595
shopping,Al Driweesh Company Al - Athir Dammam,26.426566,50.069912
shopping,مفروشات بيت الخير للاثاث,26.428423,50.062903
shopping,Al-Hajri Furniture Heritage,26.425891,50.063951
shopping,Almira centre‏,26.422622,50.120324
shopping,dammam place furniture,26.443278,50.01988
shopping,BTT Furniture Badaeltech. - بدائل التقنية للأثاث فرع الدمام,26.438088,50.114858
shopping,شركة عالم بيت للاثاث ALAM FURNITURE HOUSE Co,26.416602,50.076816
shopping,شراء اثاث مستعمل الدمام شركة سرعة للتقنيات,26.425048,50.068052
shopping,4K Building Materials LLC (Dammam Warehouse),26.413023,50.168871
shopping,مؤسسة البعد الثلاثي لللأثاث المكتبي,26.438333,50.11663
shopping,Dammam Used Furniture 24,26.426366,50.067259
shopping,Habitat Furniture Co. Ltd.,26.281311,50.202869
shopping,رحبان للأثاث المكتبي | Rahban Office Furniture,26.423754,50.072679
shopping,Nice,26.405875,50.062064
shopping,شراء اثاث مستعمل بالدمام شركة سحر الزمان,26.429375,50.068345
shopping,Old furniture store in dummam ll محل اثاث قديم بالدمام,26.425968,50.064724
shopping,Latifa Fahad Abdullah al saab furniture,26.427528,50.068951
shopping,شراء اثاث مستعمل بالدمام السعد شراء سكراب الاثاث المستعمل,26.422172,50.07774
shopping,شراء أثاث مستعمل بالدمام شراء مكيفات Retz,26.419864,50.088109
shopping,شراء اثاث مستعمل بالدمام - البركة,26.422187,50.077813
shopping,Hamdhah Furniture,26.427712,50.065414
shopping,Sony World - Dammam Showroom | عالم سوني - معرض كورنيش الدمام (Modern Electronics),26.453462,50.118012
shopping,Ezone,26.437891,50.096544
shopping,Tamkeen Stores (Dammam الدمام) تمكين للأجهزة المنزلية,26.458735,50.082873
shopping,IIIE-MAX ELECTRONICS TARDING Co.,26.442374,50.100122
shopping,"AL MOTAWA TRADING COMPANY, Abu Bakr Alsiddiq Street,Uhud, Dammam",26.418502,50.028355
shopping,عالم الأجهزة,26.373062,50.050438
shopping,BH STORE,26.458787,50.086641
shopping,Zero five zero electronic (050 electronic) dana mall,26.441069,50.106213
shopping,eXtra,26.406221,50.062278
shopping,Alshaikh Electronics الشيخ للإلكترونيات,26.442065,50.099908
shopping,Al Mutlaq Electronic المطلق للالكترونيات,26.442246,50.099967
shopping,موجة التقنية - Techwave,26.417526,50.091237
shopping,القيصر للاتصالات فرع الدمام,26.420998,50.088435
shopping,شركة المطوع التجارية (شارع الخليج),26.461767,50.077014
shopping,Al Zunaidi Electronics,26.441774,50.099893
shopping,mega store,26.431401,50.048205
shopping,LG,26.460739,50.079319
shopping,SMARTBEST Dammam,26.44268,50.104109
shopping,Integrated Technical Trading .Est,26.418519,50.083754
shopping,المنيع | Almanea الفيصليه الدمام-طريق الملك فهد,26.407711,50.061306
shopping,Mejdaf,26.446038,50.116332
shopping,بصمة سماء للاكترونيات والكهرباء,26.440689,50.067955
shopping,Phone Communication Dammam,26.418722,50.085295
shopping,Digital Electronics,26.406177,50.036353
shopping,ERSAL NETWORKING DAMMAM,26.404334,50.038224
shopping,لمسة تقنية الابداع للالكترونيات,26.413541,50.053879
shopping,المملكة للالكترونيات,26.412899,50.054563
shopping,Replace the presence of the maintenance of electronics and car care,26.441135,50.071098
shopping,Gamma,26.452151,50.130254
shopping,Phone Story,26.483595,50.053813
shopping,Alsharif Corner Mobile Phones,26.418263,50.084413
shopping,Origin Electronics,26.488672,50.03877
shopping,الدهماني للاتصالات Aldahmani Telecom,26.421088,50.089909
shopping,نوايف الخليج لصيانه الالكترونيات,26.409392,50.080672
shopping,aDawliah Electronic Appliances,26.433713,50.117889
shopping,SAMA COMPUTERS سماء الهندسة للكمبيوتر,26.475246,50.04761
shopping,CompuNet كمبيونت,26.481221,50.04618
shopping,Garanatah United Trading,26.42061,50.088121
shopping,المتجر العملاق 4,26.485032,50.053031
shopping,Mega Store,26.485079,50.052991
shopping,GATE2000 TRADING COMPANY - DAMMAM شركة بوابة الفين التجارية الدمام,26.443196,50.068869
shopping,Saihat Electronics سيهات للإلكترونيات,26.487008,50.038932
shopping,تركيبات Mobile Store,26.421415,50.088358
shopping,بلاك ستور (Black store),26.484924,50.051867
shopping,Al Raid Electronics,26.419647,50.088323
shopping,المتاجر الالكترونية,26.442298,50.101984
shopping,سلهبة للتجارة و الرسيفرات,26.370141,50.037639
shopping,Alhawaa albared home appliances,26.375149,50.04483
shopping,الأنوار للإلكترونيات,26.470876,50.045702
shopping,محل برق الفضائيات للأجهزة الإلكترونية و الرسيفرات وصيانة التلفزيونات والشاشات,26.421576,50.035774
shopping,محل مروه محمد المبشر لإصلاح الإلكترونيات,26.421618,50.075732
shopping,مؤسسة ريف النابية للإلكترونيات,26.425427,50.085109
shopping,Geo Ksa Dammam,26.442228,50.101745
shopping,Moaibed refrigeration and air-conditioning,26.434458,50.096705
shopping,عبدالله للإلكترونيات,26.41083,50.033706
shopping,مؤسسة الصقير التجارية,26.417464,50.081726
shopping,عالم الدش للأجهزة الالكترونية,26.452102,49.998848
shopping,Noor Al-Shomoe,26.446385,50.117096
shopping,Al Haddad Telecom Dammam,26.44363,50.06848
shopping,مركز العمري للاتصالات,26.421357,50.08908
shopping,الالكترونيات الحديثة,26.396667,50.044
shopping,الإلكترونيات,26.450466,50.053312
shopping,تكنولوجياللإلكترونيات,26.402018,50.064788
shopping,Suburb of electronics,26.411075,50.004527
shopping,Tel IT& Communication Authorized Maintenance Center,26.443261,50.069213
real_estate,HARAJ Dammam Used Car Center,26.398937,50.014242
real_estate,مجموعة صالح للسيارات,26.402189,50.014069
real_estate,Cars Dealers,26.406347,50.011816
real_estate,شركة ماس الشرقية للسيارات,26.343766,50.196747
real_estate,معرض جزيرة السيارات فرع الدمام الرئيسي,26.398421,50.011406
real_estate,"Al Jomaih Automotive Co (AAC) Dammam Sales, Service and Spare Parts",26.409149,50.137305
real_estate,معرض قمة البرج للسيارات الجديدة في الدمام,26.399987,50.00922
real_estate,Petromin Stellantis Showroom معرض بترومين ستيلانتس -,26.419756,50.086016
real_estate,Western Auto Company Ltd I معرض شركة السيارات الغربية المحدودة,26.409241,50.1334
real_estate,الجميح للسيارات - معرض شفروليه و جي أم سي | Chevrolet & GMC Showroom - Aljomaih Automotive,26.438413,50.116503
real_estate,معرض أحدث السيارات - فرع الدمام,26.402027,50.009906
real_estate,Abdul Latif Jameel Motors – Toyota|عبد اللطيف جميل للسيارات - تويوتا,26.440374,50.070661
real_estate,GAC Motor - Aljomaih Automotive | الجميح للسيارات - جي أيه سي موتور,26.394198,50.152833
real_estate,شيري سنابل الحديثة (صالة عرض) الدمام,26.368626,50.177845
real_estate,معرض السيارات للسيارات,26.397229,50.013496
real_estate,Al Jazirah Vehicles Agencies,26.374222,50.173613
real_estate,Petromin Nissan | نيسان بترومين,26.424411,50.094823
real_estate,Budget Rent A Car | بدجت لتاجير السيارات,26.416714,50.081254
real_estate,Kia Aljabr Showroom Dammam - معرض سيارات كيا الجبر,26.442448,50.114645
real_estate,ريال موترز,26.457419,50.033181
real_estate,AlJazirah Vehicles Agencies Co. OPL,26.398014,50.162791
real_estate,شركة مطية الخير للسيارات - فيكتوري السعودية فرع الدمام,26.401551,50.014857
real_estate,طريق الملك فهد,26.417735,50.083323
real_estate,جيوشيلد الدمام,26.420026,50.086905
real_estate,الجميح للسيارات - شفروليه و جي أم سي مركز الصيانة | Chevrolet & GMC Service Center - Aljomaih Automotive,26.408828,50.137991
real_estate,aljazirah vehicles agencies - Used cars,26.376281,50.170962
real_estate,Khaled Car Showroom,26.420683,50.088794
real_estate,Suhaimi cars,26.403417,50.013618
real_estate,Auto Island Branch Gallery (3) Dammam,26.39717,50.015036
real_estate,معرض نجوم الشرقية للسيارات,26.39556,50.010198
real_estate,Al Shaiban Car Showroom,26.396535,50.010124
real_estate,معرض كلاس للسيارات,26.403708,50.012206
real_estate,معرض مجموعة السلام الخليجية,26.398958,50.009659
real_estate,معرض الظهران الشرقي للسياراتEASTERN DHAHRAN AUTO SHOWROOM,26.402773,50.010965
real_estate,معرض السيارات الجديدة,26.397095,50.008882
real_estate,معرض السعدي للسيارات,26.396563,50.0108
real_estate,معرض البلادي للسيارات,26.397028,50.00669
real_estate,Auto Gulf Co. شركة الخليج للسيارات - معرض الدمام,26.398044,50.016776
real_estate,معرض نايف الهاجري للسيارات - Naif Alhajri Showroom,26.39752,50.009355
real_estate,معرض السمو للسيارات,26.400458,50.012258
real_estate,معرض رموز العطاء للسيارات,26.405431,50.012375
real_estate,معرض السيف للسيارات بالدمام,26.397229,50.015153
real_estate,معرض ديار العز للسيارات,26.400414,50.012169
real_estate,معرض النخبة الماسية للسيارات,26.402879,50.011336
real_estate,Saadi Exhibition Branch 3,26.398595,50.008683
real_estate,معرض أبوسيف الشهري للسيارات,26.396917,50.011135
real_estate,معرض لافي للسيارات,26.395641,50.011968
real_estate,معرض حفر الباطن لسيارات,26.400909,50.01486
real_estate,معرض شبيب,26.396729,50.00699
real_estate,معرض الجنوب للسيارات,26.39681,50.014222
real_estate,الجنوب للسيارات,26.397687,50.013688
real_estate,Auto shop almunasib car,26.400636,50.013749
real_estate,معرض علي الصادق للسيارات الدمام المعارض,26.401422,50.010043
real_estate,صالة السعيد للسيارات,26.441606,50.076713
real_estate,معرض جزيرة السيارات فرع الدمام الثاني,26.401221,50.013808
real_estate,New Dawn Car Est.,26.399837,50.011252
real_estate,معرض جاش للسيارات,26.400329,50.009973
real_estate,Abu molar Motor Show,26.397021,50.013626
real_estate,Exhibition Aloboa,26.396432,50.007582
real_estate,معرض المنطقة الشرقية للسيارات,26.397992,50.014277
real_estate,معرض آل جميح للسيارات,26.399562,50.011003
real_estate,معرض الحليو للسيارات,26.400173,50.009628
real_estate,معرض منارات العين للسيارات,26.397323,50.007891
real_estate,معرض دليل المملكة للسيارات,26.398809,50.009506
real_estate,القرني للسيارات,26.399767,50.013137
real_estate,معرض الظهران الدولي للسيارات,26.398526,50.012673
real_estate,معرض الانجاز للسيارات,26.39904,50.012042
real_estate,وسام الفرسان,26.400446,50.010235
real_estate,معرض الريان للسيارات,26.398561,50.010534
real_estate,معرض ابها للسيارات,26.399826,50.013203
real_estate,معرض الحزام الذهبي للسيارات,26.400153,50.011648
real_estate,Alzayyad Motors,26.399471,50.007584
real_estate,معرض الغصاب للسيارات,26.257307,50.203763
real_estate,معرض الرؤيا الشرقيةللسيارات معرض سيارات,26.404764,50.013935
real_estate,شركة مكارم التميز للسيارات,26.4034,50.012546
real_estate,معرض المركبة الاولى للسيارات,26.396012,50.009139
real_estate,معرض إعتماد الشرقيه للسيارات,26.398376,50.009827
real_estate,معرض البحر الأحمر للسيارات,26.400436,50.01391
real_estate,معرض نجم الصدارة,26.398827,50.009217
real_estate,معرض المالكي للسيارات,26.401045,50.014777
real_estate,معرض الوادي الشرقي للسيارات,26.396786,50.009425
bank,GulfUnion Cooperative Insurance - Claims office,26.440674,50.105022
bank,Al Ettihad Cooperative Insurance Co.,26.439322,50.107256
bank,Walaa Insurance ولاء للتأمين,26.404077,50.014227
bank,Tawuniya Customer Care Center - مركز التعاونية لخدمة العملاء,26.396351,50.043327
bank,Gulf Union AlAhlia Cooperative Insurance Co.,26.412349,50.169893
bank,Tawuniya Insurance | التعاونية للتأمين,26.46187,50.067897
bank,شركة الصقر للتأمين التعاوني المكتب الرئيسي الجديد,26.411576,50.132969
bank,AlRajhi Takaful Retail - تكافل الراجحي للمبيعات,26.43923,50.107719
bank,العربية للتأمين,26.438737,50.107651
bank,Daman Insurance Brokers,26.40762,50.137873
bank,Amana Cooperative Insurance,26.439646,50.107151
bank,المتكامله لتامين,26.420683,50.088794
bank,التعاونية للتأمين,26.402648,50.100946
bank,المجموعة المتحدة للتأمين التعاوني (أسيج),26.439365,50.106972
bank,ملاذ للتأمين - الإدارة الإقليمية للمنطقة الشرقية,26.372918,50.174469
bank,Najm for insurance services | نجم لخدمات التأمين,26.411604,50.1327
bank,بروج للتأمين التعاوني- نقطة بيع,26.439775,50.10744
bank,Tamayouz Insurance Company,26.453671,50.06369
bank,Tawuniya insurance التعاونية للتأمين,26.402863,50.100946
bank,فرع شركة الأفضل لوساطة التأمين,26.492618,50.129521
bank,الشركة الأهلية للتأمين التعاوني فرع الدمام,26.439367,50.107245
bank,شركة اليمامة لوساطة التأمين,26.442127,50.117193
bank,Izar For Insurance Brokerage Co.,26.439504,50.104514
bank,Malath,26.373358,50.174736
bank,Solidarity insurance,26.439562,50.107395
bank,Takaful Al Arabia,26.420915,50.089621
bank,الأولى لوساطة التأمين - First Insurance Broker,26.436331,50.117455
bank,Arabia Insurance Cooperative Company,26.284937,50.197035
bank,ايس لوكالات التأمين المحدوده,26.43236,50.117609
bank,Wataniya Insurance Company,26.31233,50.216437
bank,Saudi Brokers Company For Insurance Brokerage,26.300509,50.192884
bank,United Insurance,26.182688,50.330239
bank,United Insurance - Saudi Borders,26.172631,50.460787
bank,مكتب عالم عناية,26.439241,50.107167
bank,خدمات عامه,26.439808,50.076991
bank,Al Asalah Insurance Broker Company (AIB),26.343549,50.147885
bank,إتحاد الخليج الأهلية,26.439241,50.107167
bank,ACE Gallagher Arabia Insurance Brokers,26.302895,50.208545
bank,الاتحاد المتكامل,26.439445,50.10699
bank,برج الانجاز,26.439238,50.107167
bank,شركة بيت التأمين IHC,26.308016,50.211447
bank,مدارات لوساطة التأمين Orbits insurance brokers,26.429088,50.117094
bank,الوثيقة الشاملة لوساطة التأمين - جبكو - GPCO,26.430126,50.116214
bank,Ghayatcom Medical Care Company,26.410035,50.110334
bank,مؤسسة قوى الأعمال للنسخ والتصوير,26.430929,50.107045
bank,Walaa Insurance,26.328897,50.109178
bank,Aims Gulf Insurance Brokers,26.367406,50.186362
bank,Insurance House Company,24.714065,46.683503
bank,مكتب شريك الانجاز,26.445109,50.095308
bank,انفينيكس,26.487424,50.036721
bank,Independent Insurance Brokers,26.304619,50.209592
bank,شركة الصقر للتأمين التعاوني Al Sagr Cooperative Insurance Company,26.543732,50.020048
bank,الشركة العربية السعودية للتأمين التعاوني - سايكو,26.309419,50.218804
bank,Walaa Insurance @ Aramco Al Mujamma,26.309369,50.129607
bank,Al Wafa Insurance,26.346362,50.145393
bank,ATCO Group Damam,26.438183,50.114237
bank,بروج الاتحاد للنسخ والصق,26.485159,50.033105
bank,Alinma Tokio Marine,26.282798,50.199632
bank,AMIN Insurance Broker Company,24.798009,46.736582
bank,Aljazira Takaful,26.308203,50.176765
bank,ALETIHAD co-operative insurance company,26.370047,50.177498
bank,Tawuniya Insurance | التعاونية للتأمين,26.307367,50.178671
bank,Tawuniya Insurance,26.549186,50.017196
bank,مكتب ابو خالد الخدمات العامه,26.434386,50.101278
bank,صلة الانجاز,26.439566,50.107688
bank,Tameeni,24.845448,46.759176
bank,شركة متكاملة للتأمين - Mutakamela Insurance Company,24.69374,46.726148
bank,BCare,24.795064,46.650613
bank,Daman Insurance brokers,24.670856,46.699818
bank,Arabian Shield Cooperative Insurance Company,24.7023,46.681535
bank,الشركة العربية السعوية للتأمين التعاوني (سايكو),24.692528,46.723985
bank,SAICO Insurance | الشركة العربية السعودية للتأمين التعاوني (سايكو),21.57037,39.143352
bank,Al Yamama Company for trading and Contracting,26.43563,50.113805
bank,Salama Cooperative Insurance Company شركة سلامة للتأمين التعاوني,21.610548,39.155713
bank,Beauty Hub,26.430444,50.104554
bank,Esnad Insurance Brokerage Co. شركة إسناد لوساطة التأمين,24.701036,46.680839
bank,خدمات الوسيط للكمبيوتر,26.441969,50.081029
bank,جنى الدمام,26.420683,50.088794
bank,شركة الصقر للتأمين التعاوني المكتب الرئيسي,26.438188,50.114187
government,Lawyer Mohammed Muslim Office,26.411263,50.064536
government,FAHAD AL TAMIMI LAW FIRM,26.452513,50.126744
government,مكتب المحامية فوزية محمد بوبشيت للمحاماة والاستشارات القانونية والتحكيم والتوثيق,26.458272,50.085115
government,مكتب المحامي عبدالرحمن بن محمد الدوسري للمحاماة والاستشارات القانونية,26.421486,50.089359
government,شركة كافا للمحاماة,26.412967,50.096751
government,شركة اتحاد العصر للمحاماة AsrLawGroup,26.397811,50.09258
government,Lawyer Musa Nashmi Office,26.413467,50.096625
government,شركة الثقة والحماية للمحاماة والإستشارات القانونية,26.380812,50.056433
government,Law firm of Attorney Othman Khalid AlDajani AlOtaibi,26.436634,50.11843
government,Ahmed Abdullah Al-Towyjry,26.452519,50.126708
government,شركة تظافر للمحاماة | TADHAFUR LAW FIRM,26.385753,50.122102
government,ضيدان للمحاماة والاستشارات القانونية,26.391835,50.104689
government,مكتب المحامي والموثق عبدالمحسن بن حسن المرحبي للمحاماة,26.470224,50.123995
government,شركة إتقان المتميزة للمحاماة والاستشارات القانونية الدمام,26.454437,50.113435
government,Lawyer,26.435832,50.087605
government,المحامي ابراهيم عياد المطيري,26.403189,50.064081
government,مكتب المحامي عمر المسلّم lawyer Omar ALMusllm Office,26.411199,50.064486
government,شركة المحامي راشد الدوسري للمحاماة والإستشارات القانونية,26.40511,50.062322
government,مكتب المحامي عبدالله ابوطافش,26.398964,50.044071
government,مكتب المحيط للمحاماة والاستشارات,26.458267,50.085031
government,شركة حصانة قانون للمحاماة و الإستشارات القانونية,26.404943,50.062761
government,شركة مجهود للمحاماة والإستشارات القانونية,26.442146,50.112735
government,مكتب احمد عبيد الحربي للمحاماة والتوثيق,26.419671,50.090749
government,مكتب وليد العنزي محامون ومستشارون قانونيون,26.405119,50.102375
government,شركة أبدأ معنا للمحاماة والاستشارات القانونية,26.451288,50.078634
government,Ryiada Law Firm,26.418849,50.085508
government,شركة تكريس للمحاماه والإستشارات القانونيه,26.458316,50.085153
government,مكتب المحامي والموثق سامي سيف السعيدي lawyer consultant,26.45865,50.083641
government,مجموعة المحامي سعد بن عبدالله الغضيان للمحاماة | ‏saad al-ghadian law firm group,26.401988,50.064738
government,مكتب المحامي والموثق عبدالرحمن النعيم فرع الدمام,26.39999,50.075645
government,Adel Yousef Al-Atallah Law Firm مكتب عادل يوسف العطاالله للمحاماة,26.409476,50.109843
government,شركة عمر العمودي وشركاؤه للمحاماة والاستشارات القانونية,26.37709,50.178551
government,شركة الدكتور عدنان بن محمد الدقيلان للمحاماة والاستشارات القانونية,26.461681,50.078359
government,مكتب هبه سعود الغوينم للمحاماة والتوثيق | Heba Saud AlGhuwinem Law Firm and notarization.,26.414369,50.061104
government,مكتب المحامية زينب ال متروك,26.4681,50.059247
government,شركة اتحاد العرب للمحاماة والاستشارات القانونية,26.402534,50.074693
government,شركة اسامة بن عبدالعزيز بخرجي للمحاماة والاستشارات القانونية,26.452627,50.126638
government,شركة الجنبي والعاشور للمحاماة والاستشارات القانونية والتوثيق,26.494236,50.043316
government,مكتب المحامي رامي الحامد,26.380752,50.056383
government,الموثق فيصل المحيني,26.434913,50.084422
government,أساس المعرفة للمحاماة والتوثيق والاستشارات القانونية والتحكيم والتسجيل العقاري,26.423693,50.104872
government,المحامي مقرن الشويلعي,26.425018,50.060281
government,شركة محاماة صالح بندر الشطيطي,26.431391,50.116426
government,مكتب المحامي عبد الله إبراهيم العلي وشركاؤه,26.405168,50.062467
government,Al Hulaibah Law Firm & Legal Advisors,26.440455,50.111239
government,حذيفة السناني للمحاماة والاستشارات القانونية والتوثيق,26.405236,50.073288
government,شركة المحامي ناصر بن سامي الملحم للمحاماة والاستشارات القانونية Law Firm Nasser bin Sami Almulhim,26.383971,50.062218
government,شركة القسط للمحاماة والاستشارات القانونية والتوثيق alqst law firm,26.421401,50.089014
government,مكتب المحامية داليا احمد الدوسري للمحاماة والاستشارات القانونية والتوثيق,26.402993,50.063927
government,مكتب المحامي عايد بن هادي بن سفر المسردي للمحاماة والاستشارات القانونية,26.423732,50.10469
government,شركة النبراس للمحاماة والاستشارات القانونية,26.428313,50.107626
government,محامي الدكتور سعد الجمعان للمحاماة والاستشارات القانونية,26.410993,50.064542
government,شركة العلي والمطلق للمحاماة والاستشارات القانونية,26.468318,50.044311
government,شركة حبيب حمد الدوسري للمحاماة والاستشارات القانونية,26.418119,50.084118
government,مكتب حمد للمحاماه Hamad Law Firm,26.428344,50.105015
government,SHPL LAW,26.410116,50.097991
government,مكتب المحامي والموثق سعد عفيف العميري,26.408245,50.10866
government,مكتب المحامي رائد الغامدي,26.404657,50.073583
government,شركة إثراء البينة للمحاماة والتوثيق والاستشارات القانونية,26.425495,50.097502
government,شركة سعد خليف العنزي للمحاماة والاستشارات القانونية Saad Khulaif Al-Anazi Law & Legal Consultancy,26.343919,50.148142
government,محامي قضايا اسرية,26.404337,50.054732
government,مكتب المحامي والموثق صالح يحي العمري للمحاماة والاستشارات القانونية,26.394856,50.044741
government,محامي رؤية قانونية,26.442885,50.117199
government,مكتب المحامي محمد بن طلال الدلبحي للمحاماة والاستشارات والتوثيق,26.467632,50.05933
government,مكتب المحامي عبدالله عدنان الزهراني,26.418765,50.085576
government,المحامي عبدالله ال فاهده - محامون ومستشارون قانونيون,26.354537,50.076829
government,مكتب المحامي عمر بن معوضه القحطاني,26.39931,50.043945
government,مكتب المحامي والمحكم الدكتور ناصر بن عبدالله الودعاني حي الضباب الدمام بجوار النيابة العامة بالمنطقة الشرقية,26.411254,50.06441
government,إستشارات قانونية وشرعية محامي في جدة,26.381325,50.056357
government,مكتب المحامي عبدالكريم احمد الشهري,26.420839,50.089736
government,مكتب المحامي سعيد بن صالح آل حميَد الغامدي,26.412794,50.096911
government,مكتب طلال بن عبدالله الزويدي للمحاماة والاستشارات القانونية,26.397363,50.091644
government,مكتب المحامي عبدالرحمن الخشيم,26.379327,50.122372
government,عبدالله بن غانم للحلول القانونية,26.411092,50.064839
government,Lawyer Hamad Al-Qahtani Office,26.417971,50.084225
government,المحامي مبارك الخذامي,26.382152,50.055818
government,مكتب بدر بن فهد الزعبي للمحاماه والاستشارات القانونيه,26.402953,50.063961
government,مكتب المحامي عبدالله الاسمر العنزي,26.405269,50.062457
government,مكتب المحامي الدكتور : صالح بن عبدالله الجربوع,26.413348,50.096811
government,مكتب المحامي عبدالله البلوشي,26.386981,50.105123
government,كيان للمحاماة ، المحامي مناحي الرمالي للمحاماة والاستشارات القانونية,26.389657,50.065054
government,مكتب المحامي خالد حامد الغامدي للمحاماة والاستشارات القانونيه والتحكيم,26.435746,50.087627
government,مكتب ال سعيد للمحاماة والاستشارات القانونية,26.421421,50.089091
real_estate,Dulaiman Travel lounge || الدليمان للسفر,26.406573,50.100881
real_estate,Wejhah for travel and tourism,26.442395,50.121463
real_estate,STARS TRAVEL & TOURISM AGENCY,26.443052,50.099073
real_estate,Al Khodari Travel & Tourism Agency -Main Office,26.44267,50.103567
real_estate,Akbar Travels and Tourism Co. Dammam,26.442694,50.101849
real_estate,وكالة رحالة الشرق للسفر والسياحة,26.47324,50.096441
real_estate,"شركة عالم الاكتشاف للسفر و السياحة "" Mundo tours - موندو للسياحة """,26.381164,50.055676
real_estate,Golden beach travel and tourism,26.441311,50.065223
real_estate,Elite World,26.394448,50.070218
real_estate,AMINCI GULF TRAVEL & TOURISM AGENCY,26.442435,50.103005
real_estate,Dream Destinations,26.442422,50.106629
real_estate,Arab Tours - عرب تورز للسفر والسياحة,26.414873,50.076056
real_estate,Premier Travel & Tours,26.430503,50.103486
real_estate,وكالة الجمان للسفر والسياحة,26.466209,50.036518
real_estate,Ameco Travel Agencies,26.446861,50.095823
real_estate,Al Mouwasat Travel,26.442754,50.11053
real_estate,LastCall Travel & Tourism,26.443522,50.096295
real_estate,فرع وكالة الشاطئ الذهبي للسفر والسياحة مركز العنود التجاري الدور الاول مكتب 4,26.441792,50.071105
real_estate,Real Travel Solutions,26.431448,50.080495
real_estate,Royal Travels Dammam,26.436647,50.106333
real_estate,Fouad Travel Company,26.442423,50.116428
real_estate,EAGLE TRAVEL &TOURISM,26.430802,50.104688
real_estate,Al Wadi Umrah Service,26.443363,50.097515
real_estate,kingdom travels & tourism,26.444433,50.105322
real_estate,Al Khodari Travel & Tourism Agency -Dammam Branch -2 Seiko,26.443008,50.098989
real_estate,Al Suhaimi Travel & Tourism Agency,26.442123,50.1182
real_estate,Flyzed Travel & Tourism,26.440473,50.100841
real_estate,Global Visa Services - Tourist and Business Visa,26.425355,50.097781
real_estate,ITL World - Travel Management Company,26.441949,50.064078
real_estate,مسارات العالم للسفر و السياحة والتأشيرات,26.41301,50.018527
real_estate,World wings travel and tourism,26.44606,50.09673
real_estate,وكالة الكواكب للسفر والسياحة,26.486396,50.038948
real_estate,DADABHAI TRAVEL KSA,26.407272,50.187912
real_estate,ARKAN اركان,26.42096,50.103239
real_estate,FLYTEC TOURS AND TRAVELS,26.44348,50.09741
real_estate,Taibah Agency for Umrah,26.42363,50.096742
real_estate,Fun Travel,26.417641,50.028909
real_estate,المسافر للسفر والسياحة,26.469065,49.797393
real_estate,AL RWAD TRAVEL & TOURISM | وكالة الرواد المهاجرون للسفر والسياحة,26.440296,50.097583
real_estate,Pioneer for Travel,26.394497,50.070339
real_estate,NEW CALICUT TRAVELS,26.443911,50.09767
real_estate,Rikaz Al Sahab Travel & Tourism Co. (Habib Travels),26.440296,50.09872
real_estate,وكالة عبر السعودية للسفر والسياحة,26.442342,50.104311
real_estate,WORLD TRAVELS DAMMAM,26.44256,50.097654
real_estate,Triple Wings travel and tourism agency,26.438944,50.056334
real_estate,Akbar Travels Umrah Services,26.440148,50.097652
real_estate,Noor albatool travel & tourism,26.449171,50.078584
real_estate,Alshafai Travel Agency,26.477204,50.043071
real_estate,وكالة سجى للسفر والسياحة,26.475482,50.046243
real_estate,Comfort Travels Dammam,26.443775,50.098749
real_estate,Sakinat Al-Wafa Tours & Travel,26.431132,50.094153
real_estate,AL- Khodari Travel & Tourism Agency,26.411233,50.033443
real_estate,سفريات الرائد للسفر والسياحة,26.367313,50.079527
real_estate,سفريات الفهاد,26.43361,50.085436
real_estate,Al-Diri Travel and Tourism Saihat,26.494407,50.043173
real_estate,AL Aqsa Umrah services,26.443352,50.097573
real_estate,سما الخبر للسفر والسياحة,26.42586,50.097528
real_estate,Trans Saudi Travel & Tour Agency,26.442527,50.10054
real_estate,السالم للنقل والسياحة Alsalem Transportation & Tourism,26.470284,50.04603
real_estate,Dreamline Tours and Travels,26.443789,50.099759
real_estate,الخطوط البرية العربية للسفر,26.445339,50.091767
real_estate,الهدف للسفر والسياحة,26.377512,50.059703
real_estate,وكالة نجمة السفير للسفر والشحن الجوي,26.444287,50.070001
real_estate,وكالة العوالم للسفر والسياحة,26.451694,50.076711
real_estate,وكالة جناح الخرس للسفر والسياحة,26.356137,50.045642
real_estate,شركة الفارس الدولي للسفر والسياحة,26.441096,50.12294
real_estate,نسمة العربية للسفر والسياحة,26.384675,50.058116
real_estate,آفاق للسفر والسياحة,26.437485,50.092388
real_estate,Saudi Travelers Agency,26.348125,50.141128
real_estate,Safar Point | سفر بوينت,26.474433,50.043756
real_estate,وكالة العيد للسفروالسياحة,26.405696,50.037518
real_estate,Flywings travel & Tourism,26.440505,50.101053
real_estate,أسفار للسفر و السياحة,26.401413,50.085599
real_estate,وكاله الفخامة العالمية للسفر والسياحة,26.452747,50.096775
car_wash,Enterprise Rent-A-Car,26.411915,50.079892
car_wash,Budget Rent A Car | بدجت لتاجير السيارات,26.384549,50.024762
car_wash,Budget Rent A Car | بدجت لتاجير السيارات,26.468693,49.797602
car_wash,Yelo | يلو,26.414197,50.076091
car_wash,شركة فايز لتأجير السيارات Fayez Rent A Car,26.413646,50.075206
car_wash,شركة فايز لتأجير السيارات Fayez Rent A Car,26.365985,50.049846
car_wash,Sixt rent a car Dammam Airport,26.468884,49.796706
car_wash,يهماء لتأجير السيارات - فرع الدمام,26.414629,50.077498
car_wash,Enterprise Rent-A-Car,26.469212,49.797756
car_wash,Enterprise Rent-A-Car,26.418146,50.082755
car_wash,Aljabr rent a car-الجبر لتأجير السيارات,26.384263,50.024726
car_wash,FAA CAR RENTAL | فاء لتأجير السيارات,26.486663,50.051292
car_wash,Rent Car's 76 شركة ٧٦ لتأجير السيارات فرع الدمام,26.427724,50.110236
car_wash,Budget Rent A Car | بدجت لتاجير السيارات,26.442062,50.117038
car_wash,AlRehaili Car Rental,26.41103,50.079773
car_wash,شركة فايز لتأجير السيارات Fayez Rent A car(42Branch),26.411196,50.079667
car_wash,Rent 2 You Rent A Car | رنت تو يو لتأجير السيارات,26.415787,50.078534
car_wash,Hertz Rent a Car,26.468375,49.797596
car_wash,Alamo Rent A Car,26.469212,49.797756
car_wash,Avis rent a car | أيفس لتأجير السيارت,26.39159,50.150431
car_wash,Al Rehaili Car Rental,26.468523,49.796844
car_wash,بدجت المتحدة الدولية للمواصلات,26.380483,50.013233
car_wash,Sixt Rent a Car - DAMMAM KING FAHAD ROAD,26.417735,50.083323
car_wash,شركة الفا الخليج للنقل والخدمات اللوجستية ALPHA GULF MOTOR RENT AND LEASING,26.488292,50.047275
car_wash,Payless Car Rental | بايلس لتأجير السيارات,26.414759,50.077382
car_wash,عرب كار لتأجير السيارات,26.414364,50.077583
car_wash,Key Car Rental المفتاح لتأجير السيارات,26.416355,50.080519
car_wash,دبلومات لتاجير السيارات,26.413935,50.075831
car_wash,رياض الشرق لتأجير السيارات,26.413569,50.075161
car_wash,Yelo | يلو,26.468562,49.797585
car_wash,Easydrive Car Rental Co.(Autorent) in Dammam,26.360626,50.191322
car_wash,Lumi,26.417761,50.083377
car_wash,سيكست Sixt,26.410356,50.126611
car_wash,Theeb Rent A Car,26.414686,50.078487
car_wash,Hazan Rent a Car,26.443783,50.118235
car_wash,آر ايت لتأجير السيارات,26.414269,50.075573
car_wash,الفارس لتأجير السيارات,26.469304,49.797396
car_wash,Yelo | يلو,26.396937,50.017437
car_wash,فانتج لتأجير السيارات,26.414562,50.077562
car_wash,بن هادي لتاجير السيارات - الدمام,26.411737,50.079356
car_wash,بانوراما لتاجير السيارات,26.411725,50.079882
car_wash,Satha Al dammam,26.42003,50.074525
car_wash,Key Car Rental - King Fahd International Airport,26.469094,49.797507
car_wash,Budget Rent A Car | بدجت لتاجير السيارات,26.367472,50.177797
car_wash,Shawamer Rent A Car | شوامر لتأجير السيارات,26.416927,50.081725
car_wash,Payless Car Rental | بايلس لتأجير السيارات,26.41676,50.081274
car_wash,Lumi,26.469027,49.797845
car_wash,Sixt Rent a Car,26.412642,50.07926
car_wash,Al Manar Rent a Car,26.415973,50.080292
car_wash,شركة الشرق المتحدة لتأجير السيارات فرع الدمام,26.414445,50.075659
car_wash,ALSAFI Rent A Car,26.455561,50.09635
car_wash,معرض اوتوزون Autozone,26.465613,50.06036
car_wash,Al Shaikh Car Rental,26.468014,50.042107
car_wash,Hussain For Car Rental Co.,26.442509,50.080686
car_wash,عرب كار لتأجير السيارات فرع الزهور,26.456094,50.096355
car_wash,Dammam,26.394837,50.076656
car_wash,Hertz,26.414332,50.077635
car_wash,هانكو,26.416573,50.08133
car_wash,Thrifty Car Rental - King Fahd Intl Airport Tsh,26.471111,49.797778
car_wash,ذيب لتأجير السيارات,26.468777,49.797634
car_wash,عبدالرحمن لتأجير السيارات فرع الشارع الأول,26.423055,50.113457
car_wash,Al Zumea car rental,26.456065,50.096356
car_wash,Alfaris Rent a Car,26.412349,50.07952
car_wash,Golden Car Company,26.420155,50.123348
car_wash,يلزم لتأجير السيارات,26.414625,50.075682
car_wash,العجمي لتأجير السيارات - الكورنيش,26.458622,50.086807
car_wash,شركة حسين لتأجير السيارات,26.442681,50.118038
car_wash,مكتب سواح لتأجير السيارات,26.416995,50.081867
car_wash,الهوادج لتأجير السيارات,26.416409,50.080667
car_wash,الفرسان المميز(أوتو واي) لتأجير السيارات فرع الاتصالات,26.411449,50.079953
car_wash,Aljabr rent a car-الجبر لتأجير السيارات,26.411679,50.079284
car_wash,الزميع لتأجير السيارات,26.413894,50.078543
car_wash,شركة الخواجة لتأجير السيارات الدمام شارع الملك فهد,26.416571,50.080993
car_wash,تاجير سيارات,26.410401,50.12649
car_wash,ياسر لتأجير السيارات,26.416413,50.08143
car_wash,Frontline services and maintenance,26.434932,50.019074
car_wash,Emdad Technical Services (Hydraulics),26.430673,50.04105
car_wash,wiFEX Authorized Maintenance and Operations Company,26.435931,50.104786
car_wash,Sulaman Technician,26.420683,50.088794
car_wash,صيانة تنظيف مكيفات جميع انواع AC Repairing workshop,26.372073,50.192585
car_wash,FAST Operations and Maintenance Company,26.452578,50.12674
car_wash,Gulf Practical Care Maintenance,26.438745,50.111201
car_wash,Ac Repair Service,26.353766,50.042481
car_wash,Service Equipment Co. شركة آلات الصيانة,26.444963,50.056976
car_wash,Nour Al Watania Maintenance Est.,26.450131,50.052539
car_wash,Maintenance Pulse Company شركة نبض الصيانة,26.377679,50.122421
car_wash,Tiger Achievement Building Maintenance and Repairing Center مؤسسة نمر الإنجاز للصيانة,26.442173,50.097215
car_wash,EWM Dammam| Electrical Works and Maintenance Company,26.429465,50.115945
car_wash,Maintenance Pulse Company نبض الصيانة,26.429384,50.135399
car_wash,Maintenance of cranes,26.917989,49.548218
car_wash,AL-NAJOF AC & CCTV MAINTENANCE,26.432878,50.10457
car_wash,Plant Maintenance Expert,26.451192,50.023209
car_wash,"مؤسسة مجد خالد عبدالله البرقاوي للصيانة""MKAB""",26.421181,50.114114
car_wash,Saudi Building Technic Maintenance Co Ltd,26.291391,50.124616
car_wash,إصلاح مكانس,26.456489,50.071419
car_wash,Al Huwais Maintenance Est.,26.460422,50.020957
car_wash,أفضل شركة صيانة مكيفات,26.438899,50.088332
car_wash,Anwari Al-Alamia Maintenance Car Workshop ورشة سيارة الصيانة الأنواري,26.450537,50.042441
car_wash,Dammam maintenance workshop,26.436955,50.091557
car_wash,Cleaning machine repair,26.269293,49.98277
car_wash,Maintenance department. Maryam arifbin khalaf,26.435728,50.097868
car_wash,Fix Kleen - أفضل خدمات صيانة وإصلاح وتركيب المكيفات.,26.444562,50.114618
car_wash,Samnan for Operation and Maintenance,26.441839,50.074211
car_wash,ورشه منيفه معاشي الشمري MANIFA ADVANCED CAR AC & ELECTRICAL WORKS,26.444711,50.049876
car_wash,SuperFix Dammam,26.443909,50.093213
car_wash,Zero Degree Maintenance,26.46271,50.038699
car_wash,Repairing & Maintenance & plc panelمؤسسة رامز عباس,26.421738,50.171824
car_wash,TOOLMAN,26.445058,50.109634
car_wash,Arab Leadership For Operating & Maintenance,26.364379,50.029133
car_wash,صيانة غسالات اتوماتيك بالدمام,26.442997,50.112404
car_wash,Generators World Corporation for Operation and Maintenance,26.449552,50.037048
car_wash,Zahran Operation And Maintenance Co.,26.240324,49.991141
car_wash,Dammam Saudi Arabia,26.467256,50.007472
car_wash,Arab Company For Project & Maintenance - APM,26.364977,50.207062
car_wash,"Facility Maintenance Building, KFIA",26.479137,49.821936
car_wash,Abdullah AC Maintenance Workshop - الصيانة مکیفات عبداللہ,26.423062,50.096435
car_wash,Saudi Commercial Center Maintenance | المركز التجار السعودي للصيانة,26.243004,50.201992
car_wash,نجم اليمين للصيانة RIGHT STAR MAINTENANCE EST,26.442038,50.099905
car_wash,شركة مدير الصيانة للتشغيل و الصيانة,26.297242,50.210653
car_wash,مركز خدمة ايه سي دلكو الدمام ACDelco Service Center Dammam,26.43327,50.066081
car_wash,صيانة الأجهزة الكهربائية والمنزلية,26.465029,50.092457
car_wash,فنی مکیف ترکیب و اصلاح,26.425187,50.083169
car_wash,Capital Technical Services,26.461479,50.014015
car_wash,مؤسسه صرفه للتشغيل و الصيانة,26.360768,50.032675
car_wash,ATS | اي تي اس | شركة حلول التقنية المتقدمة,26.310688,50.222937
car_wash,"HANA ABDULLAH MAINTENANCE EST. Printer, Photocopy repair shop",26.434972,50.103467
car_wash,Dammam al adama,26.432878,50.10457
car_wash,Al dawasir Dammam,26.448226,50.097603
car_wash,SHAFT Automotive Engineering,26.46009,50.048183
car_wash,Al Khaldi Work Shop,26.445477,50.05188
car_wash,صيانة معدات,26.443217,50.056797
car_wash,AC maintenance services,26.294401,50.194405
car_wash,ZAMIL GROUP TRADE & SERVICES - MECHANICAL SERVICES DEPARTMENT,26.407673,50.131675
car_wash,Ehma3932,26.420683,50.088794
car_wash,زاد الدقة لخدمات صيانة الأفران بالدمام,26.419336,50.089186
car_wash,صيانة الأمل Al Amal maintenance co. الأمل صيانة جميع الأجهزة الكهربا,26.416534,50.076494
car_wash,صيانة جوالات متنقلة,26.421012,50.088482
car_wash,صيانة العيسى هيتاشي و هاس,26.435798,50.104683
car_wash,مركز صيانه,26.444178,50.049894
car_wash,Alesayi Better Life,26.442215,50.082672
car_wash,Al Saif service center for household utensils,26.448764,50.095258
car_wash,شركة الخليج المتحدة لصيانةوتصليح الافران,26.432004,50.097922
car_wash,German Service Center,26.441381,50.050896
car_wash,Rihab al wadi household goods repairing,26.415702,50.076579
car_wash,Apple Authorized Service Center مركز صيانة معتمد من Apple,26.40963,50.109672
car_wash,Casio service centre- صيانة كاسيو,26.442347,50.104132
car_wash,مركز المحترف الدقيق لصيانة السيارات الأمريكية(جمس-فورد-شيفروليه),26.442042,50.053646
car_wash,صيانة جميع الاجهزة الكهربائي,26.431457,50.094133
car_wash,"بيت العربية , مركز صيانة معتمد",26.445364,50.040786
car_wash,‏مركز أحمد حجاج الزهراني للصيانة,26.415527,50.076511
car_wash,مركز المجهر للصيانة | لصيانة الهواتف بدقة واحترافية,26.420142,50.087114
car_wash,Abdul Latif Jameel Motors – Toyota (Spare parts) | عبد اللطيف جميل للسيارات – تويوتا (قطع الغيار),26.441156,50.07042
car_wash,"الدولية للصيانة السيارات | Ford, GMC",26.442133,50.050958
car_wash,Ghurairy Car Maintenance,26.453703,50.047178
car_wash,مركز صيانة كيا الجبر - Kia Aljabr Service Center,26.443493,50.114627
car_wash,Hyundai Quick Service Center,26.399748,50.05094
car_wash,مركز التوقف الاول لصيانه السيارات,26.441954,50.050468
car_wash,الجفالي لصيانة الاجهزة المنزلية,26.394746,50.154614
car_wash,الركن الذهبي لصيانة الحاسب الالي Golden Corner Computer Maintenance,26.424065,50.114132
car_wash,Changan & Deepal Almajdouie Dammam - Al Khair - Service | صيانة شانجان وديبال المجدوعي الدمام - الخير,26.44385,50.04219
car_wash,المسار التقنى للصيانة TechPath,26.421819,50.090307
car_wash,Ensure Services,26.411327,50.133412
car_wash,مـركـز TSM1 لصيانة وفحص جميع السيارات,26.447998,50.049065
car_wash,Al Muetamad Center,26.460872,50.018122
car_wash,DOZN Modern Electronics,26.456445,50.129142
car_wash,شعبة الصيانه و النقل,26.470177,50.021093
car_wash,صيانة جوالات محترف الجوال,26.419927,50.089811
car_wash,صيانة جميع الجوالات,26.444006,50.069231
car_wash,Mazda - Service Center,26.504456,50.037229
car_wash,Nikai Service Centre Dammam,26.448992,50.09385
car_wash,Ohaly Center For Maintenance,26.450567,50.011821
car_wash,Dammam - Service Center - Gulf Advantage Automobiles LLC,26.401314,50.170184
car_wash,صيانة شانجان المجدوعي - الخالدية,26.402438,50.170687
car_wash,المدار السريع لصيانة الأجهزة الإلكترونية صيانه سوني,26.410152,50.05679
car_wash,Abdullah Hashim Co.- Honda Service Center شركة عبدالله هاشم المحدودة - مركز صيانة هوندا,26.406667,50.136347
car_wash,High-end cars Hyundai Maintenance Center,26.450846,50.041401
car_wash,Abdullah Hashim Co.- Honda Service Center & Spare Parts شركة عبدالله هاشم المحدودة - مركز صيانة وقطع غيار هوندا,26.436514,50.033605
car_wash,سالم الشهراني صيانة ضيوف الشرق للاتصالات,26.420862,50.088363
car_wash,محل الجوالات,26.425465,50.085224
car_wash,Lexus Maintenance,26.37268,50.202536
car_wash,مركز كيان الدمام لصيانة السيارات,26.445949,50.051583
car_wash,الوحيد للاتصالات ابو حيدر لصيانة الجوالات,26.443417,50.068421
shopping,Shargia Pets,26.464136,50.03144
shopping,Petshow | متجر بت شو,26.46966,50.092488
shopping,بتس هاوسس Pets Houses‏,26.422118,50.109409
shopping,My Cute Cat - قطتي اللطيفة,26.42476,50.034022
shopping,Blue Jungle Pet Shop,26.420454,50.112049
shopping,Petsy بيتسي,26.361456,50.193476
shopping,Pets Houses بتس هاوسس,26.391168,50.073018
shopping,Rare Birds Pet Supply Store,26.382323,50.055459
shopping,Mohammed A. Al-Abad Trading Est.,26.454507,50.05819
shopping,بيست فرند للحيوانات الأليفة,26.429333,50.076247
shopping,Wonderful fish and birds,26.393013,50.072518
shopping,Pets Houses بتس هاوسس,26.402347,50.100077
shopping,متجر تربية أسماك الزينة | FISH SHOP EST,26.411704,50.055611
shopping,Petmood,26.357491,50.075935
shopping,Live Safari,26.45045,50.119159
shopping,ناتشورال قاردنس,26.425335,50.09744
shopping,Al Rasheed Pet Shop,26.423229,50.104438
shopping,المحيط الازرق للحياة المائيه,26.450838,50.077735
shopping,لعبة قطة,26.439387,50.126281
shopping,JOON PET SUPPLIES,26.423061,50.093646
shopping,سحر الطبيعه (للحيوانات الاليفه والطيور),26.438118,50.122445
shopping,الرعاية الأولى محل الحيوانات الأليفة,26.476537,50.11854
shopping,عصافير للحيوانات الأليفة,26.366988,50.093561
shopping,محل حيوانات أليفة ( الطيور النادرة 2 ),26.373359,50.042424
shopping,vida pet society-ksa,26.456953,50.080722
shopping,Fish and birds,26.392892,50.090972
shopping,جنة الطيور للتجارة فرع الدمام حي الزهور,26.456825,50.096496
shopping,Fox Pet Foundation,26.441683,50.120264
shopping,Amazon Birds Shop,26.468784,50.044478
shopping,وقت أليف للحيونات الأليفة,26.373039,50.041732
shopping,صفير البلبل,26.454472,50.058454
shopping,عالم القطط,26.362991,50.070428
shopping,BEauty Cat للحيوانات الأليفة,26.366243,50.07782
shopping,الرشيد للطيور,26.423218,50.104417
shopping,بتس هاوسس Pets Houses,26.310026,50.169444
shopping,مؤسسة قطوة للحيوانات الاليفة,26.420389,50.111858
shopping,القطط اللطيفة,26.423948,50.116795
shopping,Alia,26.400998,50.116516
shopping,Ramisis pet shop,26.431651,50.122247
shopping,Jannat Altuyoor,26.492226,50.032566
shopping,Trappy Bites,26.391815,50.092249
shopping,وقت أليف للحيونات الأليفة,26.392955,50.09093
shopping,Bird Market Friday Market for Birds,26.442455,50.099265
shopping,عصفورتي الصغيرة,26.405982,50.073112
shopping,منتزة الطيور,26.488743,50.035913
shopping,سيهات لطيور العالمية,26.490562,50.033702
shopping,مؤسسة راكان عبدالرحمن الهديّه للتجارة Gulf Zoo,26.413214,50.112295
shopping,Family pet,26.431749,50.122437
shopping,منتجات الحيوان,26.422052,50.121018
shopping,بيوتي بتس فرع٣,26.37678,50.06096
shopping,الرمح الثلاثي لمستلزمات الطيور والحيوانات الاليفه,26.422787,50.030324
shopping,أليف الشرقية الخبر & Shargia Pets,26.30519,50.194882
shopping,Arad Saddaka,26.433432,50.044446
shopping,Mini Zoo,26.302659,50.181226
shopping,الطيور الساحرة,26.423022,50.039314
shopping,Bird Wings-بيرد وينجز,26.361488,49.970344
shopping,اعشاش للحيوانات الأليفه,26.55967,49.998322
shopping,Zobera,26.574601,50.053313
shopping,اونو مستلزمات حيوانات اليفة UNO,26.56702,50.044579
shopping,Unlimited Nature Pet Shop,26.562583,50.044695
shopping,Black Fish,26.388585,50.063725
shopping,ابداع الطبيعه للحيوانات الاليفه,26.441047,50.123536
shopping,محل عالم سمسم لبيع الحيوانات الأليفة و الطيور و أسماك الزينة و مستلزماتها,24.799254,46.741149
shopping,توليب بارتي بوكيهات تغليف ورود طبيعي وصناعية,26.407238,50.072759
shopping,روزري | Roossry,26.413345,50.116237
shopping,وسام الورد للهدايا,26.412272,50.055032
shopping,Eizu alward عز الورد,26.423094,50.031565
shopping,Floret,26.406255,50.101156
shopping,نقطة ورد,26.358768,50.043917
shopping,منثور للزهور والهدايا Manthor flower shop,26.461902,50.067533
shopping,AVENUE OF ROSES,26.418685,50.090054
shopping,Le Rose,26.401398,50.085789
shopping,Lava Rose لافا روز,26.48467,50.052193
shopping,اكليل الورد,26.438354,50.102546
shopping,أزهار رانيا,26.486845,50.051145
shopping,sky roses,26.438996,50.12623
shopping,Botanique Flower shop,26.362007,50.194965
shopping,ديزي آند روزي DAISY&ROSIE,26.472939,50.047756
shopping,لولو فلاورز,26.473697,50.048014
shopping,Of the Garden,26.469944,50.047667
shopping,Flowers state of natural flowers and gifts,26.476777,50.056681
shopping,Peonia flowers,26.454709,50.06708
shopping,Naqi Flowers أزهار نقي,26.465311,50.117653
shopping,Meram,26.40192,50.099656
shopping,NOORA_JAANA,26.44077,50.11462
shopping,Naseem,26.400235,50.065248
shopping,خيال الورد بوكيهات تغليف ورود طبيعية وصناعية,26.394718,50.044877
shopping,LOOLY FLOWERS للورد والهدايا,26.405125,50.073504
shopping,ازور فلاورز,26.396237,50.104776
shopping,AVENUE OF ROSES,26.373918,50.10328
shopping,First Story الحكاية الأولى للورد الطبيعي والهدايا,26.468447,50.04505
shopping,ڤازة ورد,26.451725,50.06977
shopping,نفائس الورد,26.37955,50.057966
shopping,Florist .بائعة الأزهار,26.474922,50.04579
shopping,لولي روز | ورد و هدايا و تغليف,26.367998,50.078528
shopping,30roses,26.404698,50.083805
shopping,FLOURISH,26.474466,50.125549
shopping,NaseemAlzohoor,26.431772,50.081156
shopping,ترانيم الورد * ورود و هدايا *,26.443728,49.996619
shopping,مؤسسة زاوية المناسبات التجارية,26.432744,50.089438
shopping,ورود سكون حي الشاطئ جوار امازون السعوديه,26.476471,50.125387
shopping,Nissan flowers,26.437821,50.078288
shopping,بي بي روز Baby Rose,26.397849,50.092497
shopping,أغصان ورد وهدايا,26.418198,50.029822
shopping,وردة النهار Day Rose,26.436788,50.130422
shopping,Florero & فلوريرو ورد طبيعي وهدايا ( أطواق الياسمين ),26.480215,50.045901
shopping,Violet Bouquet | باقة بنفسج,26.440843,50.123263
shopping,Sandhu flower shop,26.417102,50.076506
shopping,أرض الزهور البيضاء للزهور Land Of Flowers,26.474862,50.047188
shopping,فريق الورود - Roses Team,26.381599,50.047508
shopping,Flower of Dora the Medal,26.438362,50.100406
shopping,Story of flowers,26.406367,50.072694
shopping,ورود السعادة,26.387775,50.104588
shopping,White Yard وايت يارد,26.476047,50.051407
shopping,The Grove,26.368165,50.080756
shopping,زهور كورتينا للمناسبات CORTINA flowers & events,26.473696,50.035065
shopping,أزهار ليلى | Layla Flowers,26.422085,50.046607
shopping,Valley Rose,26.472776,50.037547
shopping,قافلة الورد - Rose Caravan Flowers,26.393769,50.07235
shopping,Blue Bells,26.40138,50.104501
shopping,ورد الأمنيات للزهور,26.399059,50.095044
shopping,ساريو لجملة الورد,26.422669,50.109752
shopping,اللؤلؤة روز لتجارة الزهور,26.431473,50.080561
shopping,زهرة كالا للزهور والورد الطبيعي,26.421678,50.025115
shopping,زهر المودة 🌿 Zhr Mawada | لتغليف الهدايا وتنسيق الزهور,26.377814,50.048959
shopping,أُنس للزهور وللورود و الهدايا و تنسيق الحفلات ( محل ورد ، ورد ، ورود ، زهور ، هدايا ),26.448459,49.983845
shopping,حكاية ورد,26.454062,50.091939
shopping,مؤسسة الكالة للزهور ورد بالجملة,26.438351,50.102543
shopping,زهور الماضي للورد,26.364775,50.062487
shopping,بيت الروز,26.412726,50.032603
shopping,Flowery,26.382255,50.055391
shopping,ورود وهدايا,26.416105,50.025922
shopping,Al warda alamiya,26.411532,50.046278
shopping,Flower gardens Perfumes,26.439733,50.102205
shopping,Zahoor. Basil.flowers,26.406275,50.082678
shopping,Speaking Roses - HADITH ALROZ,26.467037,50.123204
shopping,Blossom بلوسوم للورد,26.481318,50.046436
shopping,مطعم معازيم الزهور,26.469828,50.045554
shopping,Zohoor Alreef - زهور الريف,26.460914,50.065335
shopping,محل ورد نفائس الجوري,26.430454,50.078503
shopping,ازهار نقي,26.4327,50.082133
shopping,ثانكس فلاور 2,26.410665,49.989587
shopping,Fragrant,26.412884,50.095385
shopping,زهور الريف,26.392054,50.037996
shopping,روائع سيجان للاثاث و الزهور والاشجار الصناعية والورود,26.425399,50.067243
library,BOOK HIVE,26.434878,50.106534
library,Jarir Book store/ opening soon,26.467624,49.797539
library,The Society Of Otaku & Gamers (SOOG),26.407587,50.066033
library,kingdom of books,26.429982,50.077492
library,Darussalam Book Shop مكتبة دار السلام الخبر,26.293664,50.210741
library,Jarir Marketing Company,26.435574,50.102374
library,الحديثة للقرطاسية,26.426067,50.086026
library,تجارة رقمية,26.468291,50.045599
library,Jarir Bookstore | مكتبة جرير‎,26.354883,50.208835
library,Tafaseel Concept Store تفاصيل,26.476653,50.042872
library,مركز خدمات الطلاب,26.42021,50.087333
library,مكتبة الحجاز,26.420936,50.102755
library,وكالة ضوء للدعاية والاعلان,26.487359,50.03586
library,Tammimi shopping Center,26.372418,50.178638
library,مكتبة برق الشرق للقرطاسية,26.439215,50.107358
library,Wahat al mareefa stationery &company,26.403053,50.100753
library,Ajyal Book Shop,26.419586,50.074036
library,Jarir Bookstore | مكتبة جرير‎,26.291452,50.1798
library,مؤسسة غاية التعلم التجارية,26.426399,50.094348
library,STATIONERY DEPARTMENT STORE,26.442592,50.100387
library,مكتبة الراشد,26.486333,50.035258
library,مکہ,26.444578,50.087176
library,Kings Way Trading -school office stationary,26.436414,50.103427
library,Dammam,26.435275,50.08767
library,مكتبة وقرطاسية أشبال الطف,26.491007,50.030764
library,Souq Al Hub,26.444013,50.102604
library,Al-Wafa Technical Binding,26.441851,50.078369
library,مكتبة اضواء الرياض الدمام لبيع الكتب المصري,26.454499,50.092116
library,مكتبة عصر الأجيال القرطاسيه والخدمات العامه,26.413234,50.020069
library,Al fajer book store,26.571013,50.080305
library,Moon Tale for Children and Adolescents Library,26.564909,50.036535
library,مكتبة بوكيش | Bookish,26.543663,50.020434
library,AlSaffar Stationery,26.548551,50.016478
library,قرطاسية و مكتبة واحة الوراق,26.369557,50.066057
library,مكتبة الوراقة,26.51345,49.980328
library,Al-Mujtama,26.293882,50.210999
library,قرطاسية واحة المعرفة,26.366073,50.070699
library,مكتبة مجرة الثقافية Bookstore and more,26.592062,50.020319
library,شركة روائع الكتب التجارية,26.436278,50.102258
clinic,مختبرات الفارابي الطبية فرع الدمام | AlFarabi Medical Laboratories,26.457937,50.061437
clinic,مختبرات وريد الطبية فرع سيهات,26.481306,50.046543
clinic,Alfa Labs,26.4346,50.117756
clinic,مختبرات دلتا الطبية | فرع عمربن الخطاب الدمام Delta Medical Laboratories,26.427147,50.043383
clinic,Al Arab Medical Labs,26.412617,50.096396
clinic,First Laboratory مختبر فرست للتحاليل الطبية,26.461385,50.07821
clinic,(Ejada Labs) مختبرات إجادة,26.427042,50.169082
clinic,مختبرات دلتا الطبية الدمام حي الزهور Delta Medical Laboratories,26.458763,50.083839
clinic,مختبرات دلتا الطبية فرع حي الحمراء Delta Medical Laboratories,26.473259,50.096424
clinic,(GCC Lab) GCC Electrical Testing Laboratory HQ,26.402257,50.126164
clinic,ATECO Civil Testing Laboratory,26.465151,50.037397
clinic,ALS Arabia Dammam,26.442764,50.113312
clinic,Al Borg Diagnostics,26.452863,50.070705
clinic,Emirates Laboratory for Soil and Test,26.469548,50.045209
clinic,Al Hokail Laboratories - مختبرات الحقيل,26.406,50.101324
clinic,مختبرات الفارابي الطبية فرع القطيف | AlFarabi Medical Laboratories,26.530687,50.030562
clinic,مختبرات الفا الطبية - الدمام,26.398955,50.044192
clinic,Central Lab for Foods and Environmental Studies,26.395311,50.135257
clinic,Element Dammam - Saudi Arabia,26.257583,49.984782
clinic,Al Borg Diagnostics,26.436713,50.118433
clinic,Amri Medical Laboratory مختبرات أمري الطبية,26.343919,50.184855
clinic,ITIS Soil & Materials Testing Laboratory - مختبر التكامل التقني لفحص التربة والمواد,26.400755,50.152418
clinic,مختبر الكفاءة لمواد البناء,26.434341,50.019522
clinic,مختبر القمة الذهبية لمواد البناء GSL,26.442474,50.016103
clinic,hakeem labs - مختبرات حكيم,26.412211,50.096677
clinic,Cyborg Lab Orthotics and Prosthetics,26.46327,50.063111
clinic,SFDA Dammam Food Control Laboratory,26.470323,50.192913
clinic,Al Wazzan Lenses,26.463347,50.038066
clinic,Mekyal for Technical Consultations and Labs,26.462647,50.033099
clinic,Bureau Veritas Saudi Arabia for testing services,26.463936,50.189052
clinic,GCC Lab Conformity Assessment Company - Petroleum Products Testing Lab (formerly MOTABAQAH),26.465657,50.190349
clinic,Al Borg Diagnostics,26.395733,50.070263
clinic,RICI Company Ltd. (Dammam Branch) Material Testing - Inspection - Calibration,26.392608,50.159098
clinic,ADVANTAGE CALIBRATION AND TESTING SERVICES,26.446482,50.079202
clinic,Geotechnical Testing Center,26.425675,50.058008
clinic,GCC Lab for Calibration Services ( GCS ),26.413833,50.159239
clinic,Lab Technologies,26.452986,50.126757
clinic,Gulf Star laboratory for environmental and fooding test,26.536121,50.023615
clinic,Ziebaq Technical Company Ltd - Cleanroom Solutions | laboratory Furniture,26.425,50.060299
clinic,Petrol and petrochemical Company for Industrial support services (PETROCHEM),26.260965,49.955498
clinic,Vision Energy Solutions Company - VESCO,26.37585,50.122367
clinic,Kemya Water Laboratory,26.437228,50.118401
clinic,WATAD SOIL LABORATORY COMPANY,26.411053,50.136827
clinic,IKHTEBAR Company Limited,26.396232,50.143003
clinic,GCC Electrical Testing Laboratory - Saudi Aramco Lab,26.311167,50.09629
clinic,مختبر وتد التربة لمواد البناء,26.411111,50.136667
clinic,مختبر ديار الهندسة لمواد البناء Diyar engineering,26.385212,50.139367
clinic,GCC Lab Conformity Assessment-Inspection Center-Dammam,26.465557,50.18996
clinic,الشركة الجيوتقنية و البيئية لفحص التربه,26.474609,50.002553
clinic,ITS-Inspection & Technical Survey Company,26.477937,50.008812
clinic,الكعبي للتجارة والمقاولات | Al-Kaabi Trading And Contracting,26.377922,50.122349
clinic,"GLOBAL INSIGNIA - Calibration, Hydraulic, High Pressure Testing Services",26.400475,50.16286
clinic,World Sunrise Maintenance for Calibration,26.437297,50.054221
clinic,AVMLabs W.L.L - Top Medical Laboratory in Al khobar,26.287657,50.206292
clinic,Zamil Company,26.264726,49.976795
clinic,Layers Dental Lab,26.407465,50.188116
clinic,المختبر الدمام,26.470076,50.191996
clinic,The Coffee Lab,26.384082,50.054703
clinic,مختبر الهلال الطبي-Alhilal Medical laboratories,26.315072,50.222589
clinic,مختبرات الفارابي الطبية فرع الخبر | AlFarabi Medical Laboratories,26.29152,50.197955
clinic,شركة مختبر هامات جيوتيست,26.39309,50.091476
clinic,Enigma Genomics- مختبر الوراثة الطبي,26.353944,50.077261
clinic,مختبر القحطاني الجيومكاني,26.403473,50.042951
clinic,MT-Enterprises,26.414648,50.159748
clinic,Advanced Metrology LLC,26.416129,50.123486
clinic,شعبة المختبرات الجنائية بالمنطقة الشرقية,26.448182,50.102431
clinic,Kodak Express,26.402266,50.100026
clinic,مختبر اضطرابات النوم - مبنى ١٦,26.409953,50.100097
clinic,AIM Inspection & Calibration Services,26.418642,50.110654
clinic,معمل الابتسامه الصافيه . Pure Smile,26.429035,50.104632
clinic,eyewa Dareen Mall - ايوا دارين مول,26.461258,50.064958
clinic,Vision Correction,26.434131,50.085786
clinic,Al Wazzan Vision Buhaira,26.468638,50.060377
clinic,Optical Club Al Nakheel Mall Dammam - اوبتيكال كلوب النخيل مول الدمام,26.391737,50.037691
clinic,Eyelash Optic,26.402926,50.100886
clinic,AL-DULIMAN OPTICS الدليمان للبصريات,26.406405,50.100972
clinic,Al Wazzan Vision Dammam,26.444126,50.104824
clinic,نظارات السلمان | AlSalman Optics,26.458558,50.088575
clinic,Optical Corner ركن النظارات,26.414564,50.078124
clinic,‎الرؤية المبتكرة للنظارات / innovative vision optical,26.443286,50.104504
clinic,VISION OPTICALS ( نظارات فجن ),26.443553,50.104534
clinic,Al Lazik Optical,26.426584,50.071249
clinic,Doctor M - Buhaira Plaza | دكتور ام - البحيرة بلازا,26.468379,50.060526
clinic,eyewa Alfaisaliah - ايوا الفيصلية,26.399553,50.067112
clinic,أصل التفاؤل للبصريات - الفرع الرئيسي,26.433859,50.085498
clinic,Abeer Opticals - Dammam,26.444104,50.094172
clinic,Al Wazzan Vision Saihat,26.484625,50.039683
clinic,eyewa Othaim Mall - ايوا العثيم مول,26.40022,50.116863
clinic,نظارات المدينة | Almadina Optical,26.433901,50.085476
clinic,eyewa Nakheel Dammam - ايوا النخيل مول الدمام,26.391168,50.037539
clinic,Optic Zone Head Office,26.444036,50.104446
clinic,Al Bashawri Opticals - Seiko Dammam,26.443354,50.104605
clinic,اي اوبتيك العبدالوهاب للبصريات,26.443205,50.104497
clinic,Eye glasses abdulwahb gornata,26.426722,50.071153
clinic,زيار للنظارات فرع الدمام,26.401953,50.039316
clinic,Al Wafa Optical وفا الضوئية,26.415865,50.025211
clinic,د.أوبتك | Dr.Optic للنظارات,26.365449,50.069611
clinic,دكتور ام - دارين مول,26.461368,50.064937
clinic,Al Bashawri Opticals,26.436304,50.117852
clinic,نظارات النديم ALNADEEM OPTICALS,26.443695,50.104339
clinic,الجفون للنظارات,26.418251,50.028555
clinic,eyewa West Avenue - ايوا ويست افينو,26.386985,50.07515
clinic,eyewa Gulf Rd - ايوا طريق الخليج,26.456578,50.117047
clinic,Magrabi - Al Khaleej Street | مغربي - شارع الخليج,26.458757,50.088391
clinic,ديم للبصريات | Deem Optics ايلاش حاليا,26.37894,50.058921
clinic,Sahil Optical | الساحل للبصريات,26.412918,50.070712
clinic,Al Wazzan Vision An Nur,26.423141,50.029145
clinic,نظارات عالم العدسات,26.402232,50.064551
clinic,نظارات ايزون فرع الدمام-مجمع جرير,26.40895,50.109335
clinic,المختص للنظارات,26.426772,50.071166
clinic,Doctor M - Shatea Square,26.455397,50.118497
clinic,AL-DULAIMAN OPTICS الدليمان للبصريات,26.303451,50.16945
clinic,Fakeeh Vision Al Nakheel Dammam Mall | بصريات فقيه النخيل مول بالدمام,26.391494,50.037531
clinic,٩٩ للبصريات 99 Optics,26.371309,50.064584
clinic,الدليمان للبصريات AL DULIMAN OPTICS,26.290316,50.180333
clinic,Lenskart at Nakheel Mall,26.391034,50.037497
clinic,New Eyes مركز نيو ايز للبصريات - فرع سيهات,26.484732,50.040035
clinic,مقلة للبصريات,26.404844,50.037926
clinic,altafaool optical,26.433258,50.08554
clinic,Nazarat Attafa'ol Optics,26.415964,50.115916
clinic,نظارات السلمان | AlSalman Optics,26.408858,50.109104
clinic,درة العين للبصريات,26.440864,50.117829
clinic,نظارات عالم العدسات,26.379692,50.058396
clinic,MAGRABi - Al Shatea,26.454522,50.122251
clinic,Rose Eyes Opticals,26.442961,50.104511
clinic,Saudi Optics,26.475452,50.04378
clinic,Al Wazzan Vision Andalus,26.430059,50.066142
clinic,نظارات العنود,26.443183,50.104655
clinic,Sahil Optical | الساحل للبصريات,26.409028,50.109253
clinic,الاطار الازرق للنظارات,26.371019,50.064898
clinic,عالم روما للنظارات | ROMA WORLD,26.378732,50.059183
clinic,نظارات السلمان | AlSalman Optics,26.391494,50.037531
clinic,نظارات العنود,26.426599,50.071189
clinic,آيلاش للبصريات,26.402895,50.064064
clinic,نظارات الزريق,26.443961,50.104444
clinic,الاطار الازرق للنظارات,26.426689,50.071088
clinic,الدليمان للبصريات AL DULIMAN OPTICS,26.391357,50.037974
clinic,نظارات السلمان | AlSalman Optics,26.39406,50.078682
clinic,الجوهرة للنظارات,26.459425,50.06117
clinic,الفروان للبصريات,26.402739,50.038688
clinic,شعاع العين للنظارات eye ray,26.360488,50.074369
clinic,نون المتطورة للبصريات,26.412651,50.054546
clinic,نظارات ايزون فرع الفاخرية- الدمام,26.371258,50.089847
clinic,شركة حداد للنظارات,26.4582,50.061387
clinic,عبدالوهاب للنظارات فرع القزاز عيون,26.434058,50.085633
clinic,نظرة ديم للنظارات Deem vision optical,26.444329,50.104606
clinic,شركة خبراء النظارات,26.401386,50.085557
clinic,Sunglass Hut,26.391183,50.037447
clinic,الحكير للنظارات,26.443564,50.104357
clinic,MAGRABi - Al Faisaliah Plaza,26.403312,50.056312
clinic,مغربي للبصريات - النخيل مول - المنار,26.391651,50.037083
salon,Hana Massage spa,26.453013,50.130883
salon,مساج بيور سبا الفيصلية PURE SPA,26.401635,50.063999
salon,Mountain Touch Spa | مساج لمسه الجبل,26.422231,50.113462
salon,مساج العناية بالراحة Relax care,26.405019,50.073579
salon,Maya Spa center,26.471917,50.086426
salon,حرير سبا,26.45734,50.080743
salon,Royal Spa & Massage Khobar,26.415087,50.067266
salon,Massage dammam spa,26.455931,50.097063
salon,مساج صحه القوام الرياضي والحمام المغربي,26.449211,50.094078
salon,مساج بوابة الاسترخاء الزهور,26.453753,50.081331
salon,Green Valley Massage & Spa Khobar,26.440564,50.104287
salon,Massage Dammam Salam,26.455188,50.105687
salon,مساج بوابة الاسترخاء طريق الملك فهد,26.406623,50.059361
salon,مركز زاوية الاسترخاء الرياضي,26.369013,50.079913
salon,ALFA SPA ألفا سبا,26.40331,50.07138
salon,مساج وقت السعادة للمساج والحمام المغربي,26.400602,50.086186
salon,مساج بوابة الاسترخاء الريان,26.404636,50.102332
salon,"SABRA Spa, Salon & Gym",26.427424,50.097565
salon,Oasis Massage Spa,26.41369,50.031713
salon,مساج بوابة الاسترخاء الشاطئ,26.456463,50.127273
salon,مركز بنفسج السبا الرياضيه/ violet spa sports center,26.341345,50.03623
salon,مساج لحظة الهدوء/عرض99 ريال!,26.377697,50.049041
salon,Massage Spa,26.301813,50.179063
salon,Massage Arabia Dammam Summer,26.449102,50.095181
salon,Massage tag Asian,26.425496,50.035597
salon,AK SPA,26.359522,50.074475
salon,Nine spa and Massage,26.399806,50.065556
salon,Paris Massage spa center,26.363826,50.074329
salon,Abdhan Massage,26.407547,50.059687
salon,Male Massage SPA Center,26.43133,50.085724
salon,Lilas Spa,26.493739,50.124344
salon,Massage Dammam Relax Vip,26.437438,50.094813
salon,مساج عالم السكون(1) للمساج والحمام المغربى 24ساعه,26.460959,50.092441
salon,مركز التدليك الصخري La rocky spa,26.486733,50.043101
salon,مساج هدوء الشرق - حي النزهة,26.404982,50.10719
salon,D.SPA,26.371295,50.095108
salon,Massage Moroccan Bath,26.46807,50.086162
salon,مساج هدوء الاسترخاء الدمام حي الفيصلية 24 ساعة,26.377664,50.060154
salon,Al adamah Dammam,26.449941,50.090678
salon,سبا كورنر للمساج,26.494242,50.044055
salon,منتجع المزرعة الحديثة,26.478584,50.026665
salon,Asalah Spa,26.372874,50.099871
salon,Belong Spa,26.531322,50.026829
salon,Massage luxury dammam,26.436108,50.088108
salon,ايفا بيوتي سبا الدمام,26.397224,50.088312
salon,SONRISA SPA,26.414408,50.117129
salon,Massage spa,26.411727,50.056415
salon,Al-Saada Spa,26.41537,50.081021
salon,Leen لين,26.398021,50.079425
salon,مركز اكسير الشباب للمساج والتدليك,26.453756,50.080717
salon,مساج هدوء الشرق حي الندى,26.366385,50.069946
salon,مطعم صاج سبا,26.440865,50.049972
salon,مساج مارينا سبا طيبه,26.365313,50.0491
salon,الما سبا,26.413645,50.116687
salon,MAVA Nails & Hair SPA,26.440862,50.123171
salon,مساج واحة سبا| عرض 99 | مساج منزلي,26.398243,50.093297
salon,BAHY NAIL SPA,26.349187,50.050764
salon,صالون كيتي سبا,26.468157,50.043831
salon,مطعم سبأ للمأكولات اليمنية,26.46237,50.064433
salon,سبا فندق الشيراتون,26.452965,50.12057
salon,مساج ارض الاسترخاء فندق جولدن توليب,26.457709,50.096273
salon,مساج هدوء الشرق,26.444511,50.118334
salon,مساج آرض البابونج الدمام,26.459007,50.080316
salon,مساج ليو,26.468715,50.086688
salon,جولدن تايم سبا | GoldenTime Spa,26.4594,50.093913
salon,عطارة سبأ,26.441343,50.065709
salon,Relax Rules,26.40545,50.113718
salon,HCare for Massage,26.45311,50.130696
salon,بيوتي ويڤ صالون و سبا | Beauty Wave Salon & Spa,26.367846,50.092728
salon,مركز فن ستار للمساج,26.458197,50.061921
salon,مطعم صاج سبأ (فرع الحياة بلازا),26.445131,50.067955
salon,أجمل لحظة للمساج العلاجي و الرياضي,26.452494,50.073915
salon,صالون وسبا لافندر تاتش | Spa Lavender Touch,26.462181,50.121273
salon,LOUIE SPA,26.489947,50.133547
salon,The H,26.360599,50.074236
salon,مركز الرجل اللامع للمساج الدمام,26.441396,50.122402
salon,Herbal Leaves Salon,26.452932,50.129609
salon,خياط سبأ,26.446251,50.098673
salon,مطعم سبأ,26.445995,50.099491
salon,صالون انا أهتم iCare,26.411507,50.046405
salon,Adam's Republic,26.462245,50.121286
salon,صالون صائد الشعر للحلاقه Hair Hunter Barbershop,26.416005,50.113587
salon,صالون حلاقة اسود💈Black Barber Shop,26.454958,50.068789
salon,صالون وجوه للحلاقة,26.370666,50.084834
salon,صالون الجمال الرائع,26.352315,50.049468
salon,حلاق ذا بيربر ستي - the barber city,26.421344,50.090826
salon,Don Barbero Men’s Care Salon,26.391416,50.178084
salon,GROOMIFY BARBER SHOP,26.370606,50.084712
salon,صالون ثمانية وتسعون درجة للحلاقة الرجاليه 98 dgree barber shop,26.37752,50.060447
salon,صالون أراكم للحلاقة الرجالية 5 نجوم,26.365934,50.037765
salon,صالون مقص بدر,26.458482,50.090156
salon,Reshaved Men’s Care Salon,26.388394,50.178401
salon,صالون سفن ديز للحلاقة,26.447031,50.089894
salon,Trendy Cut صالون ترندي كت,26.466017,50.081543
salon,صالون ريح بالك للحلاقة الرجالية,26.460922,50.092596
salon,25 MIN salon for men,26.48862,50.128959
salon,صالون فاخر وراقي للحلاقة الرجالية L&E barber shop,26.435837,50.047011
salon,حلاق الراقي الشرقي,26.42163,50.035553
salon,Barber Faded,26.482245,50.050839
salon,صالون الرسام,26.419366,50.032048
salon,Barbershop صالون ستة و تسعون 96 للحلاقة الرجالية 96,26.385266,50.044548
salon,MR99-اناقة غرام سيهات,26.473353,50.048198
salon,ركن الرجل,26.350808,50.073442
salon,صالون الرجل الوحش,26.406111,50.058289
salon,صالون النجوم الذهبيه الجديد,26.417186,50.050863
salon,Black Hole,26.455761,50.088924
salon,DeeLeLa Barber Shop صالون ديليلا,26.453635,50.09649
salon,حلاق رحاب الخليج,26.457249,50.08078
salon,Kerala Barbershop,26.443109,50.105339
salon,Mumbai Saloon,26.43484,50.106993
salon,Vintage Barbershop,26.365338,50.094633
salon,صالون الموعد (Barber turkey),26.410537,50.056622
salon,SECRET VIP,26.484596,50.052303
salon,Dapper Barbershop KSA,26.343983,50.147707
salon,Diamond barber - الرسم الماسي,26.371835,50.086704
salon,One million,26.454185,50.091942
salon,RAMAAL Al BUHAYRA. صالون رمال البحيرة للحلاقة,26.456206,50.08899
salon,صالون أناقة مراكش للحلاقة الرجالية || AM Barbers🇲🇦,26.373165,50.100847
salon,Tri Barbershop,26.463936,50.12082
salon,صالون ليفل للحلاقة الرجالية | Levl Barbershop,26.288856,50.217667
salon,Shavery Salon شيفري للحلاقة,26.333415,50.184171
salon,صالون كوف للحلاقة BARBER,26.36761,50.067763
salon,صالون مقص ضاري للحلاقه الرجاليه,26.437316,50.036529
salon,صالون VALi - للعنايه بالرجل - الخبر,26.30129,50.216448
salon,Barbershop Sadafa Al-Reem,26.451216,50.096769
salon,صالون شباب الفاخرية للحلاقة الرجالية والاطفال,26.359837,50.094794
salon,Albashiq Barber Shop,26.37717,50.060553
salon,Isloob Al-Hilaqa,26.465927,50.081552
salon,My Apartment,26.421716,50.075923
salon,حلاق ربع القمر للحلاقة الرجالية والاطفال,26.392063,49.994937
salon,B✂️RBERO,26.470843,50.047647
salon,Ceylon Star Sri lankan saloon,26.439187,50.11226
salon,صالون انامل یاسر,26.423132,50.096711
salon,Karamna Barber Shop صالون كرمنا للحلاقة الرجالية,26.349994,50.049807
salon,حلاق الموس الاسطوري,26.426216,50.080518
salon,الحلاق,26.452405,50.09108
salon,صالون فيحاء الشرقية للحلاقة الرجالية والأطفال,26.393924,50.097247
salon,حلاق اطفال البراعم الدمام -Kids Barbershop Damam,26.396732,50.044031
salon,صالون قمر الفيحاء,26.425397,50.03523
salon,Al-Mubdi' Men's Hair Salon,26.441895,50.082045
salon,الصالون الطائر,26.416042,50.025568
salon,صالون إسطوره طيبه,26.365397,50.061756
salon,صالون ليالى النخبة للحلاقة الرجالية,26.369579,50.058307
salon,حلاق الفضاء,26.465056,50.092607
salon,صالون حلاقة أناقة الفنان للحلاقة الرجالية,26.431453,50.071505
salon,صالون صفوه النخبه للحلاقه الرجاليه,26.419592,50.022472
salon,صالون (حلاق)ركن الرجل للحلاقه,26.416909,50.026206
salon,صالون الوجاهة,26.407933,50.035212
salon,Salon Morni Hairstyle,26.436878,50.12914
salon,صالون خدمة الرجل,26.418837,50.089928
salon,صالون روعة الدبلوماسي,26.358983,50.044331
salon,حلاق شباب العمدة للحلاقة,26.364197,50.039322
salon,حلاق الجنان,26.484733,50.039947
salon,صالون و حلاق 51 للحلاقة الرجالية,26.430918,50.0414
salon,Moon Face Barber Shop,26.43767,50.128931
salon,‏صالون دار التميز,26.425309,50.024081
salon,خياط المبروك | Mabrouk Tailor,26.435263,50.101179
salon,Adal Tailor أدال للخياطة,26.384104,50.054173
salon,أفنان الشرقية للخياطة الرجالية,26.436688,50.101062
salon,خياط رموز الجزيرة للخياطة الرجالية و مستلزمات رجالية rumuz al jazeera Men's clothing tailor,26.423234,50.106278
salon,Tsar embroidery tailor,26.431324,50.09681
salon,زي المستشار,26.393221,50.072307
salon,خياط قياس الدمام - حي المنار - شارع ابو بكر الصديق,26.383863,50.054297
salon,أوس للخياطة الرجالية,26.401509,50.064111
salon,Kashkha Tailor - 2,26.406461,50.059073
salon,تصميم ركين للخياطه الرجاليه,26.396906,50.090656
salon,Pakistani tailor,26.433256,50.062413
salon,Udayn Tailor,26.434715,50.101479
salon,خياط الثوب الرسمي,26.424274,50.044737
salon,مشغل عبدالله حماد للخياطة النساهية . Ladies tailor shop,26.412538,50.112599
salon,Tailor,26.420683,50.088794
salon,المثالى للخياطه الرجاليه,26.380188,50.056688
salon,خياط قياس الدمام - الفيصليه - شارع عمر بن الخطاب,26.405397,50.060634
salon,ركن البرنس للخياطة الرجالية,26.413485,50.05411
salon,خياط الراقي السوداني,26.429038,50.094037
salon,Stitch Tailor مشغل نفذة ابرة,26.397981,50.092936
salon,Creative Design tailors dammam,26.445832,50.10162
salon,خياط السعادة للخياط الرجالية,26.434366,50.093257
salon,الإختيار الحديث للخياطة الرجالية,26.439563,50.083047
salon,خياط قياس,26.413646,50.096335
salon,ARAB TAILOR SERVICE,26.431999,50.096431
salon,East Yaqeen Plus Tailor,26.447068,50.088147
salon,خياط رجالي الكسائي,26.424181,50.085074
salon,PAKISTAN TAILOR SHOP,26.443278,50.096279
salon,أشاهر للخياطة الرجالية,26.39728,50.067713
salon,آفاق الإنتاج لخياطة الزي الموحد Production horizons for sewing,26.432844,50.089489
salon,Dhaka Tailors,26.441527,50.101117
salon,He & she tailoring shop,26.443134,50.100555
salon,خياط برج المنصة للخياطة الرجالية,26.423556,50.079579
salon,رداء السمو للخياطة الرجالية,26.406229,50.082707
salon,Glory Gents Tailoring Tailor,26.469381,50.092551
salon,خياط شمس الجزيرة للخياطة الرجالية ومستلزمات الرجل,26.402062,50.039187
salon,خياط الفرسان,26.434937,50.102161
salon,فن الآفاق للخياطة الرجالية,26.412171,50.055027
salon,التاج للخياطة الرجالية,26.44214,50.112969
salon,خياط عاطف | Atef sewing,26.440981,50.118202
salon,خياط نبراس القمة للخياطة الرجالية,26.42355,50.079547
salon,tailor and suit makers(Fashion Tailer and Suit),26.2843,50.214439
salon,خياط النجمه الذهبيه,26.444189,50.101342
salon,India tailor,26.441287,50.101262
salon,خياط فخامة الامجاد للخياطة الرجالية,26.418306,50.028471
salon,خياط جديد سبا,26.402801,50.038757
salon,اثواب الخيالة,26.40159,50.105086
salon,خياط الفخامة الحديث للخياطة الرجالية,26.422293,50.078123
salon,Royal Tailor,26.442046,50.099907
salon,خياط رداء القمة للخياطة الرجالية ( سابقاً خياط الأسد للخياطة الرجالية ),26.441684,50.122581
salon,خياط ملبس اليخت,26.395299,50.104746
salon,خياط ثوب المراسيم للخياطة الرجالية,26.403879,50.038566
salon,خياط ديباج,26.383906,50.054222
salon,أناقة الرواد للخياطة الرجاليه,26.424101,50.081695
salon,Darraz Tailoring | دراز للخياطة الرجالية,26.340301,50.037557
salon,For men tailoring للخياطة الرجالية,26.443864,50.09847
salon,BOMBAY TAILORS,26.440385,50.102264
salon,Fabric Code | فابرك كود,26.420935,50.10287
salon,الاختيار الأول,26.397473,50.067639
salon,خياط بلقيس,26.424274,50.083436
salon,الجزيرة والخليج للخياطة الرجالية,26.444309,50.102124
salon,خياط الخليج والجزيرة للخياطه الرجاليه,26.412579,50.054533
salon,الصحراء العربية للخياطة الرجالية,26.415873,50.052057
salon,خياط عالم الانصار,26.347467,50.049549
salon,خياط كشخة,26.40301,50.039151
salon,النساج للخياطة الرجالية,26.40903,50.057928
salon,زيدان للخياطة الرجالية فرع الدمام,26.382278,50.05575
salon,خياط عالم الأنصار للخياطه,26.404384,50.038189
salon,اتجاه الشرقية للخياطة الرجالية,26.434315,50.093257
salon,الاسطوره للخياطه الرجاليه,26.381653,50.056677
salon,خياط الحورة,26.436667,50.100733
salon,خياط النصار للخياطه الرجاليه الحديثه,26.418971,50.110954
salon,الانجاز للخياطة الرجالية,26.43492,50.101265
salon,ورد للخياطه النسائيه,26.446988,50.103781
salon,أضواء الشرقية للخياطة الرجالية,26.382271,50.055375
salon,Modern Gents Tailoring Center,26.464111,50.092447
salon,Achievement Tailoring,26.43708,50.12975
salon,خياط الفخامه السعوديه ومستلزمات الرجل,26.423248,50.104716
salon,خياط ودّان للخياطة الرجالية,26.383959,50.054125
salon,هداب للخياطه الرجاليه,26.39389,50.072373
salon,شركة مصنع المرصد العملاق للخياطة 2,26.432838,50.089114
salon,???,26.338604,50.040243
salon,خياط نبل للخياطة الرجالية,26.384641,50.0588
salon,خياط فن الوليد للخياطة الرجالية,26.426394,50.094156
salon,الفاخرة للخياطة الرجالية فرع الدمام,26.452799,50.123082
salon,هيف للخياطه الرجاليه,26.412857,50.054679
laundry,فرع اي كلين طابا المحمديهEya Clean,26.463313,50.06094
laundry,National laundry,26.447031,50.089896
laundry,Ada Eco Laundries& Restoration‎,26.464166,50.122398
laundry,موسسة مغاسل مزايا لغسيل الملابس,26.434574,50.079668
laundry,مغسلة ثلاثين دقيقة لغسيل الملابس,26.367281,50.079477
laundry,الهدف,26.428288,50.071263
laundry,مغسلة كلين ستاندرد,26.406427,50.072683
laundry,مغاسل النهروان الأولى,26.472514,50.039179
laundry,مغاسل عطر الندىء,26.416727,50.06841
laundry,مغسلة وقت عالم الغسيل,26.406179,50.072792
laundry,Lavndry - لافندري,26.350137,50.194902
laundry,Super hygiene laundry,26.359776,50.065289
laundry,savon,26.433476,50.076189
laundry,مغسلة ملابس,26.42574,50.095496
laundry,مغاسل سان المميزه لغسيل الملابس فرع (1),26.41229,50.055014
laundry,مغاسل إنجاز الاتوماتيكية,26.421118,50.096418
laundry,مغسلة كلين Kleen Laundry,26.285279,50.211804
laundry,مغسلة روائح مميزة The Fragrance Laundry,26.4197,50.090816
laundry,مغاسل حوراء الشرقيه,26.467619,50.040949
laundry,Pioneers Laundry Alsafa مغاسل الرواد الصفا,26.376755,50.189174
laundry,Kleen Laundry مغسلة كلين,26.302947,50.176687
laundry,مغاسل ماء وزهر,26.494504,50.034885
laundry,Lavendery - لافندري,26.300058,50.193058
laundry,We care,26.420284,50.068245
laundry,مغاسل الوجود,26.439917,50.076251
laundry,مغاسل كلين بلس لغسيل الملابس فرع النزهة 2,26.407998,50.108541
laundry,Aounak Laundry,26.417108,50.02765
laundry,Jeeves جيفس- London's Finest Dry Cleaners,26.301301,50.216387
laundry,مغاسل الخدمة اللازمة,26.39743,50.091904
laundry,مغسلة افاق الاحترافية رقم واحد,26.452662,50.080702
laundry,مغسلة جواثا للملابس والسجاد,26.462685,50.055936
laundry,مغاسل سحابة,26.425963,50.02357
laundry,مغسله تاج الوفاء,26.464158,50.092049
laundry,مغاسل الصقر الذهبي لغسيل الملابس سجاد بطانيات,26.425276,50.02405
laundry,مغاسل إجازة,26.452581,50.105799
laundry,مغسلتي المركزية,26.416845,50.122814
laundry,مغاسل شيك,26.350643,50.040307
laundry,مغاسل ركن الورد 2,26.349027,50.041749
laundry,مغاسل هدف القمة,26.386578,50.060831
laundry,مغاسل لمسة معاذ,26.344909,50.041931
laundry,MARZAM LAUNDRY,26.35544,50.046792
laundry,مغاسل فراس الحديثه,26.395665,50.037688
laundry,مغسلة أنا أنظف لغسيل الملابس,26.379691,50.182251
laundry,شركة مغسلة الدمام,26.470608,50.032114
laundry,مغسلة فقاقيع للملابس - فرع الطف,26.491631,50.030882
laundry,مغاسل الرهدن‎,26.441688,50.081688
laundry,مغسلة أضواء العزيزية,26.457848,50.080794
laundry,مغاسل درب الزلق رقم ١,26.468563,50.044938
laundry,مغاسل الرهدن,26.441564,50.122252
laundry,مغاسل سبنز,26.460968,50.081153
laundry,مغسلة التغاريد للملابس,26.462819,50.081152
laundry,شركة مغسلة الدمام,26.476184,50.118695
laundry,مغسلة شمال جدة,26.423431,50.031687
laundry,مغاسل الأخضر الفائقه,26.438681,50.078197
shopping,Wholesale market for stationery,26.436742,50.102173
shopping,مكتبة و قرطاسية أقلام الخط,26.455283,50.069064
shopping,Clips,26.436701,50.102814
shopping,Middle East Stationery,26.43798,50.102416
shopping,SBC,26.437973,50.102174
shopping,Campus Stationery,26.363521,50.063572
shopping,قرطاسية اوراق ملونة Color Papers Stationery,26.468467,50.043507
shopping,ASL AL TAMAYOZ TRADING CO,26.436725,50.102596
shopping,Al Ethar Trading Est-School Supplies & Bags | Dammam (Wholesale & Retail),26.436961,50.102177
shopping,شركة البدر الغربي التجارية,26.438089,50.102349
shopping,Daiso Japan - Dareen Mall,26.461513,50.064917
shopping,الأفكار الماسية Diamond Ideas,26.437699,50.103322
shopping,ALMANARAH STATIONARY EST مؤسسة المنارة للقرطاسية,26.436172,50.102271
shopping,مؤسسة الحرف الجميل التجارية,26.397849,50.092616
shopping,مؤسسة نجوم الورق التجارية,26.437271,50.102398
shopping,ALKHAIRAT COMPANY,26.442583,50.089392
shopping,Saipin - سايبن,26.435718,50.102374
shopping,White crystal stationery,26.44123,50.113567
shopping,AlSharqiya Printing & Office School Stationery - مؤسسة الشرقية التجارية - مطبعة وأدوات مكتبية ومدرسية,26.437172,50.123658
shopping,قرطاسيه سماء المكاتب (بالجملة) sky offices,26.437604,50.102181
shopping,Rand Media store. Printing,26.435226,50.10216
shopping,Ryler Toner Cartridge - Arab Graph Trading Company,26.436446,50.102749
shopping,Last Deal General Trading Est stationery,26.436161,50.102373
shopping,House pack,26.437843,50.103319
shopping,قرطاسية ديوان الحكمة,26.48102,50.047052
shopping,شركة الشواف العالمية للدعاية والإعلان,26.435916,50.102394
shopping,شركة ريال وأكثر,26.444546,50.080234
shopping,قرطاسية ثلاث نقاط,26.348418,50.058541
shopping,قرطاسية بوارق الخليج,26.384633,50.058989
shopping,Najm suhil,26.469125,50.0925
shopping,قرطاسية قلم ابن سيناء,26.414336,50.118165
shopping,قرطاسية الباحث,26.402321,50.039047
shopping,قرطاسية,26.394278,50.096842
shopping,Nokhbah Stationery,26.372325,50.040768
shopping,قرطاسية أربع نقاط,26.429099,50.015693
shopping,قرطاسية خزانة,26.383002,50.143977
shopping,D13,26.460771,49.998634
shopping,Ghoson Alrabi Copy Center,26.440424,50.115211
shopping,قرطاسية الوادي,26.466531,50.092504
shopping,قرطاسية أصداف الندى ٢,26.347974,49.970098
shopping,Knowledge Oasis Stationery,26.358447,50.196523
shopping,قرطاسية الطالب المجتهد,26.376991,50.101189
shopping,Albawardi Building Materials,26.446829,50.051243
shopping,Albawardi Building Materials,26.443861,50.012658
shopping,Al Rashid Building Materials,26.448708,50.054197
shopping,Madar Building Materials,26.453131,50.053487
shopping,Alaa for Building Materials,26.44301,50.109862
shopping,جزيرة البناء,26.457011,50.047763
shopping,شركة نجوم البناء التجارية Stars Construction Trading Company,26.445834,50.113293
shopping,NAJMAIN Trading est. مؤسسة نجمين للتجارة,26.457279,50.048425
shopping,"Eastern top trading Est,",26.457797,50.049804
shopping,Al Naji Building Materials,26.458709,50.029898
shopping,Heet Building Materials,26.453596,50.053103
shopping,Masdar,26.455336,50.043167
shopping,AlFares for building materials and industrial tools,26.442894,50.108519
shopping,Madar Building Materials,26.430062,50.174563
shopping,Arkaz Alsharq Building Materials,26.256744,49.984814
shopping,Al Yahya Building Materials,26.460767,50.061004
shopping,Madar Building Materials,26.450146,50.186038
shopping,Best In Globe For Building Materials,26.442732,50.109848
shopping,BISSAN BUILDING MATERIALS بيسان لمواد البناء,26.419158,50.089698
shopping,موسسة سكب المتحدة لمواد البناء,26.455202,50.042376
shopping,Tariff Trading Company شركه التعريف التجاريه,26.440474,50.096678
shopping,Durar Masagh Show Room,26.44438,50.109158
shopping,"Steel Force Trading Warehouse - Al Khodariyah, Dammam",26.458099,50.045262
shopping,سبق البناء لمواد البناء Sabaq Al bina,26.443652,50.111092
shopping,مؤسسة محمد صالح لمواد البناء والكهرباء,26.441926,50.096583
shopping,Sarah building materials est,26.434926,50.098768
shopping,سواعد الفيصلية لمواد البناء جملة ومفرق,26.35991,50.06776
shopping,Masdar,26.451699,50.052931
shopping,مؤسسة الاصيل التجارية AL ASEEL TRADING EST الاصيل لمواد البناء,26.433439,50.037812
shopping,Masdar,26.403095,50.148168
shopping,شركة الراشد لمواد البناء - AlRashed Building Materials Company,26.420572,50.175084
shopping,NAZ TRADING EST.,26.45647,50.048015
shopping,Mohammad Yaseen Trading Est.,26.458803,50.061417
shopping,Al Rajhi Endowment Co. For Industry and Trade (Building Material),26.451843,50.042047
shopping,Professional Tools Trading Company,26.441365,50.096435
shopping,MUBARAK OTHMAN ALBIALI TRAD. EST.,26.431972,50.043687
shopping,HERO DECOR /أحدث مواد البناء,26.416773,50.075013
shopping,عالم البناء,26.47635,50.046506
shopping,BEST IN GLOBE TRD EST,26.451545,50.04696
shopping,فرع هيت للمقاولات للخدمات التجارية,26.45368,50.053258
shopping,Bulding material,26.393942,50.09117
shopping,"Steel Force Trading - Al Khodariya, Dammam",26.450467,50.04625
shopping,Namaa AlMawada For Building Material EST نماء المودة لمواد البناء,26.453918,49.998793
shopping,Madar Hardware - مدار للعدد والادوات,26.443143,50.107676
shopping,SMR (Ibrahim Al Khuwaitem Head Office),26.453497,50.047594
shopping,Sika Showroom Dammam سيكا دمام,26.409491,50.135216
shopping,BASF - sika - Master Builder - الناجي لمواد البناء سيكا,26.462229,50.037394
shopping,شركة هلال الاوسط للتجارة Hilal Al Awsat Trading Co GenCon,26.456647,50.048193
shopping,RFC,26.440514,50.096681
shopping,Masdar,26.455711,50.187873
shopping,روضان لمواد البناء والكهرباء والعدد,26.231677,49.987704
shopping,CMCI Dammam,26.441132,50.096567
shopping,Masdar,26.441093,50.062489
shopping,مؤسسة انارة المشكاة,26.446561,50.113237
shopping,Dorrat raseel for construction materials درة رسيل لمواد البناء,26.474332,50.043475
shopping,GUPSUM BOARD( Buildings Material shop),26.45723,50.046868
shopping,AL MUHANNA TRADING CO,26.442859,50.10864
shopping,Eastern Top Trad. Est.2(مؤسسة القمة الشرقية للتجارة),26.383843,50.057677
shopping,مؤسسة المساندة لمواد البناء سيكا الدمام,26.456376,50.04843
shopping,شركة شلالات الإبداع التجارية - الرئيسي الدمام,26.415523,50.075844
shopping,شركة أبناء محمد سويلم الشريف لمواد البناء فرع الدمام -طريق الظهران,26.449689,50.041685
shopping,Build Station محطة البناء طريق الجبيل,26.461594,50.028919
shopping,Mohammed Saleh Store,26.450042,50.053906
shopping,مؤسسة ناصر بالعبيد لمواد البناء و السباكة,26.442556,50.096314
shopping,ALHULAFA FOR CONTRACTING & TRADING,26.372165,50.087282
shopping,زوايا للتجارة في مواد البناء,26.358634,50.066979
shopping,شركة بناء لوك رمل اسمنت عادي ومقاوم وابيض طابوق عتب انترلوك رمل لياسة اكياس طرطشة بسكوت خرساني بحص غرا بلاط بلدي خيش زوية,26.443513,50.091417
shopping,Aqtab al asema for Building Materials,26.353344,50.097191
shopping,الخالدي لمواد البناء,26.455361,50.04168
shopping,Ensha,26.446731,50.096553
shopping,بن زيارة للكهرباء والمواد الإنشائية,26.419506,50.075078
shopping,Al Dawoud Tradind EST.,26.480645,50.044837
shopping,القلاف لمواد البناء,26.49878,50.030936
shopping,مؤسسة بيوتات نواره (سباكه، اناره، كهرباء، مواد بناء، ادوات),26.477806,50.046408
shopping,Abdulaziz A Al Jubran Trading Est,26.443307,50.108837
shopping,مؤسسة زكي محمد الصبيحة التجارية,26.43668,50.098178
shopping,مؤسسة عالم الاختصاص لمواد البناء و السباكة,26.455123,50.092348
shopping,مؤسسة خالد نهار السيف التجارية,26.441823,50.096423
shopping,البناء الشامل التجاريه,26.412697,50.018946
shopping,التجار في مواد البناء,26.405595,50.037376
gym,Grassroots Sports Academy,26.407605,50.178652
gym,Taekwondo Sport Academy,26.449355,50.078337
gym,Crush Padel,26.370394,50.053578
gym,SPORT YARD KIDS,26.401831,50.081437
gym,Green Sports Halls of Dammam,26.3613,50.184423
gym,Padel Club,26.389009,50.126148
gym,أكاديمية إس الرياضية | S Sport Academy,26.472939,50.059002
gym,AlKhaleej Club,26.473614,50.031997
gym,Alfahad sports complex,26.389362,50.184632
gym,Khalidia Sports Academy,26.407559,50.17866
gym,Mec7 Health Club Dammam,26.425397,50.102646
gym,Padelx Dammam,26.478865,50.09155
gym,Al Gosaibi Sports Center,26.306712,50.21939
gym,Black Belt Karate & Swimming Center,26.384484,49.969385
gym,Alhilal Academy - Dammam - أكاديمية الهلال - الدمام,26.385099,50.036519
gym,Sport Yard,26.353338,50.184947
gym,Huskers Arabia Cricket Club,26.454591,50.051258
gym,اكاديمية إس الرياضية فرع داركوف,26.492079,50.042579
gym,AlNahda Club,26.354537,50.189295
gym,Calak Hala Center For Ladies Sports,26.449028,50.078615
gym,Men's Swimming Pool,26.410872,50.101078
gym,Munirah Swimming Pool,26.315912,50.128781
gym,Dream Swimming Academy | أكاديمية دريم لتعليم السباحة,26.456962,50.069189
gym,Aqua-Tots Swim School AlSafa,26.384527,50.178462
gym,3rd Street Swimming Pool,26.304612,50.134373
gym,FAF Swimming Pools - فاف للمسابح,26.421287,50.121787
gym,مسابح العربية لبرك السباحة المسابح الفيبر جلاس والمسابح الخرسانة,26.365717,50.049588
gym,Dream Swimming Academy | أكاديمية دريم لتعليم السباحة,26.451757,50.104273
gym,Villa Misk Hotel Swimming classes for children and women,26.301765,50.178044
gym,الشركة الأولى مسابح فيبر جلاس ومستلزمات المسابح,26.475447,50.011306
gym,Forsana Resort,26.344855,49.969239
gym,Chalets Milan Dammam,26.343193,49.959981
gym,Hamipool,26.409613,50.135124
gym,Water Island,26.476384,50.070581
gym,منتجع الحدائق السويسريه,26.475654,50.023036
gym,شركة فن المدار للمسابح - Orbit Art Pools Company,26.454187,50.059992
gym,منتجع البنسيان 3 - في سيهات,26.484633,50.014534
gym,منتجع الكوخ الريفي,26.475637,50.022389
gym,المدينة الرياضية ( مسبح ),26.360853,50.184129
gym,منتجعات الفصول الاربعة,26.483535,50.013617
gym,PZECO Billiards & Snooker Club,26.451058,50.077508
gym,City Residence,26.45852,50.080776
gym,Boudl Al Shatea,26.453764,50.121266
gym,منتجع ماي فير,26.347856,49.969655
gym,Dana Beach Resort || منتجع شاطئ الدانة,26.076911,50.012001
gym,منتجع غصن البان سيهات,26.484357,50.014339
gym,Sky2030 Suites,26.417403,50.046708
gym,Al Rawshe Resort,26.483121,50.014141
gym,منتجع ريف كادي سيهات,26.484687,50.013731
gym,منتجع الوراقة,26.484377,50.015172
gym,منتجع ديزني,26.483472,50.013723
gym,Halfmoon beach swimming location,26.142462,50.075705
gym,منتجع البدر بارك,26.33109,50.01013
gym,Star Bowling,26.479985,50.117706
gym,Nova Resorts منتجع اكواخ نوڤا,26.499357,50.000655
gym,شركه انشاء مسابح بالقطيف,26.434043,50.019583
gym,مسبح رجال,26.322498,50.017875
gym,المسبح للحلويات والمكسرات,26.523271,50.000014
gym,WAVES POOL COMPANY,26.398016,50.092726
gym,منتجع33,26.475587,50.024118
gym,استراحات و منتجعات النرجس,26.382281,50.03014
gym,ركن النظافة لبرك السباحة,26.418905,50.08685
gym,استراحة بلاتينيوم,26.386126,50.040624
gym,استراحة النسيم القطيف المجيدية,26.538181,50.01816
gym,منتجع لاجونا بارك _ الفرع الاول من 1-4,26.347035,49.96399
gym,استراحة روما الدمام حي الفرسان,26.346396,49.96008
gym,Al Hamra Beach,26.478971,50.090143
gym,Waves Resort,26.345637,49.96758
park,Bambini - بامبيني,26.328329,50.180446
park,Twinkle Fun & Yum,26.339478,50.152385
park,Kids Play Area,26.286374,50.18403
park,قوس المرح,26.407347,50.099898
park,Kids area,26.263507,50.218826
park,Little Palm النخلة الصغيرة,26.339409,50.036073
park,Red sea beach شاطئ الرد سي,26.461819,50.065591
park,ملاهي ميجا لاند,26.454928,50.121093
park,Redsea Beach,26.399742,50.117768
park,ليتل ايلاند النخيل مول,26.390381,50.038155
park,مقهى مدينة المرح | KIDS FUN TOWN,26.467814,50.059174
park,RMROMA LAND,26.455614,50.106516
park,baby shark playground مركز القرش الصغير للترفيه,26.380012,50.003998
park,سنفوري بارك,26.494101,50.120906
park,Active Kid اكتف كيد للترفية,26.422946,50.024655
park,Toys Fun / toys and magic,26.413901,50.119028
park,Wonderland Center | وندرلاندسنتر للأطفال,26.507584,50.035478
park,أسيتو كورسا ديستينيشن _ مؤسسة رائد للترفية,26.359786,50.053594
park,Talented kid center,26.477351,50.04347
park,KIDZO,26.46239,50.12229
park,تشكي تشيز | Chuck E Cheese,26.457756,50.11312
park,تشكي تشيز | Chuck E Cheese,26.405355,50.060487
park,Playground,26.275071,50.220132
park,هووب HOOP,26.381746,50.055942
park,نقطة لعب playpoint,26.446812,50.080819
park,محل ألعاب أطفال,26.411619,50.046233
park,Toys Station العاب المحطة,26.44662,50.062986
park,alhussain toys | العاب الحسين,26.448167,50.06396
park,مفتاح لعبة الطفل,26.44204,50.103582
park,Jumping Beez - Nakheel Mall Dammam,26.390125,50.037708
park,قمة الصداقة للألعاب التعليمية,26.442179,50.103272
park,اللعبة السريعة للالعاب,26.442088,50.103306
park,alhussain toys | العاب الحسين,26.434968,50.085099
park,دنيا طفل الخليج,26.422436,50.078408
park,Toys “R” Us,26.402627,50.113795
park,Hola hoppa,26.490391,50.13335
park,شركة روعة الطفل للألعاب والدراجات بالجملة,26.445691,50.10097
park,Magic time for aerobic games,26.437605,50.047309
park,مثلث الكرات triangle balls,26.387014,50.104561
park,عاصمة ألعاب الأطفال,26.355617,50.047347
park,Dr Crazy,26.420804,50.025527
park,الطفل العصري,26.424815,50.084626
park,Coastal Crave Restaurant,26.436773,50.123974
park,Coastal Store Trading Est,26.414983,50.072842
park,Dammam South Corniche,26.400549,50.228931
park,كورنيش الدمام,26.468873,50.132882
park,Ash Shati Corniche Beach,26.462017,50.132797
park,Marina Corniche,26.418323,50.216692
park,New Corniche Khobar,26.31274,50.229214
park,كورنيش دوار السفينة,26.477585,50.085595
park,Khobar Corniche,26.286349,50.221238
park,كورنيش السفن,26.471102,50.133548
park,كورنيش الدمام الشاطئ الشرقي,26.476787,50.13425
park,الكورنيش الشرقي,26.475235,50.132973
park,Cornish Marina,26.457182,50.104603
park,Dana Bay Marina,26.079531,50.009994
park,King AbdulAziz Port - Dammam,26.497101,50.205981
park,Marina Apartments,26.452621,50.105311
park,Marina مارينا,26.305381,50.171154
park,المارينا -انجاز / Al Marina - Injaz,26.412242,50.206951
park,ميناء الملك عبدالعزيز,26.474349,50.202382
park,منتجع مارينا,26.329491,50.006369
park,مرفأ صيد الخبر,26.238323,50.221768
park,شركة انجاز للتطوير العمراني/Al Marina Dammam,26.411548,50.207102
park,الارض والفضاء للترفيه البحري Land & space Marina,26.15119,50.164233
park,Tayba,26.365336,50.049362
park,مطعم مرسى للمأكولات البحرية | Marsa for Seafood,26.392623,50.046649
park,تسالي مرسى مطروح - الدمام -ابوبكر الصديق,26.396593,50.043893
park,مطعم مرسى البلد للمأكولات البحرية,26.455872,50.061777
park,مطعم مرسى للمأكولات البحرية | Marsa for Seafood,26.308738,50.214309
park,شركة مرسى البنارق المحدودة,26.435536,50.034892
park,مؤسسة المرسى للتخليص الجمركي,26.435491,50.126089
park,مطعم مراسي الموج للمأكولات البحرية,26.455039,50.096366
park,مرسى شركة البحار السبعه الرياضية,26.189015,50.020591
park,مؤسسة مرسى الامداد للمقاولات Marsa Alemdad,26.437597,50.12328
park,مطعم مرسى البلد للمأكولات البحرية,26.557134,50.013798
park,MARSA SPA مرسى سبا,26.554767,50.010803
park,مغاسل مرسى الشاطيء 2,26.408638,50.071199
park,مرسى للكنافة,26.436911,50.10564
park,مرسى الشاطئ,26.496036,50.120981
museum,PRIMIA EVENTS & EXHIBITION بريميا الدولية لتنظيم المعارض و المؤتمرات,26.441471,50.11016
museum,Meeraj Group_event’s & exhibitions management - ميراج لتنظيم المعارض والمؤتمرات,26.452474,50.096789
museum,Rozite- Dammam Exhibition,26.446555,50.115773
museum,معرض مصنع الفرسان للصناعات المعدنية,26.415525,50.073932
museum,مؤسسة الخزانات العالمية international tanks TRD,26.432656,50.09652
museum,موقعي,26.419053,50.074724
museum,Dhahran Expo Mosque,26.378071,50.207621
museum,شركة مجموعة بن شيهون اطارات القمة التجارية المحدودة ( اكسلرا + فورسيوم +برِنكس تايلندي) ),26.425817,50.086241
museum,Fine Fair,26.435571,50.06622
museum,Harakat Sah,26.444831,50.080186
museum,"Malabar Gold and Diamonds - Gold Souq, Ladies Market - Dammam",26.443985,50.103026
museum,REHAM ABDULLATIF ALADIL Exhibition For Aluminum,26.469079,50.046236
museum,المصنع السعودي للخزانات,26.432366,50.096313
museum,جود للمطابخ( مؤسسة شروق جود للمطابخ),26.48365,50.053869
museum,AL JANOUB,26.429445,50.096336
museum,سيراميك الحريزي - فرع مخطط8,26.416177,50.07528
museum,Al Jazeera Events Management Service,26.42448,50.071997
museum,معرض ابراج البريق ل فن الكريستال,26.482628,50.054124
museum,شركة ابعاد المواد لمستلزمات الدعاية والإعلان,26.435069,50.087581
museum,واجهة الإبداع للرخام والحجر,26.415923,50.074654
museum,الوان هولي الدمام ( استلام من المنزل ),26.477789,50.058462
museum,Creative XP,26.381233,50.212694
museum,فنون العشب الدمام,26.415571,50.078172
museum,مصدات خرسانية,26.415099,50.076166
museum,معرض مشاهير الخليج,26.399495,50.01444
museum,معرض نهضة اسيا للسيارات,26.399815,50.008524
museum,معرض عيد الشمري,26.39811,50.012876
museum,Almanea,26.46005,50.080272
museum,Alkharg for furneture - الخرج للاثاث,26.427206,50.069458
museum,معرض صروح نجد للسيارات والشاحنات إستيراد وتصدير,26.395723,50.012192
museum,المعرض فيصل الخشيبان,26.399033,50.011217
museum,معرض وادي حبونا للسيارات,26.396697,50.014009
museum,المنيوم الصفا السعودية,26.460473,50.077833
museum,معرض نور الفيصلية,26.397069,50.014792
museum,معرض شلالات تربة للسيارات,26.397572,50.008215
library,King Abdullah Cultural Center,26.472678,50.113804
library,الجمعيه العربيه السعوديه الثقافه و الفنون,26.38055,50.148041
library,نادي المنطقة الشرقية الأدبي,26.441092,50.125038
library,صالون المشرافي الثقافي,26.392049,50.091451
library,المركز الاجتماعي الحضاري للجنة تنمية الفيصلية,26.397813,50.070937
library,ሪያድ,26.454671,50.059989
library,غراس,26.4126,50.123986
library,Yasin,26.420683,50.088794
library,ICF SAIHAT,26.485989,50.040278
library,Ceremony chalks,26.411667,50.114264
library,مسرح امانة المنطقة الشرقية.,26.449028,50.100119
library,شركة ناس للموارد البشرية,26.41245,50.097141
library,عمارة ٥٩/١ - building 59/1,26.385046,50.085729
library,مؤسسة أحمد الدوسري لأجهزة الأمن والسلامة,26.422338,50.109523
library,جمعية تنمية أفذاذ لأحياء بدر وأحد والضباب,26.404256,50.023199
library,المركز الثقافي النسائي,26.286106,50.135538
library,مركز حي بدر وأحد والضباب,26.404221,50.023162
library,Mammam,26.473175,50.05942
library,smart story,26.420683,50.088794
library,UP/urspace,26.377729,50.148007
library,Badsha,26.41434,50.155925
library,Sailun,26.365267,50.062172
library,King Fahad Cultural Centre,24.638165,46.653438
library,مفروشات مصطفی عبدالله ال عبدالجبار,26.426316,50.066659
library,ابكو السعوديه | Saudi abco (مكاتب اداريه),26.373697,50.102728
library,Generations Library,26.415987,50.024295
library,القسم النسائي بجمعية الدعوة والارشاد وتوعية الجاليات بالدمام,26.458543,50.119391
library,المخطوط الرسخ,26.418428,50.067294
library,بودكاست فنار,26.434226,50.046135
library,Women Cultural Institute,26.417459,50.02937
transport,King Fahd International Airport,26.469966,49.798435
transport,Saudi ARAMCO Airport Dammam,26.479068,49.813099
transport,"City Terminal 1 - Dammam, King Fahd International Airport",26.451118,50.106593
transport,Saudia Cargo Dammam Airport,26.478789,49.791892
transport,Al Matar,26.380508,49.944355
transport,Dammam Port,26.459212,50.187536
transport,Saudi Global Ports Co.,26.505204,50.188519
transport,Dammam port mina,26.474662,50.193321
transport,Dammam Port: Berth No-40,26.499989,50.189711
transport,King Abdulaziz Sea Port,26.474695,50.192799
transport,Saudi Customs,26.485555,50.186873
transport,SAPTCO Dammam Station,26.451214,50.106749
transport,Dammam Bus Station-Darb Al Watan,26.450994,50.106792
transport,Dammam Main Station (ER Bus),26.45605,50.1064
transport,Dammam Bus Station (Intercity),26.451214,50.106749
transport,Bus station,26.404067,50.056755
transport,SAT (Saptco Alsa Transport) | (سات (سابتكو السا للنقل,26.451297,50.106828
transport,سابتكو السا للنقل,26.451032,50.106153
transport,BUS STOP UHUD 3 TOWARDS AIRPORT,26.401881,50.050641
transport,Dammam Main Station,26.456033,50.106182
transport,Bus stop for airport and khobar,26.456087,50.105833
transport,Saudi Dammam,26.390387,50.155609
transport,SAPTCO International Transport,26.445271,50.0699
transport,محطة كورنيش الدمام (حافلات المنطقة الشرقية) (D4),26.456692,50.104042
transport,"Dammam SeaFront Bus Station, ER bus",26.48895,50.119875
transport,Dammam Main Station 2 (ER Bus),26.456937,50.104172
transport,SEIKO Bus Stop,26.443234,50.097931
transport,Dammam Searfront,26.493772,50.121507
transport,Bus stop,26.437584,50.104631
transport,Seiko Taxicab Stand,26.440666,50.100095
transport,Taxicab,26.441187,50.102269
transport,Damamm Taxi services,26.448225,50.09132
transport,أجره,26.434634,50.109802
transport,Taxi Service Khobar Dammam to Bahrain,26.363624,50.202022
transport,Dammam airport Taxi service,26.476166,49.796115
transport,Taxi service khobar to Bahrain to dammam,26.288549,50.189466
transport,Dammam,26.440215,50.102306
transport,Thuqba taxi station,26.276022,50.192921
transport,STREAT | ستريت (Dammam),26.417044,50.109675
transport,محطة الهندي جنب العيسائي للمعدات الثقيله,26.371918,50.026195
transport,SACO Dammam,26.415047,50.07613
transport,Exit to service road,26.354,50.19052
transport,Dhahran Jubail Expy,26.7305,49.878342
hospital,مركز إسعاف غرب الدمام,26.417426,50.049266
hospital,مركز إسعاف مدينة العمال,26.422908,50.105669
hospital,هيئة الهلال الأحمر السعودي,26.410698,50.001076
hospital,مركز اسعاف الحمراء,26.398811,50.051509
hospital,Saudi Red Crescent Authority - SRCA,26.422872,50.105493
hospital,مركز إسعاف الفيصلية,26.366405,50.033359
hospital,مركز اسعاف وسط الدمام,26.403211,50.074979
hospital,Saudi Red Crescent Authority - Ar Rakah Ash Shamaliyah Ambulance Center,26.366826,50.194721
hospital,Saudi Red Crescent Authority,26.426395,50.166681
hospital,مركز اسعاف غرب الدمام المطوّر,26.416467,50.047388
hospital,شركة النجاة السريعة الطبية Fastmed,26.481559,50.12688
hospital,مركز اسعاف العنود الهلال الاحمر,26.464135,50.059742
hospital,مركز إسعاف الضاحية,26.410896,50.001254
hospital,مركز اسعاف سيهات,26.489429,50.043476
hospital,مركز إسعاف الهلال الميناء,26.425831,50.167001
hospital,مركز إسعاف السيارات,26.444004,50.052712
hospital,مركز إسعاف القطيف1,26.560198,50.016286
hospital,مركز اسعاف الهلال الاحمر (الشاطئ),26.24562,49.995097
hospital,مركز الهلال الاحمر شرق الدمام,26.487921,50.124628
hospital,Saudi Red Crescent Authority,26.301814,50.180334
hospital,مركز إسعاف الدوحه,26.34508,50.164603
hospital,مواقف اسعاف,26.319631,50.021166
hospital,Red Crescent Center Balnabeh,26.473836,50.011434
hospital,The Red Crescent,26.305522,50.150101
hospital,Caremark EMS,26.343975,50.148093
hospital,بنك الدم بمجمع الدمام الطبي ( حكومي ),26.430464,50.082734
hospital,مركز دمي للتبرع بالدم,26.400957,50.116461
hospital,مبنى رقم 6 ( بنك الدم ),26.411556,50.099697
hospital,JHAH Blood Bank مركز التبرع بالدم بجون هوبكنز Building 62,26.308756,50.136857
hospital,Blood bank بنك الدم,26.298704,50.188437
hospital,بنك الدم بمستشفى قوى الأمن بالدمام,26.411358,50.01195
hospital,Blood bank parking,26.430252,50.083086
hospital,بنك الدم,26.357385,50.177745
school,British International School Of Al Khobar,26.371816,50.217936
school,Ibn Roshd International School | مدارس ابن رشد الخبر العالمية,26.291366,50.219048
school,Olou National Schools,26.294107,50.175708
school,The City School Saudi International,26.33199,50.194903
school,Pakistan International School Al Khobar for Girls,26.295334,50.211137
school,Asia International School,26.288936,50.208591
school,Gulf International English School,26.22394,50.203036
school,International Philippine School in Al Khobar,26.268383,50.213913
school,Alkhobar Elite International School,26.324968,50.157204
school,Alhussan International Academy,26.343731,50.202206
school,مدرسة منارات الخبر | Manarat Al Khobar School,26.339553,50.192667
school,Inspire International Academy Boys,26.299098,50.182719
school,Al Kifah Academy International School - مدارس اكاديمية الكفاح العالمية,26.315932,50.200831
school,Rowad Al Khaleej International School in AlKhobar,26.349018,50.211911
school,Al Hussan International School,26.357414,50.193932
school,International Programs School,26.337355,50.181846
school,American School Dhahran (ASD),26.187931,50.128111
school,Bayan Gardens School,26.3058,50.192221
school,Al Khobar International Schools (kindergarten-Girls section )| مدارس الخبر العالمية (رياض أطفال-قسم البنات),26.290572,50.203706
school,Madariz International School,26.346031,50.16061
school,French School,26.327637,50.191402
school,Al Azizyah Schools,26.345425,50.18849
school,مدارس يانابويا العالمية - شركة درب المستقبل التعليمية - YENEPOYA INTERNATIONAL SCHOOL KSA,26.133886,50.153995
school,Al Khobar International Schools (boys section) |(مدارس الخبر العالمية ( قسم البنين,26.266385,50.197109
school,Dhahran Buds International School,26.321234,50.187705
school,AlKhobar International Schools | مدارس الخبر العالمية,26.266261,50.196664
school,British School Dhahran (BSD),26.186961,50.128147
school,Inspire International Academy Girls,26.286888,50.198849
school,King Fahd Centre Montessori and Daycare,26.296433,50.198305
school,Multinational School Dhahran,26.312451,50.159193
school,Ad Diriyah Private Schools,26.214977,50.201796
school,Saudi School Al Khobar,26.296991,50.211467
school,HEI Schools Alkhobar Golden Belt,26.309306,50.209771
school,Orbits Pioneers International School,26.218192,50.187547
school,Pakistan International School Al-Khobar (Boys Wing),26.295549,50.211342
school,Al Khobar High School,26.28964,50.20179
school,International Schools Group (ISG),26.188336,50.128808
school,Al Hizam School,26.311333,50.193806
school,Arabism secondary school,26.357598,50.194659
school,International Technical Female College at Alkhobar,26.183882,50.161144
school,BINT-UL-ARAB for School Uniforms,26.291221,50.211737
school,Asia International School - مدارس آسيا العالمية,26.209079,50.184752
school,Signs Peninsula National Schools Complex,26.293342,50.177454
school,Kipina kids Alkhobar,26.294984,50.185912
school,High school,26.212233,50.194382
school,Dhahran Elementary Middle School,26.302083,50.156217
school,Khobar Intermediate School,26.300932,50.204304
school,quranic school akhrabia indian,26.292547,50.197722
school,Laugh N Learn Khobar,26.361494,50.204882
school,The Kids Castle,26.320687,50.208813
school,SMART MINDS DAY CARE AND PRE SCHOOL مركز العقل الذكي ضيافة الأطفال الأهلية,26.301377,50.207837
school,Ajyal AlNibras International School,26.295261,50.187877
school,Springfield For Kids,26.318746,50.22415
school,مركز تلال الورد لضيافة الأطفال - Bamboo Centre,26.331518,50.185433
school,Seasons Early Learning,26.316131,50.22476
school,Little Dreams Academy,26.304106,50.181763
school,Appleseeds Academy Club,26.305633,50.197669
school,Roots Preschool | جذور,26.320629,50.209625
school,Rising Stars Montessori & Daycare,26.300302,50.194099
school,Kids Smile Center-Nursary,26.197889,50.174309
school,دروب الدُّنى ( روضة وحضانة واستضافة أطفال ),26.303458,50.197871
school,روضة واحة المشرقين لرياض الاطفال,26.299181,50.195859
school,Golden Hut daycare,26.292832,50.204445
school,Rowad AlKhaleej International Kindergarten in Dhahran,26.326503,50.151709
school,Little Star Pioneers Preschool Al Khobar,26.295313,50.212187
school,Blossoms Preschool حضانة مركز براعم الأزهار,26.192634,50.184533
school,Little Castle kids center,26.216127,50.194002
school,Kids Smile nursery,26.286404,50.184994
school,Nour Al Amal Center for Children’s Nursery and Hospitality,26.196133,50.184729
school,حضانة وروضة انجاز الطفولة المبنى الجديد ( انتقلنا الى مبنى جديد وحديث بنفس الشارع ),26.194992,50.196385
school,Dhahran Pre School & Nursery,26.337542,50.200345
school,Growing Up,26.310114,50.215385
school,The little duck مركز البطة الصغيره,26.288489,50.194189
school,مركز طريق اليسر,26.298898,50.186912
school,Little Giraffe Kindergarten,26.325003,50.165675
school,مركز النجم الساطع,26.288483,50.205691
school,حضانة الاصابع الصغيرة,26.302267,50.195966
school,BuzyBeez Preschool,26.184515,50.124786
school,مركز وحضانة منطقة الاطفال لضيافة الاطفال,26.207989,50.18448
school,World Vision Academy,26.352502,50.197118
school,Yellow Garden الحديقه الصفراء,26.309728,50.218766
school,Cool Kids Nursery,26.376623,50.188952
school,Chickadee Learn & Play,26.326321,50.195602
school,Apple Tree Kids Nursery. مركز شجرة التفاح لحضانة الأطفال,26.286339,50.184988
school,روضة حكاية براعم المعرفة الأهلية,26.189742,50.150504
school,الروضة الرابعة بإسكان تحلية المياة بالخبر,26.177439,50.192882
school,Kids Land Nursery,26.298983,50.184982
school,Apple Tree Daycare,26.211394,50.190623
school,مركز انامل الابداع لضيافة الاطفال,26.161826,50.146163
school,Sun Gardens Kids Center,26.345016,50.205298
school,AlDabal Kindergarten,26.328061,50.187843
school,روضة وحضانة إنجاز الصغار- العزيزيه(التحليه),26.187174,50.190565
school,روضة وحضانة خطوه بخطوه (لضيافة الأطفال),26.205519,50.205728
school,مركز مستقبل أطفالنا لضيافة الأطفال,26.188755,50.192362
school,Rawasi Ofuq Center,26.193439,50.20024
school,Sultan Gardens Center حدائق السلطان,26.332617,50.212482
school,مركز العلماء الصغار,26.343483,50.204206
school,Al-Nasser Nursery,26.299381,50.180495
school,KOALA PLAY AND LEARN,26.372076,50.215816
school,مركز رواد التفوق لضيافة الأطفال الأهلية,26.208503,50.172489
school,Home Garden,26.299188,50.180431
school,Plants 🌳 flowers shop,26.299114,50.179691
school,Dhahran Nursery,26.284383,50.123352
school,Altus road nursery,26.298848,50.191011
school,Al Jury kids Nursery,26.372728,50.186542
school,حضانه اشراقه,26.298967,50.184937
school,مشتل نباتات شقراء للحدائق,26.181497,50.158622
school,مركز المستكشف الصغير للاطفال,26.212035,50.186411
school,مشتل أغصان البيت الأخضر,26.475543,50.01348
school,Plant Nursery,26.299154,50.179861
school,موسسة الياسمين الاحمر الزراعية,26.194917,50.18804
school,حضانة الأرنب المكتشف,26.217667,50.205011
school,bright little stars nursery,26.29874,50.18678
school,حضانة الشرق,26.251602,50.200824
school,AlSalam Schools,26.29193,50.177631
school,Saad National Girls School,26.349204,50.18384
school,Little World International School,26.317545,50.197277
school,مدارس الخبر الابتدائية والمتوسطة,26.299012,50.182578
school,ITHRA EDUCATION,26.196914,50.206689
school,مدارس نهضة الجيل,26.193097,50.164134
school,مدارس العلوم والمعرفة الأهلية,26.261213,50.209609
school,Abi Bin Kaab High School in Al-Khobar,26.291218,50.210879
school,Khobar Housing Intermediate School,26.260562,50.208676
school,Saudi Aramco Khobar Girls intermediate School - AL Sheraa,26.172684,50.144495
school,Alawael Private School for Girls,26.196103,50.207236
school,King Fahad University Hospital,26.299736,50.189606
school,SHATI University of Imam Abdulrahman Bin Fisal,26.070304,50.119208
school,جامعة الامير محمد - المستودع الجديد,26.174189,50.124286
school,جامعة العلوم,26.273878,50.212411
school,KFUPM Mall,26.31401,50.147643
school,سكن جامعة الامير محمد بن فهد,26.174189,50.124286
school,IAU Recreation Center,26.069107,50.121294
school,Sumon munshi,26.277905,50.207951
school,KFUPM Square,26.300073,50.148297
school,KFUPM Beach,26.101584,50.112519
school,كلية التميز,26.184736,50.159743
school,Canadian International Hospitality,26.216322,50.192067
school,Dhahran Techno Valley,26.303151,50.159405
school,Sand specialty coffee,26.184995,50.152383
school,University Schools - General Management,26.300029,50.152055
school,East Park,26.309211,50.15417
school,King Fahad University Medical Training Center,26.293708,50.188028
school,Building 14 - Information & Technology Center (IT),26.306565,50.142812
school,Building 36 - KFUPM Stadium,26.30768,50.151728
school,Building 21 - Administration,26.306371,50.145166
school,KING FAISAL UNIVERSITY,25.340535,49.599911
school,جامعة الإمام عبدالرحمن بن فيصل,26.218135,50.207718
school,Schlumberger Dhahran Center for Carbonate Research (SDCR),26.301038,50.160635
school,IDP IELTS & Study Abroad Services – AlKhobar,26.314369,50.209773
school,University of Hafr Al Batin,28.24155,45.946197
school,Building 27 - The Medical Center,26.305555,50.149954
school,XEON Automation Office,26.216362,50.193109
school,Halliburton,26.298346,50.158546
school,Al-Yamamah University,24.863473,46.593794
school,Home2,26.200179,50.210663
hospital,Mohammad Dossary Hospital,26.280226,50.204476
hospital,Dallah Hospital | مستشفى دله,26.350929,50.209506
hospital,Almana Hospital Khobar - OPD | مستشفى المانع الخبر - العيادات الخارجية,26.294483,50.217833
hospital,Procare Hospital,26.30226,50.172938
hospital,Al Yousif Hospital,26.266782,50.206744
hospital,Dr. Sulaiman AL-Habib Hospital - AL Khobar,26.310774,50.214001
hospital,Shifa AlKhobar Medical Center,26.277024,50.212415
hospital,Almana Hospital Building B,26.293585,50.218177
hospital,Governmental Hospital Khobar (management of health centers in Khobar),26.290927,50.198213
hospital,Dr.Sulaiman Al Habib Medical Center - AlKhobar,26.216415,50.190156
hospital,Malak Hospital Khobar,26.302633,50.199721
hospital,Almana Women and Maternity Hospital,26.293516,50.218227
hospital,Mouwasat Hospital Emergency Al Khobar,26.345396,50.185896
hospital,AlMana Hospital Emergency Department,26.294013,50.218947
hospital,شركة مجمع الرعاية الحديثة الطبي,26.210016,50.200895
hospital,Al-Mana Hospital Head Office,26.292909,50.216915
hospital,Almana Medical Center,26.353808,50.20854
hospital,شركة رفاء الطبية Rafa Medical Centre,26.277936,50.216544
hospital,Dar As Sihha Medical Center - Khobar Branch,26.279555,50.218372
hospital,مجمع نهج الشفاء الطبي العام,26.206551,50.208866
hospital,Dallah Hospital EMERGENCY,26.350738,50.209799
hospital,Al Jazeera Hospital (WIUK),26.282127,50.196869
hospital,Airbase Hospital,26.284606,50.150665
hospital,CMRC Saudi Arabia Al Khobar,26.186223,50.209026
hospital,Khobar Clinic Ministry Of Health,26.29084,50.198497
hospital,Bright Specialist Clinics,26.308382,50.177631
hospital,CMRC Saudi Arabia Hospital,26.31919,50.155688
hospital,Al Khobar National Polyclinic,26.270276,50.207942
hospital,مركز الموسى الطبي العزيزية - Almoosa Health Medical Center Azizya,26.187938,50.186312
hospital,Dhahran General Hospital,26.343103,50.119744
hospital,Almoosa Specialist Hospital,25.436873,49.572422
hospital,بيرل الخبر Pearl Clinics,26.212209,50.212728
hospital,المركز الصحي لأسكان العزيزية,26.266628,50.202726
hospital,AlKhobar Specialist Clinics,26.290656,50.198568
hospital,مستشفى المواساة - المدينة المنورة | Mouwasat Hospital - Al Madinah,24.467481,39.670153
hospital,Magrabi Dental Center - Al khobar,26.30458,50.223271
hospital,ALAMANA GENERAL HOSPITAL Building A (extended care),26.29152,50.21786
hospital,مراكز دكتور سمير عباس الطبية,26.274333,50.216113
hospital,Ram Clinics | عيادات رام,26.284504,50.197911
hospital,GAD International,26.280068,50.207809
hospital,Al Khobar Consultant Radiologists Diagnostic Center مركز اشعه الخبر (الاستشاريون للاشعه التشخيصية ),26.273129,50.216312
hospital,Hospital pharmacy,26.279494,50.205088
hospital,عيادات الدكتورة غسانة صادق الطبية Dr.ghassana sadik clinics,26.281243,50.205127
pharmacy,United Pharmacy - صيدلية المتحدة,26.294198,50.217451
pharmacy,Nahdi pharmacy | صيدليه النهدى,26.307168,50.210218
pharmacy,Nahdi pharmacy | صيدليه النهدى,26.286458,50.190699
pharmacy,صيدلية الدواء,26.289647,50.211667
pharmacy,Nahdi pharmacy | صيدليه النهدى,26.291039,50.219949
pharmacy,صيدلية الدواء,26.285265,50.194608
pharmacy,صيدلية الدواء,26.318238,50.222778
pharmacy,Al-Dawaa Pharmacy (صيدلية الدواء),26.301955,50.212693
pharmacy,Nahdi pharmacy | صيدليه النهدى,26.277606,50.209543
pharmacy,صيدلية الدواء,26.307324,50.179323
pharmacy,Nahdi pharmacy | صيدليه النهدى,26.309533,50.222939
pharmacy,صيدلية الدواء,26.256076,50.203528
pharmacy,Nahdi النهدي,26.302982,50.172936
pharmacy,Nahdi pharmacy | صيدليه النهدى,26.203691,50.197595
pharmacy,صيدلية الدواء,26.293094,50.19921
pharmacy,Al-Dawaa Pharmacy,26.293171,50.183276
pharmacy,United Pharmacy - صيدلية المتحدة,26.283621,50.199858
pharmacy,United Pharmacy - صيدلية المتحدة,26.277345,50.183635
pharmacy,صيدلية الدواء,26.315093,50.212226
pharmacy,Al-Dawaa Pharmacy,26.279307,50.208486
pharmacy,صيدلية الدواء,26.335243,50.19143
pharmacy,صيدلية الدواء,26.270302,50.20831
pharmacy,Nahdi pharmacy | صيدليه النهدى,26.361551,50.195026
pharmacy,Nahdi pharmacy | صيدليه النهدى,26.335176,50.191194
pharmacy,صيدلية الدواء,26.266011,50.211956
pharmacy,صيدلية الدواء,26.315028,50.217111
pharmacy,Al Dawaa Pharmacy,26.290818,50.196091
pharmacy,Crescent Silver Pharmacy,26.268925,50.191842
pharmacy,Nahdi pharmacy | صيدليه النهدى,26.290437,50.199078
pharmacy,صيدلية الدواء,26.234238,50.213504
pharmacy,Nahdi pharmacy | صيدليه النهدى,26.208967,50.191065
pharmacy,صيدلية الدواء,26.323337,50.162099
pharmacy,صيدلية الدواء,26.296959,50.19315
pharmacy,Al dawaa pharmacy 65,26.365132,50.202108
pharmacy,صيدلية الدواء,26.210554,50.207803
pharmacy,Nahdi pharmacy | صيدليه النهدى,26.268768,50.188907
pharmacy,صيدلية الدواء,26.207838,50.196423
pharmacy,صيدلية الدواء,26.269637,50.191422
pharmacy,Lemon Pharmacy | صيدلية ليمون,26.175466,50.147483
pharmacy,United Pharmacy - صيدلية المتحدة,26.202948,50.188889
pharmacy,صيدلية جوهرة السعادة,26.263953,50.206076
pharmacy,صيدلية الدواء,26.254552,50.209429
pharmacy,صيدلية الدواء 6,26.208883,50.189242
pharmacy,صيدلية الدواء,26.174867,50.162257
pharmacy,صيدلية الدواء,26.190363,50.187876
pharmacy,صيدلية الدواء,26.201198,50.197479
pharmacy,Nahdi pharmacy | صيدليه النهدى,26.176194,50.162413
pharmacy,Lemon Pharmacy | صيدلية ليمون,26.280613,50.191641
pharmacy,صيدلية الدكتور سليمان الحبيب بالخبر - حي الخزامى Alhabib Pharmacy Khobar,26.194568,50.191109
clinic,AlJazira Clinic,26.281992,50.196768
clinic,Central Medical Care,26.292428,50.182346
clinic,مجمع عيادات الدكتورة ليلى العنيزي,26.338144,50.199531
clinic,Naya Clinic مجمع نايا كلينك الطبي,26.297934,50.196706
clinic,عيادات اهالينا الطبية - فرع الراكة بالخبر,26.372613,50.178634
clinic,عيادات زارا - Zara Clinics,26.362433,50.196785
clinic,Elite Specialists Clinics,26.315079,50.222572
clinic,عيادات رويال الطبية,26.304368,50.198155
clinic,Khobar Cooperative Clinic,26.297451,50.195242
clinic,Ram Clinics - Azizia Branch,26.207346,50.196655
clinic,عيادات الدكتور الحسن النعمي - Dr. Alhassan Alnaamy Clinics,26.455352,50.068031
clinic,عيادات رويال الطبية,26.284313,50.204399
clinic,Dana Clinics,26.302965,50.176885
clinic,Dr. Khalid Al Ruhaimi Specialized Medical Complex,26.305517,50.19441
clinic,Ozone Medical Center,26.287744,50.219168
clinic,مجمع د امير الزقزوق الطبي,26.293813,50.174563
clinic,Corniche Primary Clinic,26.327688,50.222678
clinic,مركز صحي الخبر الجنوبي,26.278992,50.210054
clinic,عيادات حُسْن - Hosn Clinic - فرع الخزامى,26.215963,50.189424
clinic,مجمع المها الطبي للبشرة المشرقة. Almaha medical Complex,26.298148,50.217088
clinic,عيادة سمنة كير SomnaCare Clinic,26.303023,50.173198
clinic,عيادات الرونق للأسنان والجلدية Alrawnaq,26.198767,50.213351
clinic,Anda for medical services,26.282531,50.20051
clinic,عيادات دنتين DENTIN CLINIC,26.20635,50.196301
clinic,عيادة,26.254151,50.201627
clinic,مركز نقاء البدن للحجامة ⭐ CUPPING CENTER,26.216249,50.193572
clinic,Medical Center Drive,26.304879,50.15011
clinic,Ram Clinics | عيادات رام,26.288605,50.183166
clinic,Ram Clinics | عيادات رام,26.302001,50.210723
clinic,Ram Clinics | عيادات رام,26.303911,50.20338
clinic,Dr Anas Taher \ MedArt Clinics - د أنس طاهر/ عيادات ميد آرت,26.284002,50.199463
clinic,مجمع مجال للأسنان- Majal Dental Clinics,26.285282,50.196308
clinic,Ozone Dental Center,26.287592,50.219137
clinic,عيادات دنتل هاوس Dental House Clinics,26.322944,50.218416
clinic,عيادات ألورا لطب الاسنان Alora Dental Clinics,26.322637,50.206042
clinic,Artal Medical Complex,26.294549,50.207724
clinic,الاستشاريين السعوديين لطب الأسنان,26.309451,50.217922
clinic,Ram Clinics | عيادات رام,26.362741,50.197485
clinic,Cham Dental Derma Clinics,26.304966,50.196811
clinic,Lazord Dental Clinic,26.337445,50.201667
clinic,Dr Heba Shelbaya’s Dental Clinic عيادة الدكتورة هبة شلباية لطب الاسنان,26.295708,50.208698
clinic,Al Rawnaq Dental and Derma Clinic,26.305755,50.179957
clinic,صفوة المهيدب لطب الأسنان الخبر الشمالية,26.295823,50.208891
clinic,Crystal Dental Clinic,26.303291,50.207236
clinic,Awj Dental Clinic عيادات أوج لطب الأسنان,26.351706,50.211256
clinic,عيادة د.توث | DR.TOOTH CLINIC,26.296399,50.199644
clinic,مركز المانع للاسنان وجراحة الوجه والفكين Almana Dental & Maxillofacial center,26.292027,50.218123
clinic,‎عيادة د أمل الكبسي لتقويم الاسنان وجراحة الوجة والفكين|Dr Amal Alkebsi Orthodontic Orthognathic Clinic|Invisalign|الانفزلاين,26.322609,50.206217
clinic,عيادات سنان لطب الاسنان Snan dental clinics,26.336257,50.212664
clinic,MDC AlKhobar [Modern Dental Center],26.301381,50.209754
clinic,المهيدب لطب الأسنان فرع الخبر,26.284865,50.191753
clinic,Central Dental Care,26.292368,50.182231
clinic,الفيروز لطب الاسنان,26.297862,50.20074
clinic,عيادة د.فراس سلعس للتقويم الشفاف ( انفزلاين) - Dr. Firas Diamond Apex invisalign provider,26.304864,50.197041
clinic,عيادات الرؤية لطب وتقويم الأسنان,26.270522,50.194105
clinic,صفوة المهيدب لطب الأسنان الخبر حي الجسر,26.210992,50.208208
clinic,المهيدب لطب الأسنان الخبر حي الجسر,26.218051,50.207176
clinic,مجمع الزقزوق لطب الأسنان,26.290928,50.188921
clinic,Vitalia Dental & Derma Clinics,26.309052,50.209446
clinic,عيادات المسواك الطبية,26.281009,50.20517
clinic,صفوة المهيدب لطب الأسنان الظهران,26.324431,50.16542
clinic,Clinics Dr. Khalid Ateeq Dental,26.203334,50.197583
clinic,مجمع الهلال الفضي الطبي العام,26.268869,50.191662
clinic,Ram Clinics | عيادات رام,26.28476,50.198001
clinic,واي كلينك Y Clinic,26.178927,50.163956
hospital,Emergency قسم الطوارئ مستشفى الملك فهد الجامعي التعليمي,26.299174,50.189175
hospital,Magrabi Eye Center Khobar,26.304437,50.223284
hospital,Comprehensive Film Center in Al-Khobar,26.290833,50.19834
hospital,Khuzama PHC,26.211658,50.192803
hospital,مستوصف حكومي,26.209663,50.204195
hospital,Rafa Medical Center,26.217191,50.197138
hospital,مركز صحي حي الجسر بالخبر,26.209509,50.204354
hospital,Haifa Medical Complex,26.206304,50.196513
hospital,مركز الرعاية الصحية الأولية بالخزامى,26.211646,50.192803
hospital,مركز إسحاق عبدالرحيم الكوهجي للرعاية الصحية الأولية ( الخزامى ),26.211782,50.192806
hospital,شَرْطَةِ مِحْجَمٍ,26.21492,50.182544
hospital,عيادات الدكتوره هيفاء,26.206283,50.196489
pharmacy,صيدلية آدم 51 - مدينة العمال - الخبر,26.294678,50.206397
pharmacy,صيدلية الدواء,26.299837,50.174455
pharmacy,صيدلية الغدير,26.280154,50.189737
pharmacy,صيدلية الدواء,26.298647,50.20668
pharmacy,صيدلية الدواء,26.327139,50.215056
pharmacy,صيدلية الدواء,26.294644,50.196672
pharmacy,Al-Dawaa Pharmacy,26.302687,50.178059
pharmacy,صيدلية الدواء,26.381862,50.178438
pharmacy,صيدلية الدواء,26.293345,50.214007
pharmacy,Nahdi pharmacy | صيدليه النهدى,26.29839,50.178502
pharmacy,صيدلية الدواء,26.295425,50.208562
pharmacy,صيدلية الدواء,26.298571,50.189697
pharmacy,صيدلية الدواء,26.279241,50.192195
pharmacy,صيدلية الدواء,26.294865,50.215936
pharmacy,United Pharmacy - صيدلية المتحدة,26.303853,50.174261
pharmacy,صيدلية الدواء,26.174802,50.147436
pharmacy,صيدلية الدواء,26.276106,50.19407
clinic,Catly Clinics,26.300688,50.171904
clinic,Alhejin Clinics,26.278935,50.218974
clinic,عيادات إيفا - فرع الخبر,26.295313,50.185437
clinic,Beauty care center,26.354322,50.205457
clinic,عيادات جادور لطب الأسنان والجلدية والليزر JADORE DERMA & LASER &DENTAL,26.338357,50.20773
clinic,Azallal medical center,26.362968,50.199106
clinic,عيادات الجلدية ايليت ديرما كير,26.338184,50.199584
clinic,عيادة العقل الجميل Beautiful Brain Clinic,26.301949,50.210728
mall,Pavilion Alkhobar,26.330306,50.212893
mall,Khobar City Walk,26.306134,50.183428
mall,Flamingo Park Al Khobar‏,26.286786,50.184035
mall,Patio Mall,26.318296,50.203692
mall,AlRahmaniya Center,26.279904,50.215029
mall,The C mall,26.298682,50.223569
mall,مجمع الفنار,26.327867,50.212548
mall,Khobar walk,26.311007,50.216262
mall,Khobar Oasis,26.281698,50.201818
mall,Gosaibi Village,26.302903,50.222309
mall,خرابيط,26.288584,50.217747
mall,Corniche Park,26.307382,50.224054
mall,AL SHUBAILY GRAND MALL,26.227413,50.210929
mall,محلات,26.28881,50.189879
mall,Qaisariyat Alrashid,26.291009,50.17958
mall,LuLu Hypermarket - Al Khobar,26.267525,50.214415
mall,Carrefour Hypermarket - Al Rashid Mall,26.292983,50.18091
mall,Jawhara Market,26.279681,50.212303
mall,Hazzaz Al Khobar,26.292387,50.174463
mall,Sun City Trading,26.292027,50.211996
mall,شمس المدينة للسلع الاستهلاكية,26.275105,50.211038
mall,The Avenues – Khobar,26.333198,50.175925
mall,بولينج الخبر مول,26.314935,50.210075
mall,Galleria,26.282152,50.214152
mall,Turki Mall,26.286463,50.218012
mall,Amazon 5 Riyal KSA,26.239943,50.196243
mall,5 Riyal shop,26.313412,50.210571
mall,Rainbow land,26.314613,50.209596
mall,Centrepoint - Dareen Mall,26.461989,50.06546
mall,امازون فرع العزيزية,26.239769,50.196359
mall,Danube Al Khobar,26.304749,50.221941
mall,تميمى العقربية,26.29481,50.199485
mall,Diamond Khobar Plaza,26.196389,50.203524
mall,تخفيضات بصمة العائلة - فرع الجسر ابن سيناء,26.236568,50.195353
mall,AL NAWRAS CENTER,26.191689,50.177168
shopping,Amwaj Mall,26.309998,50.171511
shopping,Shop 13 Outlet,26.299322,50.211901
shopping,Centrepoint - Khobar,26.293154,50.173257
shopping,مجمع الرواق التجاري,26.291658,50.219982
shopping,The Corner concept store,26.307447,50.178546
shopping,الياسمين سنتر,26.361834,50.197005
shopping,Le Marque Plaza - لي ماركيه بلازا,26.319633,50.222064
shopping,بلازا للمفروشات Plaza,26.282028,50.209541
shopping,Avoca Concept Store,26.290187,50.199051
shopping,الأمازون العربية - Amazon 5.75,26.287811,50.182895
shopping,أركيد - Arcade,26.302301,50.181276
shopping,Sultan Square,26.31763,50.222884
shopping,Dossari Towers,26.281217,50.204263
shopping,Twelve 12 riyal shop khober,26.280833,50.210006
shopping,Ala Kaifak,26.284394,50.197252
shopping,KHOBAR-X خُبر اكس,26.308181,50.178234
shopping,Reem Shopping Center,26.301188,50.210687
shopping,Madina Shopping Centre,26.273852,50.203449
shopping,La Plaza Mall,26.179133,50.163661
shopping,trampoline shop,26.273014,50.193513
shopping,Tamimi Markets,26.209001,50.195773
shopping,"Mark & Save | MS13 | Al Khobar, KSA",26.269055,50.216379
shopping,Tamimi Markets,26.289387,50.219428
shopping,Tamimi Markets Al Rakah,26.345407,50.195818
shopping,Tamimi Markets,26.294859,50.199165
shopping,اسواق العثيم | Othaim Markets,26.334364,50.181194
shopping,Nesto Hypermarket Al Khobar,26.293994,50.172443
shopping,جوول ماركت، Joule market,26.173459,50.162325
shopping,Liberty Supermarket اسواق ليبرتي,26.294273,50.211092
shopping,Semaka Super Market,26.273663,50.20196
shopping,اسواق العثيم | Othaim Markets,26.198178,50.213564
shopping,Day & Night Supermarket,26.299159,50.178369
shopping,Panda Super 435 | بنده سوبر,26.214522,50.180588
shopping,5 Amazon Ksa,26.323221,50.180037
shopping,Panda Super 420 | بنده سوبر,26.200758,50.204015
shopping,Panda Super 427 | بنده سوبر,26.151115,50.160334
shopping,Evan Market,26.220177,50.212435
shopping,Danube,26.190415,50.189441
shopping,Farm Superstores 91,26.359562,50.207437
shopping,Panda Super 408 | بنده سوبر,26.323333,50.164717
shopping,Amazon - Aljisr,26.205917,50.197824
shopping,MAC supermarket,26.299109,50.212081
shopping,اسواق ومخابز ريماركت Remarket,26.234832,50.213134
shopping,Hala Stores Supermarket,26.200937,50.203063
shopping,مسار الأسرة,26.299005,50.175208
shopping,KAYAN SUPERMARKET,26.21895,50.202837
shopping,Farm 5 Superstores,26.330865,50.162241
shopping,LANdMARK supermarket,26.277664,50.210223
shopping,Pinas Super Market,26.281347,50.214343
shopping,Sayari supermarkt اسواق الصيعري,26.199242,50.184888
shopping,Prime Markets / Universal Cold Store,26.285789,50.193508
shopping,بقالة حي الخطوط السعودية,26.357919,50.200341
shopping,Panda Super,26.279544,50.200167
shopping,Oriental Shopping Center,26.284598,50.21684
shopping,Consumer Oasis Market,26.298487,50.181102
shopping,Cebu Market,26.282152,50.214155
shopping,Kadiwa Store,26.282012,50.214783
shopping,تموينات البحيرات,26.215187,50.212688
shopping,مركز الهلال للتسويق,26.205141,50.208505
shopping,Al-Qahtani Super Market,26.278813,50.191063
shopping,PINOY Supermarket,26.282188,50.213047
shopping,اسواق اطلالة الوادي 2 ( 24 ساعة ),26.462564,50.056659
shopping,UNIVERSAL COLD STORE,26.272221,50.193393
shopping,بنت النور للأغذية,26.467337,50.041185
shopping,Basmat AlKhobar Supermarket,26.124681,50.142901
shopping,تموينات واحة الجسر للمواد الغذائيه,26.200957,50.207849
shopping,PARIS HYPERMARKET AL KHOBAR,26.309196,50.209607
shopping,Lulu Hypermarket - Al Rakah,26.349228,50.199288
shopping,Panda Hyper 40009 | بنده هايبر,26.328366,50.212372
shopping,Abu lulu supermarket,26.277173,50.215605
shopping,Panda Hyper 40020 | بنده هايبر,26.305628,50.170895
shopping,Panda Hyper 40004 | بنده هايبر,26.309983,50.172695
shopping,Farm 10,26.316938,50.203812
shopping,Farm Superstore,26.200837,50.194349
shopping,Aziziyah Plaza - العزيزية بلازا,26.200858,50.19419
shopping,abululu supermarket Al Jesr,26.203107,50.202263
shopping,Near LULU Hyper market,26.266417,50.210767
shopping,Paris hypermarket alkhobar باريس هايبرماركت الخبر,26.309152,50.209862
mall,The Deal - Khobar Mall,26.314531,50.210104
mall,Dossary Computer Mall,26.281089,50.20439
mall,مطعم الرواق الشعبي / قيصيرية الخبر مول,26.314252,50.209511
shopping,Baghlaf Trade Centre,26.294609,50.208577
shopping,مركز الحصن التجاري,26.278985,50.198727
shopping,Company World Price Trading,26.313519,50.210842
shopping,مجمع ميركادو التجاري,26.303642,50.205028
shopping,مركز الخبر التجاري,26.279624,50.210842
shopping,Mercato,26.321108,50.215594
shopping,Fai Market,26.278589,50.216053
shopping,SAMAKA (SAMEEKA) SUPER MARKET,26.276366,50.192418
shopping,سوبرماركت,26.208545,50.208745
shopping,Japanese & Korean Market,26.282144,50.216268
shopping,Apna Bazar - Al Khaleej Shopping Center 2,26.294529,50.210965
shopping,Al Falah Supermarket,26.274719,50.193473
shopping,Ahmed Al-Zaher Trade Est.,26.278245,50.191494
shopping,أسواق المزرعة,26.177551,50.157874
shopping,Semaka Markets - S4 تموينات السماكة,26.279149,50.192563
shopping,سوبر ماركت الزيلعي,26.239079,50.199575
mosque,Taqwa Mosque,26.309556,50.206123
mosque,Jawza Al Qahtani Mosque,26.304033,50.227198
mosque,Al Rashid Grand Mosque,26.29162,50.179379
mosque,Al Noor Mosque,26.285986,50.208461
mosque,Norah AlMuhaidib Grand Mosque,26.323234,50.226136
mosque,Abdulrahman Ibn Awf Masjid,26.312249,50.226167
mosque,Masjid Ibrahim Al-Ajami جامع ابراهيم العجمي,26.298433,50.174324
mosque,The Grand Mosque,26.284084,50.21604
mosque,Omar Bin Abdulaziz Masjid,26.291187,50.192563
mosque,Makkah Masjid,26.296045,50.194663
mosque,Salem Bin Laden Mosque,26.265438,50.219123
mosque,Ibrahim Alarfaj Mosque,26.275326,50.219015
mosque,Bayouniah Masjid ( Mosque ),26.267615,50.21012
mosque,Jamia Imam Shafi Masjid,26.268465,50.207058
mosque,Almadina Almunawara Masjid,26.268161,50.212822
mosque,Abdulaziz Ali AlTurki Mosque,26.320386,50.219907
mosque,Abdulkarim Al-Khereiji Mosque,26.311599,50.216159
mosque,Rahmania Mall Mosque,26.280349,50.215244
mosque,Abdulla Fouad Mosque,26.363646,50.221579
mosque,جامع السعدون,26.329626,50.219582
mosque,Mohammed Al Arifi Masjid,26.359082,50.191541
mosque,Khobar Plaza Mosque,26.283585,50.210981
mosque,Al Harith ibn 'Umair Masjid,26.290468,50.218682
mosque,Masjid Al-Hidayah,26.30139,50.21111
mosque,Al-Ikhlas Mosque,26.316794,50.224222
mosque,Corniche Prayer Area,26.295723,50.222764
mosque,Fatima al-Dossari Mosque,26.301917,50.176267
mosque,Prince Mohammed Bin Fahd Grand Mosque,26.317209,50.202707
mosque,Abdulhadi Qahtani Masjid,26.204602,50.185234
mosque,Uqba Ibn Nafi Mosque,26.275722,50.205379
mosque,Mosab Ibn Umair Masjid,26.294393,50.210419
mosque,AlBustan Masjid,26.320901,50.211481
mosque,Mosque Ibn Al-Qayyim,26.268571,50.195988
mosque,Masjid Ja'far Bin Abi Talib,26.271548,50.202558
mosque,Almana Mosque,26.318432,50.194497
mosque,Alrashid Mosque,26.306995,50.213236
mosque,Aisha Mosque,26.206065,50.201073
mosque,جامع سالم بن محمد النعيمي-رحمه الله-,26.2226,50.205532
mosque,Masjid Usman Bin Affan,26.294961,50.213806
mosque,Al-Arefe Masjid,26.191691,50.21054
mosque,جامع الخبر الجنوبية,26.27255,50.213591
mosque,Rashid Al-Balawi Mosque,26.202667,50.191767
mosque,Municipality Azizia mosque,26.181158,50.180349
mosque,Nasser bin Ibrahim Aldossary Mosque,26.20663,50.192846
mosque,Al-Sahaba Mosque,26.22097,50.181604
mosque,Abu Bakr Al-Siddiq Mosque,26.291944,50.213013
mosque,Madinat Al Ummal Masjid,26.296234,50.206783
mosque,Omar Ibn Abdulaziz Masjid,26.215047,50.191884
mosque,Al-Suwaiket Masjid,26.288857,50.211474
mosque,مسجد كورنيش الخبر,26.329647,50.219697
mosque,جامع ذي النورين,26.217971,50.209549
mosque,Alturki Masjid,26.210979,50.192955
mosque,Al-Nour Mosque,26.195606,50.19539
mosque,جامع عيظة الحارثي,26.226855,50.19977
mosque,Eid Prayer Ground,26.277231,50.206508
mosque,Nesto Mosque,26.2939,50.172274
mosque,Bilal bin Rabah Masjid,26.289044,50.207694
mosque,جامع الشيخ سهل بن حمدان الشمري رحمه الله,26.194757,50.187561
mosque,Nasser Khabab Al-Qahtani's Mosque,26.211089,50.175225
mosque,Al Andalus Mosque,26.288034,50.200686
mosque,جامع رياض الصالحين,26.293309,50.197857
mosque,Nasser bin Hazza Mosque,26.294458,50.183536
mosque,Imam Ahmad Ibn Hanbal Masjid,26.302985,50.212787
mosque,Al Moaibed Grand Mosque,26.358799,50.205077
mosque,Alabrar Mosque,26.312543,50.220842
mosque,Haila Mosque,26.285247,50.221491
mosque,Parents Grand Masjid,26.204669,50.198291
mosque,Al Saleheen Grand Mosque,26.344016,50.190124
mosque,Anas Bin Malik Grand Mosque,26.300024,50.19621
mosque,Al Farouq Mosque,26.267701,50.192118
mosque,Alandalus Mosque,26.325,50.183728
mosque,Israa And Miraaj Mosque,26.331833,50.206107
mosque,Al Eyman Mosque,26.327862,50.224907
mosque,مسجد بر الوالدين,26.340039,50.201567
mosque,Mohammed Bin Suwaiket Mosque,26.300851,50.181266
mosque,Usaid Ibn Hudair Mosque,26.3127,50.196877
mosque,Khabbab Ibn Al-Aratt Mosque,26.284076,50.208834
park,Iskan Park,26.262891,50.208319
park,Ahmed AlMousa Park,26.373144,50.233306
park,Family Park,26.155358,50.190681
park,Al - Khobar Corniche Playground,26.307507,50.227194
park,Khobar Sea Front,26.293632,50.225496
park,AlMuhaidib Park,26.321874,50.226366
park,مبادرة نلعب معا (حديقة المهيدب),26.310025,50.181554
park,Khobar shamalia park,26.283933,50.206022
park,حديقة الاصداف | Shells Park,26.297714,50.174013
park,"Family park, New kurnaish",26.311937,50.229083
park,Al Khobar Northern Corniche,26.306751,50.227473
park,Muthalath Family Park,26.264871,50.214504
park,Kadi Park,26.19632,50.205027
park,Murjan Park,26.327993,50.224243
park,Kids Playground,26.302,50.227569
park,Alrabie Park,26.26863,50.20149
park,Shaza Park حديقة الشذا,26.299079,50.213981
park,فـنـتـورا الخـبـر Funtura,26.286644,50.1849
park,Al Rawabi Park,26.330349,50.211689
park,Ali Altamimi Park,26.208171,50.204143
park,"منتزه الأطفال "" حديقة الاسكان """,26.263634,50.207811
park,I Love Khobar,26.294265,50.221589
park,Safa Park,26.300542,50.185662
park,Public Park,26.185682,50.317647
park,Rakah Beach,26.375273,50.235153
park,Riviera Park,26.278416,50.218485
park,Khobar Sea Coast NE,26.300767,50.227596
park,Khobar Walk Park,26.301667,50.225602
park,Al khobar entertainment Park .,26.354665,50.230473
park,Park families,26.214581,50.208066
park,Khobar Fountain,26.292134,50.223394
park,Khobar Corniche Artificial Lake,26.301025,50.226316
park,Children Park,26.307392,50.227904
park,Shorofat Park,26.351597,50.211085
park,Nawaris Park,26.268275,50.200958
park,Dammam AL Khobar Saudi Arabia Alrabie Park,26.268401,50.201771
park,Garden Fawzan mosque bridge,26.218169,50.210534
park,Park Inn By Radisson Al Khobar,26.32922,50.211004
park,Public park,26.320249,50.200858
park,Fun Oasis,26.291154,50.180333
park,Sparky's | سباركيز,26.336372,50.197226
park,Matal View,26.281972,50.222449
park,حديقة الفرقان,26.207539,50.211798
park,فيلا بارك للشقق المخدومة,26.178988,50.185803
park,Khobar Water Tower,26.307516,50.231618
park,I Love Khobar Landmark أنا أحب الخبر,26.324719,50.228269
park,AlNawras Beach Garden,26.191799,50.174897
park,Ahmed AlMousa Park - Playground,26.372481,50.231261
park,ممشى حي الجسر | Aljisr walk,26.218254,50.204279
park,Khobar Corniche Parking Lot,26.293046,50.22181
park,حديقة الورود,26.317881,50.194338
park,حديقة اسكان الخبر,26.263742,50.210035
park,Sheikh Abdul Aziz bin Abdullah Al Mousa garden,26.311783,50.218145
park,Garden Domus Camp.,26.257502,50.202959
park,Al Areej Park,26.302473,50.181946
park,Park,26.281646,50.196476
park,Wonderful Garden,26.320292,50.212323
park,حديقة الحزام الذهبي,26.317882,50.194277
park,حديقة الذرمان,26.193346,50.163492
park,حديقة الزيزفون,26.192727,50.175452
park,حديقة التحلية,26.184741,50.190657
park,Mohammed AlZamil Park,26.314811,50.199172
park,حديقة الخزامى,26.21377,50.193285
park,حديقة الزهور,26.320398,50.200806
park,حديقة الغدير بحي الصواري ب,26.192885,50.155116
park,حديقة التركى,26.308374,50.199655
park,حديقة الشيخ محمد بن حمد بن عمار الخالدي,26.313492,50.220819
park,حديقة الروضة,26.302117,50.190643
park,Al Firdaus Garden | حديقة الفردوس,26.297996,50.155068
park,Aldaar Garden حديقة الدار,26.334106,50.179917
park,Golden Park Cafe,26.31258,50.217328
park,Joyful garden,26.454621,50.070943
bank,Riyad Bank,26.29701,50.208261
bank,مصرف الراجحي | alrajhi bank,26.26833,50.204257
bank,anb البنك العربي الوطني - King Abdulaziz Road Branch,26.285859,50.205722
bank,مصرف الراجحي | alrajhi bank,26.289347,50.190865
bank,مصرف الراجحي | alrajhi bank,26.307156,50.179654
bank,Riyad Bank,26.302736,50.206704
bank,Riyad Bank,26.299949,50.221665
bank,Riyad Bank,26.293264,50.186036
bank,SNB AlAhli,26.293514,50.19926
bank,Riyad Bank,26.314912,50.216376
bank,Riyad Bank,26.281115,50.21169
bank,Riyad Bank Regional Office - Heart of Al-Khobar,26.300182,50.22159
bank,SNB AlAhli ATM,26.298569,50.197688
bank,SAB الأول,26.305427,50.209827
bank,anb البنك العربي الوطني - Al Raka Khobar Branch,26.360804,50.19441
bank,SNB AlAhli,26.284319,50.212407
bank,HSBC Saudi Arabia,26.305414,50.209824
bank,anb البنك العربي الوطني - Al Khobar Branch,26.283206,50.218222
bank,Riyad Bank,26.307673,50.154962
bank,SAB الأول,26.294094,50.185847
bank,Emirates NBD - AlKhobar Main Branch بنك الامارات دبي الوطني فرع الخبر الرئيسي,26.318471,50.215864
bank,The Saudi Investment Bank ATM,26.294101,50.195945
bank,Saudi National Bank,26.306178,50.223816
bank,Riyad Bank,26.300433,50.159554
bank,مصرف الراجحي | alrajhi bank,26.216823,50.207488
bank,SAB الأول,26.287611,50.197767
bank,Riyad Bank,26.269149,50.196541
bank,Riyad Bank,26.362565,50.197093
bank,anb ATM صراف البنك العربي الوطني - Al Raka Khobar Branch,26.360778,50.194363
bank,The Saudi Investment Bank ATM,26.336642,50.187423
bank,Riyad Bank ATM,26.283586,50.210176
bank,SNB AlAhli ATM,26.292443,50.212081
bank,anb البنك العربي الوطني - Al Rashid Mall Branch,26.293583,50.181245
bank,First Abu Dhabi Bank khobar,26.30677,50.210943
bank,Riyad Bank ATM,26.28999,50.19404
bank,Bank Al Bilad - BAB,26.302813,50.209313
bank,مصرف الراجحي | alrajhi bank,26.279761,50.192008
bank,anb البنك العربي الوطني - Al Hezam Al Akhdar Branch,26.311923,50.191466
bank,SNB AlAhli,26.281312,50.204813
bank,BSF - Olaya Al-Khobar Branch - فرع العليا الخبر,26.300489,50.172189
bank,ِAlinma Bank | مصرف الإنماء,26.309602,50.177404
bank,SNB AlAhli,26.208949,50.196586
bank,The Saudi Investment Bank ATM,26.270169,50.209006
bank,SNB AlAhli ATM,26.294214,50.218046
bank,Alinma Bank,26.312447,50.222902
bank,Gulf International Bank - Head Office,26.214067,50.179508
bank,Riyad Bank ATM,26.291735,50.218061
bank,AlRajhi Bank ATM,26.291915,50.213907
bank,Riyad Bank ATM,26.297843,50.211635
bank,Riyad Bank ATM,26.27853,50.20827
bank,NBK - National Bank of Kuwait بنك الكويت الوطني,26.311486,50.223943
bank,The Saudi Investment Bank ATM,26.291385,50.180642
bank,SNB AlAhli,26.153622,50.145267
bank,بنك الجزيرة,26.308311,50.176861
bank,Riyad Bank ATM,26.28123,50.21369
bank,The Saudi Investment Bank ATM,26.270398,50.191889
bank,SAB الأول,26.218785,50.209841
bank,BSF - Khobar Main Branch - فرع الخبر الرئيسي,26.303199,50.210246
bank,Riyad Bank,26.205809,50.208387
bank,SAB الأول,26.282825,50.210098
bank,SAB الأول,26.294827,50.214302
bank,Riyad ATM,26.276784,50.204457
bank,SAB الأول,26.310724,50.212007
bank,Riyad Bank ATM,26.27972,50.21352
bank,Riyad Bank ATM,26.312798,50.195763
bank,SNB AlAhli ATM,26.27238,50.206267
bank,SAB الأول,26.287104,50.212917
bank,Alinma ATM,26.29578,50.211404
bank,SNB AlAhli ATM,26.324188,50.165937
bank,SNB AlAhli ATM,26.282144,50.2142
bank,Riyad Bank ATM,26.27426,50.21119
bank,SAB الأول,26.305436,50.209835
bank,Riyad Bank ATM,26.300337,50.181343
bank,NCB ATM,26.272478,50.206226
bank,SAB الأول,26.296784,50.19338
bank,Riyad Bank ATM,26.30085,50.19579
bank,SNB AlAhli ATM,26.288588,50.213022
bank,SNB AlAhli ATM,26.290926,50.196405
bank,Riyad Bank ATM,26.2538,50.2037
bank,Riyad Bank ATM,26.28098,50.211446
bank,Riyad Bank ATM,26.362571,50.196972
bank,Riyad Bank ATM,26.29363,50.18605
bank,SAB الأول,26.373865,50.178451
bank,Riyad Bank ATM,26.361842,50.203051
bank,Riyad Bank ATM,26.271968,50.2124
bank,Emirates NBD ATM,26.283547,50.219719
bank,anb ATM صراف البنك العربي الوطني - Al Khobar Branch,26.283295,50.218398
bank,SABB ATM 12th. St.,26.280418,50.188981
bank,AlRajhi Bank ATM,26.267243,50.214867
bank,Al Rajhi Bank ATM,26.265712,50.195268
bank,SNB AlAhli ATM,26.319938,50.215687
bank,Riyad Bank ATM,26.36996,50.19072
bank,Riyad Bank ATM,26.36658,50.18509
bank,SNB AlAhli ATM,26.208894,50.196643
bank,Al Rajhi ATM,26.307188,50.179814
bank,صراف بنك الجزيره - سحب وايداع,26.324562,50.165438
bank,Saudui National Bank,26.208837,50.19661
bank,Al Rajhi Bank ATM,26.279815,50.191985
bank,anb ATM صراف البنك العربي الوطني - Hin Building,26.266391,50.198076
bank,ATM machine Automated Riyad Bank,26.272809,50.21203
bank,SNB AlAhli ATM,26.293429,50.199243
bank,BSF - Banque Saudi Fransi ATM - Olaya Alkhobar Branch - Cash Deposit,26.300703,50.171848
bank,Al Rajhi ATM,26.301082,50.189976
bank,Albilad ATM,26.302772,50.173229
bank,SNB AlAhli ATM,26.220312,50.192437
bank,بنك الجزيرة - مبنى الإدارة الإقليمية,26.311823,50.217482
bank,BSF - Alkhobar North Branch - فرع الخبر الشمال,26.366187,50.205438
bank,SNB AlAhli,26.31997,50.215759
bank,Fawri,26.275327,50.193912
bank,Bank Aljazira,26.335761,50.193896
bank,مصرف الراجحي | alrajhi bank,26.364713,50.20091
bank,SNB AlAhli,26.312409,50.179189
bank,Alinma Bank | مصرف الإنماء,26.283143,50.202291
bank,بنك العربي,26.290869,50.180311
bank,Riyad Bank,26.269934,50.207272
bank,Riyad Bank,26.188683,50.186648
bank,Quickpay - SNB ALAhli,26.290929,50.196413
gas_station,Aramco Station,26.278845,50.216157
gas_station,Aldrees,26.200926,50.202904
gas_station,Aramco Station,26.294304,50.171296
gas_station,Petrol station,26.320296,50.216434
gas_station,Orange Gas Station Al Yarmouk | محطة وقود أورانج اليرموك,26.312719,50.217292
gas_station,Aldrees,26.215749,50.179708
gas_station,Aramco Station,26.324063,50.179812
gas_station,Aldrees,26.208565,50.208694
gas_station,Aldrees,26.373885,50.178549
gas_station,Khobar Tower Gas Station,26.30276,50.207293
gas_station,Elmam Fuel,26.296575,50.193069
gas_station,United Gas Station,26.361531,50.196045
gas_station,Fuel Way Station,26.318907,50.216051
gas_station,Aldrees,26.280669,50.21129
gas_station,Aldrees,26.290168,50.1904
gas_station,ADNOC Service Station | Khobar Corniche (2071),26.318743,50.222921
gas_station,Aldrees,26.285312,50.194313
gas_station,Aldrees,26.255353,50.203435
gas_station,SASCO Xpress,26.22395,50.196354
gas_station,Aldrees,26.286047,50.188451
gas_station,مجمع الحقيل للخدمات البترولية,26.157078,50.161336
gas_station,Aldrees,26.363597,50.198958
gas_station,Petrol Station,26.279171,50.187146
gas_station,SASCO,26.272406,50.206275
gas_station,Aldrees,26.29782,50.178478
gas_station,SASCO Xpress,26.30589,50.21067
gas_station,ADNOC Service Station | Qurtuba District 1 (2019),26.338364,50.198211
gas_station,TotalEnergies,26.290688,50.187312
gas_station,SASCO Xpress,26.259956,50.194025
gas_station,NAFT,26.254463,50.214534
gas_station,Anas Petrol Station,26.25027,50.202437
gas_station,Orange Gas Station Dana | محطة وقود أورانج الدانة,26.335322,50.131495
gas_station,Aldrees,26.230484,49.997723
gas_station,NAFT,26.337995,50.205058
gas_station,Emad Gas Station,26.29461,50.200066
gas_station,Aldrees,26.286062,50.197688
gas_station,Fuel,26.255965,50.194046
gas_station,SASCO Xpress,26.304463,50.199744
gas_station,SASCO,26.276566,50.209813
gas_station,SASCO,26.24659,50.214866
gas_station,ENOC FUEL STATION,26.279272,50.201828
gas_station,Orange Gas Station Jasser | محطة وقود أورانج الجاسر,26.302079,50.210002
gas_station,ENOC,26.205779,50.196404
gas_station,TotalEnergies,26.265687,50.211188
gas_station,Sahel,26.264953,50.189014
gas_station,NAFT,26.435437,50.087082
gas_station,Petroly,26.202012,50.189393
gas_station,ADNOC Service Station | Al Qashlah (2007),26.363084,50.177937
gas_station,Aldrees,26.335006,50.20044
gas_station,Orange Gas Station Aziziyah | محطة وقود أورانج العزيزية,26.180456,50.203604
gas_station,Petroly,26.332136,50.145013
gas_station,Fountain Petrol,26.285423,50.194152
gas_station,Petroly,26.269202,50.188751
gas_station,Orange Gas Station Azizia 2 | محطة وقود أورانج العزيزية 2,26.189388,50.188555
gas_station,Orange Gas Station Ajyad | محطة وقود أورانج اجياد,26.335712,50.19389
gas_station,Petromin Station,26.289988,50.214746
gas_station,محطة ويل للوقود,26.217209,50.184664
gas_station,محطة وقود,26.174012,50.157522
gas_station,Elmam Fuel,26.332502,50.161381
gas_station,محطة ساس,26.21533,50.212919
gas_station,محطه انس ansa,26.201451,50.208193
gas_station,SASCO,26.388419,50.149558
gas_station,Aldrees,26.186463,50.159692
gas_station,مزايا للوقود,26.229937,50.195813
gas_station,محطة وقود اوكتين | OKTEN Gas station,26.235141,50.213452
gas_station,Sahel,26.30201,50.180535
gas_station,Mazaya Service Station,26.231647,50.193714
gas_station,Fuel Way Gas Station,26.193179,50.189783
gas_station,Fuel way,26.194312,50.213062
police,Alkhobar Police Station,26.278596,50.217022
police,Police Directorate,26.278899,50.217025
police,Khobar Traffic Police,26.281363,50.193887
police,مخفر شرطة الاسكان,26.255817,50.208131
police,Building For FingerPrint,26.278521,50.216772
police,Aziziyah traffic police,26.16396,50.149583
police,Command Security Patrol,26.250761,50.209613
police,King Fahd Causeway Police,26.185147,50.328823
police,حجز شرطة الخبر حجز السيارات,26.178181,50.158747
fire_station,الدفاع المدني بالحزام الأخضر Civil Defense,26.305431,50.196973
fire_station,Khobar General Directorate of Civil Defense,26.29738,50.169881
fire_station,Civil Defense Center Country,26.277674,50.214408
fire_station,Civil Defense,26.290927,50.188015
fire_station,FIRE STATION,26.173872,50.161806
restaurant,The Pantry Restaurant,26.309041,50.214871
restaurant,Piatto Restaurant,26.298517,50.2228
restaurant,Ninar restaurant,26.306569,50.183028
restaurant,Asmahan Restaurant,26.290592,50.178427
restaurant,Blue Garden Khobar بلو جاردن الخبر,26.2551,50.221004
restaurant,Taya Restaurant Khobar,26.291946,50.207115
restaurant,Swiss Butter - Corniche Park,26.307286,50.224946
restaurant,Bait AlRobyan,26.250915,50.215153
restaurant,Brasa De Brazil Khobar,26.27202,50.220567
restaurant,Pikniq,26.317961,50.203905
restaurant,Karam Beirut - Al Khobar,26.272352,50.221196
restaurant,Ziba Restaurant ® مطعم زيبا,26.350749,50.211415
restaurant,Century Cuisine,26.296996,50.219622
restaurant,Golden Gate Restaurant Alkhobar Corniche مطعم جولدن جيت كورنيش الخبر,26.272214,50.215547
restaurant,Macéo,26.282051,50.222272
restaurant,Chef Eyad Khobar,26.255639,50.221042
restaurant,The Butcher Shop & Grill,26.319522,50.22185
restaurant,Zahid Bhai,26.299024,50.176067
restaurant,Naranj Damascus Restaurant,26.29918,50.180887
restaurant,Elaiodendro Restaurant,26.283173,50.219376
restaurant,Nozomi Khobar,26.281832,50.222161
restaurant,Oriya,26.255852,50.221079
restaurant,Pattis | باتي,26.288379,50.219406
restaurant,Aghatti Restaurant,26.318153,50.203415
restaurant,مطعم مقيمر Mugaimer Restaurant,26.276052,50.217003
restaurant,ALOHA RESTAURANT - AL KHOBAR,26.312341,50.222939
restaurant,Naya Daur,26.319849,50.221719
restaurant,Kottu Hut KSA,26.267062,50.212654
restaurant,Belgravian Brasserie,26.281734,50.222227
restaurant,La Gondola جاندولا,26.288312,50.218113
restaurant,Hellenika,26.281834,50.222007
restaurant,Takara Restaurant ® مطعم تاكارا,26.321277,50.220052
restaurant,Casa Restaurant,26.282162,50.196266
restaurant,Mama Noura,26.292088,50.220057
restaurant,Khana Khazana Khobar,26.277205,50.213143
restaurant,Shahrazad Restaurant,26.293698,50.207401
restaurant,GHAZI RESTAURANT AL KHOBAR,26.295898,50.209775
restaurant,Al Sanbok Restaurant,26.27183,50.220736
restaurant,Shalimar Restaurant,26.276089,50.210719
restaurant,Primavera Restaurant,26.286349,50.18761
restaurant,SOUL KITCHEN,26.30294,50.208689
restaurant,Al Wazzan Restaurant,26.288559,50.207242
restaurant,Thermo Steakhouse,26.328109,50.179835
restaurant,El Panero Restaurant,26.35278,50.211364
restaurant,Mughal Restaurant - مطعم مغل,26.288116,50.217778
restaurant,Steak House,26.29851,50.222803
restaurant,Raftaar Restaurant,26.31319,50.223655
restaurant,Taj al Hind Bollywood Kitchen,26.266878,50.212762
restaurant,زمرت | Zümrüt,26.300702,50.189099
restaurant,Maharaja By Vineet,26.322269,50.216813
restaurant,Como Seafood Restaurant,26.278237,50.218971
restaurant,Sun Room Cafe & Restaurant,26.272148,50.221178
restaurant,Umbrella restaurant - Alkhobar,26.319418,50.221861
restaurant,Fatoor AlTaibeen,26.186191,50.186436
restaurant,Shrimp Nation Al Khuzama | شرمب نيشن الخزامى,26.202289,50.195312
restaurant,شرمب رش | SHRIMPRUSH,26.309468,50.222491
restaurant,Queen of India,26.328173,50.180046
restaurant,South Street Restaurant Khobar,26.274315,50.215503
restaurant,Jareed restaurant,26.184402,50.185166
restaurant,Soldout Restaurant® مطعم سولد اوت,26.338647,50.208756
restaurant,Romansi Al Sharqiya,26.291581,50.21364
restaurant,سلايدركود Slider Code,26.319574,50.222813
restaurant,First Flavor Restaurant,26.29973,50.214914
restaurant,ASADO (Mustache ASADO) اسادو,26.360189,50.206702
restaurant,TAKE Steak Burger تيك ستيك برجر,26.300533,50.198156
restaurant,The Town,26.29944,50.174156
restaurant,Bikki,26.287231,50.211942
restaurant,Khabrieh Lebanese Restaurant - مطعم خبرية,26.311319,50.223098
restaurant,Parker's,26.307296,50.178462
restaurant,Gazzal Restaurant,26.298452,50.197671
restaurant,مطعم ماضينا للأكلات الشعبية,26.288042,50.188333
restaurant,HOUSE OF AGAPI,26.317705,50.203984
restaurant,Oah Yamal Restaurant,26.284007,50.22034
restaurant,EL TACORIA | ال تاكوريا,26.300385,50.183276
restaurant,Al Dar Al Arabi,26.269333,50.205575
restaurant,Classic Indian Restaurant,26.282471,50.212208
restaurant,Ocean,26.255757,50.221145
restaurant,مطعم لارتيستوLartisto,26.250819,50.215264
restaurant,Five Guys,26.303778,50.204038
restaurant,Grill Island,26.305221,50.195332
cafe,Cay,26.282097,50.222144
cafe,مقهى ومحمصة كوفيكا,26.283711,50.220211
cafe,Qaf Coffee Roasters محمصة ومقهى قاف,26.302486,50.177577
cafe,namq cafe,26.319412,50.222857
cafe,VARDØ,26.350794,50.211585
cafe,مقهى ومحمصة وودز (الخبر) | WOODS Cafe and Roastery (Khobar),26.313042,50.223705
cafe,Olabs Café & Roastery,26.303398,50.206256
cafe,Inside café,26.310541,50.224209
cafe,COSMO,26.310883,50.22349
cafe,Density Coffee Roasters | مقهى ومحمصة دينستي,26.319718,50.22276
cafe,Tulum Cafe,26.303593,50.223355
cafe,Wacafe Al Khobar| وكف الخبر,26.319806,50.216887
cafe,To Be Cafe,26.350331,50.195422
cafe,Aged | ايجد,26.299206,50.202168
cafe,PART COFFEE HOUSE,26.296104,50.217922
cafe,Crafter Cafe مقهى كرافتر,26.317791,50.222802
cafe,Lily Cafe & Flowers,26.305422,50.183174
cafe,CORE COFFEE & ROASTERY,26.324987,50.207603
cafe,Lapro Cafe,26.350876,50.211852
cafe,Andes Coffee Roasters,26.297772,50.219015
cafe,Cafe Cairo,26.237907,50.196478
cafe,ميم كافيه Meem coffee,26.289448,50.216213
cafe,ماوند | العليا,26.305492,50.178355
cafe,Effect Coffee,26.297527,50.178491
cafe,Sensations Coffee كوفي سنسيشنز,26.299848,50.220202
cafe,Boad Coffee Roasters,26.305643,50.178346
cafe,Cafe Bateel MATAL Seaview,26.282207,50.222293
cafe,Elephant Cafe,26.309676,50.216359
cafe,مقهى السيف - التحلية,26.18298,50.184451
cafe,The brunch room,26.302567,50.176342
cafe,Repeat Coffee & Brunch,26.361154,50.206378
cafe,Density Coffee Roasters | مقهى ومحمصة دينستي,26.328785,50.180327
cafe,IVY Restaurant & Cafè مطعم و مقهى ايفي,26.199344,50.212239
cafe,ARABIA CAFE ارابيا كافيه,26.314628,50.210841
cafe,‏Blue Star Cafe | بلو ستار كافيه,26.327261,50.215125
cafe,اي بلس | A PLUS,26.186681,50.159683
cafe,Majlis Cafe,26.345013,50.146444
cafe,Matal,26.282055,50.221993
cafe,Sky Lounge,26.366876,50.177799
cafe,مقهى ومحمصة أور | OUR COFFEE ROASTERS,26.362616,50.205041
cafe,Ajdan Walk,26.283569,50.219552
cafe,KOY & BAKERY HOUSE,26.304186,50.211249
cafe,Bisket Cafe,26.291524,50.216793
cafe,Bohemia Cafe & Records,26.29956,50.214882
cafe,Derby Coffee,26.324703,50.227744
cafe,Oasis cafe & Club,26.289297,50.216491
cafe,مقهى ومحمصة شرق (العليا) Shrq Coffee Roasters (Olaya),26.298858,50.179148
cafe,Oob Coffee,26.310667,50.224189
cafe,Shrq Coffee Roasters (Alkurnaish ) | (مقهى ومحمصة شرق (الكورنيش,26.311608,50.223003
cafe,Seven Seeds‎,26.298646,50.178169
cafe,OWL Bakehouse & Coffee,26.299469,50.215251
cafe,مقهى ومحمصة وِكاد,26.322767,50.218933
cafe,Qaf Coffee Roasters -Ajdan : محمصة ومقهى قاف - اجدان,26.282974,50.220457
cafe,Quarters Coffee | كوارترز كوفي,26.305033,50.195486
cafe,About coffee,26.298565,50.210313
cafe,Coffee Address | عنوان القهوة,26.214188,50.207813
cafe,SAJE cafe | سيج,26.291958,50.208602
cafe,coffee handle,26.216374,50.193752
cafe,Line Espresso Bar & Roastery,26.29587,50.219077
cafe,A PLUS,26.299574,50.173951
cafe,ORIGO,26.32551,50.185917
cafe,DeFlore ديفلور,26.328349,50.181805
cafe,مقهى طرف,26.292797,50.218781
cafe,Balancd Coffee,26.304992,50.217014
cafe,CAVO Coffee,26.314214,50.21714
cafe,HAZEL COFFEE | هزل كوفي,26.303127,50.178016
cafe,نـوك كافـيه الراكة | Knock cafe Alrakkah,26.337342,50.201459
cafe,مقهى و محمصة وودز | WOODS Specialty Café & Roastery‎,26.251599,50.201592
cafe,امو | Amo,26.299693,50.219901
cafe,graph cafe,26.201403,50.208206
cafe,Al Seef Cafe,26.222473,50.219216
cafe,SWAJ Coffee Roasters محمصة ومقهى سواج,26.343678,50.203162
cafe,أوستن كوفي Osten Coffee,26.310316,50.224247
cafe,Kyan Cafe,26.225224,50.213238
cafe,urbn.,26.325563,50.186062
cafe,Olabs Café Drive Thru,26.362973,50.19861
cafe,marfa speciality coffee مرفأ,26.280216,50.216397
cafe,مقهى ليالي الكيف,26.251799,50.197444
cafe,مقهي ومحمصه الواحه - Oasis Cafe Roastery,26.282045,50.20195
cafe,Lialy Marrakech Cafe,26.216748,50.176483
cafe,la melograno lounge,26.242181,50.198338
cafe,Destination,26.306124,50.175085
cafe,مقهى شيء,26.290678,50.217339
cafe,مقهى نبض الخبر,26.24457,50.198641
cafe,PAUSE CAFE,26.220057,50.212464
cafe,Maskob,26.288552,50.217861
cafe,XTIME Cafe,26.20249,50.195262
cafe,Dallat Alfaris مقهى دلة الفارس,26.34275,50.182038
cafe,Motive Cafe,26.303548,50.223565
cafe,Al Fanar Cafe,26.217745,50.181707
cafe,مقهى الزمن الجميل,26.343674,50.195605
cafe,Ole Cafe,26.222532,50.183808
cafe,شذرات كافيه,26.275039,50.219144
cafe,Jumanah Cafe,26.306769,50.175889
cafe,مقهى ديوانية الحلى والكيف,26.217197,50.185293
cafe,Rimal Aws Cafe,26.222062,50.184688
cafe,مقهى ما بعد العاشرة,26.185482,50.186044
gym,GymNation Al Khobar Ladies,26.324767,50.207726
gym,The Power Gym,26.279619,50.202135
gym,GymNation Al Khobar Men's | Best Gym In Al Khobar,26.324767,50.207726
gym,PureGym Woman Khobar Al Rakah | بيورجيم للسيدات الراكة في الخبر ‎,26.362829,50.198851
gym,(نادي منتصف المدينة الرياضي ) DOWN TOWN GYM,26.281076,50.208317
gym,PureGym Man Khobar Golden Belt | بيورجيم للرجال الحزام الذهبي في الخبر,26.322497,50.206581
gym,Fitness Time Plus | وقت اللياقة بلس,26.297307,50.169385
gym,NEXT WELLNESS CLUB,26.300231,50.221713
gym,Body Masters Premium|بودي ماسترز بريميوم,26.277812,50.209028
gym,SWERVE,26.308528,50.213984
gym,وقت اللياقة | Fitness Time,26.317171,50.201563
gym,Nirvana Spa and Fitness Center,26.290505,50.177523
gym,iN2Fitness - Aqrabiyah Ladies,26.289142,50.190125
gym,LIFT UP female sport center,26.199353,50.21338
gym,Al Khobar Gym,26.279523,50.210012
gym,وقت اللياقة | Fitness Time,26.296747,50.168987
gym,Fitness Time Ladies | وقت اللياقة ليديز,26.311701,50.210726
gym,iN2Fitness - Aqrabiyah Men,26.28877,50.189602
gym,Sparkle Fitness,26.293798,50.185786
gym,Jebel Heights Gym,26.289734,50.101439
gym,Fitness home central care ladies gym spa and salon بيت اللياقة وصالون وسبا في الخبر,26.292681,50.18241
gym,Reeba Fitness,26.306327,50.183565
gym,Fast Fit EMS - Al Rakah Branch Ladies & Gents,26.338273,50.207294
gym,Interval Plus CrossFit - Alkhobar Male & Female Branch / نادي انترفل بلس كروسفت - فرع الخبر للرجال و النساء,26.324512,50.206907
gym,Powerhouse,26.307632,50.2243
gym,VOG Salon&Spectrum gym and spa,26.346608,50.1923
gym,Seven Gym For ladies | سفن جيم النسائي,26.284054,50.195511
gym,AlMana Women’s Wellness,26.294394,50.217877
gym,Orange Theory Fitness,26.327253,50.215288
gym,Abdulwahed Gym,26.290537,50.206453
gym,Areka Sports Club - نادي أريكة الرياضي,26.285733,50.205207
gym,وقت اللياقة | Fitness Time,26.209384,50.194583
gym,Crowne Health Center,26.286073,50.187418
gym,NuYu Fitness Al Hizam AlThahabi,26.317415,50.203874
gym,Fitness Maker ladies center,26.348922,50.19923
gym,Active Fitness Store | Al Khobar,26.287119,50.214353
gym,Evolve Fitness - اللياقة التطورية الرياضية,26.284907,50.195587
gym,LAKMA Studio,26.326131,50.211344
gym,Fitness Time Ladies | وقت اللياقة ليديز,26.209312,50.195062
gym,F45 Training Al Khobar (Ladies),26.328632,50.180003
gym,Gym,26.293243,50.200665
gym,Mr. Fitness Pro - مستر فتنس برو,26.488085,50.055807
gym,GYM - J.F. EMS JUSTFIT Fitness Revolution - AlKhobar,26.308425,50.214393
gym,Studio55,26.31783,50.20348
gym,Healthy & Fitness - هلثي اند فتنس,26.488253,50.055986
gym,واحة الرشاقة fitness-oasis,26.203713,50.208697
gym,Stil Studio,26.495289,50.042068
gym,ملعب السرحاني العزيزية البسامي التعاون ( ️‍ ️ ️ ‍ ️ ),26.223564,50.191767
gym,Mantra Studio,26.3141,50.202496
gym,مركز الخبر الرياضي,26.279407,50.210137
gym,Sporti Sports City,26.184351,50.164768
gym,Fit Club,26.270459,50.216528
gym,Refine Gym,26.284843,50.195517
gym,TRB 2.0 -AL KHOBAR STARTING POINT,26.280179,50.213805
gym,مساج الأمير الرياضي,26.187051,50.187172
gym,Aspire Pro Fitness Academy,26.30026,50.171912
gym,Grandeur Club,26.289902,50.187618
gym,مركز أصالة الرياضي للسيدات Asala Ladies Fitness Center,26.248983,50.198082
gym,نادي الصحة الافضل النسائي,26.350599,50.138516
gym,One way Academy,26.324731,50.206792
gym,الصالة الماسية الرياضية,26.280043,50.209974
gym,GRANDEUR CLUB for ladies,26.289726,50.186985
gym,The Social Club,26.314211,50.211986
gym,نادي رموز الصحي,26.293473,50.178938
gym,High Fitness gym & Bungee /نادي هاي فتنس بنجي,26.189623,50.187466
gym,Alpha Elite EMS Club Khobar,26.352919,50.211239
gym,Al Thuqbah Club,26.228599,50.184963
gym,Al Qadsiah Club,26.294052,50.202624
gym,Kick Off Spa & MMA,26.178548,50.158108
gym,Laith Fitness Center,26.323252,50.164355
gym,جيم تاستك - gymtastic,26.37237,50.178639
gym,Liverpool FC International Academy Al Khobar,26.338197,50.182683
gym,SAMURAI GYM,26.272876,50.216276
hotel,Holiday Al Khaleej Hotel,26.187707,50.186958
hotel,Hilton Garden Inn Al Khobar,26.306944,50.175788
hotel,Ramada by Wyndham Al Khobar King Abdullah Street,26.283717,50.203554
hotel,Al Khobar Palace Hotel,26.291407,50.200702
hotel,Doolv Hotel Al Khobar,26.284002,50.19578
hotel,Villa Misk Alkhobar,26.301828,50.177922
hotel,Holiday Inn al Khobar by IHG,26.340865,50.179484
hotel,LOALOAT AL-BAHAR,26.271527,50.215464
hotel,Sumou Hotel Al Khobar,26.273656,50.218549
hotel,Enala Hotel Khobar,26.177089,50.187526
hotel,Kara Hotel فندق كارا,26.274032,50.215466
hotel,Rona Hotel,26.289385,50.187617
hotel,Golden Tulip,26.267111,50.216093
hotel,Dar Rayhaan by Rotana,26.283987,50.199931
hotel,NAS Hotel Al Khobar | فندق ناس الخبر,26.293913,50.174378
hotel,Ascott Corniche Al Khobar,26.311762,50.222857
hotel,Holiday Inn & Suites Al Khobar by IHG,26.294654,50.170551
hotel,Crowne Plaza al Khobar by IHG,26.286088,50.187422
hotel,Corp Al Khobar Corniche Hotel,26.314937,50.22337
hotel,Sand Rose Suite Hotel,26.29492,50.218575
hotel,Hilton Al Khobar King Fahd Causeway,26.221376,50.21308
hotel,Eastern Front residence,26.275681,50.216288
hotel,Somerset Downtown Al Khobar by The Ascott Limited,26.302208,50.213604
hotel,Beata Garden Apart Hotel,26.29842,50.177123
hotel,Tamaya Hotel - فندق تمايا,26.286435,50.19395
hotel,Veliton Hotel,26.222692,50.216587
hotel,فندق ليان بارك LIAN PARK HOTEL,26.285043,50.181795
hotel,Normas Hotel,26.270695,50.214988
hotel,Holiday Inn AlKhobar - Corniche,26.316817,50.21711
hotel,The Address serviced apartments,26.272998,50.21629
hotel,Aloft Dhahran,26.304537,50.174095
hotel,The proud hotel,26.210813,50.196318
hotel,Al Iqbal Hotel,26.282985,50.211077
hotel,Staybridge Suites al Khobar by IHG,26.343512,50.195238
hotel,Warwick Al Khobar,26.299679,50.220425
hotel,مسكن العليا - Maskan ALOlaya,26.295132,50.177228
hotel,Staybridge Suites al Khobar City by IHG,26.288152,50.187868
hotel,Eastyard Khobar Hotel فندق ايستيارد الخبر,26.283851,50.203424
hotel,InterContinental al Khobar by IHG,26.303731,50.211052
hotel,Golden Bujari Hotel,26.290568,50.188416
hotel,Sofitel Al Khobar The Corniche,26.276569,50.220135
hotel,Safwat alkhobar hotel,26.306478,50.178202
hotel,جوهره الشرق للشقق المخدومه,26.152162,50.159403
hotel,Aswar Hotel Suites - أسوار للاجنحه الفندقية,26.293804,50.179242
hotel,Marriott Executive Apartments Al Khobar,26.297897,50.200521
hotel,tuwaren suites,26.288508,50.187425
hotel,Grand Hyatt Al Khobar Hotel and Residences,26.290405,50.178428
hotel,Tulip Hatta Hotel,26.294649,50.176237
hotel,Centro Corniche,26.305308,50.223516
hotel,Mövenpick Al Khobar,26.322309,50.216812
hotel,Hilton Garden Inn Al Khobar King Fahd Causeway,26.230691,50.212867
hotel,فندق جولدن تاور الخبر كورنيش Golden Tower Hotel Alkhobar Corniche,26.272282,50.215548
hotel,Habitat Hotel All Suites - Al Khobar,26.281349,50.202878
hotel,فندق جولدن إيليت الخبر Golden Elite Hotel Al Khobar,26.305563,50.178348
hotel,Golden Tulip Suites,26.222769,50.215966
hotel,Night Inn Hotel,26.288372,50.186599
hotel,Zara Continental Hotel,26.304973,50.17452
hotel,Hdb resort & spa,26.044663,50.147628
hotel,voco al Khobar by IHG,26.286667,50.18675
hotel,Jadeel Hotel,26.297372,50.178502
hotel,Ramada Encore by Wyndham Al Khobar Corniche,26.309166,50.214466
hotel,Mirot Hotel,26.215272,50.195244
hotel,Boudl hotel,26.29855,50.200395
hotel,Ramada Encore by Wyndham Al Khobar Olaya,26.305626,50.177955
hotel,Dream Residence,26.331445,50.212314
hotel,Stone Age Village Resort,26.036887,50.146124
library,Masmoo’a مسموع,26.318428,50.229888
library,Al-Munirah library,26.316876,50.128949
library,Building 8 - Main Library,26.307252,50.144419
library,AlHijra copy center and translation,26.285239,50.189677
library,مكتبة طريق الابداع,26.290857,50.195962
library,‏Al-Khudari Mosque Library,26.312063,50.22622
library,Read the Photocopy Library,26.280912,50.191928
library,Al-Bayhaqi Library,26.277322,50.193055
library,قرطاسية درة العلوم,26.176057,50.139461
library,قرطاسية البحوث العلمية,26.210796,50.207761
library,قرطاسية نيار,26.278716,50.201496
library,مكتبة بن هين,26.273467,50.192847
library,مكتبة وقرطاسية رسالة المعرفة,26.210021,50.204511
library,المكتبة العلمية,26.328694,50.158414
library,The Library,26.145995,50.092038
library,مكتب سعود للخدمات الخبر,26.27434,50.192118
library,مكتبه علوم المعرفة,26.191822,50.177089
library,Khobar Library,26.278347,50.21325
library,Al-Mukhtar,26.273572,50.211318
library,مكتبة أبجد هوز للطباعة والقرطاسية ABC Bookstore,26.290673,50.195657
library,مكتبة معارف Educator Books&Stationery Store,26.296287,50.211496
library,مكتبة الملز للقرطاسية,26.262784,50.204268
library,Jarir Bookstore-Khobar,26.290575,50.219326
library,مكتبة حكاية حرف,26.318837,50.157955
library,Al Jamiah Office Supplies,26.284662,50.189831
library,مكتبة الشامل المتطورة للقرطاسية والنسخ والتصوير,26.200962,50.207526
library,مكتبة سحر الورق الجسر,26.200643,50.204457
library,مكتبة سهم الاتقان للقرطاسية,26.184863,50.158599
library,SARA STAR STATIONARY مكتبة نجمة سارة,26.290987,50.195613
library,مكتبة ندى المعرفة للقرطاسية,26.207918,50.20867
library,مكتبة الهدى للقرطاسية والخدمات الإلكترونية,26.183104,50.158196
library,مكتبة الناجحين الاوائل,26.212214,50.207566
library,الورقة الذهبية,26.290731,50.195772
library,قرطاسية ورقة بحث للخدمات الطلابية,26.213179,50.189349
library,مكتبة ساحل التحلية,26.183818,50.191962
library,مكتب الفجر للخدمات العامة,26.21099,50.197913
library,مكتبة صديق العلم للقرطاسية و النسخ و التصوير والخدمات العامة,26.263789,50.204383
library,Jarir Bookstore Dhahran,26.310185,50.169652
library,قرطاسيه وقت المعرفه,26.209009,50.187229
library,B2Print,26.285448,50.189497
library,قرطاسية سلة الطالب,26.201464,50.205491
library,مكتبة كنوز الضاحية قرطاسية,26.187769,50.182332
library,Beacon Colors,26.215901,50.207538
library,راء الابداع للطباعة,26.213445,50.207908
library,قرطاسية نور العلوم,26.209009,50.187229
library,مكتبة قرطاسية ايثار الثقبة,26.274039,50.18813
library,مكتبة و قرطاسية وجهة الطالب للخدمات الطالبية,26.196735,50.20406
library,Print City,26.209264,50.189351
library,مكتب الانصاف الاولى للخدمات العامة,26.210966,50.198182
museum,متحف روح نجد,26.195853,50.210806
stadium,Stadium - Building 39,26.309824,50.146904
stadium,Zhf Stadium Al khobar,26.350701,50.182819
stadium,The Dome,26.298969,50.168857
stadium,Qadsiah Stadium,26.294064,50.20276
stadium,Al Gosaibi Football Ground (Khalid Mubarak Academy),26.308193,50.221324
stadium,Aramco Stadium Gate 4,26.358472,50.186043
stadium,Khobar Academy Soccer Field,26.221797,50.190088
stadium,The Stadium,26.308159,50.151331
stadium,Aramco Stadium Site Office (SBJV),26.354741,50.179561
stadium,Sheikh Ali al-Tamimi Stadium Park,26.208101,50.20512
stadium,Cricket Grounds - Kanoo Cricket Ground,26.238593,50.100243
stadium,البوابة الدولية الرياضية | Global Sport Gate,26.299032,50.168853
stadium,SWCC Cricket Grounds,26.178596,50.196099
stadium,SAYSO Soccer Fields,26.281831,50.119883
stadium,Al buhaira,26.193005,50.175897
stadium,ملعب الأسيل,26.214736,50.208552
stadium,PMU Stadium,26.149739,50.09373
stadium,Khobar Friday League,26.298938,50.168812
stadium,Power Arena - Padel Court,26.322451,50.206042
stadium,The Stadium,26.149708,50.093725
stadium,Malaab Al-Sahraani -Football ground,26.223265,50.191355
stadium,Ulaya Yard,26.301223,50.175692
stadium,Al Ettifaq Reserves Football Pitch,26.352428,50.179876
stadium,Basketball And Volleyball Court,26.261682,50.205922
stadium,busatn stars=Abdullah and marzouk,26.320482,50.212503
stadium,C Square ملعب البحر,26.091736,50.152249
stadium,ملعب كورة قدم,26.324227,50.224668
stadium,ملعب,26.205186,50.193141
stadium,Alqadsiah Footbal Club Academy,26.356357,50.187073
stadium,ملعب,26.360907,50.20039
stadium,All For Padel Club Al Khobar,26.299208,50.169168
stadium,ملعب الحارة,26.205653,50.173275
stadium,Al Gosaibi Basketball,26.307127,50.221298
stadium,Football Pitch,26.260187,50.208332
stadium,Bcourt,26.249224,50.213008
stadium,Al Gosaibi Tennis Court,26.307709,50.221351
stadium,ملعب,26.253165,50.20399
stadium,KHOBAR CRICKET GROUND,26.251302,50.217681
stadium,ملعب اسكان حرس الحدود,26.174772,50.20107
stadium,ملعب مدرسة كعب بن مالك,26.258635,50.212644
stadium,Go & GO GOAL!,26.309932,50.170442
stadium,أكاديمية OPIS الرياضية,26.218155,50.187952
stadium,ملعب كره قدم الاحمراء,26.217191,50.197138
stadium,ملاعب لامطوع سيهات,26.492598,50.019773
stadium,Nawras Lake Walking Trail,26.186012,50.178582
stadium,Squash courts,26.30189,50.223704
cinema,AMC Cinemas Ajdan Walk,26.282932,50.220956
cinema,Scitech IMAX Cinema,26.318676,50.228099
cinema,AMC,26.303556,50.22351
cinema,سينماتك الخبر | Cinematheque Al Khobar,26.28635,50.198351
cinema,جمعية السينما | Cinema Association,26.286237,50.198262
cinema,Building 70 - Cinema,26.313599,50.149316
cinema,Muvi Cinema,26.352167,50.211789
cinema,Fantakah Theater | مسرح فنتكه,26.36536,50.208397
cinema,Room shift service,26.237298,50.20184
cinema,المسرح الروماني,25.72911,50.222477
cinema,Al Iskan Park Amphitheater,26.264136,50.211143
cinema,Dhahran Theatre Group,26.303047,50.130228
cinema,Ethraa Events Trading,26.296218,50.208837
cinema,Ithra,26.334547,50.122598
cinema,Dhahran Theater Group DTG House,26.306686,50.140669
cinema,Saudi Music Hub,26.281607,50.201575
cinema,Theater,26.291029,50.180929
cinema,Old Al-Munirah Theater,26.315595,50.130277
cinema,Labiib Solutions,26.313142,50.216451
park,PlayWheel®,26.302233,50.181122
park,Playground,26.304561,50.227323
park,ItsyBitsy,26.329937,50.21281
park,Kids Playground 01,26.282941,50.204545
park,Wanasa center playground مركز وناسة العاب وزحاليق اطفال,26.314823,50.212518
park,Playground,26.316666,50.230135
park,KW Playground,26.285805,50.221329
park,Salt Beach and Playground,26.334759,50.226324
park,mini mini mo Playground,26.351584,50.211243
park,KW Play Zone,26.291806,50.222112
park,Corniche Playground,26.268967,50.21911
park,بلاي ان - Play Inn,26.202638,50.195586
park,Running track,26.309594,50.229427
park,Kiddy,26.311871,50.176823
park,Kids Play Area,26.313537,50.229268
park,Football playground,26.299757,50.169061
park,Kids playing place,26.296218,50.223036
park,Park,26.339251,50.190476
park,kids playing Place,26.299418,50.226388
park,Playground,26.296368,50.129495
park,Kids Playground 03,26.282415,50.206176
park,Kids Play Area,26.251651,50.220357
park,Playground منطقة العاب اطفال,26.180851,50.180217
park,Funzilla Play Cafe,26.343915,50.147644
park,ملاهي أطفال,26.31078,50.22906
park,Moma’s Garden,26.299461,50.215796
park,Garden Hotel Apartments Al Khobar,26.287442,50.194601
park,حدائق النسيم Al- Naseem Garden,26.279461,50.182946
park,Abdulmajeed AlAli Public Garden,26.342401,50.193957
park,THE CAT GARDEN,26.328576,50.180531
park,Oasis Gardens Compound,26.327364,50.19619
park,Hidden Garden | هيدين جاردن,26.313147,50.22367
park,Garden Restaurant,26.369303,50.181386
post_office,Al khobar,26.280628,50.206539
post_office,SPL,26.280742,50.206551
post_office,Al aqrabiyah Saudi post,26.296704,50.200049
post_office,مكتب رمز الاعتماد ( للخدمات العامة ),26.276694,50.190571
post_office,Thoqbah Sanaya Road number 30,26.280628,50.206539
post_office,Students Post Office,26.313915,50.148123
post_office,As Safaniyah,26.296704,50.200049
post_office,بريد الجامعة,26.313789,50.148094
post_office,S.A.P.L,26.315313,50.216278
post_office,مكتب رمز الاعتماد ( للخدمات العامة ),26.281784,50.188495
post_office,SMSA سمسا,26.298216,50.204967
post_office,DHL Pickup Point (MEED Super Market),26.215078,50.207066
post_office,TheENDinterior,26.294733,50.216436
post_office,Khobar passport office,26.215791,50.194442
post_office,حاوية جمع ملابس,26.205793,50.211027
post_office,حاوية جمع ملابس,26.203592,50.208575
post_office,حاوية جمع ملابس,26.201295,50.211408
post_office,فرع وكالة الخليج للخدمات البريدية,26.281626,50.215009
post_office,شركة رسيف لشحن الطرود,26.269736,50.196303
post_office,Dhahran Mail Center,26.309054,50.129842
post_office,مكتب رواد الفلاح للخدمات الالكترونية والطلابية,26.280787,50.191541
post_office,SPL,26.309368,50.129535
post_office,Qusur Parcel Station,26.33737,50.153401
post_office,Amazon Hub,26.332179,50.144756
post_office,Noon Locker Al Dress,26.280739,50.211056
post_office,تسليم الشحنات,26.293254,50.153382
post_office,البريد,26.312042,50.131564
post_office,حاوية فائض الملابس,26.209551,50.202803
post_office,Red Bread,26.318917,50.207861
post_office,LBC Express - KSA Khobar Branch,26.28251,50.21461
post_office,DHL Service Point (DHL Head Office),26.242716,50.197427
post_office,مستودع البريد السعودي,26.456167,50.016601
post_office,البريد العادي,26.450395,50.113805
post_office,صندوق البريد السعودي saudi post office,26.524734,50.02452
post_office,Saudi Post,26.565141,50.005842
post_office,SPL,26.585542,49.981418
post_office,Aramex,26.277957,50.204309
post_office,SMSA Service Center,26.27358,50.194656
car_wash,Poleer Car Wash,26.297563,50.178123
car_wash,GOLDEN EXPRESS,26.285187,50.218438
car_wash,Nahr Carwash - مغسلة نهر للسيارات,26.292471,50.206773
car_wash,مغسلة سيارات ام زد | mz car wash,26.205573,50.189258
car_wash,MOON CAR WASH BUHAIRA BRANCH,26.193394,50.18945
car_wash,Car wash,26.29083,50.187209
car_wash,مغسلة AM الراكه | AM CAR WASH,26.378566,50.196622
car_wash,كاركير فرع الخبر - CarCare Khobar Br,26.364281,50.208941
car_wash,Modern Car Wash مغسلة الساعة الحديثة,26.23536,50.213538
car_wash,Drips Car Wash,26.3189,50.215674
car_wash,مغسلة لون الرغوه لخدمات السيارات,26.27948,50.201503
car_wash,Moon car wash مغسلة القمر للسيارات,26.332298,50.145245
car_wash,Modern Carwash,26.275435,50.210056
car_wash,Al Ozone car washing,26.255482,50.203121
car_wash,Car Wash | Luxury Auto Wash,26.343237,50.183414
car_wash,DAZZLE Automatic Car Wash || دازل مغسلة سيارات أوتوماتيكية,26.343991,50.179359
car_wash,Sparkling Shine,26.335463,50.131825
car_wash,Aramco Car wash,26.294682,50.171648
car_wash,شخصية مميزة للعناية بالسيارات VIP الخبر,26.248471,50.19912
car_wash,Foam road car wash مغسلة السيارات فوم رود,26.289775,50.21466
car_wash,Coastal Khobar Car Wash,26.335461,50.191596
car_wash,The best car wish,26.31261,50.217666
car_wash,مغسلة سيارات,26.232023,50.193879
car_wash,Fahad Car Wash,26.275417,50.210171
car_wash,Olaya Car Wash,26.30221,50.180465
car_wash,Adnoc Carwash,26.319032,50.223261
car_wash,Celebrity'z Car Wash | مغسلة المشاهير للسيارات,26.338026,50.205288
car_wash,Terqwaz car wash,26.334614,50.200014
car_wash,TERQWAZ CAR WASH,26.186111,50.184667
car_wash,مسك لغسيل السيارات - Mesk (Car Wash - مغسلة سيارات),26.2788,50.187331
car_wash,Automatic car wash,26.295206,50.200376
car_wash,In & Out Car Wash مغسلة سيارت إن اند أوت,26.175396,50.148223
car_wash,Meskcares,26.283475,50.220496
car_wash,مغسلة فقاعات الصابون Bubbles Car Wash,26.295887,50.193432
car_wash,BeeHive Car Wash بيهيف مغسلة سيارات,26.180907,50.203376
car_wash,مغسلة كيان للسيارات KAYAN car wash,26.181831,50.158733
car_wash,مغسلة الفرسان الثلاثه للسيارات,26.223794,50.196621
car_wash,Evershine Car Care Center,26.301997,50.210069
car_wash,AlFares car wash,26.292531,50.212161
car_wash,Pure shine,26.174806,50.147651
car_wash,لمسة الغسيل | WASH TOUCH‏,26.201989,50.212403
car_wash,CONA SHINE مغسلة لمعة كونا لخدمة السيارات,26.250873,50.213724
car_wash,Yafco Car Wash,26.339008,50.199927
car_wash,مغاسل خالد للسيارات الراكة الشمالية,26.360688,50.192062
car_wash,Ninties مغسلة,26.314463,50.22408
car_wash,Garage Pro,26.292499,50.206805
car_wash,Aramco car wash,26.278524,50.21627
car_wash,مغسلة الحليبة للسيارات,26.276534,50.209598
car_wash,مغسلة الشرقية لغسيل السيارات,26.29608,50.193543
car_wash,‏| مغسلة خلي بالك Take care car wash,26.201405,50.209889
car_wash,Wash and wash car services,26.313031,50.177746
car_wash,مغسلة مشاهير الخبر لخدمات السيارات,26.23841,50.196634
car_wash,sun city car wash,26.171802,50.161981
car_wash,مغسلة خالد للسيارات العقربية,26.285737,50.194514
car_wash,The Wash Club,26.257374,50.193497
car_wash,مغسلة الينابيع للسيارات,26.260331,50.193865
car_wash,مغسله الرياض لغسيل البستم,26.265973,50.204058
car_wash,Gassilny,26.286851,50.204047
car_wash,مغسلة الدغيثر,26.288713,50.216028
car_wash,شركة سماء الشرقية لغسيل السيارات,26.229855,50.195696
car_wash,مغسلة رونق خاص للسيارات,26.27263,50.206131
car_wash,مغاسل الأفضل 2,26.194236,50.213315
car_wash,مغسلة أمكو,26.246085,50.214963
car_wash,مغسلة سيارات,26.323689,50.180359
car_wash,Car wash top and bottom,26.258302,50.20086
car_wash,مغسلة الزهرة المخملية لخدمات السيارات,26.200625,50.211265
car_wash,Berrie,26.246832,50.214425
car_wash,Dettaglioauto,26.322813,50.206313
car_wash,سبيشل ون كار كير Special one car care,26.250883,50.213628
car_wash,Chill bubble car wash | مغسلة الرغوة الهادئة,26.199281,50.162086
car_wash,مغسلة سحابة العزيزية للسيارات,26.153285,50.152438
car_wash,مغسلة دانه البحرين | danat Albharain car wash,26.367639,50.20382
car_wash,مغسلة لمسة العزيزية لخدمات السيارات,26.179644,50.137837
car_wash,مغسلة أنس,26.25033,50.202159
car_wash,مغسلة التقنية المصرية,26.224354,50.183972
car_wash,We Care Laundry,26.299205,50.202087
laundry,Anaqat Al Ibda’ Laundry,26.299708,50.173658
laundry,NASEA LAUNDRY | مغاسل ناصع,26.29906,50.178377
laundry,مغاسل الرواد العليا - Pioneers Laundry AlOlya,26.303005,50.176584
laundry,مغاسل هلا وسهلا,26.173159,50.158204
laundry,READY & CLEAN مغسلة جاهز ونظيف,26.271746,50.197456
laundry,مغسلة بريق الألوان,26.300031,50.215633
laundry,Ada Eco Laundries & Restoration‎ - مغاسل أداء ايكو كلين,26.304216,50.222326
laundry,"ALYAUM LAUNDRY ""مغسلة اليوم""",26.295969,50.191011
laundry,مغسلة الخبر السريعة ( كلين | Klean ),26.215519,50.207138
laundry,مغسلة جوهرة البحيرة العليا,26.294557,50.179683
laundry,Kleen Laundry مغسلة كلين,26.362599,50.196407
laundry,مغسلة دنر لغسيل الملابس,26.303125,50.178106
laundry,مغسلة دنر3 𝐃𝐀𝐍𝐀𝐑 Laundry,26.298813,50.200823
laundry,We Care Laundry,26.347079,50.142238
laundry,مغسلة الجنوب south laundry,26.289739,50.193659
laundry,مغسلة / مغاسل عطر الشروق,26.26734,50.187902
laundry,مغاسل ديم الحديثة,26.267087,50.208654
laundry,Sanam Laundry مغاسل سنام,26.334778,50.191515
laundry,مغاسل أناقة,26.303196,50.176288
laundry,مغسلة الجبر Aljabr Laundry,26.298489,50.178178
laundry,مغسلة انهار Anhar Laundry,26.20088,50.206066
laundry,مغسله عبدالرحيم,26.21685,50.203512
laundry,مغسلة لافندري - Lavendery -2,26.318924,50.207548
laundry,المعتمد شركة تنظيف بالخبر غسيل الكنب والمنازل والمجالس والسجاد والموكيت,26.204727,50.20072
laundry,One To One Laundry,26.291528,50.216304
laundry,مغسلة كلين Kleen Laundry,26.272093,50.206789
laundry,شركة تنظيف بالخبر نظافة منازل فلل شقق كنب مجالس سجاد,26.215145,50.190374
laundry,Flamengo laundry,26.294638,50.186234
laundry,مغسلة الجسر الذهبي,26.201107,50.20206
laundry,مغاسل السيفة بلس لغسيل الملابس,26.229338,50.184378
laundry,Right Choice Laundry,26.287545,50.200151
laundry,مغسلة مفتاح البركة,26.271246,50.207162
laundry,Bubbles Laundry,26.292292,50.20656
laundry,Sanam Laundry مغاسل سنام,26.358345,50.196196
laundry,Gloss Crystal Laundry,26.270726,50.207023
laundry,Lamaa Laundry مغاسل لمع للملابس,26.293868,50.209527
laundry,ETO Laundry | مغسلة إيتو للملابس,26.250637,50.211779
laundry,مغاسل سحابة,26.235171,50.213166
laundry,مغسلة البارود السريعة,26.293705,50.183615
laundry,Melrose laundry,26.209437,50.188709
laundry,مغاسل نظافه الخزامه,26.205445,50.189192
laundry,مغسلة نسيم الفل Naseem Al fill,26.218844,50.202716
laundry,Aljabr laundry,26.299438,50.213209
laundry,مغسلة أضواء الخزامى,26.214244,50.188872
laundry,Sunrise laundry,26.292471,50.217893
laundry,Falcon Express Laundry,26.284986,50.21362
laundry,المروة كلين شركة تنظيف بالخبر غسيل الكنب والمنازل والمجالس والسجاد والموكيت,26.211968,50.205963
laundry,Lake Laundry,26.299931,50.198378
laundry,Saudi Laundry,26.289688,50.192781
laundry,Martina's laundry,26.297222,50.193844
laundry,مغسلةالخيال السريعه,26.215166,50.184486
real_estate,Real Estate Company Fahad Bin Mohammad Al Ajaj Nahdi,26.293505,50.212662
real_estate,Hotline Real Estate الخط الساخن للعقارات,26.289483,50.212629
real_estate,Ulaya Residence Real Estate Marketing,26.30465,50.178385
real_estate,قناص الخبر,26.352364,50.200012
real_estate,شركة عقارات فهد بن محمد ال عجاج النهدي,26.288342,50.203008
real_estate,Danah Al Khobar دانة الخبر,26.300563,50.206477
real_estate,Office Real Estate Saad Rashed Tamim Al-Qahtani Kir,26.297666,50.211599
real_estate,شركة محمد النهدي العقارية,26.306631,50.21149
real_estate,House Rent office,26.295295,50.194024
real_estate,انوفست العقارية - Innovest properties,26.302153,50.176868
real_estate,Dhalez Real Estate,26.295321,50.202462
real_estate,Amaar Real Estate,26.295512,50.188711
real_estate,مكتب اعمار الخبر للعقارات الفئة مكتب عقاري,26.292617,50.191704
real_estate,شركة سمة المتحدة العقارية SAMA United Real Estate Co,26.284186,50.191218
real_estate,Ahl Al-Osool Real Estate Est,26.295993,50.191191
real_estate,Office of Hassan Real Estate,26.359955,50.197115
real_estate,صناع العقار Real Estate Makers,26.287373,50.199165
real_estate,RMZ AL KHOBAR For Real Estate Services رمز الخبر للخدمات العقارية,26.295756,50.193951
real_estate,Gulf Real Estate Development Company,26.303799,50.210516
real_estate,Ishraq Real Estate Services,26.349,50.14033
real_estate,Alharbi Real Estate Office مكتب سعود الحربي العقاري,26.297116,50.215649
real_estate,مكتب رفادة العقاري RIFADAH REAL ESTATE,26.274575,50.210888
real_estate,Stillness Real Estate Co.,26.366937,50.183188
real_estate,عنوان العقارية,26.158427,50.113699
real_estate,Ali AlAnsari real estate Co.,26.300171,50.218028
real_estate,AMZ PROPERTIES,26.287898,50.196073
real_estate,Saleh Al-Otaibi EST real estate services outsourcing projects,26.296408,50.204912
real_estate,شركة إتقان الأعمال العقارية,26.268621,50.202706
real_estate,أوج العقارية | Aouj Estates,26.217768,50.188177
real_estate,مكتب بشار التويجري العقاري,26.362902,50.191499
real_estate,مجموعة زدمال العقارية ( ZDMAL PROPERTIES ),26.208289,50.192258
real_estate,شبكة أجيال العقارية,26.279272,50.205874
real_estate,أملاك رويال للعقار,26.300313,50.215241
real_estate,باطويل للخدمات العقارية,26.287779,50.209733
real_estate,مكتب إرتكاز مسك للعقارات,26.292322,50.218381
real_estate,Al-Zamil Real Estate,26.297366,50.212766
real_estate,مكتب مواثقة العقاري,26.153225,50.152099
real_estate,مكتب الإستفسار العقاري,26.298473,50.215047
real_estate,Al Hugayet Modern Center,26.242981,50.197985
real_estate,شركة فالح غدير الدوسري العقارية Faleh Ghadeer Aldossary Co,26.286792,50.19804
real_estate,مكتب راشد عبدالله السويكت العقاري AlSuwaiket Realty,26.293968,50.208549
real_estate,مكتب الديار الشرقية للعقارات,26.266533,50.20889
real_estate,مجموعة الواحة للخدمات العقارية,26.291806,50.210787
real_estate,شركة رافدة العقارية - Rafdah Real Estate Company,26.203923,50.189046
real_estate,مكتب اقمار الضواحي للعقارات,26.267511,50.208464
real_estate,مكتب جسر الوفاق للخدمات العقارية,26.278626,50.18447
real_estate,Sakhar Mohammed Aleidy Real Estate,26.287015,50.202795
real_estate,مكتب انجاز العقاري,26.269497,50.207936
real_estate,مكتب إثراء الشرقية للخدمات العقارية,26.207308,50.188695
real_estate,الفالح للعقار,26.304888,50.197537
real_estate,مكتب التداول للخدمات العقارية,26.285834,50.2094
real_estate,شركة المحمل العقارية,26.22016,50.200232
real_estate,شركة فهد بن محمد النهدي للتقييم العقاري,26.288377,50.202938
real_estate,مكتب عبدالله الثميري للعقار,26.354083,50.200528
real_estate,مكتب عقاري,26.278626,50.185356
real_estate,Home,26.29171,50.189061
real_estate,مكتب الرحماني العقاري,26.296671,50.193439
real_estate,مكتب واجهة العزيزية العقارية,26.154001,50.147067
real_estate,مكتب عمر محمد براك العتيبي للتطوير والاستثمار العقاري,26.271582,50.196211
real_estate,مكتب سالم السويكت العقاري,26.283207,50.187983
real_estate,مكتب المسار العقاري,26.282867,50.1957
real_estate,مكتب آفاق الشرق للعقارات (متخصصون في البيع والشراء فقط),26.200974,50.206663
real_estate,Palace Real Estate Services Real Estate Corporation,26.266016,50.197059
real_estate,مكتب درع هجر للعقارات,26.268698,50.187312
real_estate,مكتب فهد مسعود للخدمات العقارية,26.215826,50.193961
real_estate,عميد الساحة للخدمات العقارية,26.217864,50.207305
real_estate,مكتب جيرسو العقاري,26.298476,50.18432
real_estate,مكتب الخليف للخدمات العقاريه,26.201962,50.208958
real_estate,مكتب معالم الخبر للعقارات,26.200893,50.210112
real_estate,مكتب الوثاق للخدمات العقاريه,26.180941,50.18357
real_estate,Mohammed Baghlaf real-estate office,26.296443,50.214812
real_estate,مكتب نافل القبلان العقارى,26.20181,50.208984
real_estate,مكتب بيوت الاحلام العقارية,26.22019,50.209824
real_estate,مكتب الدايل العقارى,26.433915,50.079248
real_estate,مكتب منظومة النهضة العقاري,26.186978,50.158901
real_estate,شركة الفوزان للتطوير العقاري,26.227664,50.198734
real_estate,Arif home Khobar janubia,26.276817,50.211072
real_estate,مكتب الستين الشرقي العقاري,26.180626,50.157878
real_estate,مكتب الركن الأميز للعقارات,26.201583,50.202955
real_estate,مكتب على المدى للعقارات,26.172965,50.159391
real_estate,مستشار العقارات,26.360914,50.193299
real_estate,مكتب الشبيعان العقاري,26.218169,50.204801
real_estate,مكتب نجم الأسكان العقاري,26.26557,50.210693
real_estate,Alshaikhi real estate,26.201333,50.207306
salon,Tiara Beauty Studio,26.306034,50.190229
salon,Admire Beauty Lounge أدماير بيوتي لاونج,26.342848,50.182265
salon,4 you salon,26.287492,50.19818
salon,Rituals Beauty Lounge & Spa,26.302265,50.177025
salon,34 beauty lounge & Spa,26.309476,50.220264
salon,LILYAS SALON,26.299156,50.216981
salon,gloss'd Beauty Lounge,26.317699,50.203968
salon,Identity Beauty Salon,26.289237,50.218046
salon,Jolie Dame Ladies Beauty Center,26.296056,50.18496
salon,MYB lounge & spa 🐚,26.344356,50.185425
salon,Tiara The Spa,26.337589,50.200392
salon,Spa 29,26.300708,50.217118
salon,Polished,26.336269,50.212887
salon,Elegance bar ladies salon,26.307248,50.224252
salon,BV (Beauty Venue Salon),26.352553,50.210565
salon,Amber beauty lounge,26.309226,50.209429
salon,Misha BEAUTY SALON - KHOBAR صالون مشاعل الجمال النسائية,26.199354,50.213378
salon,Avene Spa افين سبا,26.300918,50.171093
salon,Brush Salon,26.300335,50.215405
salon,TREAT. Beauty Salon,26.335976,50.193039
salon,Albinia Beauty care,26.267465,50.214081
salon,صالون يونيكور النسائي - Unicure Beauty Salon,26.300684,50.181226
salon,Unique salon & spa - صالون يونيك,26.178892,50.157349
salon,Brazil Studio Salon - Khobar Citywalk - برازيل ستديو صالون,26.306437,50.184179
salon,Athwaq Beauty Center,26.300332,50.193743
salon,Quick Touch Beauty Salon,26.300666,50.183422
salon,Moda Moda Ladies Center / Al Rakah Branch,26.359181,50.189435
salon,GRACE SALO,26.301896,50.181121
salon,Cleopatra World Salon & Spa,26.301213,50.213955
salon,One Touch salon,26.297589,50.214819
salon,Beauty Secret center salon & spa,26.294833,50.197079
salon,Iris beauty lounge,26.304191,50.178748
salon,WHY Salon | صالون واي,26.291628,50.219746
salon,RM BEAUTY SALON & Boutique 💕,26.283156,50.197291
salon,Nomarz Beauty Lounge,26.306755,50.210135
salon,ink brows & beauty,26.328904,50.181253
salon,TONI VAYZ | Elite Lounge,26.318233,50.203893
salon,Dar Zaina,26.295493,50.182036
salon,Gabriella Salon,26.288011,50.198277
salon,Art Man Salon,26.293066,50.183444
salon,ACE hair and nail salon,26.321771,50.211704
salon,صالون ميراكي للتزيين النسائي,26.362963,50.199111
salon,صالون هوت ستون - Hot Stone Beauty Salon,26.302265,50.181114
salon,House Of Zan,26.298258,50.219053
salon,La Beaute Salon & Spa,26.326248,50.212069
salon,Glo Spa and Salon,26.348894,50.197853
salon,Elie Salon - إلي صالون,26.350142,50.194915
salon,Quick Beauty Salon,26.305028,50.194984
salon,VOG Salon-Khobar,26.346615,50.192288
salon,Beauty Vibes Salon صالون أجواء الجمال,26.299183,50.216803
salon,La Perle Beauty Lounge صالون لابيرل,26.290464,50.178189
salon,Loft beauty lounge,26.303563,50.174188
salon,Solaire Beauty Lounge,26.309712,50.209328
salon,ERM Hair Spa,26.326686,50.215345
salon,La touche Spéciale - Beauty Salon,26.313443,50.177995
salon,Lily Salon,26.350437,50.138887
salon,L’impossible Salon & Spa صالون المستحيل,26.295913,50.199828
salon,N.Bar Nail Spa & Salon AlKhobar,26.312331,50.216492
salon,مركز لاميزون للتزيين النسائي Lamaison,26.300853,50.183873
bakery,Savor Bakery (Al Khobar),26.304258,50.200477
bakery,Luini Bakery,26.298762,50.200807
bakery,Doka Bakery House Al Khobar دوكة الخبر,26.310345,50.224235
bakery,Levain Artisan Bakery,26.296073,50.219065
bakery,Brunswick Khobar برانزويك,26.29907,50.215682
bakery,Dot Bakery & Cafe,26.282067,50.221941
bakery,مخبز المعامير (فرع العقربية) almaameer bakery,26.288535,50.193706
bakery,LOF Bakery & Brunch,26.306195,50.183844
bakery,Saturn Bakery,26.344428,50.185418
bakery,Lilou Artisan Patisserie - AlKhobar,26.302017,50.221828
bakery,Pecan Bakehouse,26.300082,50.212294
bakery,Joe's Bakery,26.343712,50.203313
bakery,FiKA & Go,26.298451,50.178187
bakery,Madeleine,26.306478,50.210026
bakery,Cakes & Crafts - Customized Cakes Al Khobar & Dammam,26.291158,50.214419
bakery,Levadura Bakery & Cafe | ليفادورا,26.290868,50.196236
bakery,Farah Afandina Bakery and Sweets,26.27626,50.216985
bakery,AlKhobar Automatic Bakery,26.272881,50.199789
bakery,Fudge & Co. | .فدج اند كو,26.36363,50.191227
bakery,مخبز المعامير ( فرع الخزامي ) almaameer bakery,26.208923,50.189841
bakery,yeast spice bakery,26.290485,50.21663
bakery,BUNDT BAKERY,26.351918,50.211275
bakery,دانز باستري - Dan's Pastry,26.210515,50.20832
bakery,LAVIVIANE Masion de Pâtisserie,26.314022,50.223564
bakery,Alhatab Bakery,26.303689,50.204615
bakery,Baba Khabbaz,26.361668,50.206318
bakery,Local Bakehouse لوكال,26.350501,50.195835
bakery,Aqrabhiya Haret Rahal Bakery,26.297464,50.195304
bakery,Jannat Masr Egyptian Bakery,26.273913,50.205701
bakery,Munch Bakery,26.343735,50.184503
bakery,Bakery,26.295343,50.212772
bakery,Rashid Sweets & Bakers,26.295819,50.21118
bakery,La Panière | لا بانير,26.293373,50.21524
bakery,Babel Pastries,26.200631,50.204492
bakery,بيت التفاح,26.201511,50.203909
bakery,Mahashir Bakery ( since 1990 ),26.295241,50.211282
bakery,Pasalubong Filipino Bakery,26.282345,50.21566
bakery,Mama Nini,26.301075,50.197952
bakery,Bench Bakery,26.298238,50.213549
bakery,Bakers Secrets,26.174928,50.146739
bakery,Dana Cake,26.270332,50.193331
bakery,معجنات اوركيد الشام,26.213905,50.207917
bakery,من الاخر شركة المنتجات المميزة,26.301172,50.215512
bakery,Saadeddin Pastries,26.303812,50.203582
bakery,Bakehome حلويات البيت,26.200847,50.20875
bakery,MUMTAZ NATIONAL BAKERIES,26.226704,50.182167
bakery,دروازة الخباز,26.362051,50.195179
bakery,OM Bakery,26.29676,50.20991
bakery,مخابز الصبوح الحديثة,26.273966,50.211094
bakery,Almaameer Bakery,26.338459,50.208195
bakery,Al Nahdi Bakery,26.272883,50.199796
bakery,مخبز زمان أول للخبز الحساوي والفطاير,26.216331,50.20698
bakery,Al Orubah Bakery,26.301572,50.207418
bakery,مخابز وحلويات أرياف الهرم,26.292211,50.199479
bakery,Nema Al Taif Bakery - مخبز نعمة الطائف,26.287214,50.213201
bakery,Sanably Sweets & Bakery,26.213689,50.207374
bakery,المخبز الاتوماتيكي الوطني- الخبر الشمالية,26.287807,50.213071
bakery,Nahdi Automatic Bakery,26.293027,50.210603
bakery,Pastries Abu Ali,26.269529,50.206188
bakery,Nakheel bakery,26.271725,50.212503
bakery,دروازة الخباز,26.300383,50.208653
bakery,مخبز نعمة مصر,26.276034,50.192436
bakery,فطائر التفاح الأخضر,26.208843,50.19008
bakery,SAADH AND TAAMH,26.288281,50.195214
bakery,15th Al khobar Saudi Arabia,26.276546,50.194963
bakery,مخابز أسرار | Asrar Bakery,26.346455,50.136636
gas_station,ADNOC Service Station | Al Thuqbah (2055),26.264879,50.192699
gas_station,Orange Gas Station Sihat | محطة وقود أورانج سيهات,26.49346,50.036161
parking,Mouwasat Hospital Free Parking,26.346796,50.186987
parking,Parking,26.243392,50.220363
parking,ذكي للمواقف المأجورة الخبر,26.284388,50.213006
parking,Pay Parking Ticket Khobar شركة موقف,26.284384,50.213065
parking,Parking Lot,26.190896,50.189604
parking,Parking,26.261474,50.219127
parking,Public Parking New Corniche Khobar,26.306187,50.226832
parking,Parking Lot,26.200953,50.194696
parking,Car Parking,26.253394,50.214013
parking,Parking,26.289775,50.191212
parking,La Gondola Restaurant Free Parking,26.288548,50.218197
parking,Mawgif Pay Parking Lot,26.286186,50.215717
parking,Parking,26.249371,50.220723
parking,Parking (Al-Mana General Hospital),26.294793,50.217923
parking,Thu Alnoorain Parkings,26.218473,50.209836
parking,مواقف سيارات,26.285692,50.197192
parking,مواقف فيلاجيو,26.328542,50.182365
parking,مواقف مجانية,26.310827,50.214752
parking,Parking Lot مواقف سيارات,26.319726,50.221953
parking,مواقف سيارات مجاني,26.251068,50.206041
parking,Car Parking Lot,26.270219,50.214353
parking,مواقف قريبه من مستشفى المانع,26.292993,50.217532
parking,Parking lot مواقف سيارات,26.293587,50.172216
parking,Parking Lot,26.261698,50.205177
parking,مواقف سيارات مجانية,26.256875,50.206793
parking,مواقف مستشفى المانع,26.294102,50.217671
parking,مواقف السيارات,26.251453,50.21426
parking,Parking,26.260968,50.206348
parking,مواقف مراجعين المستشفى,26.300364,50.189319
parking,Public Parking,26.265562,50.218613
parking,ECT Parkings,26.330151,50.204293
parking,Car Park,26.255475,50.219968
parking,Parking lot مواقف سيارات,26.278559,50.21853
parking,Umrah Bus Parking Khobar,26.282711,50.207921
parking,Causeway Parking,26.186732,50.318316
parking,مواقف سيارات,26.314228,50.184821
parking,مواقف سيارات,26.206591,50.196495
parking,مواقف سيارات الأجرة,26.280265,50.21466
parking,مواقف سيارات,26.252208,50.206516
parking,مواقف سيارات مظللة,26.251817,50.211251
parking,مواقف سيارات,26.284394,50.204498
parking,مواقف مصرف الراجحي,26.216526,50.207604
parking,Sadara Azizya bus parking,26.20879,50.193631
government,Khobar Governerate,26.280006,50.209267
government,Al Khobar Labour Office,26.234165,50.199791
government,New POLO-ERO Philippine Overseas Labor Office - Eastern Region Operations,26.314372,50.209525
government,مكتب حكومي,26.297369,50.169902
government,ادارة المساجد والدعوة والأرشاد بمحافظة الخبر,26.219693,50.202565
government,Khobar Muncipality,26.262819,50.205442
government,"India Passport & Visa Application Center, Khobar",26.362259,50.205789
government,Indian embassy rakha,26.36232,50.206072
government,ابشر جهاز ابشر خدمة ذاتية,26.214472,50.180583
government,Civil Affairs Office in Al Khobar,26.207396,50.206569
government,Bangladesh Passport office,26.274446,50.193815
government,SWCC Al Khobar Desalination Plant,26.180871,50.206298
government,مكتب الانجاز للخدمات الحكومية,26.20941,50.198061
government,Omega Alkhobar (Visa Application Center),26.362557,50.205702
government,"Khobar Municipality: Department of Lighting, Electricity, and Rain Drainage Stations Maintenance",26.246382,50.214058
government,Khobar General Courthouse,26.206946,50.196707
government,مكتب مردف الجزيرة للخدمات العامة,26.290944,50.213961
government,Al Rashid Office Khobar,26.290799,50.180916
government,Saudi Arabia Passport Office : Arrival,26.185261,50.322711
government,Philippines Embassy Office Al Khobar,26.279467,50.218787
government,Khobar office,26.296872,50.193256
government,وزارة الموارد البشرية والتنمية الاجتماعية,26.234165,50.199802
government,Rawabi Pason CO.,26.244117,50.198905
government,TLScontact - Visa Application Centre Al Khobar,26.30441,50.209571
government,Al Khobar Enforcement Court|,26.210186,50.198111
government,جهاز خدمة ابشر,26.267688,50.214438
government,مبني الجوازات الخزامي,26.215817,50.194516
government,SITE OFFICE,26.203037,50.189108
government,حجز بلدية العزيزية,26.227098,50.187093
government,جهاز خدمة ابشر,26.215856,50.194475
government,Pakistan Consulate Khobar,26.323738,50.207143
government,مأذون أنكحة,26.205349,50.186175
government,VFS Global Malta Visa Application Center,26.36309,50.205472
government,جهاز ابشر خدمة الذاتية داخل فرع موبايلي,26.201905,50.209496
government,GCC Office,26.220728,50.11179
government,Maintenance Office,26.256326,50.208275
government,King Fahad Causeway Toll,26.218805,50.208453
government,"Sri Lankan embassy, ​​the first Friday of each month",26.304558,50.225244
government,沙特办事处宿舍,26.351423,50.200358
government,تفعيل ابشر,26.214463,50.181091
government,VFS Global Portugal Visa Application Center,26.36309,50.205472
government,Civil Defense - Field Safety Center in East Khobar,26.209784,50.205816
government,مركز صحي ابن حيان,26.264753,50.201323
government,VFS Global Austria Visa Application Center,26.36309,50.205472
government,"Roche Diagnostics , KSA Khobar, Saudi Arabia",26.308051,50.211663
government,مكتب تلال الظهران للاستقدام,26.198095,50.194393
government,طريق العزيزيه,26.234801,50.188256
government,Alkhobar 2 RO Plant,26.178501,50.204982
government,Ministry of investment | وزارة الاستثمار,26.300511,50.221051
government,Ministry of Interior Club,26.280825,50.221248
government,Ministry Of Education,26.338625,50.159656
government,كتابة عدل العزيزية بالخبر,26.287495,50.20203
government,Saudi Aramco Government Service Office Dhahran,26.323628,50.139002
government,Public Prosecution Khobar,26.304263,50.180207
government,مكتب ابها للخدمات العامة وتخليص معاملات الدوائر الحكومية,26.399788,50.013192
government,Eastern Province Chamber of Commerce,26.314722,50.216388
government,مكتب الاستقدام وزارة العمل بالظهران,26.323616,50.138915
clinic,Pets Oasis,26.287676,50.206137
clinic,عياده اربعه حيوانات,26.203545,50.197379
clinic,صيدلية اهالي الخبر البيطرية,26.220098,50.184404
school,Weaves daycare center,26.336787,50.206982
school,Smart Steps Childcare Center,26.29834,50.184377
school,Kids parking حضانة,26.300548,50.170965
school,Learning Station Daycare حضانة محطة التعلم,26.348011,50.154446
school,Kayan Daycare,26.330093,50.167691
school,روضه ضحكة الطفل لضيافه الاطفال..giggles,26.30298,50.191772
school,مركز إثراء الطفل,26.154398,50.160426
school,Made of stars daycare,26.338348,50.153087
school,Raj,26.288838,50.214951
school,الازيرا للتربيه و التعليم,26.406474,50.223696
school,الجنوب,26.207322,50.196007
school,كيكي,26.298007,50.178626
school,NAIRIYAH DRIVING SCHOOL,27.460988,48.50589
school,Driving school buqayaq,25.926788,49.582619
school,Saudi Driving School,24.850968,46.710578
school,Driving School Car Park,26.309227,50.094125
school,Alhasa driving school,25.335259,49.635403
school,Driving school,24.076365,38.119357
school,Driving School Abqaiq,25.926754,49.582298
school,Aramco FORKLIFT training,26.306417,50.095117
school,تجربة غوص بشاطئ الهافمون,26.128846,49.993894
school,Al Khobar Model Driving School,26.368603,50.179231
school,(إي أف) للدراسة في الخارج EF,26.307788,50.224139
school,The Arabic Institute,26.308538,50.209999
school,معهد انجاز للغات | Enjaz languages institute,26.218332,50.20718
school,Hikma Institute معهد حكمة للتدريب,26.273865,50.215333
school,معلم لغة إنجليزية خصوصي,26.210335,50.207989
school,سكيلز غيت - SKILLS GATE,26.294084,50.185288
school,Mind Merge Training Center Al Khobar,26.311215,50.217599
school,معلم لغة إنجليزية,26.201442,50.207568
school,معهد أكاديمية الزرقاء للتدريب (الخبر - العزيزيه حي الشراع),26.158827,50.161518
school,English school,26.277371,50.154467
school,Study E Abroad,26.303009,50.209167
school,Maktab Ibrahim Taleem ul Quran,26.296872,50.193256
school,مركز بشاير خالد العتيبي للخدمات الطبية (تخاطب),26.284571,50.197921
school,روضة عالم الصواري,26.193157,50.160878
school,"Beautiful Brain Center for speech, language and skills development",26.30223,50.210358
school,Scientific Excellence for Educational Services,26.49486,50.042974
school,مدرسة الحباب بن المنذر للطفولة المبكرة الخبر,26.289296,50.19353
school,Khatheeri Center,26.362461,50.206229
school,مركز براعم الموهبة لضيافة الاطفال الاهليه,26.194752,50.141996
school,Global Arab Training Center,26.302036,50.21447
school,ACTrain - Applied Training Center,26.284135,50.188671
school,Channels of Knowledge Training Center,26.286048,50.192618
school,ASAS Training Institute,26.216213,50.193631
school,Health and Rescue Training Institute,26.293858,50.174468
school,Training Center,26.283781,50.181088
school,Alkhaleej Technical Training Center معهد الخليج التقني للتدريب,26.284301,50.199624
school,ARO Drilling Training Center,26.333758,50.191303
school,Al Khaleej Marine Training Center (HUET),26.346318,50.191688
school,Rawnaq Medical Training Center,26.300396,50.17182
school,Standard Arabia Training Center Al Khobar,26.333539,50.1869
school,Future Institute For Advanced Professional Training,26.295462,50.20732
school,Aspire Training Company,26.285297,50.195734
school,معهد ساس الخبر للتدريب,26.240552,50.214237
school,معهد شبكة الأعمال الخليجية للتدريب | Gulf Business Network Training Center (GBNTC),26.35407,50.203694
school,Alkhaleej Higher Training Institute for Women,26.34597,50.192835
school,Ideal Solution Training Center,26.354293,50.209198
school,SOMU TRAINING Company,26.295648,50.207977
school,Engineering Tracks,26.344015,50.185103
school,Vinsys Arabia | Corporate Training Institute in Al Khobar,26.315192,50.21255
school,معهد مهارات السعودية العالي للتدريب Higher Saudi Skills Institute Academy,26.352501,50.211106
school,Ocean Training Center,26.285239,50.196423
school,Industrial Training Center,26.32678,50.13745
school,مركز التنمية العالمي للتدريب,26.28677,50.202081
school,ERAM Training & Certification (TWI Training Representative),26.348308,50.196535
school,Comprehensive Prevention Training Center,26.30136,50.211272
school,Special Training Center (Building 1450),26.307749,50.127279
school,مركز غيمة النسائي للتدريب,26.258192,50.207263
school,معهد الرؤية المتكاملة للتدريب النسائي,26.300074,50.148293
school,Dhahran Fire Training Center / Bldg# 3502,26.294638,50.088746
school,Gulf Axis Training Center,26.330823,50.139585
school,Aramco CTC,26.30655,50.12118
school,"Falcon Multi Services Limited, Saudi Arabia",26.314499,50.21055
school,APSTE TRAINING CENTER & WAREHOUSE (APSPE),26.248092,50.200307
school,Indian Islahi Center Al Khobar ( KNM ),26.276734,50.208376
school,Total Safety Arabia Main Office & Training Center,26.318738,50.208438
school,greenspiremaritime ksa,26.217191,50.197138
school,Workshop (HATI) - Human Assets Training Institute,26.243571,50.201082
school,AlKhaleej Training & Education,26.346241,50.192713
school,Innovative Learning Horizon,26.250801,50.215011
school,Inspection Technology Building 2280,26.315881,50.1171
school,الأكاديمية الوطنية الرائدة (لنا),26.338456,50.204124
school,Khobar Indian Islahi Centre,26.287004,50.199601
school,UCC - Training & Development Center,26.285558,50.189998
school,مركز سما الأفق لتدريب,26.192943,50.202017
school,مركز تدريب حرس الحدود بالزبنه,25.940011,50.117427
school,مركز شركة أزدة الخليجية للتدريب AZDA Gulf Training Company Center,26.301769,50.213027
school,حضانه خطوات ذكيه لرعايه الاطفال,26.298389,50.184356
school,مركز أمكنة لضيافة الأطفال الاهلية,26.30313,50.210867
school,مركز عالم اجتياز للطفولة المبكرة ( روضة بالخبر ),26.131288,50.150668
school,حضانة 24 ساعة,26.284791,50.183394
school,مركز فلذات ( حضانه وروضه ),26.215279,50.191548
school,حضانة وروضة سفينة المرح Fun ship,26.201454,50.207135
school,حضانة الدبل,26.32795,50.187312
school,مركز كوكب المعرفه لضيافة الاطفال الاهليه,26.190612,50.17699
school,مركز حديقة الكرز,26.339821,50.141349
school,الحضانة الأولى بالخبر,26.29601,50.19003
school,أكاديمية إنسان Insan Academy,26.389164,50.176282
school,مركز البيت الثاني لضيافة الأطفال,26.206404,50.200251
school,مركز تظافر لضيافة الاطفال,26.223226,50.202257
school,حضانه منزليه (الخبر ),26.263563,50.202399
school,حضانة بيبي كير,26.265434,50.205217
school,مركز بصمة طفل المستقبل لضيافة الأطفال,26.214185,50.20556
school,حضانة فيوتشر,26.297705,50.189184
school,Kinder Villa,26.178756,50.155314
restaurant,Crystal Hall,26.25568,50.220152
restaurant,قاعات فندق القصيبي,26.307333,50.219656
restaurant,قاعة السلطانة للحفلات,26.286446,50.187108
restaurant,قاعة خالد للمؤتمرات و الحفلات,26.340281,50.17949
restaurant,مؤسسه ابداعات الجوري للحفلات,26.301217,50.212227
restaurant,Al Gosaibi - Wedding Hall,26.30749,50.219515
restaurant,قاعة سحر الامباسدور فندق القصيبي,26.306786,50.220014
restaurant,قاعة احتفالات فندق هيلات,26.208914,50.198663
restaurant,Nadeen Events,26.289907,50.211284
restaurant,knock event | معرض نوك,26.229217,50.219662
restaurant,Stars event,26.301763,50.212332
restaurant,Grand Hyatt - Outside Catering | حفلات خارجية,26.290484,50.177291
restaurant,November Event,26.299116,50.216791
restaurant,قاعة شوق,26.306119,50.219966
restaurant,Ghali Arts Wedding & Events Planning,26.296325,50.216479
restaurant,B NANA Events,26.287644,50.210606
restaurant,Efficiency Center | مركز الكفاءة,26.30762,50.224288
restaurant,NDZ Events,26.308488,50.209964
restaurant,Special day event اليوم المميز,26.290601,50.211303
restaurant,Nibble Events,26.270837,50.21572
restaurant,دان للفعاليات | DAN Events,26.295391,50.215456
restaurant,Centro Al-khobar,26.269288,50.21687
restaurant,White Space | Barghash Tower Branch,26.317164,50.223144
restaurant,قاعة الجوري بالخبر,26.202077,50.209474
restaurant,Spaces Ajdan Walk,26.283569,50.219552
restaurant,تبع مناسبات حفلات,26.217191,50.197138
restaurant,قاعة الفخامة للمناسبات,26.289797,50.187436
restaurant,Sunset Center,26.15642,50.192419
restaurant,تاجير رحلة السعيده لتاجير الخيام وافرش والجلسات,26.275694,50.193737
restaurant,Fekra Events,26.221192,50.187371
restaurant,Le Méridien Al Khobar,26.301614,50.223668
restaurant,قاعة الخوالي للإعراس واللإجتماعات والمؤتمرات والمناسبات,26.298968,50.180514
restaurant,White expo Event.,26.290475,50.222675
restaurant,Khobar Vibes,26.227048,50.217452
restaurant,قاعة سماح,26.30722,50.220226
restaurant,قاعة الوتيد,26.167233,50.145955
restaurant,Qasar Assahaab,26.295953,50.172797
shopping,Daze Furniture,26.331059,50.213014
shopping,إن هاوس | الخبر,26.300549,50.208928
shopping,"Loft Furniture, Al Khobar branch | لوفت للاثاث - الخبر",26.280865,50.20557
shopping,ميداس للاثاث الخبر,26.283369,50.201076
shopping,The Factory Furniture - معرض ذي فاكتوري للاثاث - الخبر,26.28278,50.199761
shopping,Woody Furniture وودي للأثاث,26.320748,50.215638
shopping,Al Rugaib Furniture,26.317899,50.216883
shopping,Qasser Alsaraya Furniture,26.35488,50.190785
shopping,Alasfour Furniture - Khobar,26.333125,50.183257
shopping,Rattan House - Al khobar,26.321785,50.215341
shopping,Home Box,26.293493,50.173612
shopping,موسسةأسوار الخبر للأثاث,26.272887,50.200915
shopping,Al Ajmi House Furniture,26.288568,50.213217
shopping,Al Omar Furniture,26.351931,50.19209
shopping,مفروشات مجموعة العالمى معرض مودرن هوم للاثاث الخبر,26.339473,50.197762
shopping,Rosewood Furniture & Hand Made Carpet,26.283068,50.217482
shopping,Home Box - Al Khuzama,26.204138,50.196078
shopping,SAJ HOME,26.31112,50.217339
shopping,EASTERN FURNITURE,26.281644,50.197309
shopping,Carawan Furniture,26.342146,50.196503
shopping,Khobar Al Haraj الخبر الحراج / نحن نشتري ونبيع جميع أنواع الأجهزة والأثاث,26.28653,50.216315
shopping,Used furniture shop,26.286286,50.216178
shopping,Mega Projects Interior Fitout Contractor & Sunon Office Furniture,26.23906,50.197208
shopping,royal kashmir furniture,26.282201,50.214948
shopping,Gallery Design,26.275267,50.216788
shopping,Sleepbox Al Khobar سليب بوكس الخبر,26.313232,50.217115
shopping,مفروشات الدليجان | Al Dulaijan Furniture,26.319779,50.209376
shopping,هوم سول Home Soul,26.289436,50.211301
shopping,Al Khobar Auction Market,26.237427,50.201569
shopping,Khalid A. Al Juraid Trading Company Ltd.,26.186896,50.185437
shopping,Sultan Furniture Sharqia,26.274868,50.205163
shopping,نولتي للمطابخ الالمانية - NOLTE,26.294726,50.208682
shopping,Golden Furniture,26.295079,50.214554
shopping,شراء مكيفات مستعمله الخبر - شراء اثاث مستعمل الخبر,26.225939,50.197607
shopping,Comfort Style EST.,26.273213,50.201226
shopping,idec office furniture,26.282138,50.202395
shopping,Sleep High (Authorised Distributor),26.30185,50.209269
shopping,Pattern furniture,26.214698,50.180696
shopping,مفروشات ازال العربية للتجارة,26.29838,50.216638
shopping,Hamad M. Al Rugaib & Sons Trading Co,26.340362,50.196911
shopping,Abdul Jabbar Furniture,26.275808,50.209121
shopping,Sedar - Al Khobar,26.28549,50.192763
shopping,Farsh Furnishings,26.275137,50.21674
shopping,مؤسسة قمة الفنار التجارية,26.273825,50.205737
shopping,Sleep High (Authorised Distributor),26.285268,50.189957
shopping,مؤسسة سامية محمد القرني لتنجيد الأثاث,26.200987,50.206186
shopping,eXtra,26.334248,50.211725
shopping,Tamkeen Stores (الخبر) تمكين للأجهزة المنزلية,26.321255,50.208582
shopping,Electronic Waves,26.283383,50.211979
shopping,المنيع | Almanea الخبر-طريق الملك فهد,26.319234,50.209665
shopping,الخبر,26.219213,50.187561
shopping,مؤسسة توفيق الريس التجارية Rae’s electronics,26.281764,50.211835
shopping,eXtra Outlet - اكسترا اوتلت,26.188628,50.186572
shopping,SANA for Electrical & Telephone Co.,26.284713,50.215042
shopping,Al Saqr Al Thani Electronics Satellite Dish Maintenance Store,26.294801,50.214297
shopping,Al Asasyah - Basic Electronics Co. Ltd,26.297361,50.208914
shopping,Sony World - RAKA | عالم سوني - معرض الراكة (Modern Electronics),26.33637,50.212775
shopping,AL-ISTEQBAL AL -ZAKI TRADING ELECTRONICS & SATELLITE DISH & BEIN SPORTS,26.274503,50.194258
shopping,Mohammed Jawad Saleh Bukhamseen Foundation,26.203291,50.197305
shopping,aDawliah Electronics | King Khaled St,26.283792,50.213857
shopping,إيزي ستور EASY STORE,26.282362,50.211917
shopping,"AL MOTAWA TRADING COMPANY ,Thuqbah, Al khobar شركة المطوع التجارية",26.272644,50.195057
shopping,Yaseen electronics,26.283255,50.211954
shopping,City Systems Khobar,26.281204,50.204608
shopping,ستار للأجهزة الإلكترونية,26.285992,50.212647
shopping,FAWZIA ELECTRONICS,26.206553,50.188609
shopping,شركة داش لأنظمة التحكم - معرض الخبر | DASH Control Systems - Al Khobar Showroom,26.284358,50.21485
shopping,Softland Trading Est.,26.280894,50.204272
shopping,شركة الزاهد لتقنية المعلومات AL-ZAHID ELECTRONICS IT CO LTD,26.280996,50.204229
shopping,Mariyam Electronic,26.276113,50.212984
shopping,FRINDI SIM SALE CENTER,26.275336,50.213808
shopping,Ultragear,26.281101,50.204419
shopping,Albawardi Tools Maintenance Workshop,26.285448,50.215748
shopping,INDECO ( AL - KHOBAR BR.),26.286203,50.215216
shopping,Almousa telecom الموسى للاتصالات,26.275574,50.191684
shopping,Gate 2000 Computers // Net 2000 Computers,26.280959,50.20467
shopping,Sana For Electrical & Telephone Co,26.283056,50.209102
shopping,Gulf Computer Center,26.281047,50.204484
shopping,ITQAN COMPUTER. إتقان كمبيوتر,26.281204,50.204661
shopping,AL HASOOB ALKHOBAR شركة الحاسوب الخبر,26.277488,50.208632
shopping,Arabian Expert,26.283963,50.215296
shopping,Connect Networks Trading Co. AL KHOBAR,26.283101,50.208647
shopping,Al-Reziza Trading & Contracting Co.,26.281522,50.212375
shopping,AlReziza Spare Part,26.28667,50.216343
shopping,AMT Warehouse,26.242509,50.200748
shopping,Control & Networking Computer Est.,26.281094,50.204588
shopping,الكترونيات نجمه الجسر تركيب دش وكاميرا,26.207559,50.208728
shopping,AL HAZAM ELECTRONICS,26.283172,50.192795
shopping,Buyology Saudi Arabia,26.458422,50.082294
shopping,Professional Computers Est/محترف کمبیوتر الحاسب,26.278894,50.198387
shopping,SAM TRADING FOR COMPUTER,26.281354,50.204078
shopping,مؤسسة تيسير للاجهزة الالكترونية,26.279812,50.21631
shopping,Mubkar Electronics مبكار للالكترونيات,26.299254,50.209567
shopping,الشنو إلکترونيات رسيفرات شتاليت,26.207271,50.208741
shopping,Abdul aziz electronics Led Tv Repair work shop عبدالعزيزالاکترونيات,26.291179,50.213303
shopping,Adawliah Service Center,26.285563,50.217306
shopping,هوم ستور والأجهزه الالكترونيه,26.269628,50.186952
shopping,Capital Information Technology System Co.,26.281828,50.208954
shopping,ZKTeco Khobar Showroom,26.283859,50.212255
shopping,Vape sell Dammam & khobar door to door delivery,26.281124,50.214744
shopping,الزقزوق معرض الخبر العزيزية الدمام,26.209437,50.198188
shopping,Eissa electronics service عيسى تصليح الكترونيات,26.290808,50.210213
shopping,Al Khozama Satellite مؤسسة سات الخزامي,26.208229,50.188739
shopping,أطلال الخبرللبيع الكترونيات,26.272727,50.195336
shopping,مدار للالكترونيات,26.290369,50.213592
shopping,ستلايت مؤسسة بيان للإلكترونيات,26.210083,50.189261
shopping,شموخ للإتصالات,26.218198,50.206724
shopping,Kal 14ELECTRONICS,26.281137,50.204381
shopping,الرقم الفضي للاتصالات وصيانة جميع انواع الجوالات,26.212563,50.208062
shopping,Extend,26.275857,50.210703
shopping,Smart Pinoy playstation repairing shop محل تصليح اجهزة العاب,26.282471,50.212213
shopping,مؤسسة شموخ التجارية للكمبيوترات والكاميرات,26.217314,50.206847
shopping,إلكترون تك Electron Tech Khobar,26.281424,50.204382
shopping,Adawliah,26.285217,50.21838
shopping,LG NAGHI - BANDARIYAH SHOWROOM AL KHOBAR,26.309836,50.216653
real_estate,Auto golden car show room,26.274868,50.200162
real_estate,Audi Al Khobar Showroom & service centre - SAMACO Automotive,26.349541,50.192459
real_estate,Al Gulf Car Sales And Ownership Transfer,26.276895,50.210242
real_estate,معرض تداول للسيارات,26.281423,50.199861
real_estate,Hyundai Almajdouie Al Khobar - Al Bustan - Showroom | معرض هيونداي المجدوعي الخبر - البستان,26.317721,50.210524
real_estate,Abdullah AlSubaie Showroom,26.238688,50.200437
real_estate,معرض فيصل العتيبي للسيارات والمعدات بالخبر,26.27699,50.209587
real_estate,المركبات الفارهة,26.353974,50.209243
real_estate,Aston Martin - Showroom,26.348067,50.209987
real_estate,Wallan Geely,26.355659,50.190045
real_estate,Luxury Vehicles,26.35411,50.209395
real_estate,Porsche Center Al Khobar,26.349759,50.192395
real_estate,Hyundai Almajdouie Al Khobar - Al-Thuqbah - Showroom | معرض هيونداي المجدوعي الخبر - الثقبة,26.285581,50.189925
real_estate,Suzuki - Najeeb Auto | نجيب أوتو - سوزوكي,26.283925,50.199069
real_estate,شركة التوريدات الوطنية للسيارات – معرض جيتور National Motors Supplies – Jetour Showroom,26.34392,50.197519
real_estate,شركة سارا للسيارات,26.341262,50.198016
real_estate,Bentley Showroom,26.350138,50.192046
real_estate,MYNM BMW Khobar Showroom,26.348187,50.193204
real_estate,مركز صيانة وسمكرة لكزس | Lexus Maintenance and Body center,26.224633,50.194659
real_estate,Toyota & Lexus - Hassan Jameel Motors,26.224272,50.194752
real_estate,FOTON CAR SHOWROOM,26.343372,50.196019
real_estate,Budget Rent A Car | بدجت لتاجير السيارات,26.21572,50.184459
real_estate,KIA MOTORS ALJABR,26.284574,50.196746
real_estate,Al Jazirah Vehicles Agencies Body Shop Center,26.245264,50.198965
real_estate,Al Jazirah Vehicles Agencies Service Center,26.373203,50.173188
real_estate,صالة قود كارز للسيارات,26.20884,50.191822
real_estate,Three Sixty Car Maintenance - Khobar,26.250801,50.213454
real_estate,Mitsubishi Isuzu Auto Parts Dealer,26.26325,50.199415
real_estate,Abu Mazin Distributor Of Spare Parts,26.26478,50.208481
real_estate,Thuqbha car accessories shop,26.28231,50.191233
real_estate,MINI,26.348602,50.193006
real_estate,معرض المركبة المتحدة للسيارات,26.256542,50.203614
real_estate,معرض عصام الطويرقي للسيارات,26.273894,50.200396
real_estate,Bydesign Motorsport,26.339097,50.198036
real_estate,Al Sharqiya Diamond Showroom,26.561299,49.968912
real_estate,Abdul Latif Jameel Motors – Toyota|عبد اللطيف جميل للسيارات - تويوتا,26.307574,50.17665
real_estate,شركة سيارتك غير,26.245968,50.214878
real_estate,Mazda - Showroom,26.347888,50.209408
real_estate,Changan Almajdouie Khobar - King Fahad Road - Showroom | معرض شانجان المجدوعي الخبر - طريق الملك فهد,26.337458,50.198883
real_estate,Volkswagen Showroom Al Khobar,26.350741,50.191865
real_estate,Almajdouie Peugeot | المجدوعي بيجو,26.354487,50.191059
real_estate,Mazda - Showroom,26.319369,50.209545
real_estate,Lamborghini Khobar,26.35007,50.191995
real_estate,Altawkilat - GMC & Chevrolet,26.292022,50.186467
real_estate,قطع غيار السيارات - الملحم للسيارات | Almulhim Auto,26.265835,50.198531
real_estate,AlDamen Car's Showroom,26.532151,50.028165
real_estate,مركز الأفضل للسيارات,26.288389,50.216037
real_estate,معرض البدر للسيارات,26.397377,50.012221
real_estate,معرض السيارات - الملحم للسيارات | Almulhim Auto,26.253712,50.195936
real_estate,معرض ريال للسيارت,26.457633,50.033072
real_estate,A-Hamzah Car Dealer,26.534995,50.026324
real_estate,Altawkilat - Hongqi,26.286938,50.185812
bank,ولاء للتأمين,26.282722,50.20007
bank,Chubb Arabia Cooperative Insurance Company,26.312327,50.216329
bank,AlAlamiya Insurance Company,26.293354,50.185871
bank,Marsh Arabia Insurance Brokers - Marsh Khobar,26.315074,50.222475
bank,GIG Insurance,26.300157,50.221568
bank,Amana Cooperative Insurance - Regional Office,26.282363,50.199299
bank,Bupa Arabia - Khobar Office,26.326143,50.213431
bank,ACE Insurance Consultancy Co.,26.302943,50.208495
bank,Buruj Insurance,26.282358,50.199473
bank,Elite Insurance Brokers,26.350075,50.200684
bank,ولاء للتأمين - مركز المطالبات,26.282573,50.200686
bank,Arabian Shield Cooperative Insurance Company,26.282575,50.199552
bank,مكتب ركن سيوف الخليج تامين السيارات والتامين الطبي وللخدمات العامة,26.282142,50.194159
bank,سلامة للتأمين قسم المطالبات,26.250687,50.215239
bank,prime insurance,26.309734,50.219205
bank,Broker Care Insurance & Reinsurance Brokers (BCare),26.340997,50.198176
bank,UIC,26.27965,50.218383
bank,مكتب ركن ولاء التجارية لتأمين السيارات والتأمين الطبي,26.281762,50.193548
bank,أسيج ، الإدارة الإقليمية بالخبر,26.282679,50.199589
bank,AXA Cooperative Insurance,26.309364,50.129377
bank,حي الجسر,26.210085,50.203874
bank,مكتب خدمات عامه,26.256961,50.192639
bank,Gulf General Cooperative Insurance,26.314891,50.217351
government,العمير للمحاماة و الاستشارات القانونية | ALOMER LAW FIRM,26.307691,50.224368
government,الجبيري للمحاماة - Aljubairi Law Firm,26.336489,50.21299
government,شركة استدلال للمحاماة | Estedlal Law Firm,26.2898,50.21958
government,Abdulaziz Bin Ali & Partners Law Firm,26.309487,50.217635
government,Madar Alestiqamah Lawfirm Co.,26.306099,50.179954
government,ميثاق وحقوق للمحاماة والاستشارات القانونية,26.29352,50.172782
government,شركة مشعل العيدان للمحاماة,26.309479,50.217521
government,مكتب شهاب الصالح للمحاماة و الاستشارات القانونية,26.300538,50.181292
government,Abdel Mohsen Haji Law Office,26.187801,50.187539
government,Professional Horizons Lawfirm | بروفيشنال هورايزنز للمحاماة والاستشارات القانونية,26.300261,50.217699
government,مكتب محمد المطيري للمحاماة Almutairi Law Firm,26.307379,50.17887
government,مكتب نور حامد عبدالله للمحاماة والإستشارات القانونية,26.281225,50.208448
government,مكتب المحامي عبدالله آل مبطي محامون مستشارون قانونيون,26.285592,50.189329
government,مكتب المحامي والموثق ياسر السيف للمحاماة Yaser Alsaif- Advocates and Legal Consultants Office,26.301651,50.213125
government,Aljaafari & Albassam Law [JB Law],26.308538,50.209999
government,عبدالله ال منصور للمحاماة والتوثيق - Abdullah Al-Mansour Law Firm and Documentation,26.333378,50.184258
government,شركة بند وحد للمحاماة و الإستشارات القانونية - Band & Hadd Law Firm Co,26.312044,50.223068
government,ذلول للمحاماة والإستشارات القانونية (Thalool Law Firm and Legal Consultations),26.30723,50.178666
government,Faisal Aljamea Law Firm Legal Cansultations Company,26.216147,50.193629
government,AlSuwaiket AlBusaiyes Lawyers and Legal Consultants - شركة السويكت والبصيص للمحاماة,26.302824,50.210884
government,MOHAMMED ALSHAREEF LAW FIRM,26.282861,50.199399
government,شركة جسرة وصلة للمحاماة - Jassra & Sela law firm,26.309554,50.223098
government,Iqtida Al-Oula Law Firm and Legal Consultations,26.295322,50.215444
government,Elite Law Firm شركة نخبة للمحاماة والاستشارات القانونية,26.333317,50.147618
government,مكتب المحامي تركي التركي | Turki Al Turki Law Firm,26.30764,50.224419
government,المحامي والمحكم د.خالد الخليف الغامدي - Lawyer Dr. Khaled Al-Ghamdi,26.309449,50.209623
government,مجموعة الدكتور سعد الجمعان للأستشارات القانونية بالخبر,26.281276,50.208434
government,شركة تميم الحسينان للمحاماة والاستشارات القانونية,26.342467,50.1809
government,Alfaifi Khalid's law firm,26.30355,50.223335
government,آل بن علي للمحاماة Al Bin Ali Law Firm,26.309509,50.221797
government,مكتب المحامية فاطمه حسن جمعان الشهري / لتقديم خدمات: المحاماة | التوثيق | التسجيل العيني للعقار 💁🏻‍♀️✨,26.300186,50.174147
government,شركة ميم فاء ألف للمحاماة | MFA LAW FIRM & CONSULTING,26.300128,50.17428
government,ابراهيم سعود الحمام للمحاماة,26.302186,50.213778
government,شركة إمضاء الأولى للمحاماة EMDAA ALOULA Law Firm,26.249231,50.198163
government,شركة عايض بن محسن بن عبدالكريم للمحاماة,26.302175,50.215124
government,شركة عدل الأولى محامون ومستشارون | Adl AlOula Law Firm,26.309453,50.221752
government,Abdullah Medallah Law Firm in Association with KN Legal,26.308016,50.211447
government,شركة اُنْصُرْ للمحاماة و الاستشارات القانونية,26.302538,50.17807
government,مكتب المحامي و الموثق مالك مشعل عايد المطيري,26.288535,50.18336
government,شركة عوض القحطاني للمحاماة والاستشارات القانونية إحقاق العدل,26.301981,50.212299
government,شركة الدكتور نجاء بن طلق العتيبي وشركاؤه للمحاماة والاستشارات القانونية,26.370984,50.09475
government,مكتب نبيل ال سهيل للمحاماة و التوثيق,26.30179,50.2152
government,شركة العبدالقادر و الحربي للمحاماة والاستشارات القانونية,26.315136,50.212762
government,دار الإنصاف للمحاماة والاستشارات القانونية,26.202745,50.197926
government,شركة جوانب محامون ومستشارون,26.285812,50.188937
government,شركة الدكتور محمد الاشيقر للمحاماة والإستشارات القانونية,26.331154,50.204147
government,مكتب المحامي عبدالله منصور العويد,26.308517,50.214028
government,شركة توازن للمحاماة والاستشارات القانونية,26.299138,50.175847
government,المحامي والموثق حمدان بن حبشي,26.281227,50.208437
government,Tadaros Law Firm - شركة تدارس للمحاماة والإستشارات القانونية,26.284045,50.203914
government,‏مكتب المحامي طارق عبدالكريم للمحاماة Tareq lawfirm,26.333311,50.184134
government,شركة تبيين للمحاماة والاستشارات القانونية,26.299242,50.175551
government,حٍصن محامون مستشارون,26.313484,50.223739
government,مكتب المحامي سعود الهويمل | Saud howamil Law Firm,26.290893,50.196309
government,مكتب زياد بن ناصر آل زرعه للمحاماه,26.299344,50.205169
government,مكتب المحامي ناصر عبدالله آل الحارث للمحاماة والاستشارات القانونية,26.202107,50.212583
government,مكتب المحامي د.عبد الرحمن بن عبدالعزيز الفالح,26.30475,50.197604
government,مكتب المحامي مناحي بن حمدان الرمالي,26.30471,50.180252
government,البشيري للمحاماة - استشارات قانونية -التحكيم-التوثيق-تسجيل علامات تجارية - ملكية فكرية.-خدمات الأعمال - تسجيل عيني للعقار,26.302012,50.211025
government,المحامي د. صالح الضلعان - المحاماة والاستشارات القانونية,26.302468,50.177835
government,المحامي محمد بن هندي العتيبي,26.303028,50.20597
government,مكتب المحامي عبدالله الملحم,26.281301,50.208452
government,مكتب المحامي سليمان السويلم للمحاماة و الاستشارات القانونية والتوثيق,26.211437,50.198016
government,مجموعة العدالة للمحاماة والإستشارات القانونية بإدارة المحامي هشام الفرج,26.293437,50.172687
government,مجموعة المحامي سعود الدويش محامون ومستشارون قانونيون Lawyer Saud aldawish,26.215892,50.193989
government,شركة السمو للمحاماة والاستشارات القانونية,26.284076,50.199343
government,شركة مكنون للمحاماة والاستشارات - المحامي سعد الرصيص,26.284746,50.197557
government,مكتب المحامي والموثق يحيى الزياني للاستشارات الشرعية والقانونيه,26.290599,50.206958
government,مكتب المحامي فهد العطيل العنزي,26.333468,50.147425
government,مكتب حنان العصيمي للمحاماة والتوثيق ️,26.28053,50.212482
government,عبدالرحمن بن ناصر السويدان محاماة و توثيق,26.345679,50.190959
government,مكتب المحامي فهد بن حبيب بن عبدالمحسن الدغيلبي,26.300965,50.197787
government,Rentz company Ltd,26.302274,50.210368
government,مكتب المحامي نواف بن مسفر الفهدان,26.303056,50.17803
government,مكتب المحامي والموثق / عمر بن رجا,26.216386,50.19316
real_estate,Akbar Travels And Tourism Co. Al Khobar,26.287318,50.206879
real_estate,Atlas Travel Head Office,26.282618,50.215711
real_estate,Owaidah Travel & Tourism Agency,26.294595,50.207424
real_estate,Travel Go Travel Agency,26.281169,50.214917
real_estate,Space Travel Agency,26.302616,50.208584
real_estate,Golden Traveler Agency,26.362842,50.205792
real_estate,TITANIUM TRAVEL AND TOURISM تيتانيوم للسفر والسياحة,26.299365,50.17536
real_estate,Skybirds International Travel,26.284167,50.209033
real_estate,المسافر للسفر والسياحة,26.312563,50.216443
real_estate,Alia Travel and Tourism Co.,26.299565,50.209323
real_estate,مسأله وقت للسفر والسياحة,26.307722,50.22429
real_estate,Nesma Travel and Tourism Agency,26.318016,50.223035
real_estate,World Tourism & Travel,26.282242,50.21226
real_estate,WORLD TRAVEL SERVICES,26.281528,50.210795
real_estate,Classic Travel & Tours Agency,26.301,50.218208
real_estate,ITL World Travel Management Company,26.31501,50.216319
real_estate,AMECO Int'l Travel Agency,26.283082,50.212112
real_estate,Ocean Cross Travel & Tours,26.36462,50.202226
real_estate,وكالة أسفاري للسفر والسياحة,26.272658,50.211664
real_estate,Zamil Travel,26.282239,50.214956
real_estate,مسارات السفر Masarat Alsafar,26.214651,50.180957
real_estate,المسافر للسفر والسياحة,26.282852,50.220474
real_estate,وجهات للسفر والسياحة والتأشيرات,26.362675,50.20585
real_estate,Kanoo Travel Airline canter,26.304614,50.209628
real_estate,JOHORA TRAVEL,26.274051,50.212159
real_estate,dnata Travel,26.299367,50.208663
real_estate,YATA Travel Agency,26.303525,50.222115
real_estate,Atlas Travel,26.362519,50.206081
real_estate,EJAZAT AL MOSEM TRAVELS وكالة اجازه الموسم للسفر والسياحة,26.362565,50.206027
real_estate,Sa-adiya Umra,26.279563,50.210188
real_estate,Delmon Travel and Tour Co.,26.336438,50.196007
real_estate,وكالة سفر النخبة للسفر والسياحة,26.294282,50.214202
real_estate,وكالة جناح الحرية للسفر والسياحة | FREEDOM WING TRAVEL AGENCY,26.276875,50.193569
real_estate,وكالة رحالة الشرق للسفر والسياحة,26.202313,50.212688
real_estate,Seera Group‎,26.312556,50.216481
real_estate,Star Tours and Travels,26.27734,50.212401
real_estate,التأشيرة السريعة للسياحة والسفر,26.362703,50.205481
real_estate,Beauty Travel,26.293327,50.213744
real_estate,Alwan Travel &Tourism الوان للسفر والسياحة,26.282,50.195872
real_estate,رحلاتنا للسياحة والسفر وتاشيرات,26.362928,50.205763
real_estate,Saud & Abrar Travel and Tourism Agency,26.271873,50.194112
real_estate,Global Travel Challenge,26.276446,50.193696
real_estate,Jamal world travel,26.295878,50.208021
real_estate,Saud Abrar Travel & Tourism agency.,26.274969,50.192006
real_estate,Alfifa Services Gulf C,26.279451,50.218828
real_estate,Golden wing travel and tourism agency,26.296855,50.21307
real_estate,Skyline Travel and Tourism,26.302115,50.2111
real_estate,Luxury Travel & Tourism Agency,26.274253,50.194365
real_estate,National Travel Agency,26.280086,50.209912
real_estate,سفريات ايس,26.302961,50.208563
real_estate,Bizguide,26.267938,50.212962
real_estate,وكالة عبر السعودية للسفر والسياحة,26.28176,50.214854
real_estate,الهاشم للسياحة والسفر,26.294638,50.208409
real_estate,وكالة الأربع طرق للسفر والسياحة,26.324013,50.165939
real_estate,شركة وكالة تنسيق للسفر والسياحة,26.278564,50.192838
real_estate,اجنحة الدولية للسفر والسياحة,26.268869,50.196638
real_estate,روابي للسفر والسياحة,26.285139,50.190952
real_estate,فرسان للسفر والسياحة - فرع الثقبة,26.278596,50.192824
real_estate,وكالة المجد للسفر والسياحة,26.277111,50.212838
real_estate,Open Sky Travel & Tours وكاله الاجواء المفتوحه,26.280758,50.206556
real_estate,AL AWAM UMRAH,26.278493,50.21421
car_wash,Enterprise Rent-A-Car,26.283759,50.190982
car_wash,Enterprise Rent-A-Car,26.217166,50.185556
car_wash,تيربو لتأجير السيارات,26.318172,50.21004
car_wash,Yelo,26.215498,50.183472
car_wash,SIXT Rent A Car,26.281408,50.204267
car_wash,Key Car Rental المفتاح لتأجير السيارات,26.284062,50.195504
car_wash,Hertz,26.216272,50.18667
car_wash,Theeb Car Rental,26.284755,50.20651
car_wash,نون لتأجير السيارات 24h,26.215308,50.182888
car_wash,Number Eight Car Rental Company | شرکة رقم ثمانية لتأجير السيارات,26.28088,50.199954
car_wash,Aljabr rent a car-الجبر لتأجير السيارات,26.283586,50.191527
car_wash,AlRehaili Car Rental,26.284944,50.192451
car_wash,Budget Rent A Car,26.28484,50.192914
car_wash,صفوة لتأجير السيارات | Safwa Rent a Car,26.216401,50.187072
car_wash,يهماء لتأجير السيارات - فرع الخبر,26.283675,50.20701
car_wash,شركة فايز لتأجير السيارات| فرع طريق جسر البحرين,26.216292,50.186948
car_wash,ذيب لتأجير السيارات,26.216195,50.186219
car_wash,Budget Rent A Car | بدجت لتاجير السيارات‎,26.303959,50.211339
car_wash,Cherry Car Renta,26.213853,50.176355
car_wash,Yelo | يلو,26.282706,50.200256
car_wash,ذيب لتأجير السيارات‎,26.338742,50.197957
car_wash,Lumi,26.284302,50.194723
car_wash,Budget Rent A Car | بدجت لتاجير السيارات,26.30377,50.209386
car_wash,دبلومات لتأجير السيارات Diplomat Rent A Car,26.249083,50.199023
car_wash,Ashjan Najd Car Rental شركة أشجان نجد لتأجير السيارات,26.283687,50.206938
car_wash,الخضر لتاجير السيارات - الخزامى (24 ساعة),26.216188,50.186563
car_wash,ابوذياب لتأجير السيارات الخبر abudiyab rent a car,26.356235,50.189858
car_wash,شوامر لتأجير السيارات | Shawamer Rent A Car,26.21611,50.185858
car_wash,شري لتأجير السيارات,26.217312,50.185812
car_wash,Hertz Car Rental - Al Khobar - Dhahran Street,26.30403,50.195039
car_wash,Sara Rent A Car,26.284323,50.194785
car_wash,مسار لتاجير السيارات vip,26.215527,50.183611
car_wash,Al-Basit United Car Rental Company,26.283603,50.194603
car_wash,شوامر لتأجير السيارات | Shawamer Rent A Car,26.249549,50.200564
car_wash,مايلز لتأجير السيارات | Miles Rent A Car,26.217446,50.186136
car_wash,Areej alkhaleej rent a car,26.283763,50.194624
car_wash,Aouj AutoMall | أوج أوتو مول,26.217718,50.188061
car_wash,传奇租车 Legend World Rent a Car اسطورة العالم للتأجير السيارات,26.217644,50.18802
car_wash,الفلاح لتأجير السيارات,26.216023,50.185572
car_wash,عربة النور لتأجير السيارات - فرع الخبر,26.217497,50.186346
car_wash,Payless Car Rental | بايلس لتأجير السيارات,26.217164,50.185865
car_wash,عبد الرحمن الزمام لتأجير السيارات الفرع 8,26.217693,50.187714
car_wash,Lumi,26.215577,50.184263
car_wash,Hanco Rent A Car هانكو لتأجير السيارات,26.301056,50.200957
car_wash,الجبر لتأجير السيارات,26.284402,50.194403
car_wash,قيادة لتأجير السيارات Qiadah Car Rental,26.217706,50.187957
car_wash,اليم لتاجير السيارات | ALYAM Rent a Car,26.295119,50.207911
car_wash,Rent 2 You Rent A Car | رنت تو يو لتأجير السيارات,26.217235,50.185795
car_wash,Lumi,26.250725,50.199167
car_wash,Hanco Rent a Car,26.288876,50.205997
car_wash,Aljabr rent a car- الجبر لتأجير السيارات فرع الجسر,26.215709,50.184416
car_wash,فانتج لتأجير السيارات,26.215764,50.184985
car_wash,شركة سترونج لتأجير السيارات - فرع الخبر,26.217656,50.187354
car_wash,شركة العجمي لتأجير السيارات (فرع الجسر),26.208016,50.208651
car_wash,Choice car rental,26.284311,50.192312
car_wash,الحــزام الذهــبي لتــنظيم الـرحلات Golden belt for organizing trips,26.278127,50.208645
car_wash,إثراء لتأجير السيارات توصيل للبحرين,26.218356,50.208959
car_wash,شركة الاسناد للخدمات تاجير السيارات وخدمات التوصيل,26.214537,50.180588
car_wash,رينتو لتأجير السيارات فرع الثقبة,26.283628,50.191287
car_wash,شالي لتأجير السيارات,26.282783,50.19422
car_wash,الطريق الراسي لتأجير السيارات,26.217359,50.185671
car_wash,شالي لتأجير السيارات,26.216028,50.185595
car_wash,أنزو درايف لتأجير السيارات,26.21798,50.187672
car_wash,الصافي لتأجير السيارات,26.364704,50.202399
car_wash,اريج الخليج لتأجير السيارات لتأجير السيارات,26.283793,50.206745
car_wash,العجمي لتأجير السيارات,26.283244,50.19441
car_wash,شركة الثاقب لتأجير السيارات,26.284904,50.192161
car_wash,مسارات لتأجير السيارات - فرع الخبر,26.216147,50.185791
car_wash,Khobar carwash,26.226458,50.183769
car_wash,روعة الطريق لتأجير السيارات - فرع الخبر,26.217616,50.187254
car_wash,MSJ Maintenance Company,26.293522,50.172878
car_wash,Al Yousf Operation & Maintenance Company(AYOMCO),26.299995,50.22015
car_wash,Outlook Maintenance Company Corporate Office,26.240214,50.199204
car_wash,FLUID POWER MAINTENANCE COMPANY,26.217129,50.179465
car_wash,Rikam Operation & Maintenance,26.302253,50.213855
car_wash,TAS Cleaning and Maintenance,26.312033,50.210174
car_wash,Hamad Ali Alyami Company for Maintenance (HAYCO),26.219283,50.178382
car_wash,Allied Maintenance Company Ltd.,26.312314,50.21727
car_wash,مؤسسة فيجن للصيانة والنظافة,26.282554,50.183854
car_wash,Abdulwahed maintenance عبدالواحد (مركز الصيانة),26.25089,50.214146
car_wash,Masader Operation and Maintenance,26.293756,50.21246
car_wash,Makcon - Mithaq Services General Contracting,26.365714,50.204368
car_wash,شركة وصيانة الرافعات,26.357041,50.194221
car_wash,المتميزون للتشغيل والصيانة وتأجير العمالة Man Power Supplier والخدمات العامة والتعقيب,26.276521,50.213447
car_wash,شركة البصري للصيانة و النظافة | AlBassri Maintenance and Cleaning Company,26.294674,50.19771
car_wash,MAINTENANCE CENTER DAHRAN SACO موقع مركز الصيانة بمدينة الظهران,26.304911,50.166984
car_wash,مؤسسة الخدمة المعتمدة للصيانة,26.291181,50.213186
car_wash,AEMCO (Advanced Equipments & Maintenance Co.),26.242679,50.19863
car_wash,Quality & Mastery Maintenance Workshop,26.254739,50.19999
car_wash,Professional Computer & Electronic Maintenance Est. (ANOEC),26.295754,50.209156
car_wash,مؤسسة جاما للصيانة والنظافة,26.314565,50.209707
car_wash,3 Brothers Repairing | الإخوة الثلاثة للإصلاح,26.343373,50.191209
car_wash,Saudi Building Technic Mainteance Co شركة فن المعمار السعودية للصيانة المحدودة,26.288071,50.205799
car_wash,Maintenance printer laptop مؤسسة ساره لصيانه الالكترونيات,26.280804,50.204677
car_wash,Star ⭐ mobile repair - Al Khobar,26.280188,50.214062
car_wash,ورشة الاعمال الساطعة للصيانة,26.267004,50.203364
car_wash,ITQAN AL-KHOBAR OPERATION & MAINTENANCE,26.270981,50.210631
car_wash,Arabic Computer Systems Co ltd Maintenance,26.254614,50.199581
car_wash,"Meyan Al Sharq Industrial Company, Baghlaf Industrial City, Alkhobar ,Saudi Arabia",26.21872,50.187143
car_wash,Al Ahmad A/C and electriction(Shehryaar) مركز الاحمد لتصليح المكيفات والثلاجات Al Khober,26.294809,50.209027
car_wash,AMAR BIN SULAMAN A/C WOKSHOP,26.285503,50.216797
car_wash,Gulf Services Company for Maintenance & Cleaning,26.343833,50.147651
car_wash,Hani Sulaiman AlKhozim Car Maintenance Workshop,26.246889,50.214737
car_wash,Mobile repair shop,26.281725,50.21594
car_wash,ACDelco Service Centers Al Khobar,26.242405,50.214555
car_wash,حلول صيانة المركبات | Automotive Maintenance Solutions,26.25368,50.195968
car_wash,The first Alkhobar Car Maintenance Center,26.251765,50.199465
car_wash,EagleBurgmann - Khobar Service Centre,26.222749,50.185529
car_wash,German Technology Auto Services (Thuqba) التقنية الالمانية لخدمة السيارات,26.259049,50.199429
car_wash,Workshop Golden Alkhobar,26.251855,50.199986
car_wash,ورشة مريم المختار للتشغيل والصيانة,26.284472,50.211357
car_wash,Abdullah Hashim Co.- Honda Service Center,26.231604,50.193404
car_wash,Mobile Repair Shop,26.282296,50.213206
car_wash,Extra Mile Car Maintenance Centre مركز أكسترا ميل لصيانة السيارات,26.218314,50.179731
car_wash,Mazda Dream Car Maintenance,26.253358,50.199373
car_wash,Hanco Workshop,26.219576,50.177976
car_wash,A/C Workshop,26.286685,50.214923
car_wash,BMW Service Center,26.348375,50.192365
car_wash,Toyota Maintenance Reception Center,26.30746,50.177058
car_wash,Aljabr - Lynk & Co Service Center مركز صيانة لينك آند كو,26.246388,50.199607
car_wash,Changan & Deepal Almajdouie Khobar - King Fahad Road - Service | صيانة شانجان و ديبال المجدوعي الخبر - طريق الملك فهد,26.337155,50.198277
car_wash,Al- Reziza Treading and contracting Co,26.251864,50.202667
car_wash,اليمني للسيارات الصيانة السريعة alyemni quick service,26.35146,50.19133
car_wash,عالم الصيانة لصيانه الاحذيه والشنط,26.289303,50.213199
car_wash,Fix star,26.253826,50.19875
car_wash,ورشة شمس الخبر SHMS ALKHOBAR WORKSHOP,26.252702,50.202631
car_wash,مركز أحمد العوام لصيانة السيارات-AHMED ALAWAM CENTER,26.253908,50.200634
car_wash,Shoes & bag repair عدل ولا تبدل الصيانة الأحذية والشنط,26.283606,50.210457
car_wash,صيانة هيونداي,26.31797,50.210573
car_wash,مركز صيانة وسمكرة تويوتا معتمد | Toyota Maintenance and Body Workshop,26.224841,50.194885
car_wash,صيانة وتشغيل المعدات بلدية الخبر,26.297253,50.199189
car_wash,شركة صيانة افران الغاز بالخبر ولتنظيف افران الغاز بالخبر,26.27459,50.192298
car_wash,تصليح ساعات,26.277685,50.191055
car_wash,سمنان لحلول المياه - فرع الخبر,26.286862,50.214315
car_wash,Cherry maintenance center,26.248505,50.199463
car_wash,مركز الصداره التقنيه العالميه لصيانة السيارات,26.24294,50.213132
car_wash,Haval Service Center Al Khobar,26.352463,50.192817
car_wash,الاجهزة الكهربائية,26.29272,50.192005
car_wash,Digital Oasis Car Maintenance Center,26.251512,50.198599
car_wash,صيانة ثلاجات ، إصلاح ثلاجات ، تصليح الثلاجات المنزلية و تركيب وصيانة أجهزة البلت إن. إتصل نصل,26.271142,50.207187
car_wash,سبارك صيانة تويوتا ولكزس SPARK TOYOTA AND LEXUS SERVICE,26.254524,50.199339
car_wash,Advanced Technology Center For car maintenance,26.254154,50.201415
car_wash,المجدوعي صيانه وقطع شانجان,26.217191,50.197138
car_wash,Audi SAMACO Service Center,26.349397,50.192204
car_wash,Sahb Service Center chery,26.353443,50.192448
car_wash,ورشة عيون بيروت لصيانة السيارات الالمانية ( Mercedes Benz& Bmw),26.254334,50.202725
car_wash,شركة الصيانة للصناعة للعالمية,26.295277,50.216525
car_wash,مؤسسة سعودي هام لبيع و صيانة الأجهزة الكهربائية والميكانيكية,26.277563,50.198229
car_wash,صيانة مكيفات تكييف وتبريد,26.326013,50.166881
car_wash,بحر التقنية للصيانة,26.298889,50.205563
car_wash,Abdul Latif Jameel Motors – Toyota (Service) | عبد اللطيف جميل للسيارات – تويوتا (الصيانة),26.307395,50.176517
car_wash,ورشة هواء الخبر للصيانة,26.285114,50.209755
car_wash,صيانة هافال الموقع الرئيسي,26.352812,50.192818
car_wash,Zainab Electricians,26.34405,50.145529
car_wash,صيانة جوالات خدمة منزلية,26.123619,50.143668
car_wash,Samsung Authorized Service Center [Mobile ] - Extra Khobar سامسونج مركز صيانة معتمد [الأجهزة المحمولة ],26.334855,50.211453
car_wash,مركز ريتان للصيانة أجهزة الكهربائية,26.298669,50.197734
car_wash,نيوتل صيانة متنقلة جوالات,26.275688,50.191437
car_wash,ورشة صارحة الابداع لصيانة السيارات,26.255455,50.20005
car_wash,عبد الواحد الصيانة,26.581438,49.992752
shopping,عالم الببغاء الأولى,26.267563,50.203123
shopping,Pets Houses,26.323153,50.179833
shopping,World Objects Est. (Pet store and supplies),26.284351,50.212002
shopping,Paws & Suds,26.280404,50.197302
shopping,بت لوفر | Pet Lover,26.334246,50.188806
shopping,طيور الوادي,26.293868,50.209506
shopping,بتس هاوسس Pets Houses‎,26.190275,50.189558
shopping,Live Safari alkhabar عيش سفاري الخبر,26.304385,50.197816
shopping,Birds & Fish Ornamental Trading Est,26.281841,50.209342
shopping,Al-Kawkab Al-Durr Foundation (مؤسسة الكوكب الدر) - Pets Planet Khobar كوكب حيوانات البحيرة,26.191756,50.177055
shopping,PETS PARK قهوة وقطوة,26.297789,50.213144
shopping,Petsy بيتسي الجسر,26.210128,50.204348
shopping,Soft Paws المخالب الناعمة,26.153522,50.144607
shopping,العنقاء للقطط و الطيور,26.291425,50.211863
shopping,الكروان الأبيض,26.295105,50.203726
shopping,بلو بادجي للحيوانات الاليفه,26.201994,50.209484
shopping,Marvel of the sea,26.291871,50.198013
shopping,Cats Spa,26.204359,50.188555
shopping,Kinder Garden Bird Shop,26.280688,50.200569
shopping,Pawsers Pet Care,26.239221,50.214099
shopping,Beautiful Bird,26.202749,50.188566
shopping,Animal care establishment مؤسسة العناية بالحيوان,26.239852,50.198452
shopping,مؤسسة روعة الأسماك والطيور,26.202255,50.208924
shopping,الكائنات اللطيفة.العزيزية,26.1813,50.158602
shopping,Pets Houses‏,26.328367,50.21249
shopping,GOLDEN TURTLE,26.289034,50.210265
shopping,Pets Oasis Dammam,26.351041,50.197648
shopping,عالم النوادر لمستلزمات الحيوانات الاليفه,26.292983,50.215285
shopping,لولي كات - Lolycat,26.359309,50.190863
shopping,The Barking Lot,26.33572,50.193145
shopping,CATS STAR,26.304422,50.197662
shopping,ANIMAL LAND FOR PETS,27.007908,49.663023
shopping,Athena Flowershop,26.29496,50.197648
shopping,Bloomax Flowers,26.297128,50.205278
shopping,زهور ورود وهدايا (وايتي فلاور Whitey flower),26.153648,50.144454
shopping,NORA Flower,26.298813,50.200812
shopping,Alia Flowers Al Khobar,26.303228,50.222415
shopping,Narena for Flowers,26.292963,50.207403
shopping,Gardenia Florist,26.301637,50.214498
shopping,THE FLOWERS LIFE,26.359651,50.207222
shopping,الدانة فلاورز | Aldanah Flowers,26.342827,50.182207
shopping,محل ليليوم روز للزهور الطبيعة,26.205409,50.208487
shopping,Luxury Flowers شركة الازهار الفاخرة,26.29868,50.205186
shopping,Four Flowers Boutique - فور فلاورز بوتيك,26.333392,50.183978
shopping,10 petals,26.333714,50.180174
shopping,Najd Flowers | نجد فلاورز,26.298868,50.210369
shopping,RoseBar,26.302553,50.178043
shopping,لافندر روز فرع 2 flower shop,26.363555,50.191286
shopping,ASTAJ FLOWERS AND PLANTS,26.15483,50.16128
shopping,ورود جميـلة | Beautiful Roses,26.299975,50.213711
shopping,AMEN FLOWERSHOP - آمين,26.291528,50.2087
shopping,نسيم فرع العليا,26.304542,50.178422
shopping,LAYAN FLOWER,26.298599,50.206056
shopping,Florista Boutique,26.321693,50.21179
shopping,محل كاسا روز للزهور والهدايا,26.206327,50.208898
shopping,نسيم فرع الجسر,26.202329,50.209428
shopping,Nadeen Flower أزهار نادين,26.293995,50.199823
shopping,Bloom room,26.201845,50.203991
shopping,Al Rushd Flowers,26.287093,50.206203
shopping,وردة السوسن - Iris rose,26.289729,50.21049
shopping,beige events,26.309072,50.214759
shopping,SUN&D,26.28974,50.210458
shopping,FLOWER4EVER,26.293103,50.218038
shopping,باقه ليان للورد والهدايا,26.264442,50.202843
shopping,تاج الهدية للورد والهدايا,26.203906,50.189045
shopping,Blue Tulip,26.209417,50.201821
shopping,Dana Flowers Balloon wrapping Gift,26.210337,50.189277
shopping,Fawaha Flowers,26.28903,50.210292
shopping,Four season flowers,26.303163,50.207501
shopping,Flower Zone,26.290745,50.181308
shopping,موسم الورود Flowers Season,26.297487,50.18179
shopping,شبيه الورد,26.301062,50.217963
shopping,The Candles | ذا كاندلز,26.211426,50.197923
shopping,Ita flower shop,26.296364,50.207708
shopping,غرس للورود والهدايا,26.208319,50.192127
shopping,ابداع اريج للورد والهدايا,26.208938,50.188326
shopping,Flowers ftoo,26.263985,50.190282
shopping,Paradise,26.2944,50.206402
shopping,مخزن الورد Flower Store,26.298399,50.20496
shopping,غصون الورد ghosoun Alward,26.300233,50.187873
shopping,فلور ستوري Flower Story,26.288241,50.193707
shopping,غصون الورد العزيزية,26.190392,50.189319
shopping,Balloon of roses7,26.355212,50.208977
shopping,هدايا الخبر والدمام | Chic__Gift,26.306028,50.173177
shopping,ورد الوان - Alwan Flower,26.457475,50.080786
shopping,Opera garden,26.264737,50.203945
shopping,Floranow flowers,26.282504,50.195131
shopping,بلو توليب ورد بالجملة,26.205158,50.189185
shopping,CUTE gift packaging and roses,26.208549,50.191467
shopping,نبراس للزهور الطبيعية,26.299056,50.203023
shopping,شباك الزهر | Flower shop,26.303596,50.202477
shopping,Spring Rose,26.309276,50.219344
shopping,جزيرة الازهار,26.296322,50.207972
shopping,نوادر للزهور,26.296183,50.208029
shopping,خيال الورد للهدايا و المناسبات,26.297578,50.19567
shopping,لاند وورد للورد والهدايا,26.211195,50.208295
shopping,زهور القمر,26.293738,50.217981
shopping,May rose for flowers,26.200644,50.204564
shopping,Avila,26.216699,50.206928
shopping,لوف قيت Love gate للورد والهدايا,26.207056,50.188629
shopping,Zohoor Alreef - زهور الريف,26.200645,50.204018
shopping,Zohoor Alreef - زهور الريف,26.306298,50.171028
shopping,أزهار جاردينيا Gardenia Flowers,26.26574,50.070697
shopping,مشتل الواحة,26.208886,50.188423
shopping,Flowreem | فلاوريم,26.21312,50.189364
shopping,محل كيوت فرع الجسر,26.213696,50.207946
shopping,محل لحظتي للزهور,26.210062,50.207767
library,Al Behqi Book Store,26.277196,50.193107
library,دار الكتاب التربوي,26.286982,50.217942
library,Ibn Sina's Pen Stationery,26.322993,50.159791
library,Al Warraq Bookstore | قرطاسية الوراق,26.322257,50.157334
library,AthToqbah. Al khobar.,26.274051,50.188164
library,Stationery Pen chosen,26.268982,50.205438
library,ZAMART,26.283615,50.218171
library,BLENDS | بـلـنـدز,26.35467,50.209067
library,TAQRID STATIONARY & PRINTING (قرطاسية تغريد),26.204661,50.188544
library,Ayesha's book store,26.291804,50.210416
library,Alsharq Bookstore | مكتبة الشرق,24.733637,46.664217
library,Takamul Alafkar WORKSHOP | ورشة تكامل الافكار للطباعة,26.248103,50.200201
library,Wonderland of books,26.361467,50.199324
library,Tarek Stationery,26.264993,50.193057
library,Alsharq Bookstore,24.754706,46.768349
library,الشهري للالعاب سوق الجمعه بوابه 7,26.264348,50.203337
library,Star Books and Stationery Store مكتبة نجم الكتاب للنسخ والتصوير,26.29627,50.211495
library,مكتبة معارج الفكر,26.305223,50.195491
clinic,مختبرات دلتا الطبية | فرع الحزام الأخضر الخبر Delta Medical Laboratories,26.303588,50.205318
clinic,Al Borg Diagnostics,26.29563,50.207872
clinic,مختبرات الفا,26.283988,50.195799
clinic,مختبرات دلتا الطبية فرع حي الصفا Delta Medical Laboratories,26.388204,50.178395
clinic,AlHoty Stanger Ltd. Co. مختبرات الحوطي ستانجر,26.216135,50.176308
clinic,مختبرات دلتا الطبية | فرع الخزامى الخبر Delta Medical Laboratories,26.202563,50.195657
clinic,مختبر المستقبل الطبي,26.308532,50.214429
clinic,ACES,26.22313,50.180126
clinic,Al Borg Diagnostics,26.191064,50.190063
clinic,Specialized Technical Laboratories Company (SFT),26.278843,50.201621
clinic,Digital Photo Express,26.269326,50.190518
clinic,Hakeem Labs,26.325747,50.213902
clinic,ACTS Khobar Branch,26.245855,50.200443
clinic,Al Hoty Calibration Services الحوطي لخدمات المعايرة,26.269101,50.204214
clinic,Gulf Bridge Laboratory (GBL),26.241937,50.199813
clinic,Asas Alnayl Lab | مختبر اساس النيل,26.22779,50.184993
clinic,مختبر رمز الأمارات لفحص التربة وحقن التربة وتدعيم الخرسانة- فرع الخبر,26.249335,50.198303
clinic,مختبر المكيال السعودي لفحص التربة و الخرسانة و اعمال الجسات. AlMekyal AlSaudi Lab,26.244555,50.20064
clinic,WaterLab,26.250273,50.210205
clinic,Alfa Scan,26.324852,50.206648
clinic,ALI STAEADA AL RAQMIA Dental Lab,26.277219,50.198668
clinic,مختبر مقدرة للتحقق -Makderah Laboratory for Verification,26.216365,50.193829
clinic,WASL AL SHOUMOUKH CALIBRATION COMPANY LTD,26.259369,50.191402
clinic,LabSystems - Software Company,26.285024,50.196202
clinic,مختبر مقاييس التشييد لمواد البناء CSL,26.244002,50.199522
clinic,Greenway,26.312487,50.224395
clinic,tmnco laboratories @ soil,26.216037,50.175031
clinic,Arabian Arrow General Contracting Co.,26.2485,50.19994
clinic,Astron Healthcare,26.217191,50.197138
clinic,Shiny Tooth Dental Lab السن اللامع,26.281526,50.210815
clinic,Al Khobar White House Optical,26.281974,50.21331
clinic,eyewa Prince Turky - Al Khobar - ايوا طريق الامير تركي الخبر,26.305197,50.222773
clinic,LENS & FRAME OPTICALS,26.281985,50.195926
clinic,نظارات السلمان | AlSalman Optics,26.309121,50.217835
clinic,نظارات البركات - Barakat Optical,26.283553,50.213798
clinic,Farza Optical,26.283701,50.21345
clinic,النظارات الراقية,26.283752,50.213675
clinic,Dalgan Optics الدلقان للبصريات الخبر,26.282867,50.211841
clinic,نظارات فرزه الخبر اFarza Optics Khobar Rahmani,26.28132,50.214962
clinic,الدلقان للنظارات DALGAN OPTICAL SHOP AL RAKAH الدلقان للنظارات,26.364834,50.202457
clinic,نظارات السلمان | AlSalman Optics,26.303254,50.22238
clinic,eyewa Flamingo Mall - ايوا فلامنجو بارك,26.286492,50.183787
clinic,البدر للبصريات | AlBadr Optical,26.302066,50.22214
clinic,Safe eye for glasses,26.286537,50.21252
clinic,نظارات ايزون فرع الخبر-حي الجسر Eyezone,26.200657,50.204296
clinic,Almana Opticals,26.283998,50.21372
clinic,نظارات السلمان | AlSalman Optics,26.291507,50.180322
clinic,Al Bashawri Opticals البشاوري للبصريات,26.28402,50.213724
clinic,Al Noor Lens,26.309316,50.173273
clinic,AQUA EYES OPTICAL SHOP,26.28942,50.212345
clinic,Durrat Al Ayn Optics Khobar,26.282391,50.213375
clinic,Magrabi - Corniche Boulevard,26.303317,50.22319
clinic,Dalma Optical نظارات دلما الخبر,26.283686,50.213663
clinic,علم النظارات,26.294681,50.199443
clinic,Daleel Opticals,26.282332,50.212175
clinic,Eyemax,26.282052,50.214918
clinic,Yateem Optician | نظارات يتيم,26.303609,50.222452
clinic,eyewa Al Khuzama - ايوا الخزامى,26.208313,50.196563
clinic,MAGRABi - Al Rashid Mall | مغربي للبصريات - الراشد مول,26.290433,50.180418
clinic,بادغيش للنظارات Badgaish Eyecare,26.280649,50.213226
clinic,Dr.Optic,26.175099,50.145253
clinic,sunglasses shop,26.281101,50.197022
clinic,World Eye Opticals - عيون العالم للنظارات,26.263741,50.204344
clinic,Bashawari optical,26.289604,50.21951
clinic,Aldalgan optical الدلقان للبصريات,26.201357,50.204062
clinic,Happy Optical,26.282193,50.213907
clinic,Optical Palace Khobar,26.285962,50.214309
clinic,نظارات عيونك 3yonk glasses,26.281535,50.19123
clinic,eyewa City Walk Al Khobar - ايوا الخبر سيتي ووك,26.30602,50.182985
clinic,السلطان للبصريات (sultan optic),26.310744,50.223212
clinic,شركة جمال عيون المها للنظارات،فرع ثقبة,26.281277,50.191356
clinic,نظارات نمر الخبر,26.281305,50.191664
clinic,نظارات سالم,26.297368,50.195047
clinic,eyewa Khobar Mall - ايوا الخبر مول,26.314876,50.210514
clinic,نظارات السلمان | AlSalman Optics,26.307192,50.172604
clinic,نظارات زينة,26.288764,50.216415
clinic,الاطار الازرق للنظارات,26.175368,50.143788
clinic,آيلاش للبصريات,26.305056,50.196483
clinic,عبدالوهاب للنظارات فرع العقربية اكوافيو سابقاً,26.29739,50.195096
clinic,eyewa Mall of Dhahran 1-ايوا مول الظهران1,26.303538,50.168623
clinic,تي . زون للبصريات,26.281554,50.214813
clinic,Magrabi,26.306282,50.171367
clinic,Al Wazzan Visionالوزان للبصريات,26.272409,50.195026
clinic,Doctor M | Lulu Hypermarket,26.267032,50.214267
clinic,اسطورة علم النظارات,26.207398,50.208726
clinic,Optibliss اوبتي بليس,26.208281,50.196424
clinic,ارت ايز للنظارات,26.277426,50.193012
clinic,نظارات فرزة. فرع الثقبة,26.281438,50.19161
clinic,النظارة الراقية,26.277556,50.192964
clinic,تصليح و صيانة نظارات HADAQ OPTICAL,26.281033,50.197049
clinic,نظارات ايزون فرع العزيزية مجمع اسواق المزرعة,26.201084,50.194452
clinic,نظارات كسب KSB opticals Al khobar,26.27827,50.216636
clinic,نظارات الحطابي,26.277812,50.193312
clinic,الدلقان للبصريات,26.216142,50.207529
salon,Sparkling spa and massage,26.298329,50.172041
salon,SIA SPA مركز سيا سبا الرجالي,26.291179,50.21408
salon,SOLIDERE SPA,26.305828,50.184045
salon,Nature spa mercure hotel corniche al khobar,26.315067,50.223781
salon,Perfect Relaxation SPA,26.155008,50.143474
salon,Daj Wellness Spa,26.314202,50.223737
salon,Anmo spa massage center,26.305437,50.195868
salon,Premier Spa,26.280524,50.216754
salon,Naya Spa نايا سبا,26.297968,50.196732
salon,Tōji Spa,26.317783,50.204129
salon,Rest More Spa,26.202325,50.212511
salon,Brilliant Man Massage center- thouqbah branch,26.249328,50.198643
salon,Soul Spa & Wellness سول سبا,26.286671,50.186747
salon,Moon Catcher Spa - مون كاتشر سبا,26.322059,50.2205
salon,The Spa at Kempinski Al Khobar,26.367356,50.177697
salon,Seasons strength Massage Center and Moroccan bath,26.299729,50.215621
salon,EFOREA SPA,26.221229,50.212912
salon,مركز الاسترخاء المتكامل Total Relax Spa,26.296961,50.216801
salon,مساج بوابة الاسترخاء العليا,26.305748,50.174701
salon,Relaxation Minutes Spa,26.300644,50.171958
salon,Manila Sports Center (Massage Spa),26.282497,50.216686
salon,Manam Spa,26.326973,50.215469
salon,Massage Khobar Pure Relax,26.300437,50.20957
salon,Yasmine Spa,26.285096,50.181787
salon,"Pearl Massage Center, InterContinental Al Khobar",26.303985,50.211282
salon,SPA HILAT.,26.208838,50.198055
salon,Brilliant Man Massage Center - al jisr branch,26.217601,50.212962
salon,مساج هدوء الاسترخاء الخبر العزيزية 24 ساعة,26.199524,50.195236
salon,Creative Sensation,26.303046,50.174303
salon,مركز بعدا الخليج للاسترخاء,26.208871,50.198533
salon,Relax gate spa,26.305764,50.174871
salon,مساج عنوان الاسترخاء بالخبر,26.297891,50.20064
salon,Pure Balance Spa Services Khobar,26.191331,50.141715
salon,ramada massage center,26.283865,50.203396
salon,Gold Massage Khobar,26.26666,50.214875
salon,مساج بوابة الاسترخاء - الخبر - حي الخزامى,26.202518,50.195274
salon,Massage Spa de Manila,26.287758,50.198098
salon,اناة سبا Anat Spa,26.303481,50.222426
salon,LA FEMME SPA,26.213184,50.196217
salon,Massage renew your day,26.303338,50.178009
salon,Spa center Alkhozama khobar,26.208329,50.191763
salon,ALFA Touch Spa-The Address Hotel,26.273268,50.2162
salon,No7 Spa Ladies,26.310188,50.216562
salon,TopCoat Elite,26.309459,50.2185
salon,Massage in khobar,26.292892,50.18378
salon,Relaxation Minutes,26.202389,50.209496
salon,Al Rayyan Massage Center & Spa مركز وسبا الريان للمساج,26.292056,50.209049
salon,XB SPA اكس بي مساج,26.233694,50.195142
salon,Irmina spa | مساج و حمام مغربي ايرمينا سبا,26.154769,50.143514
salon,انفينيتي سبا -الخبر / INFINITY SPA,26.291841,50.216739
salon,Sia spa,26.361333,50.206498
salon,صالون ملكة سبأ / Queen Of Sheeba,26.309218,50.209504
salon,Dhay Spa,26.310648,50.169858
salon,LILYA SPAليليا سبا,26.175708,50.142021
salon,ركة الشفاء سبا RAKAT AL SHIFA SPA,26.283052,50.217827
salon,Vanity Spa ڤانتي سبا,26.313748,50.212103
salon,اكس بي سبا XB SPA,26.270671,50.216582
salon,La Lune Nail Spa لا لون نيل سبا,26.29658,50.181912
salon,Sport Time Massage,26.298431,50.197322
salon,SENORITA Beauty & Spa,26.179112,50.163833
salon,مشغل و سبا كالا للتزين النسائي الخبر - salon kala beauty & spa,26.188296,50.182648
salon,pearl spa,26.15619,50.191707
salon,مساج قمة الهدوء,26.186755,50.18681
salon,مساج المكارم,26.187265,50.187666
salon,Kohl Salone,26.288764,50.189743
salon,Salon sale spa,26.293956,50.214145
salon,All Men Salon صالون لكل الرجال للحلاقة,26.294982,50.193926
salon,Al Abrar Barber Shop,26.282774,50.216215
salon,حلاق سبعة أوجه ( Seven faces barber ),26.17433,50.154792
salon,The 95 Men Care Salon,26.298202,50.214982
salon,30 Degrees Barbershop,26.300188,50.173756
salon,Faded,26.305117,50.195804
salon,صالون مانهاتن Manhattan Salon,26.299803,50.193196
salon,TONI VAYZ,26.302462,50.177624
salon,TONI VAYZ,26.286951,50.218118
salon,Ace Lebanese Barbershop,26.334201,50.188818
salon,The Cave,26.338353,50.207713
salon,صالون مقص قادر,26.28991,50.190659
salon,حلاق نيزك,26.295286,50.202519
salon,Old Time Salon,26.302003,50.181104
salon,Barber Shop,26.290592,50.213441
salon,صالون شارب,26.289715,50.198981
salon,Modern corner barbershop | صالون ركن الحداثة,26.217942,50.2073
salon,lamsat masa' A barber's,26.174655,50.148599
salon,TONI VAYZ,26.220601,50.212685
salon,FADE THEORY SALON,26.296233,50.219559
salon,The barber,26.30298,50.17663
salon,AMBER MEN SALON,26.304255,50.200513
salon,صالون سماء الخبر,26.270598,50.19418
salon,صالون دقة المبدع - Barber shop Daqqat ALmobdea,26.208893,50.192262
salon,بيوتي كير للحلاقة,26.305435,50.195391
salon,Barber & Co.,26.303601,50.202642
salon,Saloon Dunya صالون دنيا,26.288194,50.195627
salon,Premier Barbershop,26.304861,50.19704
salon,Nsouli Salon | نصولي صالون,26.288847,50.21788
salon,Back Street Barber Shop,26.21014,50.188827
salon,TONI VAYZ | Elite Lounge,26.350773,50.211586
salon,Man Cave Cut | Barbershop – Al Khobar,26.217339,50.20402
salon,Gil’s Barbershop,26.287153,50.214363
salon,PADIOI Men's Grooming,26.342479,50.181632
salon,صالون علامة الرجل,26.216137,50.207002
salon,صالون افضل رعاية best care salon,26.306431,50.178285
salon,25 Min Barber Shop,26.292636,50.218037
salon,NEAT,26.304016,50.211094
salon,THE ONE Salon صالون المتفّرد,26.286859,50.197911
salon,حلاق ابيات النسيم 1,26.288383,50.194514
salon,حلاق المتفرد الانيق للحلاقة رجالي,26.288418,50.193388
salon,The Best Razor Barber,26.3625,50.196643
salon,حلاق القسطنطينية,26.304738,50.177932
salon,حلاق المستوى الماسي - The Diamond Level Barber,26.365093,50.202787
salon,Saloon badar Mubarak Alhamidi,26.294941,50.214325
salon,Art Man Salon,26.299936,50.173515
salon,Barber by Danube,26.359441,50.190794
salon,صالون واحد ديسمبر للحلاقة الرجالية,26.289863,50.190775
salon,Elite Care Studio,26.305305,50.195856
salon,صالون القص الاحترافي Cut Pro barbershop,26.299472,50.21196
salon,Barber Shop,26.204487,50.189097
salon,Saloon Al Hamra,26.292613,50.218181
salon,حلاق رقش,26.17312,50.158356
salon,حلاق مغربي بالخبر ممتاز /صالون اهتمام /salon ehtman,26.291071,50.214872
salon,صالون كبار الشخصيات بالخبر .. (VIP),26.193071,50.163941
salon,صالون مكان للحلاقه الرجاليه,26.294073,50.19986
salon,صالون أحسن واحد للحلاقة الرجالية - التحلية,26.183708,50.192004
salon,صالون المراية الثلاثية للحلاقة,26.292841,50.217983
salon,صالون أحسن واحد للحلاقة الرجالية - العزيزية,26.174065,50.153421
salon,AlBareeq Barber Shop,26.303188,50.176304
salon,صالون انت المتميز للحلاقة الرجالية,26.288632,50.192853
salon,صالون اسطنبول,26.291313,50.195768
salon,صالون مخايل للحلاقة الرجالية,26.29026,50.217266
salon,حلاق واحد مارس,26.207634,50.208707
salon,صالون أحسن واحد للحلاقة الرجالية - الخزامى,26.208281,50.188671
salon,صالون العناية بالرجل الأنيق,26.323306,50.161865
salon,صالون جوهرة الجسر للحلاقة الرجالية,26.210084,50.208395
salon,🇪🇬 حلاق شارع الاسكندرية المصرى 🇪🇬,26.295245,50.204098
salon,Style saloon ( Yanar ),26.300245,50.215432
salon,Nightingale Men's barbershop,26.281971,50.195974
salon,Tailor. 2000 خياط ٢٠٠٠,26.282027,50.216096
salon,Arab Wear | لبس العرب للخياطة الرجالية الراقية,26.288917,50.215513
salon,LUCKY TAILORS(Specialist in suiting and alterations),26.280687,50.213187
salon,Men Touch For Tailoring,26.280989,50.213305
salon,Tailors Touch Khobar,26.274094,50.204464
salon,Umam Gents Tailoring - أمم للخياطة الرجالية,26.288681,50.216924
salon,أصلان للخياطة الرجالية,26.297392,50.21333
salon,ريتشي | Richy,26.295797,50.208655
salon,Almutmyz Tailor,26.297471,50.212919
salon,Yasmeen Al-Sham,26.28689,50.210437
salon,DANA AL KHALEEJ MENS TAILOR,26.295896,50.210618
salon,Modern Arab Dress Tailor,26.284784,50.210811
salon,Patron | باترون للخياطة الرجالية,26.288692,50.213237
salon,خياط ملبس السمو,26.289421,50.212574
salon,افق للخياطة الرجالية,26.294204,50.212703
salon,خياط الفرسان,26.290614,50.207589
salon,ثوب الموضة للخياطة الرجالية,26.297425,50.194436
salon,سهم للخياطة الرجالية - SAHAM,26.296073,50.208058
salon,خياط تاج الأناقة,26.293365,50.212547
salon,خياط الطراز الراقي,26.282738,50.209929
salon,الهاشمي للخياطة الرجالية,26.29555,50.189866
salon,Dhahran Tailor,26.285016,50.212328
salon,خياط ردن للخياطة الرجالية,26.290167,50.208306
salon,بوتيك سنديان للأزياء الراقية,26.297434,50.213024
salon,خياط ديباج,26.294291,50.208232
salon,خياط ملبس الاصاله للخياطه الرجاليه,26.297058,50.194163
salon,Mughal Tailor خياط مغل للخياطة الرجالية,26.280073,50.210439
salon,خياط زي,26.289998,50.207812
salon,خياط السنع للخياطه النسائيه حي الجسر الخبر,26.209984,50.206176
salon,basil al khobar tailor.Shop خياط باسل الخبر,26.265785,50.196879
salon,خياط بلال,26.276218,50.190396
salon,خياط فخر الاصاله فرع الخبر,26.200689,50.208797
salon,MESHAEL TAILOR | خياط مثايل,26.287796,50.211827
salon,Khayat Fatima Men’s Thob Specialist خياط فاطمة متخصص في الالبسة الرجالية,26.290054,50.193871
salon,Tailor for men,26.280555,50.214301
salon,Good Luck Tailor Shinoj,26.282635,50.211212
salon,شمسان للخياطة الرجالية,26.302464,50.21149
salon,MASTER TAILOR & FABRIC,26.276993,50.212623
salon,خياط عالم النيل للخياطة الرجالية,26.282877,50.210244
salon,The Unique Thread,26.201795,50.203991
salon,Tailoring Detail Originals (Majid),26.28414,50.214061
salon,SHABAB Tailor الشباب للخياطة,26.201621,50.199461
salon,خياط الرمادي للخياطة الرجالية,26.289694,50.209833
salon,Punjabi Tailor,26.295188,50.211813
salon,Tailoring,26.289319,50.217078
salon,ركن العرب للخياطة الرجالية (ملبس الخزامى سابقاً),26.211301,50.188735
salon,Al Jazeera Towers Gents Tailoring,26.275531,50.192416
salon,Hiam tailor,26.28685,50.211604
salon,PAL ZILERI,26.333423,50.184087
salon,GREAT TAILOR خياط فرح لرجاليه,26.296255,50.211311
salon,New Size Tailor,26.288044,50.21221
salon,Bilal Tailor بلال للخياطة العسكرية,26.274179,50.193242
salon,Boss tailors & taxtiles,26.276681,50.212691
salon,Tailor for Ladies & Gents Suits,26.287963,50.212074
salon,FAIHA FAIHAN TAILOR,26.283391,50.212156
salon,Delta White Tailors,26.295505,50.212143
salon,Fatma ladies and gents Tailor,26.275605,50.202442
salon,Saud Tailor,26.283391,50.212156
salon,Laila Tailor,26.284092,50.209964
salon,خياط الثوب الأبيض فرع الخبر White Thobe,26.290022,50.207424
salon,Mohammed,26.276344,50.191311
salon,كسوة الخيالة للخياطة الرجالية الخبر,26.288755,50.216475
salon,بشير الخبر للخياطة الرجالية,26.293388,50.212638
salon,فارق للخياطة الرجالية,26.177622,50.1579
salon,خياط ملبس هندام,26.289435,50.212465
salon,هيف للخياطة الرجالية,26.287251,50.206873
salon,برنس للخياطة الرجالية | Prince Thobe‎,26.31476,50.216324
salon,خياط ثياب فخر سبأ للخياطه والمستلزمات الرجاليه,26.173948,50.157911
salon,خياط زاوية الزعيم للخياطة الرجالية,26.275355,50.191172
salon,Faqeeh Alanaqah,26.292378,50.215432
salon,مشغل الخيط الأنيق للخياطة النسائية,26.214817,50.188887
salon,رحال للخياطه الرجاليه,26.288729,50.216631
salon,خياط الصدفة,26.37173,50.233201
salon,درع سهيل للخياطة النسائية,26.295758,50.212863
salon,الفاخرة للخياطة الرجالية فرع الخبر,26.313991,50.217157
salon,الرونق للخياطة الرجالية,26.297226,50.215487
salon,خياط خولة الملابس,26.287732,50.212475
salon,خياط الرجل الامثل للخياطه الرجاليه ...الرجل الانيق سابقا,26.289858,50.209676
salon,خياط بلقيس,26.275503,50.192251
salon,خياط قياس,26.293976,50.208133
salon,مشغل ريف الجمال للخياطة النسائية,26.288004,50.210189
salon,خياط فهد الجزيرة للخياطة العسكرية,26.272313,50.194054
salon,مقاس,26.288734,50.215525
salon,السهم الشرقي للخياطة الرجالية,26.297383,50.213171
salon,عبدالوهاب للخياطة الرجالية,26.292856,50.21227
salon,Joud Al-Anaqa Center Ladies Center,26.288307,50.210709
salon,خياط سرعة وفن للخياطه النسائيه المصممه هيام بالعبيد,26.291276,50.20925
salon,Kiswa Men Tailoring,26.31477,50.217361
salon,خياط امواج الخليج الرجالية الثقبة خايط تلال طيبة للخياطة الرجالية,26.27519,50.192804
laundry,Lusail Clean لوسيل كلين,26.187247,50.179062
laundry,مغسلة نسم كلين,26.200437,50.210786
laundry,مغاسل القمر الابيض لغسيل الملابس,26.292683,50.192016
laundry,مغسلة زهرة الفل للملابس,26.269721,50.186933
laundry,مغاسل الدهناء لغسيل الملابس,26.201436,50.207751
laundry,الثقب الأزرق للتنظيف العميق,26.353798,50.209205
laundry,مغاسل ذوق السريعة,26.201004,50.206517
laundry,مغاسل بياض الجوري,26.202696,50.188564
laundry,savon,26.215645,50.193263
laundry,مغسلة الصابون الذكي,26.187293,50.179397
laundry,مغسلة جودة الإختيار,26.188328,50.187894
laundry,مركز اللمسة الجافة لصيانة السيارات dry touch,26.258765,50.195702
laundry,مغاسل أول التحلية,26.191213,50.200152
laundry,Pk laundry,26.217191,50.197138
laundry,City Cleaning Laundry,26.294318,50.199911
laundry,Spic سبك,26.210757,50.191327
laundry,مغاسل الفجر,26.20553,50.202398
laundry,الهدف,26.211467,50.203287
laundry,مغاسل رواد العزيزية,26.19521,50.161205
laundry,مغاسل الرواد المركزي Pioneers Laundry Main branch,26.251859,50.197638
laundry,مغسلة الجبر Aljabr Laundry,26.279058,50.203809
laundry,مغسلة الأمل للملابس,26.200627,50.204968
laundry,مغاسل سنام Sanam Laundry,26.302769,50.177231
laundry,Al Wesam laundry,26.307336,50.211789
laundry,مغسلة الوسم السريعة للملابس,26.289832,50.193336
laundry,مغاسل سعدون | Saadoun laundry 🧺,26.280603,50.199881
laundry,مغسلة القادسية,26.293978,50.194713
laundry,مغاسل سحابة,26.174202,50.151931
laundry,مغسلة النسر الأبيض,26.187897,50.182156
shopping,Algushiri Stationery قرطاسية الغشيري,26.291857,50.199384
shopping,ALZAMIL STORES,26.283462,50.218291
shopping,Al etihar stationary and printing shop,26.274066,50.188207
shopping,Mawa Trading Est.,26.285447,50.216961
shopping,Horwf Ibda'a for Trading Co. (Upc World Al Khobar) شركة حروف الإبداع للتجارة,26.281083,50.204548
shopping,Integral Office Systems 办公用品,26.253479,50.199713
shopping,Al Manzah Al Jameel Trading Co.,26.191442,50.159883
shopping,Stationery,26.276267,50.205002
shopping,Stationery Manar AlKhobar Student Services,26.296,50.191135
shopping,AL SHUKRI STATIONERY,26.285506,50.211357
shopping,قرطاسية تسع نقاط الإلكترونية,26.460255,50.050242
shopping,Knowledge Oasis,26.345829,50.145623
shopping,قرطاسية التفوق العربي,26.297039,50.204467
shopping,قرطاسية واحة المعرفة Waha almareefa stationery,26.296464,50.199831
shopping,قرطاسية لولوة التطوير,26.270508,50.194138
shopping,القرطاسية المتجددة,26.289613,50.211198
shopping,Al Jamiah Commercial Trading Est.,26.285696,50.214607
shopping,Madar Building Materials,26.2841,50.218147
shopping,Madar Building Materials,26.255544,50.1957
shopping,Masdar,26.256035,50.196648
shopping,السلم الاحمر لمواد البناء Red Ladder For Building Materials,26.286791,50.203999
shopping,Noor Al Ghabat Trading Est - Hardware and Building Materials,26.257856,50.196302
shopping,Khobar Interface Company,26.155594,50.138078
shopping,Arkaz Alsharq Building Materials,26.352325,50.200086
shopping,AL FARIS BUILDING MATERIALS,26.2867,50.215331
shopping,شركة الراشد لمواد البناء - AlRashed Building Materials Company,26.257933,50.197791
shopping,مؤسسة كنز الجسر التجارية Kenz Al Jisr,26.212295,50.207558
shopping,Rawafid Al Khalij Trading Est (RAK),26.198405,50.194593
shopping,مؤسسة احمد البتيري التجارية,26.363824,50.200553
shopping,Ibrahim Al Faris EST. For Bulding Materials,26.284871,50.2156
shopping,Albawardi Building Materials,26.258504,50.195794
shopping,Universal Building Materials Merchants CO. LTD.,26.353303,50.20291
shopping,Asdar Al Khaleej Building Materials,26.284445,50.21775
shopping,MUHAMMAD ABDULLAH AL AKKAS TRD EST مؤسسة محمد عبدالله العكاس مواد بناء,26.284218,50.217182
shopping,شركة عالم الأنابيب التجارية Pipe World Trading Company,26.285633,50.215745
shopping,Building Materials Store,26.34518,50.13792
shopping,Bassam sharq for trading est,26.250124,50.20001
shopping,Gyptech,26.283807,50.21562
shopping,Hassan Saleh Al-Muhanna Trading Est.,26.285419,50.216458
shopping,Masdar,26.285478,50.215717
shopping,Obeid Fahad Al Dossary Tools & Hardware,26.284038,50.214917
shopping,وامكو لمواد البناء,26.284164,50.216708
shopping,Al Hattan Al Khobar Trd co.,26.284621,50.216043
shopping,RAWABI AL MAHFAR TRADING COMPANY,26.284065,50.216152
shopping,AP Tools - Arab Pros Tools for Machinery and Equipment - شركة المحترفون العرب للالات و المعدات,26.286327,50.214731
shopping,Marwa Trading Est JCC Showroom,26.274526,50.200179
shopping,RAYA GULF TRADING COMPANY,26.284592,50.215007
shopping,( الهائل ( شركه عزل اسطح فوم بالمنطقه الشرقية,26.216731,50.201222
shopping,شركة واجهة الخبر لمواد البناء بغلف,26.220406,50.18388
shopping,قوة المعمارية للطوب الأحمر - الخبر,26.224449,50.185474
shopping,Madha Al Khobar Trading Establishment,26.282848,50.215711
shopping,Fariscore Trading EST,26.285293,50.216599
shopping,سواعد خزامة التجارية,26.208485,50.190123
shopping,AL Akkas Group,26.258501,50.197204
shopping,Dossary Hardware for Sling/cable/ans tools,26.283348,50.215297
shopping,Bin Hamad Co.,26.283243,50.215812
shopping,ديكورات اللمسة الاخيرة,26.208938,50.192062
shopping,مؤسسة نسور الخليج التجارية,26.197299,50.1536
shopping,Beach Hardware trading,26.285105,50.21707
shopping,Abdul Aziz Building Materials,26.448,50.049166
shopping,Aslak Al Madina for Building Materials,26.452918,50.089005
shopping,Khobar Nights Building Materials EST,26.273746,50.211621
shopping,شركة عبدالعزيز السحيباني واخوانة للمواد البناء,26.276933,50.199103
shopping,Al-Sahel Al-Sharqi,26.153518,50.150918
shopping,BURHAN ALBINA TRADING EST.,26.296767,50.216302
shopping,Al Arif Building Materials,26.29034,50.21011
shopping,مؤسسة علامة البناء التجارية,26.290445,50.195021
shopping,مؤسسة / الشمراني التجاريه لمواد البناء,26.153728,50.146411
shopping,مؤسسة المدار السابع لمواد البناء,26.274077,50.188236
shopping,مؤسسة مدى الخبر التجارية,26.282561,50.216377
shopping,مؤسسة عمر الدوسري,26.201668,50.201461
shopping,Essa Ibrahim Al Dossary Trading Est,26.284123,50.214933
shopping,مؤسسة الطوب الابيض لمواد البناء,26.251295,50.199731
shopping,سيكا الخبر,26.22671,50.183559
shopping,دار الخبر للكهرباء- DAR ALKHOBAR FOR ELECTRIC,26.27619,50.194299
shopping,مؤسسة جميع التكنلوجيا للمقاولات العامة التجارية,26.298889,50.205563
shopping,مؤسسة صالح سعيد بن علي الكربي لمواد البناء,26.25079,50.200718
shopping,Best In Globe Trading الأفضل للحديد و مواد البناء,26.253848,50.196833
shopping,Tnc residence khobar,26.280039,50.197471
shopping,معالي الخبر للكهرباء والسباكة ومواد البناء,26.152101,50.160139
shopping,مؤسسة علي محمد القحطاني لمواد البناء,26.284775,50.215768
shopping,سبل الانشاء لتجارة مواد البناء والادوات الصحية والكهربائية,26.193634,50.160174
shopping,مشكاة الخزامي,26.208709,50.187941
gym,SLS Sports ACADEMY,26.344272,50.184473
gym,Sports District,26.362211,50.177914
gym,sport book center,26.329611,50.211597
gym,Sama Academy - أكاديمية سما,26.355736,50.18827
gym,شركه التيرف السعوديه ملاعب رياضيه,26.281036,50.211306
gym,Ettifaq Club,26.350412,50.180402
gym,سبورتينج SPORTING,26.208225,50.188722
gym,Sporti Sayedat سبورتي سيدات,26.18377,50.164467
gym,SPORT FUTURE أكاديمية المستقبل للرياضة,26.308041,50.221194
gym,Raed Badminton Cour,26.292186,50.219091
gym,Awacs Football Academy,26.308747,50.221293
gym,مدرب سباحة محترف _ راق اكاديمي _(RAK ACADEMY),26.28669,50.186227
gym,Khobar United Sports,26.295269,50.212187
gym,Sports Complex,26.279668,50.141282
gym,"TNGS Academy, SA",26.308372,50.22134
gym,اكاديمية الاجيال,26.29905,50.169331
gym,Ex Team Base,26.234229,50.206257
gym,أجهزة رياضة ممشى البحيرة,26.198668,50.170232
gym,Goodlife Fitness Gym,26.343428,50.14807
gym,AP Race Swimming Academy - Eurovillage Compound | أكاديمية أي بي ريس للسباحة يورو فيلج,26.336416,50.186973
gym,قطرة محيط | Ocean Drip,26.296883,50.216326
gym,Baher Beach Villa Resort,26.103884,50.157777
gym,Qadsiya Club,26.292119,50.202864
gym,Half moon beach swimming,26.147105,50.07444
gym,مسبح اكاديمية جولدن بوى لتعليم السباحة,26.285962,50.18682
gym,MAPEI KOOHEJI SWIMMING POOL,26.292324,50.199501
gym,مسابح الحبر-Swimming pool al khobar,26.372283,50.228773
gym,Boudl Gardenia,26.298687,50.199688
gym,استراحة الجسر,26.194159,50.195657
gym,Sun Beach Resort,26.166441,50.191229
gym,AQUA TECHNOLOGY CO LTD,26.287351,50.206941
gym,Massara House Suites Hotel,26.276274,50.216418
gym,Arabian Village Compound,26.336191,50.181384
gym,Braira Al Azizia Resort,26.150938,50.162937
gym,Naviti Warwick Hotel,26.272026,50.216037
gym,Saraya Al Olaya,26.29938,50.170389
gym,Gulf Pearl 1 Compound,26.332392,50.214998
gym,Azizyh Beach,26.163266,50.164763
gym,Sunset Beach Resort For Entertainment,26.158814,50.193835
gym,Shalets sufado,26.192105,50.160842
gym,(مقهى الكوخ )Al KUKH LOUNGE,26.270599,50.216594
gym,Competitive Swimming Pool,26.327837,50.195245
gym,Loopagoon Water Park | حديقة لووباجوون المائية,26.093455,49.998523
park,Monkey Hey مونكي هي,26.288219,50.217847
park,Little Star Entertainment,26.155657,50.136177
park,Bonkers بنكرز,26.32818,50.181489
park,Musée by ItsyBitsy ميوزي,26.329961,50.212897
park,مرح لاند للترفية,26.285618,50.199659
park,Sky Zone,26.336615,50.197934
park,مركز خطوط المرح للترفيه FUN LINES,26.206225,50.197858
park,Kidzoola كدزولا,26.34397,50.147712
park,Kids space,26.351817,50.211566
park,Funzilla Play Cafe - City Walk,26.306458,50.183861
park,Billy Beez,26.307163,50.16915
park,SENSAS Khobar,26.305312,50.194563
park,I Love Al Khobar,26.20829,50.196834
park,kids area,26.291762,50.2219
park,Kids city,26.393165,50.084673
park,Yukids Island,26.291153,50.179934
park,Coastline & X-Mas Tree Company,26.333581,50.187138
park,Eastern Coast - Seafood,26.417952,50.112148
park,Corniche Sea Front,26.290509,50.224005
park,SALT,26.334682,50.226035
park,The coast of Najd commercial Musmak factory,26.442176,50.082839
park,Half Moon Beach,26.190128,50.051908
park,مكتب شرفة الساحل العقاري Coast realestate services,26.299941,50.218542
park,Sandy Beach,26.335956,50.225507
park,East Coast Oasis Travel Agency,26.279488,50.219065
park,COAST CLOUD GENERAL CONTRACTING,26.216062,50.193937
park,Amwaj Beach - Half Moon,26.14668,50.004634
park,East Coast Marine,26.246256,50.212895
park,لوازم الرحلات طلعات الشمال,26.209121,50.189329
park,Mangata,26.282153,50.222288
park,Coast Of Dammam Computerized Embroidery,26.285437,50.212924
park,Red Sea Village,26.322737,50.193504
park,coastal mountain trading est,26.311164,50.150667
park,Eastern Coast Trading Company,26.28718,50.214383
park,HBQH,26.044531,50.15539
park,North Dammam New Beach,26.339153,50.227727
park,مقهى الشاطئ الأحمر (الدوحة الجنوبية ) - RED COAST CAFE,26.32379,50.165666
park,مطعم شاطئ رونا RONA BEACH RESTURANT,26.289504,50.187798
park,Coast Guard Sailing License Second Step,26.279178,50.215564
park,Machali Kingdom Restaurant,26.27747,50.211794
park,Duck Lake,26.31938,50.229863
park,Coast Guard Sail License Office,26.277256,50.220725
park,East Coast Wings,26.30545,50.194071
park,Beach road,26.287486,50.219342
park,Coastal Building Materials Trading Co,26.27908,50.202591
park,Alkurnaish,26.325653,50.221853
park,شركه الأرض والفضاء للترفية البحري,26.223052,50.215353
park,بلومارينا شركة المرسى الأزرق الخاص Special BLUE MARINE TRADING co,26.241937,50.214438
park,شركة الأرض والفضاء للترفيه البحري Marine clup,26.173931,50.06248
park,Marassi Gulf مراسي الخليج للترفيه تأجير يخوت,26.190618,50.021018
park,Al Marsah Seafood Restaurant,26.288609,50.217431
park,مطعم مرسى البلد للماكولات البحرية,26.287959,50.216754
park,تسالي مرسى مطروح - الخبر - البحيرة,26.188784,50.188129
park,المرساة للمأكولات البحرية,26.288057,50.216815
park,Murcia Residential Complex,26.223111,50.201997
park,مطعم مرسى النخله الخبر,26.268827,50.216369
park,Arab Marina,26.282747,50.217796
park,مرسى راكان ابو سرداح,26.359492,50.232345
museum,Exhibition Building - Building 54,26.30753,50.15453
museum,معرض عمق للفنون - IMMERSION EXHIBIT FOR ARTS,26.285729,50.199388
museum,"Graffiti Art MK Street, Khobar",26.27613,50.214106
museum,Faisal Gallery,26.282329,50.214572
museum,Dawi Gallery,26.302101,50.222231
museum,ALSALAH ART GALLERY - الصالة للفنون التشكيلية,26.302573,50.210801
museum,معرض أي شي,26.237309,50.201782
museum,ARMADA CASA Al Khobar Showroom | معرض أرمادا كازا الخبر,26.319457,50.215569
museum,Free Building Trade Co Showroom,26.28718,50.21455
museum,Arabian Collections Gallery,26.287979,50.198193
museum,معرض شركة فتحي المحتسب لتجهيزات المطابخ والمطاعم والفنادقAlMohtaseb,26.282098,50.197411
museum,دهانات الجزيرة - Jazeera Paints,26.280997,50.214237
museum,Free Building Water Treatment معرض البناء الحرالتجارة,26.28716,50.214474
museum,Spring Colors Fishing Tackle,26.281833,50.215906
museum,ذكاء وأكثر - معرض الخبر | SmartPlus Showroom Khobar,26.283943,50.212273
museum,Jazeera Paints,26.187046,50.158974
museum,VAPE RAHA KHOBAR معرض دخان السجائر الإلكترونية Mazaj Elfbar Puffmi فيب,26.281636,50.215011
museum,Mazda - Showroom,26.504393,50.037265
museum,دهانات الجزيرة - Jazeera Paints,26.211309,50.188888
museum,هند لإقامة المعارض والمؤتمرات,26.217191,50.197138
museum,Belts Store co شركة معرض السيور,26.440747,50.106701
museum,ART DECO,26.210897,50.188756
museum,Adline Media Exhibitions Company,26.223082,50.187003
library,Wonderwall,26.29342,50.209281
library,Navodaya Cultural Centre Eastern Province,26.278482,50.201895
transport,Saudi Aramco Arrival Terminal,26.47746,49.813539
transport,Bahrain International Airport,26.267185,50.630283
transport,King Khalid International Airport,24.959443,46.701083
transport,Old Dhahran Airport,26.280604,50.161966
transport,Royal Jordanian Airlines الخطوط الجوية الملكية الأردنية,26.295875,50.208044
transport,King Abdulaziz International Airport,21.66093,39.173266
transport,Prince Naif Bin Abdulaziz International Airport,26.305187,43.768562
transport,Biman bangladesh airlines ( বিমান বাংলাদেশ এয়ারলাইনস দাম্মাম),26.303133,50.207371
transport,Abha International Airport,18.234365,42.657903
transport,AlUla International Airport,26.477937,38.116937
transport,Al-Ahsa Airport,25.294423,49.487264
transport,Gulf Air Bus Station,26.250642,50.21529
transport,Prince Abdul Mohsin Bin Abdulaziz International Airport,24.150525,38.063338
transport,Arar International Airport,30.903181,41.137021
transport,Emirates Airline,26.300216,50.220924
transport,Prince Sultan Bin Abdulaziz International Airport,28.372117,36.598635
transport,Heliport,26.367338,50.128181
transport,Saptco Bus Station,26.279663,50.218714
transport,Al Ain International Airport,24.260788,55.615154
transport,Oman Air,26.303981,50.209547
transport,Najran international Airport,17.616944,44.419464
transport,Sharjah International Airport,25.321365,55.52054
transport,PIA - Pakistan International Airlines,26.283427,50.213616
transport,Taxi Khobar to Bahrain and Dammam,26.299113,50.19077
transport,AA vehicle service,26.43129,50.089113
transport,Prince Mohammad Bin Abdulaziz International Airport,24.557351,39.704102
transport,Gulf Air,26.31253,50.216481
transport,King Saud Bin Abdulaziz Airport,20.294174,41.640056
transport,Hail International Airport,27.438322,41.690176
transport,Egypt Air Office مصر للطيران الخبر,26.279254,50.218097
transport,وكالة امتيازات الرحال للسفر و السياحة,26.279734,50.202976
transport,Khobar Sea Port ميناء الخبر,26.278477,50.221661
transport,Port Stores متجر الميناء,26.31424,50.2227
transport,King Abdulaziz Seaport,26.440288,50.184949
transport,Al Jubail Commercial Sea Port,27.017724,49.673272
transport,King Abdul Aziz Seaport,26.441699,50.185698
transport,Ras Tanura Refinery,26.641168,50.157394
transport,Ras Al Khair Industrial Port,27.473128,49.035822
transport,إسكان ميناء الملك عبدالعزيزبالدمام,26.479893,50.181391
transport,Saptco,26.314812,50.223562
transport,Northern Khobar 1 Station (ER Bus),26.280135,50.213816
transport,Akrabia Eastern Bus station Sabtco Buss Stop Alkhobar,26.285963,50.191861
transport,Bus station,26.293578,50.22063
transport,Saptco city bus station.,26.280003,50.213797
transport,Al Khobar North 1,26.280122,50.213811
transport,Al Khobar,26.27718,50.1931
transport,Bus station,26.334417,50.21227
transport,Bus station,26.30063,50.220094
transport,Northern Khobar 2 Station (ER Bus),26.280833,50.209645
transport,Northern Khobar 5 Station (ER Bus),26.298543,50.20908
transport,Dhahran Bus Terminal,26.310052,50.126418
transport,Al Ulaya - Bus Stop,26.292805,50.173059
transport,Dr. Bakr Bus Stop,26.299852,50.142503
transport,Al Khobar Waterfront 3 Station (ER Bus),26.282707,50.218361
transport,Golden Umrah Services,26.279239,50.210129
transport,Al Khobar North 3,26.291639,50.207722
transport,Khobar,26.314874,50.224452
transport,Al Khobar Waterfront 1 Station (ER Bus),26.293172,50.220531
transport,Al Khobar Waterfront 2 Station (ER Bus),26.290458,50.219981
transport,Northern Khobar 4 Station (ER Bus),26.291802,50.20777
transport,Al Khobar North 2,26.286507,50.206694
transport,Bus station 7,26.313025,50.216708
transport,Al Khobar Seafront 2,26.290417,50.219944
transport,Darb Bus Station,26.277361,50.193083
transport,Yarmouk 3 Station (ER Bus),26.302881,50.222377
transport,Al Khobar North 4,26.29825,50.209059
transport,Golden Umrah Services,26.295524,50.212035
transport,Northern Khobar 3 Station (ER Bus),26.2865,50.206694
transport,Al Khobar North 5,26.302044,50.212197
transport,Albedayah,26.300345,50.152655
transport,Al-Thuqbah 7,26.272142,50.198529
transport,Al Khobar North 1,26.280054,50.2138
transport,Saptco AlKhobar stop,26.276983,50.183729
transport,Al-Thuqbah 5,26.269204,50.189406
transport,Bus Stop Yarmuk 3,26.303172,50.222594
transport,Al Khobar Seafront 3,26.280926,50.218034
transport,Al Khobar South,26.279533,50.213705
transport,محطه الخبر حافلات,26.210335,50.207989
transport,Al-Maidan Bus shelter,26.314901,50.146638
transport,Al-Akrabia2,26.285947,50.191725
transport,SAT (Saptco Alsa Transport) | (سات (سابتكو السا للنقل,26.27233,50.185758
transport,محطة بصات الخبر,26.440487,50.101158
transport,Al-Thuqbah 3,26.272504,50.206593
transport,Abha Street Bus Stop,26.297306,50.154605
transport,Al Khobar Searfront 1,26.297586,50.221401
transport,Al-Thuqbah 6,26.269252,50.190209
transport,Kulamani's Place,26.295022,50.215973
transport,Al Midra Bus Stop,26.328848,50.107806
transport,Parking 59 Station,26.307073,50.147792
transport,Al-Thuqbah 8,26.272062,50.20653
transport,King's Road,26.304114,50.128713
transport,Core Area Bus Stop,26.310432,50.13006
transport,محطة العزيزية ٢ [دارين مول] (حافلات المنطقة الشرقية) [D4] [C3],26.462593,50.067934
transport,موقف باص 1,26.456752,50.063838
transport,محطة الواجهة البحرية (حافلات المنطقة الشرقية) [D4],26.49333,50.121512
transport,Al Khobar Corniche,26.332997,50.213289
transport,Al Khobar North 6,26.300778,50.220139
transport,Speed Seven Transportation,26.292778,50.199675
transport,Khobar to Bahrain taxi / Qatar/UAE/OMAN,26.283306,50.192366
transport,Taxi Khobar (Thaha),26.286364,50.207245
transport,Comfort Private Taxi Service Khobar to Bahrain سيارة أجرة الخبر إلى البحرين,26.295346,50.202263
transport,Kanis Travels,26.359321,50.191261
transport,كداد للبحرين,26.210348,50.208187
transport,SQETS Company,26.289585,50.214804
transport,Samara Limousine,26.309252,50.175323
transport,KFUPM Taxi Office,26.314147,50.147692
transport,Samara,26.307626,50.126186
transport,SAHAB LIMOUSINE,26.364066,50.192143
transport,خدمات توصيل البحرين,26.218859,50.217191
hospital,Security Forces Medical City in the Eastern Province,26.302638,50.199718
hospital,شركة لايف لاين,25.387867,49.576785
hospital,طوارئ الحبيب,26.310057,50.212414
hospital,مركز إيثار للتبرع بالدم,26.291717,50.179936
school,Ajyal International Schools (AIS),26.255038,50.078711
school,Dhahran Hills Schools,26.344432,50.157559
school,Dhahran School - Saudi Aramco,26.303504,50.137442
school,Aspire International Academy,26.322867,50.156242
school,Dhahran Jabal Schools,26.345796,50.156185
school,Saudi Aramco Expatriate Schools,26.303093,50.136491
school,Dhahran Hills Elementary School,26.290149,50.106731
school,ACCEL International - Ajyal Center,26.274738,50.07069
school,Dhahran Ahliyya Girls School,26.329878,50.164889
school,5th Elementary School In Dhahran,26.331465,50.154105
school,Dhahran Buds International Schools,27.132484,49.518295
school,Um Alsiddeeq Girls High School,26.252389,50.076474
school,مدرسة المعارف الابتدائية باجيال,26.26989,50.065098
school,مدرسة رابعة الأنصارية الابتدائية للبنات,26.269945,50.065863
school,University Schools - Girls High School,26.298631,50.15225
school,Prince Sultan Military College of Health Sciences,26.322362,50.019055
school,College Preparatory Center,26.325367,50.136541
school,Building 76 - College of Petroleum Engineering & Geosciences,26.305706,50.147876
school,College of Medicine كلية الطب,26.379716,50.19268
school,KFUPM Gate #3,26.307991,50.153201
school,ISO Academy,26.292041,50.091782
school,"Building 291, Continuous Development",26.327464,50.138503
school,Lincoln College,26.493193,49.990947
school,College of Computer Engineering & Sciences,26.143971,50.091049
school,Roots Preschool | جذور,26.343927,50.132479
school,My Little Heaven,26.329796,50.171826
school,3rd Kindergarten in Dhahran,26.342894,50.135878
school,Kids Avenue,26.323491,50.155195
school,A Kid's Vision,26.347397,50.140796
school,Ajyal - Alhedaya Kindergarten,26.268597,50.065904
school,University Schools - Kindergarten,26.299104,50.153476
school,Little Geniuses الصغار العباقرة,26.339093,50.149061
school,Crayons (Kindergarten),26.300398,50.148305
school,Future Step Kindergarten,26.311948,50.164462
school,مركز ارتق وتألق لضيافة الاطفال / Rise & Shine Day Care,26.274418,50.070739
school,روضة قطار التعلم لرعاية الاطفال,26.349039,50.144395
school,Iqra’a Childcare Center,26.331397,50.143729
school,روضة و حضانة الغزلان الصغيرة لرياض الاطفال,26.319473,50.163524
school,مركز آمال الغد حضانة الأطفال الأهلية,26.365343,50.099229
school,Mishmish's World Daycare,26.359921,50.146262
school,مركز بذور الغد,26.334407,50.148848
school,مركز شجرة التعلم Learning Tree Center,26.253343,50.071665
school,مركز كان ياما الأهلية,26.348779,50.132404
school,Second Dhahran Kindergarten,26.327347,50.162591
school,مركز دانة الأبداع لضيافة الاطفال,26.328611,50.145251
school,مركز نون والقلم لضيافة الأطفال,26.273261,50.068632
school,Ruya Schools,26.322457,50.160399
school,Dhahran Daycare Center (DDCC),26.310089,50.123512
school,Dhahran Ahliyya kindergarten school,26.325196,50.165822
school,روضة الهداية بغرب الدمام,26.268453,50.066076
school,Dhahran Garden Group,26.305637,50.126406
school,مركز ركن الموهبة لضيافة الأطفال,26.266659,50.063207
school,مركز مشارف الظهران,26.36393,49.968765
school,Ajyal 2B Garden,26.263543,50.072068
school,مؤسسة زهره الروز للزراعه,26.471031,50.019295
school,Rainbow center,26.330699,50.165148
school,مركز أجيال الغد,26.257468,50.0695
school,مشاتل بستان الجوري,26.475195,50.013378
school,Rayan Nurseries مزرع مشاغل الریان,26.487497,49.997276
school,مشاتل الريان رقم 1 شركه مشاتل الريان الزراعية رقم 1,26.451732,50.038297
school,مشتل الربيع ١,26.472413,50.017398
school,مشتل تاج الهدوء عبير الورد سابقا,26.478226,50.009947
school,مدارس التربية النموذجية العالمية الظهران,26.339188,50.153937
school,مدرسة إثراء,26.315405,50.155985
school,Dhahran Secondary School - Male,26.323734,50.16815
school,ابتدائية الظهران,26.321189,50.164346
school,2nd Elementary School in Dhahran,26.327926,50.169483
school,The Third Highschool in Dhahran - Girls,26.326852,50.153444
school,Asma (R) Quaran School,26.333398,50.150557
school,مدرسة البنين الصغار,26.299626,50.151238
school,مدرسة الفيصل المتوسطه (حي اجيال),26.24973,50.06856
school,Harithah Elementary School,26.258248,50.070676
school,مدرسة أم الرومان بنت عامر الإبتدائية,26.258478,50.069847
school,مدرسه ابن الرومي الثانوية بنين,26.248801,50.070468
school,Public High School (Boys),26.249341,50.070243
school,مدرسة زينب بنت عمر بن الخطاب المتوسطة بنات,26.252811,50.075425
school,ISG-District3,26.248798,50.053718
school,DHBI 03,26.236125,50.039302
school,مدرسه الثامنه الابتدائيه بظهران,26.236125,50.039302
school,Reception Center,26.309561,50.149868
school,KFUPM,26.315316,50.139863
school,الظهران حي الدانه,26.236125,50.039302
school,Building 24 - KFUPM Business School (KBS),26.304673,50.147059
school,Dhahran Mosque,26.314377,50.139982
school,Aramco Contractor ID Office,26.323303,50.135973
school,Admission and Registration,26.309517,50.143836
school,Building 29 - Community Center,26.3014,50.142864
school,AMAAD Business Park,26.317432,50.145443
school,PMU Cafeteria,26.146202,50.091349
school,Baker Hughes,26.299235,50.158482
school,Building 11 - Gymnasium,26.305252,50.145401
school,Building 70 - Auditorium,26.313453,50.149315
school,Omar Ibn Al-Khattab Mosque,26.313745,50.143244
school,Car Parking 64,26.311208,50.140281
school,WAED Ventures,26.301152,50.159465
school,Building 16 - Department of Chemical Engineering,26.308839,50.142128
school,KFUPM Inn,26.302475,50.147864
school,Emerson Saudi Arabia,26.295386,50.159009
school,Yokogawa Saudi Arabia Company L.L.C. - Dhahran,26.29613,50.158419
school,King Fahd University of Petroleum and Minerals,26.309028,50.148699
school,NORI,26.300613,50.160918
school,Sipchem,26.298802,50.16089
school,Building 20 - Conference Center,26.305138,50.144065
school,Kufa,26.300329,50.148389
hospital,Johns Hopkins Aramco Healthcare Dhahran,26.310188,50.136887
hospital,Imam Abdulrahman Al Faisal Hospital Dhahran,26.357209,50.177112
hospital,مجمع الدوحة الطبي,26.323228,50.163803
hospital,مركز رعاية الأطفال Children’s Medical Center JHAH Bldg. # 552 Dhahran,26.312751,50.136634
hospital,JHAH Emergency Room,26.30982,50.137467
hospital,Home Healthcare in Dhahran General Hospital,26.342195,50.119367
hospital,مستشفى القوات المسلحة السعودية بالظهران,26.284556,50.151245
hospital,Emergency Room,26.304931,50.149696
hospital,Dhahran Emergency Forces,26.31946,50.140169
hospital,Dhahran al Janoub General Hospital,17.664547,43.515243
hospital,مدينة الملك فهد العسكرية,26.29577,50.031168
hospital,JHAH Primary Care Clinics - Bldg 50,26.311286,50.135524
hospital,21st Evacuation Hospital,26.237819,50.126233
hospital,مستشفى وي كير - WeCare Hospital,26.424351,50.087032
hospital,مستوصف مجمع قوات الدفاع الجوي بالظهران,26.353068,50.120608
pharmacy,صيدلية الدواء - Al Dawaa Pharmacy,26.305853,50.128507
pharmacy,Nahdi Pharmacy,26.344289,50.138337
pharmacy,Nahdi pharmacy | صيدليه النهدى,26.322475,50.158464
pharmacy,صيدلية الدواء,26.315374,50.13182
pharmacy,صيدلية الدواء,26.347579,50.143671
pharmacy,صيدلية الدواء,26.343712,50.162405
pharmacy,Al-Dawaa Pharmacy,26.306059,50.170567
pharmacy,Nahdi pharmacy | صيدليه النهدى,26.26557,50.07203
pharmacy,Nahdi pharmacy | صيدليه النهدى,26.305928,50.169978
pharmacy,JHAH Pharmacy - Dhahran drive thru,26.311678,50.134537
pharmacy,HADEER LIFE PHARMACY,26.443781,50.096364
pharmacy,Care point Medical co.,26.43677,50.057529
pharmacy,Nahdi pharmacy | صيدليه النهدى,26.417985,50.050383
pharmacy,صيدلية المواساة الطوارئ,26.40985,50.046911
pharmacy,Nahdi pharmacy | صيدليه النهدى,26.418879,50.018418
pharmacy,Primary Care Clinics Pharmacy - Building 50,26.311397,50.135547
pharmacy,Nahdi pharmacy | صيدليه النهدى,26.458562,50.090562
pharmacy,صيدلية الدواء,26.470738,50.005792
clinic,Hosn Clinics,26.311735,50.176672
clinic,مركز ريادة الظهران,26.350124,50.132883
clinic,عيادات فلاكس الطبي الظهران,26.343459,50.14851
clinic,Johns Hopkins Aramco Healthcare - Primary Care Clinics (Building no. 50),26.311328,50.135781
clinic,مركز صحي الدوحة,26.317961,50.160965
clinic,Medart Clinics - ميدارت,26.284012,50.199474
clinic,Occupational medical clinic,26.313214,50.137241
clinic,Specialty Clinics (Building 61),26.31009,50.134666
clinic,My Clinic,26.368512,50.12494
clinic,Clenic,26.259399,50.055918
clinic,Bloom,26.343705,50.147761
clinic,عيادات ابتسامة النجوم الخبر - فرع الأمير تركي,26.321981,50.221249
clinic,الشيخ برير الشيخ الصديق,26.236125,50.039302
clinic,Ram Clinics | عيادات رام,26.343302,50.162687
clinic,True Blue | عيادات تروبلو للأسنان,26.300179,50.148126
clinic,Aramco Johns Hopkins dental clinic,26.311449,50.135142
clinic,عيادة الدكتور عبدالرحمن بن يحيا لطب الأسنان,26.370742,50.094533
clinic,Specialized Dental Clinic,26.324585,50.165623
clinic,JHAH Dental Clinic,26.311611,50.135205
clinic,Dhahran Health Center - Building 553,26.313282,50.136094
clinic,عيادات سر الإبتسامه لطب وتقويم الأسنان,26.402573,50.064241
clinic,Dento Plast Center Main مركز تجميل الأسنان,26.289631,50.098615
hospital,Eye Specialist Hospital,26.341962,50.12051
hospital,Peace Falcon Clinics,26.288796,50.131825
hospital,مجمع الفارابي الطبي الدوحه Al Faraby Medical Center,26.329863,50.162141
hospital,DLTCH,26.3423,50.12923
pharmacy,صيدلية الدواء,26.406778,50.113
pharmacy,صيدلية شريف,26.340027,50.15154
pharmacy,Nahdi pharmacy | صيدليه النهدى,26.327403,50.168003
clinic,Sehaty Center Al-Danah,26.32565,50.152682
clinic,عيادة الأورام وأمراض الدم building 62,26.308621,50.136516
clinic,عيادة الدكتور ماجد العتيبي استشاري جراحة عامة ومناظير,26.455205,50.06782
shopping,Dhahran Square,26.337292,50.153452
shopping,Dhahran Commissary (Lulu Supermarket),26.309361,50.12872
shopping,Lulu Express,26.308992,50.128839
shopping,Tamimi Markets Ajyal V126,26.264138,50.067959
shopping,LuLu Hypermarket - Dhahran,26.31531,50.131668
shopping,Lulu Supermarket,26.289537,50.100661
shopping,لينا ماركت 4 ( 24 ساعه ),26.337264,50.143975
shopping,Badr Grocery Store,26.201187,50.02905
shopping,Saleh Nahdi Supermarket,26.202492,50.025016
shopping,Super Badr Supermarket,26.197742,50.04644
shopping,Tamimi Markets,26.448458,50.081827
shopping,Olive Markets,26.262182,50.062343
shopping,Palm Supermarket,26.187895,50.017233
shopping,Halfmoon Shores Market,26.200324,50.027753
shopping,Farm,26.312405,50.150681
shopping,سوبرماركت,26.372507,50.10471
shopping,Farm Superstore,26.33331,50.149174
mall,MINISO | ميني سو الظهران مول,26.305864,50.171194
mall,nichii - Dhahran Mall,26.306298,50.171028
mall,Mall of Dhahran (G12),26.308355,50.171048
mall,Gate 4,26.304911,50.171569
mall,ZARA,26.306568,50.170498
mall,mica - Mall of Dhahran,26.303731,50.169954
shopping,Al Midra Tower,26.329716,50.108976
shopping,Tamimi Markets,26.339777,50.15176
shopping,Nataj | نتاج,26.322241,50.15726
shopping,Marzooka Danah Super Market,26.326575,50.145902
shopping,تموينات حزام الخير للمواد الغذائية,26.457551,50.051401
shopping,Turbaq Shopping Center,26.435147,50.079662
shopping,مركز الحارثي للتسويق,26.459152,50.079927
shopping,Othaim Markets,26.453679,50.06363
shopping,Sayari Supermarket,26.461766,50.060934
shopping,Bayan Alizdihar Grocery,26.372331,50.102939
shopping,Ahmed Hussain Al Harthi Shop,26.464999,50.081164
shopping,Olive Shopping centre سوبر ماركت الزيتون,26.454965,50.070472
shopping,سوبرماركت مرانة Murranah Supermarket,26.46228,50.092139
shopping,بقالة خيرات الزاد,26.371377,50.17506
mosque,Alsalam Mosque,26.344084,50.147261
mosque,Tawheed Mosque in Dhahran,26.342083,50.157685
mosque,Ithra Mosque,26.335174,50.12355
mosque,Ajyal Mosque,26.270295,50.068933
mosque,Suwaidan Grand Mosque,26.31542,50.173332
mosque,Abu Bakr Alseddiq Grand Mosque,26.309987,50.129323
mosque,Alraja Mosque,26.350604,50.144974
mosque,Doha Grand Mosque,26.329114,50.158093
mosque,Qahtani Mosque,26.36585,50.10052
mosque,Ammash Al-Dosari Mosque,26.349895,50.157119
mosque,Ibn Taimyah Mosque,26.341133,50.147279
mosque,AlGosaibi Grand Mosque,26.326241,50.167588
mosque,Ebad Alrahman Mosque,26.335087,50.156449
mosque,Ali Bin Abi Talib Mosque,26.288078,50.100439
mosque,Bin Baz Grand Mosque,26.337191,50.145279
mosque,مسجد عبدالرحمن الشلوي,26.350081,50.15092
mosque,Musaab Ibn Umair Mosque,26.287659,50.105892
mosque,Ibn Alqayem Mosque,26.339706,50.139899
mosque,AlRayes Mosque,26.350975,50.129562
mosque,Saleh Abu Adallah Al-Ghamdi Mosque,26.318867,50.158355
mosque,Salah al-Din Masjid,26.314278,50.176253
mosque,Half moon mosque,26.199088,50.028371
mosque,Khaled Mohammed Al Raya Mosque,26.313878,50.172285
mosque,Mosque Dhahran Mall,26.305153,50.170822
mosque,Khalid Ibn Alwaleed Mosque,26.324983,50.174655
mosque,جامع,26.345496,50.16232
mosque,Eid prayer in Dhahran yard,26.328984,50.158803
mosque,Abu Bakr Mosque,26.312014,50.14133
mosque,Ali Bin Abi Taleb Mosque,26.316143,50.167037
mosque,Mosque مسجد,26.310888,50.136772
mosque,Rawdah Mosque,26.301458,50.146388
mosque,Omar Bin Al-Khattab Mosque,26.314139,50.131794
mosque,مسجد صالح علي الحربي رحمه الله,26.255343,50.075428
mosque,District 2A Mosque,26.261141,50.066629
mosque,Muath bin Jabal Mosque,26.336555,50.137977
mosque,مسجد الشيخ فهد بن عبدالله العويضه رحمه الله,26.35507,50.1488
mosque,AL EHSAN MOSQUE,26.262023,50.070818
mosque,جامع قماشة عبدالرحمن المجحد رحمها الله,26.256359,50.07031
mosque,Ali Bin Abi Taleb Mosque,26.296494,50.154105
mosque,Ahmed Bin Hanbal Mosque,26.327897,50.150492
mosque,Farooq Mosque,26.297348,50.143928
mosque,Othman Bin Affan Mosque,26.295211,50.149885
mosque,Said ibn al-Harith Mosque,26.288378,50.131842
mosque,Rabiyah Mosque,26.33175,50.132574
mosque,Adenese Mosque,26.315748,50.137967
mosque,Uthman Ibn Affan Mosque,26.303344,50.130078
mosque,Expec-ARC Masjid,26.31232,50.127686
mosque,JHAH Hospital Mosque | مسجد مستشفى أرامكو,26.310011,50.135788
mosque,The Lake Mosque,26.307637,50.14245
mosque,Prince Mohammed Mosque,26.331614,50.14435
mosque,The Parents Mosque,26.344447,50.142513
mosque,Alshaalan Mosque,26.368493,50.103918
mosque,جامع حمزة بن عبدالمطلب,26.330702,50.167814
mosque,Abdulaziz Abahussain Mosque,26.341787,50.165615
mosque,جامع أم عبدالله المجدوعي,26.369768,50.098634
mosque,Ahmed Bin Abdulrahman Mosque,26.359889,50.128393
mosque,AlHuda,26.352087,50.150538
mosque,جامع إبراهيم غزاي العتيبي,26.317903,50.16243
mosque,Ali Ibn Abi Talib Mosque,26.313765,50.146308
mosque,AlHoqail Mosque,26.366601,50.122558
mosque,Mosque,26.33185,50.140607
mosque,مسجد العز بن عبدالسلام رحمه الله.,26.337467,50.166041
park,Dhahran Central Park,26.295577,50.128867
park,Dana Park,26.330051,50.146635
park,Dhahran Eco Park,26.298933,50.098372
park,Canyon Park,26.303272,50.125755
park,سنترال بارك,26.294669,50.129415
park,King's Park,26.303889,50.129605
park,Mobility Park,26.314965,50.103943
park,منتزه الملك فهد الترفيهي بالدمام,26.390851,50.12462
park,Aramco Environmental Park 1,26.346738,50.126076
park,AlSulaimanyah Family Park,26.316162,50.1707
park,AlDoha Park,26.318567,50.169149
park,Doha Family Park,26.329565,50.160415
park,حديقة السديم,26.342858,50.156487
park,Ajyal park 2E,26.254394,50.068553
park,Dhahran sanctuary,26.301142,50.102423
park,Pearl Park,26.330524,50.142244
park,Ajyal Saudi Aramco,26.257792,50.067486
park,Nariya Lane Park,26.290743,50.110738
park,Dhahran Plateau Park,26.299041,50.136475
park,Park,26.369388,50.098099
park,Ajyal park,26.258913,50.075582
park,Sparky's,26.304427,50.169445
park,Hibiscus park,26.293833,50.134403
park,Park,26.340085,50.13844
park,Dhahran Hights walking area,26.313969,50.120989
park,Community Park,26.286269,50.107577
park,Jebel Heights 2 Park Playground,26.278064,50.116246
park,Riyal Road Park,26.301225,50.106594
park,Golden Circle Park,26.293275,50.13541
park,Ajyal Park منتزة أجيال,26.272244,50.074582
park,Ikea Park,26.312804,50.166045
park,Dhahran Park of Lights,26.307289,50.128697
park,The view,26.300648,50.125084
park,Ajyal 2D park (حديقة العرين),26.256251,50.073745
park,Sunrise Park,26.300397,50.103714
park,Al Aghsan Garden,26.250364,50.071746
park,Division St. Playground,26.302349,50.132444
park,Half Moon Bay - Half Moon,26.128514,49.993971
park,West Park 2,26.312711,50.123743
park,Yamamah Boulevard,26.291654,50.096868
park,Nafud Playground,26.297113,50.100034
park,Water Wheel Park,26.30198,50.131961
park,North Park Auditorium (Bldg. 3305),26.326273,50.109339
park,West Park 3,26.31205,50.123593
park,North Park 1,26.325596,50.110817
park,Bldg. 9180 Dhahran Heights Park 6,26.314128,50.12188
park,Dhahran Heights Park (DHP5),26.315521,50.121343
park,حديقة الأمير سعود بن نايف (التركي ),26.308881,50.174977
park,Tilal Al Doha Park,26.338348,50.155218
park,Bandariyah Park,26.358147,50.128793
park,Triangle Park,26.330843,50.168811
park,Raihan Park,26.345451,50.131362
park,Shatha Park,26.344036,50.136828
park,Sawsan Park,26.345001,50.129053
park,حديقة اجيال,26.258718,50.07566
park,Park,26.288541,50.137427
park,حديقة طويق,26.266335,50.066481
park,حديقة المسك,26.260829,50.063507
park,Dhahran Hills Track,26.292331,50.107346
park,حديقة الألماسة,26.269013,50.07228
park,Fadhili Park حديقة الفاضلي,26.272661,50.066032
park,حديقة اشبيليا,26.271051,50.072722
park,حديقة الفيروز حي هجر,26.366416,50.12209
park,حديقة السفانية,26.2579,50.067782
park,حديقة الريحان Basil Garden,26.254687,50.077516
park,حديقة الاندلس حي الزهور,26.45648,50.089597
park,حديقة الروائع,26.44268,50.073556
park,ALRAYAH GARDEN حديقة الراية,26.249746,50.07246
park,حديقة العزيزية,26.459033,50.077117
park,حديقة النورس,26.456463,50.090127
park,حديقة العلم,26.259554,50.072625
park,حديقة الاحلام,26.456823,50.087589
park,حديقة الريحان,26.437605,50.041517
park,Aquatic and wildlife museum,26.47913,50.097549
park,حديقه الركيان,26.250621,50.07222
bank,BSF - Aramco Dhahran Branch - فرع أرامكو الظهران,26.328915,50.10903
bank,SNB AlAhli,26.309373,50.130171
bank,Riyad Bank,26.344588,50.137966
bank,SNB ALAhli,26.328312,50.109935
bank,SNB AlAhli,26.344657,50.146953
bank,مصرف الراجحي | alrajhi bank,26.330403,50.139897
bank,SNB AlAhli,26.324223,50.165934
bank,National Commercial Bank,26.348902,50.142404
bank,Alinma Bank | مصرف الإنماء,26.345587,50.145879
bank,Bank Albilad | بنك البلاد,26.345412,50.146104
bank,SAB الأول,26.308488,50.165656
bank,SNB AlAhli,26.373313,50.101813
bank,Alinma Bank,26.328992,50.16775
bank,SAB الأول,26.309451,50.130333
bank,Riyad Bank,26.300509,50.147965
bank,مصرف الراجحي | alrajhi bank,26.328976,50.109094
bank,مصرف الراجحي | alrajhi bank,26.322503,50.155263
bank,The Saudi Investment Bank ATM,26.329847,50.108902
bank,SNB,26.328099,50.129815
bank,SAB الأول,26.3097,50.167505
bank,SAB الأول,26.326104,50.136949
bank,مصرف الراجحي | alrajhi bank,26.343058,50.148242
bank,SAB الأول,26.327473,50.109904
bank,SAB الأول,26.346626,50.144715
bank,بنك الجزيرة,26.337812,50.152938
bank,SAB الأول,26.323675,50.164664
bank,SNB AlAhli,26.313888,50.14812
bank,SAB الأول,26.320432,50.020737
bank,National Commercial Bank,26.311652,50.131239
bank,SAB الأول,26.309361,50.129257
bank,BSF - Al Doha Branch - فرع الدوحة,26.323441,50.1626
bank,SAB الأول,26.317255,50.12064
bank,SAB الأول,26.321211,50.018406
bank,Riyad Bank ATM,26.342488,50.144617
bank,The Saudi Investment Bank ATM,26.306845,50.121788
bank,BSF - Banque Saudi Fransi ATM - Aramco - Tower Building - Cash withdrawal & Cash Deposit,26.312326,50.129557
bank,BSF - Banque Saudi Fransi ATM - Aldoha Branch - Self Service Card Printing,26.323442,50.162608
bank,SAB الأول,26.304895,50.167273
bank,SAB الأول,26.311726,50.13123
bank,NCB,26.373309,50.101808
bank,SNB AlAhli,26.278867,50.133713
bank,BSF - Banque Saudi Fransi ATM - Alhamlaji G/S - Dhahran - Cash withdrawal,26.346876,50.135479
bank,SAB الأول,26.314588,50.129214
bank,The Saudi Investment Bank ATM,26.32646,50.110336
bank,anb البنك العربي الوطني - Aramco Branch,26.30947,50.129719
bank,SAB الأول,26.34655,50.144606
bank,Riyad Bank ATM,26.307413,50.154969
bank,SAB الأول,26.265488,50.072072
bank,Riyad Bank ATM,26.323055,50.162816
bank,SNB AlAhli,26.335071,50.131843
bank,SAB الأول,26.306568,50.112429
bank,Riyad Bank ATM,26.322262,50.157977
bank,BSF - Banque Saudi Fransi ATM - Aramco Branch - Self Service Card Printing,26.329039,50.10933
bank,Riyad Bank ATM,26.30923,50.14981
bank,SNB AlAhli ATM,26.366563,50.177188
bank,SNB AlAhli ATM,26.373313,50.101813
bank,Riyad Bank ATM,26.344528,50.138056
bank,Riyad Bank ATM,26.323429,50.162519
bank,Al Rajhi ATM,26.322285,50.155057
bank,SNB AlAhli ATM,26.388587,50.154145
bank,SNB AlAhli ATM,26.344687,50.146813
bank,ANB ATM 2,26.357017,50.177487
bank,SAB الأول,26.265576,50.072125
bank,BSF - Banque Saudi Fransi ATM - Aramco Branch - Cash withdrawal,26.329039,50.10933
bank,ANB ATM,26.290524,50.092154
bank,Emirates NBD ATM,26.305833,50.169722
bank,Riyad Bank ATM,26.395465,50.17756
bank,anb ATM صراف البنك العربي الوطني - Aramco Branch,26.30947,50.129719
bank,Riyad Bank ATM,26.424717,50.067177
bank,Riyad Bank ATM,26.303383,50.121251
bank,SAB الأول,26.359542,50.095011
bank,Riyad Bank ATM,26.30771,50.15511
bank,صراف البلاد مع إيداع,26.345368,50.146059
bank,SNB AlAhli ATM,26.309438,50.130437
bank,صراف بنك الأهلي,26.293412,50.139733
bank,SAB الأول,26.30951,50.130428
bank,Riyad Bank ATM,26.417432,50.16617
bank,SNB AlAhli ATM,26.313981,50.14805
bank,SNB AlAhli ATM,26.268234,50.180606
bank,BSF - Banque Saudi Fransi ATM - Aramco Offsite - Mujamma - Cash withdrawal,26.309467,50.130395
bank,Al Rajhi ATM - الصراف الراجحي,26.290935,50.104084
bank,SAB الأول,26.308561,50.165531
bank,BSF - Banque Saudi Fransi ATM - Aramco - EXPEC Building - Cash withdrawal & Cash Deposit,26.31211,50.12562
bank,anb ATM صراف البنك العربي الوطني - Aldrees Gas Station,26.241378,49.997354
bank,Riyad ATM,26.307769,50.173448
bank,SAB الأول,26.312696,50.157004
bank,BSF - Banque Saudi Fransi ATM - ARAMCO AlRabiyah - Cash withdrawal,26.328049,50.129756
bank,بنك الجزيرة,26.324679,50.165664
bank,Bank Albilad,26.328062,50.168118
bank,Riyad Bank ATM,26.30923,50.14981
gas_station,Okten Petrol station | محطة اوكتين للوقود,26.284188,50.060438
gas_station,ALNAHDI Gas Station,26.202879,50.026042
gas_station,TotalEnergies,26.269281,50.018981
gas_station,Aldrees,26.241162,49.997783
gas_station,Orange Gas Station Mashriqeen | محطة وقود أورانج المشرقين,26.312777,50.178078
gas_station,محطة عالم هلا,26.284188,50.060438
gas_station,Mazaya Station,26.322231,50.157989
gas_station,Aramco Station,26.31593,50.118155
gas_station,Aldrees,26.249398,50.075295
gas_station,Aldrees,26.262457,50.062165
gas_station,Aldrees,26.345087,50.138067
gas_station,Aldrees,26.348938,50.142437
gas_station,Energize Diesel,26.269423,50.019129
gas_station,Aldrees,26.227815,50.18337
gas_station,Aramco,26.332327,50.090409
gas_station,Aldrees,26.373286,50.090889
gas_station,Aldrees,26.370062,50.105687
gas_station,Orange Gas Station Al Rabeah & Nassar | محطة وقود أورانج الربيعة والنصار,26.321416,50.064221
gas_station,محطة بترو المحيط,26.197441,50.046412
gas_station,Aramco Station,26.364687,50.072812
gas_station,GOstation | محطة قو ستيشن‎,26.203016,50.0259
gas_station,Aldrees,26.19793,50.046577
gas_station,Well Gas Station,26.358632,50.074743
gas_station,Gulf of Delta Gas Station,26.395894,50.08907
gas_station,Gas station,26.201306,50.02887
gas_station,Aldrees,26.465389,50.02498
gas_station,Aldrees,26.723855,49.884399
gas_station,OOMCO Service Station,26.382209,50.097443
gas_station,Aldrees,26.346841,50.135538
gas_station,مزايا,26.372431,50.098874
gas_station,OOMCO,26.197936,50.046574
gas_station,joule station,26.201282,50.028632
gas_station,Petrol Station,26.215009,49.955079
gas_station,Mazaya Petrol Station,26.463026,50.024811
gas_station,Aldrees,26.367657,50.059375
gas_station,Aldrees gas station,26.158859,49.438631
gas_station,Okten Station,26.334649,49.9542
police,Dhahran Traffic Police,26.332646,50.145733
police,EP Police Academy,26.32531,50.145094
police,Police Station,26.236125,50.039302
police,طريق الملك عبدالعزيز,26.351267,50.133883
police,نقطة تفتيش دائمة,26.179253,49.938362
police,Speed mobile radar,26.366432,50.096715
police,مكتب المرور Traffic Office,26.323007,50.138714
police,التشاليح,26.212502,49.94424
police,شرطة الظهران,26.324043,50.14664
police,مركز شاطي نصف القمر,26.201682,50.037698
police,قيادة الشرطة العسكرية بالقطاع الشرقي,26.382908,50.160087
police,إدارة دوريات الأمن بالظهران,26.323358,50.14715
police,ميدان الشرطة العسكرية,26.383701,50.159765
police,Saudi police patrol checking,26.531103,49.948136
police,قيادة مجموعة الشرطة العسكرية في المنطقة الشرقية,26.293613,50.021577
police,Safwa Police Station,26.657722,49.952267
fire_station,Fire Station A,26.250107,50.075561
restaurant,IKEA Restaurant,26.30978,50.168026
restaurant,Green Dragon Restaurant مطعم التنين الأخضر,26.304441,50.169752
restaurant,Manoosha Alreef,26.322223,50.156815
restaurant,Mall of Dhahran - Foodcourt,26.305059,50.169813
restaurant,Al Mumtaz Restaurant,26.34622,50.136283
restaurant,CHENNAI RESTAURANT,26.450153,50.041165
restaurant,Tandoori House,26.303925,50.12977
restaurant,Al Diwan,26.367293,50.177589
restaurant,Krab,26.26577,50.071166
restaurant,Dhahran Dining Hall,26.308312,50.128984
restaurant,Mozon Restaurant,26.323583,50.1635
restaurant,Twist Restaurant,26.303808,50.211066
restaurant,Il Vero,26.366872,50.177705
restaurant,Tokuzo,26.345879,50.145575
restaurant,Delle Rose,26.473102,50.048449
restaurant,Indian Kitchen Express,26.304415,50.169312
restaurant,Bawan Broasted,26.345875,50.137205
restaurant,The Don Restaurant,26.469228,50.060268
restaurant,شواية اجيال,26.265893,50.072047
restaurant,مطعم ليون,26.492529,50.045094
restaurant,ملتقى الرافدين - سيهات,26.483981,50.053539
restaurant,مشكوك بحب,26.482817,50.044311
restaurant,مطعم ومقهى SPECTRA,26.476085,50.051403
restaurant,POSITIVE BREAKFAST | LUNCH |DINNER || بوزتف فطور | غداء | عشاء,26.463235,50.062788
restaurant,مشويات الطيوف,26.480387,50.059079
restaurant,مطعم المضياف (المحمدية),26.469587,50.058775
restaurant,GIADA SHAWARMA & GRILLS | جيادا شاورما والمشويات,26.48135,50.048166
restaurant,Farooj Abo Alabid | فروج ابوالعبد سيهات,26.478558,50.055821
restaurant,مطعم يلا بينا,26.479187,50.054812
restaurant,مطعم سفرة الأناضول,26.481061,50.045702
restaurant,Salvaje Restaurant,26.367043,50.176983
restaurant,KHALILOOH GRILL,26.479594,50.045899
restaurant,Ronaldo’s Pizza رونالدوز بيتزا,26.28987,50.100785
restaurant,Mashwa Albalad مشوى البلد,26.481253,50.04554
restaurant,Mays AlQamar,26.474844,50.057401
restaurant,Btatesyon,26.479078,50.0556
restaurant,كباب دولمة,26.478699,50.055769
restaurant,Subway,26.265522,50.071251
restaurant,Bamboo Kitchen,26.306298,50.171028
restaurant,SALT,26.307288,50.178297
restaurant,Anjar Restauran,26.265894,50.070705
restaurant,Chick-ed تشيك-اد,26.333027,50.148829
restaurant,Applebee's,26.310387,50.168752
restaurant,BurgerFuel Amwaj Mall,26.310475,50.168963
restaurant,Half Moon Restaurant,26.200829,50.027458
restaurant,Isfahani,26.305187,50.170063
restaurant,قصر لبدة,26.265435,50.07078
restaurant,TastiestDish,26.284761,50.060783
restaurant,eat’sy golf,26.302502,50.12187
restaurant,RAYG Restaurant,26.276894,50.195407
restaurant,مطعم ومطبخ السندباد,26.471178,50.058982
restaurant,Broasted Bawanland,26.323515,50.16324
restaurant,Subway,26.339051,50.152721
restaurant,Subway,26.305266,50.129164
restaurant,Dhahran Hills Snack Bar,26.291033,50.105912
restaurant,مطعم سكاي برجر,26.466273,50.048105
restaurant,Pollino,26.308283,50.177421
restaurant,McDonald's | ماكدونالدز,26.343225,50.000093
restaurant,Al Lahib Broasted,26.362045,50.197351
restaurant,Bawan Broasted,26.285401,50.216935
restaurant,Babel Restaurant,26.478966,50.055641
cafe,Script Speciality Coffee,26.338228,50.152622
cafe,ZOYA COFFEE I مقهى زويا,26.303448,50.169343
cafe,RATIO Speciality Coffee,26.306298,50.171028
cafe,Quantum Specialty Coffee,26.339785,50.151738
cafe,Lily Café,26.306129,50.171625
cafe,AUR,26.340104,50.154739
cafe,BRIGHT,26.372607,50.098767
cafe,graph cafe,26.348755,50.14264
cafe,Dose Cafe,26.338767,50.152411
cafe,كوفي بين | The Coffee Bean & Tea Leaf,26.334751,50.132359
cafe,Student Tainment Coffee Shop,26.343132,50.148174
cafe,Tulum cafe,26.308889,50.169845
cafe,Qurb cafe,26.348195,50.141142
cafe,Meow Cafe,26.309998,50.171511
cafe,Leaf Bakery Cafe,26.310121,50.168987
cafe,8Oz Coffee,26.303744,50.168947
cafe,Brewhemian Coffee,26.345114,50.146442
cafe,L'douh Bakery Cafe,26.30343,50.168658
cafe,ZOLIEA زوليه,26.363174,50.177188
cafe,Buzz Coffee,26.343962,50.147513
cafe,CAFFÈ VERGNANO 1882,26.306495,50.172776
cafe,costa coffee,26.230068,49.997853
cafe,Starbucks,26.305252,50.12931
cafe,مقهى فنجال مهيّل,26.305627,50.170261
cafe,كونشيرتو,26.306298,50.171028
cafe,Mikyal Coffee,26.314297,50.147379
cafe,Coffee Dunyasi,26.305236,50.171304
cafe,Dose Cafe,26.325568,50.136422
cafe,Sunday night Cafe,26.345296,50.146101
cafe,Qaf Coffee Roasters JHAH - محمصة قاف جونزهوبكنز,26.310019,50.136663
cafe,Orenda Coffee Hub,26.311431,50.177116
cafe,Shrq Coffee Roaster (King’s Park),26.304973,50.130282
cafe,Knock cafe Ajyal | نـوك كافيه أجيـال,26.266121,50.07161
cafe,Dunkin' - دانكن,26.269313,50.018937
cafe,Starbucks,26.303956,50.170722
cafe,Shrq Coffee Roasters (Al Mujamma),26.309153,50.130048
cafe,Joffrey's جوفريز,26.303563,50.169312
cafe,Starbucks,26.306509,50.171009
cafe,Derby Coffee - دربي كافيه,26.332259,50.161654
cafe,‏Blue Star Cafe | بلو ستار كافيه,26.304056,50.170563
cafe,Tim Hortons - JHAH Aramco,26.310016,50.136654
cafe,Starbucks,26.335482,50.131178
cafe,DESSANGE PARIS,26.291302,50.10469
cafe,Starbucks,26.340105,50.15149
cafe,Coffee Address | عنوان القهوة,26.488342,50.04753
cafe,Mosh Cafe & More,26.485429,50.049921
cafe,Second Cup سكند كب,26.300179,50.148127
cafe,KASBON cafe,26.201423,50.028762
cafe,Link specialty coffee,26.486488,50.043278
cafe,مركز فسحه الترفيهي,26.265854,50.070493
cafe,Valen,26.466346,50.036936
cafe,Al-Seef Cafe,26.203396,50.030033
cafe,شاي ممر,26.327497,50.150835
cafe,شاي خالد,26.373683,50.10237
cafe,Road Café,26.331902,50.14502
cafe,Shrq Coffee Roasters (Aramco -Al Midra),26.328939,50.109373
cafe,ديوانية كيف القيصرية,26.333166,50.149695
cafe,Road Café | قهوة الطريق,26.17238,49.929642
cafe,Diwaniat Alsahel,26.32398,50.166205
cafe,LLAMA,26.366558,50.093911
cafe,Alma speciality coffee,25.402339,49.556012
cafe,Leo Lounge,26.468297,50.060942
cafe,مجلس كافية (شاهي -قهوة عربية -مكان شعبي ),26.236125,50.039302
cafe,ديوانية قهوة المساء,26.421155,50.084928
cafe,مقهى الرماد الأسود,26.48119,50.046214
cafe,مقهى أوتار وناسه,26.486238,50.051446
cafe,Tree cafe,26.488283,50.055937
cafe,Majlis cafe,26.236125,50.039302
gym,Saudi Aramco Gym (Bldg. 3329),26.32362,50.112669
gym,Dhahran Hills Gym,26.290843,50.10583
gym,Ladies Fitness Center,26.304276,50.130518
gym,Almidra New Gym,26.323678,50.112399
gym,The Miller Gym,26.301885,50.130706
gym,Dhahran North Sports Facility,26.323917,50.135364
gym,3rd Street Recreation Center,26.301547,50.137176
gym,3rd Street Gym,26.301688,50.137197
gym,Aramco's women Gym,26.289584,50.101123
gym,Building 36,26.307133,50.150712
gym,Dhahran Women's Group Baker House,26.306009,50.127198
gym,IBIS GYM,26.303503,50.137461
gym,Munirah Gym,26.316067,50.128633
gym,Female Entry - Refine Fitness Center,26.323523,50.112643
gym,North Park Male Fitness Center,26.326452,50.109034
gym,Dhahran Hills Recreation Center,26.290785,50.106228
gym,Outdoor Fitness Area - ♿️ - منطقة اللياقة و التمارين,26.262781,50.072306
gym,KFMMC-Recreation centre,26.322133,50.017527
gym,Munirah Fitness Club,26.316697,50.128397
gym,KFUPM Female Students’ Gym,26.302547,50.153603
gym,Outdoor Fitness Zone,26.270598,50.064047
gym,Outdoor Fitness Zone,26.254168,50.077639
gym,Ar-Rabiyah Community Center,26.331101,50.131882
gym,Growth Gym,26.342295,50.180992
gym,Yoga and Meditation Center,26.303015,50.12779
gym,PMU Sport Center,26.148679,50.093806
gym,Paragliding Power Parachute - Dhahran,26.198338,50.048635
gym,Dhahran Hills Squash Courts,26.289942,50.104302
gym,Saudi Aramco Youth Soccer,26.303339,50.128281
gym,EPCA 9,26.255734,50.096642
gym,مربط المحترفون,26.207004,50.065341
gym,Rolling Hills Golf Course Clubhouse,26.302215,50.120939
gym,Dhahran Youth Tennis Association,26.301038,50.136539
gym,Amwaj Beach Club,26.150079,50.006866
gym,Hobby Farm Horse Stables,26.296306,50.092474
gym,Dhahran Girls Scouts Center,26.303161,50.139087
gym,نادي الفرحة الرياضي - أرامكو السعودية Al-Farha Gym - Saudi Aramco,25.936097,49.671865
hotel,DoubleTree by Hilton Dhahran,26.304118,50.174537
hotel,سما الرفاع 1للشقق الفندقيه,26.290598,50.185244
hotel,الجوري للوحدات السكنية المفروشة,26.289663,50.187441
hotel,نسمات الشرق للشقق المخدومه Nasmat Al Sharq Serviced Apartments,26.296806,50.174013
hotel,شقق مواسم الشرقية المفروشة,26.293809,50.219819
hotel,شقق شالي ريزيدنس,26.290421,50.185341
hotel,Badova residential units,26.290281,50.184431
hotel,Sahlan House,26.280793,50.20268
hotel,Crystal Suites,26.290058,50.186153
hotel,EliANA HOTEL,26.303479,50.174879
hotel,karim Hotel - Al Olya,26.305858,50.177766
hotel,JADA Appartment,26.287742,50.193981
hotel,Lafait Hotels Apartments - لفيت للشقق الفندقيه,26.294008,50.176985
hotel,La Fontaine Le Lac Resort - منتجع لافونتين البحيرة,26.203507,50.028811
hotel,Apartments Yamamah,26.297959,50.174938
hotel,فندق جولدن بوجاري الظهران بالعليا,26.304699,50.179996
hotel,Nasem Alolaya,26.295607,50.17437
hotel,OYO 255 Khobar Palace Hotel,26.291342,50.201062
hotel,دايموند سويتس,26.276955,50.215897
hotel,Aswar Boutique Hotel,26.30607,50.175261
hotel,Hospitality Elegance Residential Units,26.286801,50.182542
hotel,Villa Apartments For Serviced Apartments,26.297025,50.171387
hotel,فندق بدورالشرق٣,26.289744,50.184154
hotel,Marsellia Appartments,26.295443,50.177566
hotel,شقق امواج للشقق المخدومة,26.277192,50.216104
hotel,The Palace Hotel Suites,26.304717,50.198782
hotel,فندق ضيافه,26.231554,50.195723
hotel,كروان موتيل,26.289038,50.190401
hotel,One To One | واحد لواحد للشقق المخدومة,26.291693,50.216723
hotel,Grand Mayral Hotel,26.290973,50.182552
hotel,Amwaj Suites,26.277087,50.215967
hotel,SAS ALOlaya Hotel apartments,26.301543,50.181188
hotel,"Radisson Blu Resort, Al Khobar Half Moon Bay",26.039387,49.99394
hotel,اسوار العليا للاجنحه الفندقيه,26.304305,50.178849
hotel,Masaken Al Sharq Apartments,26.270134,50.193303
hotel,مؤسسة احمد محمد العرفج للوحدات السكنية - هوم إن,26.294179,50.176704
hotel,Marbia Furnished Apartment,26.292789,50.218271
hotel,Sarah Furnished Apartments,26.287244,50.195729
hotel,Nayyara,26.295064,50.177964
hotel,OYO 291 Dyafat Al Saati Furnished Apartments,26.287767,50.198048
hotel,Asalah Al-Shorooq Aparthotel,26.285799,50.182188
hotel,Wings Mname Hotel,26.295673,50.220091
hotel,Mena Holiday Beach Resort Half Moon,26.174426,50.066071
hotel,Sidra Khobar سدرة الخبر للشق المفروشة,26.293389,50.219533
hotel,إطلالة الشرفة ٢,26.288438,50.190688
hotel,ComfortZone Hostel,26.256601,50.202579
hotel,High End Gardens Aparthotel,26.293346,50.199227
hotel,أوبن هوتيل الخبر العليا - Open Hotel,26.294435,50.178914
library,مكتبة ثراء للقرطاسية,26.265775,50.071049
library,Library / قرطاسية الدانة,26.333034,50.148557
library,قرطاسية اجيال المتنبي,26.346191,50.136873
library,مكتبة شمس الاجيال للنسخ والتصوير وخدمة الطالب,26.347756,50.134906
library,مكتبة قراءاتي | Qeraaty Library,26.343047,50.148274
museum,Museum and a hall Danat,26.322615,50.15694
museum,Community Heritage Gallery,26.305311,50.129935
museum,متحف الغوص في شاطئ نصف القمر,26.128651,49.994506
museum,متحف الطفل | Children's Museum,26.335559,50.120429
stadium,Dhahran Cricket Ground,26.279255,50.119732
stadium,Al Dawhah Football Field,26.333071,50.164964
stadium,Spraying Fields,26.282569,50.118878
stadium,R Section Rugby Field,26.303613,50.106554
stadium,Shabab Park,26.336349,50.14207
stadium,نادي الظهران الرياضي,26.379561,50.084841
stadium,3rd Street Track,26.299937,50.137062
stadium,ملعب الظهران,26.333314,50.164757
stadium,Najd Street Playground,26.29882,50.102927
stadium,EPCA Ground number 6,26.254899,50.093053
stadium,Public Football Pitch,26.197329,50.04244
stadium,As Sarrawat Playground,26.288656,50.095137
stadium,Football Pitch,26.196692,50.025082
stadium,Green Fields,26.308676,50.14655
stadium,Rolling Hills Golf Course,26.297352,50.117554
stadium,ملعب الظهران بالمطيرفي,25.469543,49.560515
stadium,3rd Street Tennis Courts,26.301188,50.137437
stadium,Playground,26.29028,50.097151
stadium,Dhahran Hills Tennis Court,26.289909,50.105237
stadium,EPCA- Cricket Ground No.2,26.240431,50.099773
stadium,Doha Football Ground,26.329286,50.16065
stadium,EPCA GROUND NUMBER 19,26.258563,50.087562
stadium,Al Faneen Football Field,26.290094,50.143476
stadium,Dhahran Disc Golf Course,26.30318,50.121629
stadium,ملعب تنس ارضي,26.189999,50.019072
stadium,EPCA GROUND NUMBER 10,26.256728,50.093205
stadium,3rd Steet Squash Court,26.301512,50.136365
stadium,ملعب منتجع شاطئ النخيل,26.189982,50.019252
stadium,ملعب سلة منتجع شاطئ النخيل,26.190316,50.019087
stadium,Salamiyah Street Playground,26.292318,50.102755
cinema,Najmah Theater,26.715872,50.082938
park,My Space,26.306319,50.18444
park,Jeddah Park Playground 5-12 years,26.287777,50.094879
park,Playground Peninsula,26.289787,50.117193
park,Qatif Ln. Park,26.284312,50.112062
park,Red Sea Beach,26.304916,50.170238
park,Granite Playground,26.29302,50.129333
park,King's Street Recreation Center,26.304505,50.130433
park,Ravine St. Playground,26.297929,50.134871
park,Arabian Gulf Playground,26.287121,50.109313
park,Playground,26.280931,50.108406
park,Perimeter Playground,26.292075,50.133983
park,Triple Playground,26.280503,50.11028
park,Round Swing,26.299007,50.106043
park,Ghawar Playground,26.287286,50.116726
park,water playground,26.129929,50.079233
park,Dhahran Flower Field,26.287129,50.102127
post_office,Al-Midra Mail Centre,26.328463,50.109359
post_office,Aramex,26.289,50.101972
post_office,البريد السعودي بالقاعدة الجوية,26.285934,50.138245
post_office,Tayba,26.331331,50.059827
post_office,SEC DAMMAM HQ,26.387036,50.153041
post_office,ابمجمع ارمكوا الكام,26.236125,50.039302
post_office,SPL,26.28934,50.143137
post_office,البريد السعودي سبل,26.363113,50.168339
post_office,البريد السعوري بمدينة الملك فهد العسكرية بالظهران,26.29093,50.020745
post_office,FedEx Station,26.264373,49.983571
car_wash,مغسلة ادنوك للسيارات ADNOC Carwash,26.363041,50.176909
car_wash,مغسلة التلال الجديدة للسيارات,26.3492,50.142464
car_wash,Super Shine,26.332052,50.160972
car_wash,Car Wash,26.3167,50.117812
car_wash,B2-Car wash express,26.240862,49.997827
car_wash,Drops Car Wash,26.373915,50.178784
car_wash,Arabian Automobile Association,26.285167,50.125739
car_wash,Petromin Express,26.331807,50.144469
car_wash,Classic Car Car Polishing,26.43747,50.056671
car_wash,Saco World,26.305128,50.166904
car_wash,nilufer Car polish and clean,26.459842,50.050517
car_wash,Car Care Express,26.47923,50.055551
car_wash,VIOLET,26.473161,50.070667
car_wash,كابتنز-captainz_sa,26.284004,50.189948
car_wash,Sparkling Shine البريق الساطع,26.421286,50.024701
car_wash,مغاسل خالد,26.262104,50.061746
car_wash,مغسلة مزن الراسي للسيارات,26.48218,50.003287
car_wash,Steam Ride,26.460329,50.056312
car_wash,مغسلة سيارات,26.230405,49.998057
car_wash,مغسله السياره,26.451542,50.078337
car_wash,Self Service Car Wash - Saudi Aramco,25.937344,49.663765
laundry,Dhahran Fast Laundry,26.323101,50.160458
laundry,Laundry Building KFUPM B,26.314411,50.142005
laundry,Alqla’ah Laundry,26.343167,50.148182
laundry,Ada Laundry M14 - مغاسل أداء,26.296022,50.110981
laundry,مغاسل محترف النظافة Cleaning Expert Laundry,26.373188,50.104187
laundry,مغسلة انهار Anhar Laundry,26.323134,50.16069
laundry,Tholeen Laundry,26.349438,50.133048
laundry,Al Jeel Laundry,26.34506,50.138721
laundry,Ada Laundry M11 - مغاسل أداء,26.303012,50.127474
laundry,Dammam Laundry,26.303013,50.12761
laundry,Laundry Building KFUPM E,26.315453,50.146
laundry,Laundry Rolling Hills,26.295547,50.111251
laundry,Laundry Building KFUPM F,26.312247,50.143909
laundry,Laundry Building KFUPM C,26.313625,50.142785
laundry,Martina Laundry,26.322976,50.159674
laundry,Ada Laundry M10 - مغاسل أداء,26.314762,50.129302
laundry,Laundry Building KFUPM D,26.315247,50.144758
laundry,Sanam Laundry مغاسل سنام,26.262042,50.062336
laundry,F2PM+3QG Saihat,26.485309,50.03447
laundry,مغسلة الجبر Aljabr Laundry,26.312997,50.140341
real_estate,مكتب الساري العقاري -Real estate office,26.372187,50.123812
real_estate,شركة ثروة السعودية ﻟﻠﺘﻄﻮﻳﺮ اﻟﻌﻘﺎري / SAUDI THARWA REAL ESTATE DEVELOPMENT COMPANY,26.377093,50.203268
real_estate,Almuhawis Real Estates مكتب عقارات المهوس,26.347223,50.142254
real_estate,شركة أدير العربية,26.346512,50.142867
real_estate,AlKifah Real Estate,26.376362,50.170747
real_estate,Shamaliyah Rental office,26.372304,50.123301
real_estate,شركة افراغ العقارية,26.450697,50.092422
salon,Beauty Box Nail Spa & Salon,26.343121,50.148224
salon,Hermosa beauty salon صالون هيرموزا النسائي,26.370967,50.094997
salon,Beauty Factory,26.344942,50.146448
salon,DESSANGE PARIS Beauty Shop صالون ديسانج,26.291314,50.104617
salon,Joliedame Salon - Aramco Branch,26.305667,50.12589
salon,Beauty&Co.Salon,26.379878,50.178155
salon,Sole Beauty Salon | صالون سوليه,26.265996,50.070959
salon,Moonlight Spa & Beauty Salon,26.340234,50.154866
salon,Elegancia Beauty Salon,26.345496,50.143892
salon,Wejdan Aljamal Beauty Salon صالون وجدان الجمال,26.343983,50.147707
salon,La touche Spéciale (Ajyal) | صالون لاتوش اسبيسيال (أجيال),26.266128,50.071814
salon,Revive Beauty Lounge,26.338446,50.153191
salon,Layla Beauty Center,26.328499,50.156141
salon,Relash,26.343533,50.14793
salon,La Bella Beauty and Care,26.34985,50.155654
salon,Yellow Bar Salon | Hair & Nail,26.311847,50.176885
salon,صالون ايكو سبا| Echo Spa&Salon,26.265875,50.070574
salon,رمشه صالون,26.265742,50.070634
salon,صالون ضي الشموع,26.308776,50.170216
salon,The Address Beauty Salon,26.319243,50.163451
salon,SALON BROWN BEAR,26.349915,50.132584
salon,Elite Generations Salon,26.265769,50.071353
salon,Rodina Salon,26.265808,50.070831
salon,صالون تجميل,26.27036,50.186965
salon,Care Aspects Beauty Shop,26.305646,50.12591
bakery,Dolcetto Bakery | دولشتو بيكري,26.343356,50.148093
bakery,LELE BAKERY,26.341094,50.155343
bakery,Dantella,26.348057,50.143237
bakery,Pastel Al Doha - باستيل الدوحه الجنوبيه,26.323261,50.161548
bakery,فانيلا باتيسري,26.305453,50.171289
bakery,La casa de pan,26.344007,50.162788
bakery,Al Tabiah Sweets and Pastries,26.322281,50.157409
bakery,BreadTalk | بردتوك,26.306298,50.171028
bakery,Shallal Pastry معجنات الشلال,26.308993,50.129036
bakery,Afghan Emerald | مخبز تميس وفوال الزمرد الأفغاني,26.327193,50.167921
bakery,Panda Central Bakery,26.304933,50.170897
bakery,Al Muntazah Bakery,26.33354,50.148133
bakery,Brunswick,26.390047,50.065586
bakery,Hassan Nasser Al Hamad Bakery,26.454908,50.069271
bakery,AlAsri Bakery,26.473104,50.040951
bakery,National Bakeries & Food Plant - Al Matrood,26.490274,50.00783
bakery,AlAsri Bakery,26.526463,50.031632
bakery,Al Murtada Bakery,26.499672,50.037939
bakery,أفان بيكري - AVAN BAKERY,26.484205,50.037638
bakery,مخبز الرغيف الفاخر بسيهات,26.47624,50.034118
bakery,Zainuddin Bakery & Pastry,26.475234,50.043425
bakery,مخبز ناصر,26.460643,50.057909
bakery,انكل تيستو,26.307428,50.172227
bakery,مخبز زمان أول للخبز الحساوي والفطاير,26.469973,50.09251
bakery,Kawthar Bakery,26.47982,50.062683
gas_station,محطة نور,26.132118,49.880538
gas_station,Petrol Station,26.377497,50.089922
gas_station,Sahel Gas Station,26.452687,50.179749
parking,Dhahran Downtown Parking,26.30559,50.130723
parking,DTV PARKING AREA,26.300072,50.158955
parking,Dhahran Mall Parking,26.3049,50.172306
parking,Dhahran Bolevard - Parking Lot,26.308242,50.171336
parking,JHAH Emergency Room Parking,26.310156,50.138423
parking,Parking of Saudi Aramco - Visitor center,26.323559,50.136215
parking,Parking 4,26.336144,50.11793
parking,Abyat Parking Lot,26.309108,50.16647
parking,Parking 25,26.304771,50.14666
parking,PMU Female Campus Parking,26.14721,50.093366
parking,PMU buss parking dhahran Boulevard,26.303137,50.169828
parking,Park,26.327072,50.107448
parking,Parking Lot,26.332336,50.145759
parking,Dhahran Bus parking,26.309848,50.134396
parking,Dhahran Techno Valley Parking Area,26.295327,50.157625
parking,ALMIDRA Car Parking D5,26.327006,50.107366
parking,ALMIDRA Parking C,26.330521,50.105435
parking,Parking lot,26.332328,50.121936
parking,Kings Street Parkings,26.303678,50.128935
parking,Ithra Parking 6,26.334096,50.118205
parking,Gym Parking,26.290983,50.106312
parking,ALMIDRA Parking B,26.331785,50.107338
parking,Parking DHBP,26.32138,50.115674
parking,Additional parking,26.303697,50.128141
parking,Parking 1,26.331821,50.107732
parking,Carpool Parking,26.310128,50.130354
parking,School Parking,26.290833,50.107317
parking,KFUPM Mall Parking,26.313485,50.147976
parking,Parking,26.323945,50.135511
parking,Parking,26.3104,50.125107
parking,مواقف الدانه,26.325285,50.138101
parking,Samara office parking,26.307612,50.126492
parking,مواقف خارجية,26.321946,50.11135
parking,KFUPM PARKING 74,26.313004,50.145175
parking,Car Parking 73,26.312049,50.148088
parking,Orientation Car Parking,26.312452,50.148365
parking,مواقف السيارات,26.332927,50.148666
parking,North Park Parkings,26.324612,50.109279
parking,مواقف سيارات,26.174649,50.066616
parking,Ithra Visitor Parking Lot,26.334626,50.117988
parking,مواقف بوابة ٧ | Gate No.7 Parking,26.221815,50.12125
parking,Parking 22 - 23,26.30522,50.147234
parking,Square Parking,26.300634,50.14738
parking,Boys School Parking Lot,26.300634,50.152432
parking,Farooq Parking,26.297391,50.144448
parking,مواقف سيارات,25.50045,49.546876
parking,Kindergarten Parkings,26.298316,50.153547
parking,مواقف,25.779309,50.171482
parking,مواقف سيارات حديقة الاصيل,26.343377,50.14495
parking,مواقف حي 25,26.285524,50.142249
parking,مواقف القرية العالمية المدفوعة,26.468102,50.069567
parking,مواقف الباصات للدوام فشدقم,26.328191,50.106438
government,VFS Aramco - Government Services Complex,26.324467,50.139541
government,Aramco Dhahran Passports Office,26.323704,50.138914
government,Tower Administration Building (Bldg 730),26.311731,50.131407
government,Saudi Aramco Main ID Office,26.308721,50.125193
government,Dhahran City Municipality,26.332792,50.150453
government,Dhahran Civil Affairs,26.323702,50.138909
government,Saudi Aramco Employment Center,26.322474,50.134683
government,Doha Site Office for Aramco Utilities,26.325148,50.15783
government,Dhahran Main Sticker Drive-thru Booth - Aramco Car Sticker,26.308809,50.12487
government,Alfifa For Embassy and Government Services,26.329565,50.108531
government,Saudi Aramco Employees Association,26.305746,50.127041
government,employment centre,26.236525,50.038502
government,مكتب خدمات بلدية الظهران بحي اجيال,26.272965,50.064349
government,US Consulate General,26.320875,50.18338
government,Dhahran Notary Public,26.323521,50.139149
government,Visitors Registration Office - Saudi Aramco,25.935989,49.675848
government,إدارة الشواطئ بلدية الظهران,26.198052,50.023936
government,مركز الدفاع المدني بشرق الدمام حي أجيال,26.250214,50.075238
government,SDHOP SAFETY OFFICE PACKAGE 1,26.258854,50.055725
government,Retal Head Office رتال للتطوير العمراني,26.33343,50.212281
government,South admin,26.236125,50.039302
clinic,Arabian Kennel Club,26.307385,50.123702
school,Brain Language Consultancy,26.300277,50.148325
school,Impact International Education,26.386688,50.121812
school,Drilling and Workover Training Center - 3097,26.312723,50.095376
school,Upstream Professional Development Center (Bldg 9157),26.313354,50.128502
school,مركز جهاد محمد للتدريب (قدرات ، تحصيلي و أكثر),26.343334,50.148621
school,Safety Training Zone (building 3421),26.312598,50.091833
school,Professional Learning Center (Bldg. 1451),26.307887,50.128076
school,"Staff Development, building 2050",26.30652,50.120693
school,Redline Training Center,26.425211,50.060488
school,Dhahran ITC Gate #24,26.328049,50.136957
school,Greenford Training Center,26.471919,50.123701
school,Industrial Training Center - Saudi Aramco,25.938559,49.658758
school,Saudi Aramco Juaymah Advanced Fire Training Center (AFTC),26.774166,50.003836
school,ACI Training and Examination Center,26.36384,50.079533
school,Black Horse training center 2,26.486055,49.977767
school,Industrial Training Center - Saudi Aramco,26.718751,50.039477
school,Building 9114,26.326342,50.137361
school,NEFT Energies Co.,26.375548,50.170572
school,مركز التدريب الحرس الوطني بالقطاع الشرقي,26.37895,50.163462
school,مركز تدريب قوات الدفاع الجوي,26.24482,50.08124
school,أكاديمية نور,26.30147,50.159551
school,رجال الغد للتدريب,26.322591,50.156639
school,مركز تدريب المعلمات,26.365582,50.168059
school,مركز الرابط الفني للتدريب MWB Academy Art Link Training Center,26.349635,50.135388
school,The Leadership Center,26.716154,50.080809
school,مركز تدريب رياض الأطفال,26.366207,50.168245
school,NEFT Institute,26.375711,50.170691
school,FireDIRECT Center Co. Ltd,26.230131,49.980479
school,الفئة الصحيحة مركز تدريب,26.326031,50.16689
school,Little Planets,26.341221,50.140144
school,مركز نيلوفر العالمي لضيافة الاطفال - فرع الظهران,26.337691,50.131685
school,مركز جناح لضيافة الأطفال,26.328722,50.161086
school,بساتين التوت,26.321521,50.169173
school,LIL BAMBINO,26.309448,50.175807
school,روضة وحضانة انجاز الصغار- الدوحة (الجنوبية),26.328136,50.16242
school,مركز التلال لضيافة الأطفال,26.3303,50.170733
school,Promising Telents Day Care,26.338626,50.139131
school,مركز ورود الحياة للاطفال,26.300928,50.188139
school,مركز مواهب صغيرة لضيافة الأطفال الأهلية,26.299401,50.185444
school,مركز بداية بصمتي | Bdayh Bsmaty Nursery,26.300712,50.18856
school,حضانة الجنان المنزليةبالخبر الثقبة,26.281473,50.186985
restaurant,Dhahran Plaza Conference Center,26.331977,50.122838
restaurant,قاعة الدفاع الجوي بالظهران,26.346595,50.118787
restaurant,Salat Alkhaleej,26.308008,50.129298
restaurant,Ad Diwan Hall,26.303738,50.130447
restaurant,EXPEC Auditorium,26.312396,50.13
restaurant,Al Waha North,26.290382,50.103834
restaurant,Pro Events,26.300129,50.174151
restaurant,Pro Events,26.343722,50.148253
restaurant,Ain Dar Hall - Saudi Aramco,25.939158,49.677486
restaurant,Meetings & Events by Radisson Hotel & Apartments Dammam Industrial City,26.25279,49.98596
restaurant,Multi-purpose Building M341r,26.298071,50.110171
shopping,IKEA,26.309744,50.168006
shopping,ABYAT,26.309468,50.166079
shopping,Elegance Style Furniture,26.299145,50.175775
shopping,‏ستائر المدينة Al Madina Curtains,26.346272,50.143015
shopping,Ashley homestore | مفروشات آشلي,26.460851,50.077014
shopping,Flying Tiger Copenhagen,26.305921,50.169342
shopping,سلك وسماعة,26.325147,50.166432
shopping,HUAWEI Experience Store (Dhahran Mall) متجر هواوي الرسمي الظهران مول,26.304059,50.170664
shopping,كوف | رسيفرات و IPTV وعود وبن قهوة – الدمام والخبر,26.236125,50.039302
shopping,Geekay - Mall of Dhahran,26.304413,50.170768
shopping,"Electrical Materials, Electrical Panel Boards, Transformers, Cable Trays,Ladders, Schneider, Himel, Gewiss, Giffex, Alrouf",26.445899,50.118222
shopping,Nasir electronics dish receiver for sale,26.448056,50.096726
shopping,MeStores - Aziziyah Khaleej Rd. | مي ستورز - العزيزية شارع الخليج (Modern Electronics),26.460417,50.07774
shopping,Ashbal zahran satellite & electronic اشبال زهران للقمر الصناعي والالكتروني,26.465366,50.09252
shopping,Cool Tech | Dammam Showroom,26.444965,50.096731
shopping,Alwafa house International Electrical Appliances Company,26.452906,50.068857
shopping,EDDY DAMMAM WAREHOUSE,26.413137,50.155525
shopping,Al Asry Electric Co.LTD,26.253885,49.983295
shopping,Electron Center Commercial,24.64623,46.716654
shopping,Point Networking نقطة الشبكة - للصوتيات,26.43223,50.104655
shopping,Abdulwahed Photography Showroom,26.460667,50.07754
shopping,فاطم ستور لتصليح الساعات Fatim Store,26.489051,50.03885
shopping,"TIEPCO ""The International Electrical Products Company""",26.264469,49.990181
shopping,AJWASYS اجوا سيستم,26.442503,50.100109
shopping,Turmer Store,26.443648,50.099772
shopping,كاميرا بوكس camera box,26.45461,50.05726
shopping,الشاشة الثلاثية (Triple screen),26.475467,50.033742
shopping,Ragam Electronics & Cosmetics,26.441811,50.100567
shopping,مؤسسة أضواء فيفاء للتجارة,26.462627,50.049413
shopping,Najm Al-Nabiyah Electronics Store,26.460854,50.008098
shopping,عمر (الفخامة) الخضرية,26.445041,50.049316
shopping,iquality | آي كوالتي,26.485096,50.052917
shopping,Captain Rabih,26.488556,50.03845
shopping,Al Abbasi Work Shop,26.452484,50.044954
shopping,Noor Alshomoe Co,26.236125,50.039302
shopping,بوخمسين للأجهزة الكهربائية,26.452176,50.072923
shopping,مؤسسة السعد للتجارة الأجهزة الكهربائية والالكترونية,26.4524,50.070229
shopping,Hala sat Installing dish and receiver shop هلا سات ديش رسيفرات محل,26.465086,50.092556
shopping,بيت الاشتعال للأجهزة الإلكترونية,26.451721,50.073721
shopping,مؤسسة بيت العائلة الراقية لصيانة الألكترونيات,26.441099,50.077283
shopping,PC Wave Center,26.529893,50.030685
shopping,العيد للألعاب وصيانة السوني,26.456236,50.092343
shopping,شاشات سيارات محل سفاري لشاشات وزينه السيارات,26.440703,50.065561
shopping,مؤسسة عبدالعزيز محمد النمزر التجارية لبيع الإلكترونيات,26.441797,50.099074
shopping,Virgin Megastore Dhahran Mall,26.3059,50.1697
shopping,Digital World - العالم الرقمي,26.346497,50.139868
real_estate,Maxus Showroom | معرض ماكسيوس,26.375159,50.172247
real_estate,"BYD Showroom Mall of Dhahran, Dammam",26.305893,50.169731
real_estate,BYD Dhahran Showroom,26.361144,50.177907
real_estate,التوكيلات – شفروليه وجي إم سي,26.365938,50.177687
real_estate,مركز شانجان المجدوعي لتسليم السيارات - الظهران | Changan Almajdouie Car Delivery Center - Dhahran,26.362605,50.176878
real_estate,Altawkilat - Dongfeng,26.365687,50.178063
real_estate,Reno store,26.22787,50.019164
real_estate,توكيلات الجزيرة السيارات المستعملة,26.374534,50.173357
real_estate,Changan Almajdouie Dhahran - Showroom | معرض شانجان المجدوعي الظهران,26.362613,50.177812
real_estate,معرض العثيم للسيارات | ALOTHAIM TRUKS,26.478485,50.008068
real_estate,معرض حديث القارات,26.397201,50.012151
real_estate,Aman Car Dealership,26.548286,50.011853
real_estate,Al Kadi Motors,26.446041,50.043011
real_estate,معرض اصداف الخليج وخدمات العناية بالسيارات,26.49301,50.036506
real_estate,Alohali Motors,26.458279,50.030285
government,شركة مداد للمحاماة والاستشارات القانونية,26.372535,50.099754
government,Dr. Saud Alammari law firm,26.330562,50.139437
government,Vision Advocates and Legal Consultants,26.373137,50.100331
government,Barghouthi law,26.345185,50.146597
government,مكتب احمد بن حامد الغامدي للمحاماة والاستشارات القانونية,26.372555,50.099643
government,شركة الحلول القانونية | Legal Solutions Company LS,26.313975,50.223546
government,The Law Firm of Salah Al Hejailan شركة صلاح الحجيلان للمحاماة,26.309813,50.175555
government,العثمان للمحاماة وللاستشارات القانونية AlOthman Lawfirm,26.47188,50.123642
government,شركة المحامي والموثق عمر نصرالله,26.458257,50.085189
government,شركة المحامية الجازي كمال عيسى آل ديهان للمحاماة والاستشارات القانونية,26.436954,50.047072
government,Solutions & Proficiency law (شركة حلول و اتقان للمحاماة),26.439076,50.118202
government,مجموعة عبلان للمحاماة والإستشارات القانونية,26.41137,50.064535
government,مكتب المحامي عادل بن علي الزهراني,26.454217,50.114597
government,Lawyer Zuhair Abdullah Al-Garni Office,26.421356,50.089083
government,Lawyer Abdullah al-Subaie Office,26.428191,50.106234
government,مكتب عقيل العقيل للمحاماة و الاستشارات القانونية,26.418098,50.084082
government,Lawyer Abdul Rahman Issa Albuñán Office,26.446103,50.116471
government,مكتب المحامي عبدالعزيز بن محمد المري للمحاماة والاستشارات القانونية,26.460928,50.12112
government,مكتب المحامي دعيج بن ابراهيم الرميحي للمحاماة والاستشارات القانونية والتحكيم,26.442384,50.121862
government,مكتب المحامي عناد مشاري الحربي,26.404402,50.054947
government,شركة تماضر بنت سعود المسعودي وياسر بن محمد عسيري للمحاماة والاستشارات القانونية,26.418162,50.075854
real_estate,Saudi Aramco Visitors Center - Dammam Gate,26.319911,50.115226
real_estate,Visitors Center - Saudi Aramco,26.32329,50.136002
real_estate,Fourways Travel & Tourism,26.314408,50.147412
real_estate,تأجير قوارب بوسعود( قارب ),26.193643,50.048094
real_estate,قارب الفخامة,26.200195,50.029177
real_estate,Global Travel Solutions,26.236125,50.039302
real_estate,Saudi Falcon Co,26.336003,50.129424
real_estate,العالم للسياحة والسفر,26.546857,50.007372
real_estate,FLYZED TRAVEL & TOURISM,26.44362,50.100893
real_estate,AL DHAHRAN TRAVELS,31.357276,74.176686
real_estate,Maysan Equestrian Club,26.187753,50.01633
real_estate,Spacemaker Saudi Arabia LLC,26.256944,50.032328
real_estate,وكالة درة الشباب للسفر والسياحة,26.491805,50.045921
real_estate,وكالة فيجن للسفر والسياحة,26.507236,50.035711
real_estate,وكالة الرواد المهاجرون للسفر والسياحة| ALRWAD TRAVEL & TOURISM AGENCY,26.404299,50.038267
real_estate,Eco Travels and Tourism,26.445079,50.069483
real_estate,قارب راقي الرابع,26.199309,50.028469
real_estate,مكتب آل منيان للسفر و السياحة (حملة ابو نادر),26.477319,50.036502
real_estate,Noor AlRedha Travel Agency,26.535638,50.026753
real_estate,مكتب الخطوط السعودية بقاعدة الملك عبدالعزيز الجوية,26.275263,50.142215
car_wash,Budget Rent A Car | بدجت لتاجير السيارات,26.360813,50.177937
car_wash,تاجير كرينات،cranes rental,26.231968,49.992275
car_wash,Key Car Rental المفتاح لتأجير السيارات,26.217354,50.185655
car_wash,Travel Car Rental Solutions ترفل حلول تأجير السيارات - الجسر الجديد,26.217244,50.185619
car_wash,ابوذياب لتاجير السيارات الدوحه,26.323649,50.163691
car_wash,شركة السيارة الذهبية لتأجير السيارات,26.322799,50.161029
car_wash,مان لفت وسيزر لفت للإيجار,26.22633,50.101499
car_wash,ابوذياب لتأجير السيارات طيبه,26.372909,50.063212
car_wash,رينتو لتأجير السيارات,26.412909,50.079097
car_wash,Madad Saudi Car Rental,26.410861,50.079531
car_wash,مؤسسة الهوادج,26.443974,50.044644
car_wash,تأجير قارب ابو خلي,26.199608,50.029444
car_wash,نون لتأجير السيارات,26.414193,50.077673
car_wash,عفشنقل House Moving,26.428168,50.068342
car_wash,Key Car Rental المفتاح لتأجير السيارات,26.411697,50.079921
car_wash,تاجير معدات رخص أرامكو,26.464577,50.023446
car_wash,شركة الجبر لتأجير السيارات- المكتب الرئيسي,26.450509,50.118686
car_wash,الخضر لتأجير السيارات - الزهور,26.455687,50.096313
car_wash,Hanco Rent a Car,26.244923,49.981397
car_wash,Maintenance office,26.720217,50.069779
car_wash,Flux Maintenance And Operation Co.,26.459364,50.01886
car_wash,Aramco Vehicles Maintenance Reception,26.316632,50.100317
car_wash,HQS - خدمات منزليه سريعه,26.487167,50.035719
car_wash,NBC crane yard,26.250387,50.004434
car_wash,Aramco vehicle maintenance shop,26.700608,50.088195
car_wash,Elliott Gas Services Saudi Arabia Ltd.,26.233267,50.002661
car_wash,للتكييف والتبريدصيانة,26.474926,50.045692
car_wash,"FORKLIFT RENTAL WORKS AND FORKLIFT MAINTENANCE SERVICE , DAMMAM , Al jubail , DHAHRAN , AL KHOBAR, and eg",26.452637,50.021884
car_wash,New Explorer for Car Maintenance,26.442812,50.047228
car_wash,Marakeb Auto Repair مراكب لإصلاح السيارات,26.444883,50.045849
car_wash,Gecat Dhahran Small Workshop,26.259705,50.044247
car_wash,"ZAKI 7k CAR, MAINTENANCE & ELECTRIC WORKSHOP",26.44691,50.04832
car_wash,Al Zahrani Ind. Maintenance Co.,26.454786,50.019774
car_wash,Khusheim Corporation - Workshop(Maintenance Division),26.444247,50.058188
car_wash,Al Helal Car Maintenance Workshop ورشة الهلال للشاحنات,26.457928,50.02271
car_wash,Aza Modern Trading For Forklift spare parts and Maintenance,26.449277,50.042916
car_wash,Saudi Aspanj Equipment Maintenance Co ‎شركة اسبنج السعودية,26.450203,50.048841
car_wash,MAN - Service Center & Parts Outlet,26.257687,50.022688
car_wash,Abdulqader Abdullah Mansor Al-Abdulhai Est. For Maintenance & Finishing,26.481445,50.046984
car_wash,Kiba Company For Operation and Maintenance,24.668593,46.728898
car_wash,غلوبيكس للصناعات GLOBIX INDUSRIES لصناديق و هياكل السيارات و البيوت الجاهزة,26.483373,50.023679
car_wash,"Al-Wajah Al-Mutamaiza Company for Car Services, Al-Ghadeer Branch",26.492168,50.046735
car_wash,ورشة مزن المضخات للصيانة,26.487153,50.03843
car_wash,Al Riyadh Maintenance,24.780489,46.766818
car_wash,مؤسسة ابراهيم حسين بن ابراهيم الشويخات للتكييف والتبريد,26.476599,50.042894
car_wash,Black Rock Arabia Company LLC,26.466358,50.019094
car_wash,New vision for Operation and Maintenance Company,21.563464,39.186709
car_wash,Black Edition | بلاك ايديشن,26.458005,50.050393
car_wash,مركز دقت الخطوط الجنوبيه,26.236125,50.039302
car_wash,صيانه مكيفات سبليت شباك غساله عاديه اوتوماتيك,26.333327,50.147804
car_wash,SACO,26.304082,50.166299
car_wash,مؤسسة عبد العزيز الدوسري للتبريد والتكييف صيانة مكيفات,26.344005,50.13855
car_wash,Mobility Park 5 - Building 3087,26.314074,50.101272
car_wash,ورشة تصليح أجهزة منزلية وكهربائية وألكترونية,26.333492,50.148621
car_wash,الصيانة المركزية الهلال الأحمر السعودي,26.34509,50.164267
car_wash,Technogenia Saudi Arabia Industry,26.236525,50.006096
car_wash,ورشة صيانة مطابخ المنيوم وحداده,26.45369,50.047503
car_wash,الجميح للسيارات - مركز الصيانة جي أيه سي موتور القشلة | Aljomaih Automotive - GAC Motor Service Center Al qashlah,26.374923,50.171126
car_wash,Chery Service & Parts,26.368513,50.177238
car_wash,هواتف الشرقية لصيانة الجوالات,26.305654,50.171929
car_wash,صيانة المنزلية,26.344556,50.138555
car_wash,صيانة الأ جهزة المنزلية,26.574067,50.031131
shopping,Cutie Pets,26.348739,50.133744
shopping,الفرع الثاني Pets corner,26.348362,50.140972
shopping,حياة البراري للحيوانات الأليفة,26.323563,50.16545
shopping,الورود العبقة | fragrant roses,26.3781,50.100826
shopping,Fullah Flowers فله للزهور,26.372839,50.099802
shopping,سنتربيس | Centrepiece,26.340227,50.154738
shopping,Jau Flowers | جو فلاورز,26.31152,50.177051
shopping,Dhahran Flower Shop,26.309008,50.129114
shopping,Rose and Smile وردة وابتسامة للزهور,26.348017,50.134507
shopping,Flowers Hut,26.309965,50.171676
shopping,Petals,26.32311,50.160521
shopping,ورود وسن Wassan Flowers,26.332965,50.149717
shopping,Beach Flowers,26.328096,50.167689
shopping,غصون الورد,26.345188,50.146188
library,المكتبة العظمى بسنابس,26.580569,50.08516
library,مكتبة ناجز الأولى للخدمات الإلكترونية والنسخ والتصوير والطباعة,26.364254,50.074699
library,مكتبة ضوء الشرق للنسخ والتصوير,26.369187,50.080188
clinic,Chemistry Lab - CPP students,26.326901,50.13791
clinic,Exploration Core Laboratory B-3170,26.303261,50.113774
clinic,Core Laboratories Center B-3177 مركز مختبرات الصخور,26.303641,50.116723
clinic,LAB7,26.332805,50.119189
clinic,مختبر الخليج الطبيه,26.272826,50.216291
clinic,Optical Club Mall of Dhahran - اوبتيكال كلوب الظهران مول,26.304813,50.171438
clinic,Optical Club Dhahran - اوبتيكال كلوب ظهران,26.337443,50.153358
clinic,AL-DULIMAN OPTICS الدليمان للبصريات,26.338297,50.15265
clinic,Doctor M - Al Dhahran Mall Gate-2,26.308626,50.171064
clinic,Noor Lens نور لنز,26.265438,50.070563
clinic,eyewa Mall of Dhahran 2 - ايوا مول الظهران2,26.304738,50.172306
clinic,eyewa Amwaj Mall - ايوا امواج مول,26.309697,50.171815
clinic,مجال الرؤية للنظارات,26.325095,50.1664
clinic,eyewa Aldoha district - ايوا حي الدوحة,26.337313,50.153438
clinic,Panorama Opticals,26.322266,50.157398
clinic,Sunglass Hut,26.303781,50.168684
clinic,Field of Vision,26.345403,50.137131
clinic,GRAND EYEWEAR OPTICS,26.307046,50.174409
salon,mrwash Spa & Hammam,26.343575,50.147922
salon,RELAX and REST SPA,26.342563,50.149543
salon,مساج منـزلي الظهران,26.264187,50.068063
salon,Creative Sensation Radisson Hotel,26.305884,50.177737
salon,Hola spa,26.312307,50.177701
salon,مساج بحر الشرق,26.345985,50.145378
salon,فيه صالون و سبا | Fayya Salon & Spa,26.352458,50.210666
salon,La Lune Chalet,26.499444,50.001583
salon,مساج هدوء الشرق حي الجامعة الظهران,26.349757,50.132754
salon,Dawan Complex,26.343555,50.147884
salon,Hush Beauty Spa & Getaway,26.337269,50.20152
salon,Al Khobar Home Wellness Care,26.220702,50.059291
salon,Isle studio & spa,26.30641,50.183183
salon,XB SPA اكس بي مساج,25.403635,49.580514
salon,30 Degrees Barbershop,26.345022,50.146405
salon,Espada,26.338234,50.153024
salon,Golden Time Salon,26.325149,50.166368
salon,صالون متعب للحلاقة Metaeb Barbershop,26.323133,50.160731
salon,Shavery Salon شيفري للحلاقة,26.323641,50.112375
salon,الحفرة للحلاقة الرجالية Cukur Barbershop,26.371199,50.139961
salon,Barber Shop,26.309128,50.129543
salon,Danial Barber,26.340168,50.154587
salon,LUJO,26.313082,50.178372
salon,صالون الباشق فرع الدوحة,26.323373,50.162348
salon,NAMOOS BARBER SHOP,26.331534,50.16225
salon,Barber shop,26.314742,50.129384
salon,حلاق مطل القصور,26.347163,50.142287
salon,صالون الصقر Al-Sager Barber,26.347406,50.135117
salon,حلاق البطل الصغير للاطفال,26.323537,50.165088
salon,Style Salon Kids,26.305227,50.167292
salon,‏صالون احمد,26.348442,50.134049
salon,حلاق وجه الخير,26.348353,50.134716
salon,Rabwah Barber صالون ربوة,26.34621,50.13695
salon,صالون فخامة التألق,26.346071,50.13697
salon,صالون سمو,26.32721,50.167383
salon,صالون الطيار,26.345806,50.137289
salon,صالون طفل و رجل,26.347104,50.141519
salon,smart barber shop,26.372652,50.104621
salon,Silver Scissors Barber,26.333482,50.148913
salon,Scissor Cut,26.348936,50.133541
salon,صالون للحلاقة الرجالية,26.348921,50.134133
salon,Wid Alsager Saloon,26.34893,50.133548
salon,Salon al moda,26.322595,50.156804
salon,Return Salon,26.289385,50.214813
salon,صالون الخيل الأبيض,26.343984,50.162754
salon,صالون مصرى (ZS) للحلاقة الرجالية (حلاق مصري),26.288274,50.193579
salon,صالون ماي رام للحلاقة الرجالية,26.269455,50.190892
salon,صالون الغربية,26.274581,50.189611
salon,Al-Zaeem Al-Arabri Barber Shop,26.299923,50.198382
salon,كيتف للخياطة الرجالية - CATIVE,26.343643,50.147853
salon,Mitro khayt Tailor for Women Tailoring,26.348048,50.134454
salon,Anwar Al Fujaira Tailoring,26.347385,50.135138
salon,خياط احمد خياط نسائى,26.348345,50.1341
salon,Shahad Ladies Tailoring - خياط شهد للخياطة النسائية,26.348706,50.133778
salon,Al Shabab Tailoring,26.323266,50.161588
salon,International Center for Mens Thob Tailoring,26.345447,50.137649
salon,Shabab Tailoring | الشباب للخياطة,26.333506,50.148494
salon,خياط ودّان للخياطة الرجالية,26.326599,50.167174
salon,تاج ركين للخياطة الرجالية,26.265719,50.070942
salon,تاج النخبة للخياطة الرجالية,26.324127,50.165658
salon,مشغل خياط حياكة نسيج للخياطة - Heyakat Naseej Tailor,26.348418,50.134699
salon,خياط منال النسائى حى الدانه جنوبيه شارع عمر بن عبدالعز,26.326693,50.146053
salon,Dhahran Ladies Tailor | خياط أضواء الظهران,26.395265,50.092166
salon,خياط ملبس الهلال,26.276394,50.190878
salon,Ladies tailor,26.333493,50.148593
salon,الأشبال خياطة عسكرية,26.274564,50.19277
salon,Al-tala al-bahiyya for women's tailoring,26.437435,50.084624
salon,Kuwait tailor,26.210252,50.207475
salon,Boom track and taralers tarnsan porat,26.434662,50.037207
salon,شركة نجمة الصقور للخياطة | Al Saqoor Star Tailoring Company,26.446986,50.103819
salon,خياط فرحان للخياطة بدل رجال,26.274412,50.193143
salon,Alshafi Tailor,26.27254,50.193725
salon,Effecta Tailoring Accessories - افيكتا لوازم الخياطة,26.445722,50.101011
salon,فخامة دشداشتي للمستلزمات الرجالية فرع الدمام,26.408,50.058678
salon,التاج للخياطة الرجالية,26.410457,50.097733
salon,Ladies tailor,26.473218,50.118295
salon,Arabian luxury fabric tailor,26.423988,50.096697
salon,Tailor,26.442592,50.100387
salon,أيفرست للخياطة الرجالية,26.467923,50.047166
salon,الثوب المهيب للخياطة الرجالية,26.323058,50.162832
salon,انوارالظهران للخياطة الرجالية,26.347667,50.135419
salon,Naqshat Qamash,26.350005,50.133024
salon,ترانيم الأول للخياطة الرجالية,26.322563,50.158938
salon,خياط سكبه المشاهير للخياطة الرجالية,26.322553,50.159262
salon,Fakhama Tailor خياط الفخامة العربية,26.344318,50.138801
salon,ضاحية الديوان للخياطة الرجالية,26.208873,50.1925
salon,خياط ليالي الجزيره العربيه,26.275286,50.191874
salon,خياط الظهران,25.388377,49.548629
salon,خياط المميز للخياطة الرجالية,26.322797,50.158424
salon,خياط المدينة - هارون,26.26736,50.197646
salon,خياط الظهران البادية الرجالي,26.432737,50.093978
salon,الخيوط الأنيقة,26.271725,50.195438
salon,خياط البصمة للخياطة الرجالية,26.270494,50.195841
salon,خياط التكامل العصري النسائي,26.361671,50.064595
salon,خياط سعود,26.208898,50.192089
salon,خياط نجم الاسطوره,26.398927,50.041426
salon,خياط الكويت - للخياطة الرجالية,26.27662,50.194715
salon,خياط نسائي,26.323839,50.165739
salon,ضاحيه الديوان للخياطه المستلزمات الرجالية,26.362416,50.064302
laundry,مغاسل الجيل العالمية,26.3423,50.12923
laundry,Qusour Laundry,26.343673,50.162494
laundry,مغاسل الرهدن AlRahden Cleaners,26.265909,50.071305
laundry,مغاسل الرهدن,26.33847,50.152545
laundry,Al Fajr Laundry,26.333505,50.148235
laundry,مغاسل جورى,26.319224,50.158294
laundry,مغسلة الجبر Aljabr Laundry,26.346803,50.140264
laundry,مغاسل ميعاد,26.32651,50.145806
laundry,مغسلة سماء الدوحة,26.322554,50.159331
laundry,مغسلة الجبر Aljabr Laundry,26.370912,50.094825
laundry,Al Shalal Laundry,26.334169,50.148922
laundry,مغسلة الجبر Aljabr Laundry,26.373522,50.104128
laundry,مغاسل بلا موعد,26.33349,50.148685
laundry,مغسلة الأنهار,26.349851,50.133167
laundry,مغسلة الظهران,26.289611,50.210301
laundry,مغسلة الجبر Aljabr Laundry,26.326204,50.167002
laundry,مغسلة الفلك,26.349527,50.157262
laundry,Al-Berwas Express Laundry,26.340062,50.154722
laundry,مغسلة الفجر Alfajar Laundry,26.314422,50.148033
laundry,مغاسل مكان وزمان للملابس,26.34466,50.138441
laundry,مغسلة د. النظافة,26.367844,50.10538
shopping,Alazhar Stationery,26.344331,50.138788
shopping,قرطاسية أصداف الندى,26.351046,50.093939
shopping,Creativity Soul,26.300425,50.148353
shopping,Barq Al Rabwa Building Materials Est.(Electrical & Plumping shop). And electric plumbing maintenance,26.347819,50.134784
shopping,Hardware Store And Building Material Store,26.343563,50.162439
shopping,Materials Supply Building 1965,26.308621,50.124141
shopping,مؤسسة شلاع مواد بناء,26.343975,50.162741
shopping,Anmatt Al-Amar Wood Industries مصنع انماط العمار للصناعات الخشبيه,26.233728,49.996982
shopping,شركة مكارم النخبة للسيراميك والرخام والادوات الصحية,26.463515,50.024126
shopping,NPC DHAHRAN,26.231042,50.057486
shopping,The First System Trading Corporation,26.447923,50.040494
shopping,مدينة روسيا,26.46418,50.068427
shopping,RAFFY TRADING HOUSE (BUILDING MATERIAL HUB),26.455168,50.080305
shopping,Alamoudi Building Materials العمودي لمواد البناء والديكور,26.445957,50.051827
shopping,"KHOLOUD HUSSEIN EST FOR PLUMBING, ELECTRIC & BUILDING MATERIALS",26.463457,50.092494
shopping,Miraj East Trading Est.,26.450461,50.040799
shopping,شركة مدن الافق لمواد البناء والتشييد MODON AlOfoq Building Materials Company.,26.458276,50.047
shopping,الحلول المتكاملة للسباكة والكهرباء ومواد البناء,26.493546,50.04452
shopping,GYPTECH Al Khodaryah,26.456749,50.046802
shopping,Max Streicher,26.249511,50.003861
shopping,مؤسسة نقطة الاستواء للتجارة Equator point Trading Est.,26.45757,50.048059
shopping,Saudi Ekmal Trading Company LTD,26.422156,50.092003
shopping,AP Tools - Arab Pros Tools for Machinery and Equipment - شركة المحترفون العرب للالات و المعدات,26.444272,50.056849
shopping,Nahdi Building Materials and Electricity,26.217098,49.926142
shopping,Bitumat Company Limited,26.242491,49.984789
shopping,موسسة متعب المالكي لمواد البناء,26.457029,50.04818
shopping,مؤسسة الكف الأبيض التجارية | عوازل صوتية | عوازل حرارية | عوازل مائية,26.456245,50.048042
shopping,الزامل للعزل,26.453927,50.053233
shopping,مؤسسة صقور بيحان للحديد ومواد البناء,26.452011,50.048615
shopping,بناء الاتقان 1 Bena'a Aletqan,26.4067,50.036042
shopping,شركة تريو وود لتجارة الأخشاب و مواد بناء Trio Wood International,26.450782,50.052725
shopping,مؤسسة سقوف الجزيرة التجارية لمواد البناء والمعدات اليدوية,26.456538,50.048592
shopping,Abdul Aziz Al Mangour Trading Est.,26.446062,50.060309
shopping,ونش بلاستر نجوم البناء والعوازل التجاريه,26.464796,50.034136
shopping,ceiling trading co Branch 2,26.457799,50.045833
shopping,الولايه لمواد البناء جبس شعر,26.457346,50.045849
shopping,مؤسسة الجسر الصلب,26.459318,50.046772
gym,Al-Midra Recreation Center,26.32339,50.112108
gym,ERCA GROUNDS,26.201582,50.112216
gym,Al Munirah Tennis Courts,26.315397,50.12938
gym,Khobar Running Crew,26.40535,50.186487
gym,Canyon Road Padel Court,26.292092,50.133833
gym,Al Taraji Sports Club,26.504737,49.979698
gym,Laith Bowling Alley,26.323196,50.164542
gym,Tanadoh For Swimming Pool,26.33067,50.162276
gym,Hills Swimming Pools,26.290844,50.105381
gym,Azura Private Ladies Beach,26.188509,50.019852
gym,كورنيش للسباحة,26.141181,50.076537
gym,AlQadsiah Swimming Academy - Jebel Heights,26.28974,50.101458
gym,Farha Swimming Pool - Saudi Aramco,25.935936,49.672328
gym,AP Race Swimming Academy - ISG | أكاديمية أي بي ريس للسباحة مدارس المجموعة العالمية,26.186498,50.126804
gym,Palm Springs Compound (Abdullah Fouad Compound),26.371669,50.170741
gym,مسابح,26.081313,50.002422
gym,ماربيلا كمباوند Marbella Compound السليمان العقارية,26.338114,50.15316
gym,South Swimming pool,26.716175,50.083269
gym,مسبح منتجع شاطئ النخيل,26.189934,50.019792
gym,شاليه خاص مع مسبح وبحر في الخبر,26.1947,50.023883
gym,شاطئ ارامكو,26.124545,50.087097
gym,منتجع وشاطيء تمارا نصف القمر بالخبر,26.030747,49.993351
park,مركز الطفل الصغيرللفنون (لتل بامبينو),26.309448,50.175807
park,Kids Playing Area,26.772118,50.034365
park,Kids Play Area,26.751526,50.051713
park,ADES Camp Saudi,26.249321,50.043528
park,"Banana beach half moon, Dhahran",26.205758,50.02764
park,Kids avenuee,26.236125,50.039302
park,Pirate Ship Playground,26.294835,50.129369
park,Kids fun zone 2,26.494896,50.052216
park,Kids Play Area,26.254514,50.077572
park,Kids playland مركز أرض اللعب للترفيه,26.49435,50.043213
park,"Toys ""R"" Us",26.309037,50.173566
park,تشكي تشيز | Chuck E Cheese,26.309424,50.173317
park,Half Moon Bay Coast Guard Center (diving permit),26.201983,50.038174
park,خليج الدانة - Dana Bay,26.084879,49.998895
park,Aramco Beach,26.130415,50.07823
park,شاطى نصف القمر,26.125582,49.99233
park,HALF MOON BEACH,26.114712,49.987592
park,EAST COAST ADVERTISING AGENCY,26.436597,50.101544
park,Half Moon Beach,26.183294,50.060733
park,Amwaj Beach,26.141818,50.001752
park,منتجع شاطئ النخيل,26.187728,50.01625
park,STARS COAST East-مؤسسة ساحل النجوم التجارية,26.428407,50.105965
park,Gulf Sea Trading EST,26.156312,50.12741
park,Coasts Of Eastern Gulf Trading Est.,26.44347,50.113475
park,REDTAG,26.31044,50.170171
library,Dhahran Cultural Center - Seraj,26.318804,50.159054
library,Youth Center 3rd street,26.30209,50.137488
library,Ithra Direct Access,26.326396,50.127628
library,Youth Hub (Aramco),26.315642,50.130526
transport,Half Moon Yacht Association,26.125659,50.085345
transport,Darin Seaport,26.539994,50.08572
transport,ITCO Dammam branch - Port1 - شركة الاخشاب العالمية فرع الدمام - ميناء ١,26.430871,50.174003
transport,Eradat Terminal,26.310129,50.053745
transport,Dhahran Bus Terminal - ABQ OLD ROAD,26.315149,50.09926
transport,Almaidan,26.314911,50.146734
transport,Munirah Bus station No.42,26.314403,50.130051
transport,Bus Stop,26.29877,50.108482
transport,Golf Course Bus Stop,26.300831,50.109836
transport,محطة حافلات المدينة الصناعية الثانية.,26.245904,49.981392
transport,Al Ahsa Bus Terminal - Saudi Aramco,25.356631,49.523227
transport,Dhahran,26.312619,50.178274
transport,Safar Taxi Office,26.314142,50.147691
transport,Samara Land Transportation Services Company (Head Office),26.293219,50.172629
transport,Dammam to Riyadh taxi,26.451136,50.105332
transport,MRTHD GROUP,26.281731,50.211828
transport,AL DANA INTERNATIONAL,26.362635,50.035404
transport,Majestic Taxi Services,26.315992,50.131681
transport,Thari Taxi,26.331158,50.162312
transport,Exit 7 Jubail Dhahran highway to Jubail Industrial port,27.062989,49.604552
transport,Dhahran Rd,27.156697,49.568738
hospital,Saudi Red Crescent Authority (SRCA),26.646008,49.927875
hospital,مركز إسعاف الخرسانية,26.913809,49.446101
project,Dammam Saudi Arabia,26.448967,50.116865
project,Maban Real Estate,26.456589,50.11516
project,إحياء العقارية,26.456772,50.11517
project,Al Dammam Development Company,26.460535,50.120607
project,Dammam Southern Housing Project,26.341999,49.985199
project,Real Estate Projects Development Center,26.452391,50.073682
project,Maras development real estate company,26.436174,50.125583
project,شركة أوان الشرقية للمقاولات العامة والخدمات العقارية,26.450043,50.108579
project,JAWAAHEER ROOM,26.46886,50.090344
project,East & West Real Estate Development Company,26.373466,50.16963
project,شركة روانا للتطوير والاستثمار العقاري Rowana Real Estate Development & Investment,26.306248,50.189438
project,شركة تمكين للاستثمار والتطوير العقاري,26.407404,50.137948
project,Aldhafer Real Estate Office,26.411336,50.114971
project,Housing Project Ritan,26.429861,50.047493
project,Huya Realestate,26.435674,50.12456
project,Alsalimi Company,26.448065,50.117976
project,شركة دليل العقارية,26.382094,50.09831
project,Alargan Projects,26.42873,50.136181
project,ورشة المثلث الشرقي للنجارة والألمنيوم,26.452665,50.042296
project,منزل عبدالكريم محمد الممتن - اثنينا نضويها,26.460331,50.054875
project,"Building 2, Dammam Housing",26.416139,50.125222
project,Abdul Rahman S. Al Bassam & Sons (Lolwa Building) Block A (5th Floor),26.445891,50.108298
project,مؤسسة املاك النخبة للمقاولات العامة,26.45583,50.081102
project,لوكسري هاوسينج luxury housing,26.40725,50.137692
project,شركة أطياف الشرق للاستثمار والتطوير العقاري,26.453654,50.080769
project,المنافذ الأولى للتطوير العقاري,26.356063,50.099187
project,شركة المنارة الذهبية للاستشارات الهندسية Al-Manarah Al-Thahabiya Company for Engineering Consultancy,26.454187,50.060812
project,مؤسسة اطياف الشروق للمقاولات العامة,26.451774,50.080839
project,وعد العربية العقارية,26.458652,50.083533
project,ايواء الخليج العقاري,26.446107,50.079699
project,مساكن الفيصلية,26.412886,50.061204
project,الحي الخامس التاسع,26.443569,50.092012
project,Dammam,26.447631,50.099449
project,Future Vision Engineering Consultancy Co. Ltd,26.453063,50.126603
project,Elaf Gulf Real Estate Office,26.47585,50.062553
project,RTCC 91 Camp,26.430342,50.05502
project,شركة ادارة مرافق للاستثمار,26.432308,50.050114
project,مجلس آل كلثم الصيعر,26.377721,50.181435
project,مجموعه سعد الزهراني للعقارات واداره الاملاك,26.437986,50.071995
project,مؤسسة سامان نجد للمقاولات العامة,26.422359,50.110676
project,Dammam Housing Sub Station 4,26.335077,49.999177
project,وجهة الواجهة السكني | NHC - AlWajeha,26.333562,50.004063
project,Al-Dhawahi Project,26.351949,50.077068
project,New Dammam الدمام الجديد,26.436368,50.151628
project,بيوت الفرسان - الأرجان,26.364677,49.97386
project,AlFadhili Field Housing Company for Real Estate Development,26.414907,50.160357
project,مجلس يوسف بن احمد الدوسري و اخوانه,26.361107,50.140989
project,مشروع وعد السكني,26.457694,49.988495
project,Asma Rassam AL Mutairi Company,26.368932,50.035517
project,Dammam Iskan - Building 13,26.413694,50.123748
project,East Dammam Camp,26.41203,50.189042
project,tamkean project,26.380327,50.126461
project,Housing Project Mishraq,26.381831,50.041443
project,Ajyal Project,26.275048,50.06734
project,Funda Villas,26.376228,50.11898
project,East Dammam Housing Development 115/13.8kV Substation,26.380083,50.171745
project,جمعية تريعه الحسناب,26.44664,50.083788
project,Amiantit Camp,26.388263,50.131702
project,Saqifah accommodation,26.417036,50.162204
project,AA Villas Compound,26.36329,50.09151
project,Yasmeen Complex,26.416688,50.122318
project,شركه مصفوفه الشرق العقاريه والمقاولات,26.356807,50.062882
project,"Algosaibi Services- Housing Complex, Dammam",26.361649,50.176056
project,Habif,26.430751,50.043551
project,Alrajeh home,26.491067,50.124491
project,عبدالله الطارق,26.407375,50.1179
project,Badagav belwaniya Chauhan tola,26.447273,50.087581
project,عماره ١,26.484193,50.126024
project,موسسة مشاري للعمل الصيانة المنزليه,26.392684,50.091003
project,مفرح شاكر,26.402613,50.077866
project,HSD,26.477499,50.048231
project,Saraya Villas AlQairwan,26.373011,50.144848
project,Al Ayuni Camp,26.42594,50.12538
project,ক্যাফে চাঁদপুর হোটেল,26.455946,50.044175
project,شركة بناء بيتكو للمقاولات,26.442765,50.090533
project,مشروع تلال الغروب,26.329568,49.987682
project,Office daam al khaliji,26.433585,50.089166
project,وفي ال بو الجوخ,26.389616,50.12729
project,Leen,26.397352,50.067175
project,مشروع منازل الشعلة,26.362496,50.074503
project,مشروع ريفان السكني,26.333215,49.981018
project,Retal Compound Dammam,26.376566,50.21723
project,Sharikh Residential Compound,26.377885,50.126057
project,رتال ريزيدنس | Retal Residence,26.376963,50.217797
project,Ramsha International Facility Project Management Company (RIFCO),26.443233,50.089486
project,Abdullah Kanoo Residential Builduing,26.441482,50.1155
project,ARAK Residential Compound,26.367587,50.100004
project,Ronda Residence Compound,26.372011,50.215565
project,Al Mohamadia Compound,26.367426,50.212679
project,Larida Compound,26.395117,50.051231
project,The Pearl Residence,26.347192,50.189502
project,Hills 4 compound,26.372639,50.186053
project,The ONE Compound,26.33942,50.207454
project,MAS Compound,26.368606,50.14596
project,Black Pearl Compound,26.205687,50.181188
project,Green Valley Compound,26.380723,50.078026
project,M. A. Al-Mutlaq Compound,26.370413,50.18122
project,مجمع اكنـان السكني | AKNAN Compound,26.343158,50.078733
project,Desert Rose Compound,26.35035,50.1982
project,Emaar Khobar Lakes Compound,26.323326,50.059697
project,Daar Residence,26.332263,50.190468
project,Grand Village,26.400591,50.172949
project,Plus Arabia Compound Dammam,26.385088,50.18171
project,Alaseel Residential Compound,26.32097,50.188359
project,Zamil Village,26.366016,50.174086
project,Jazala Compound | مجمع جزالا السكني,26.337017,50.179786
project,Residential Compounds in Khobar | Gulf Pearl 2 Compound | Best Compound in Khobar,26.196923,50.197826
project,One On One Compound,26.37786,50.126202
project,Pervaiz Residence (Villa 15),26.434417,50.077886
project,EUROVILLAGE COMPOUND,26.337312,50.186437
project,Alansari Compound 1,26.338317,50.179998
project,Al Reemah Village compound,26.330817,50.185734
project,Riviera Waterfront Village Compound | مجمع ريفييرا السكني,26.200187,50.216562
project,Lotus 3 Private Compound,26.329417,50.188952
project,Canary Village,26.349321,50.187006
project,Heights Compound (Dammam),26.427777,50.098321
project,Ibraheem Home,26.40211,50.077542
project,Basa,26.417343,50.06899
project,Dammam 91 Panda compound,26.419568,50.02637
project,LuLu compound,26.427492,50.098117
project,Daar residence compound,26.332978,50.189351
project,Retan Village,26.33635,50.193066
project,NOUSHAD AKOLATH DAMMMAM RESIDENCE,26.432179,50.107286
project,Nouf Compound,26.327118,50.191988
project,Estern msar camp,26.461408,50.050052
project,Asayel Compound,26.348865,50.181643
project,Faraz Home Dammam,26.423937,50.112019
project,Rawabi Pearl Complex,26.331403,50.205427
project,wurud Complex,26.415456,50.121491
project,Canary Vista,26.184946,50.127354
project,ADAL NATIONAL,26.423651,50.100622
project,Alkarashi compound,26.394088,50.066535
project,Mjdy's Home,26.42916,50.090301
project,Unity Apartment Complex,26.432548,50.09782
project,Md:Sany Hossain,26.442279,50.084599
project,Alwabel Residence,26.402118,50.09542
project,"Murjan Medical Complex, Bachelor accommodation",26.427436,50.105167
project,Al Mutlaq Compound,26.370691,50.182918
project,Hy Compound,26.342926,50.207286
project,Tamimi Western Compound WH DC,26.323445,50.208806
project,Janah gardens compound,26.372106,50.189653
project,Las Dunas Compound,26.329105,50.206572
project,Al Khodari Compound2 Dammam,26.362347,50.187632
project,Rezayat Village Compound,26.325516,50.202599
project,Mrooj Villa’s Compound,26.350072,50.18268
project,Al Mojil Compound,26.443783,50.084194
project,Al Fakhariyah Compound,26.348634,50.096157
project,Refad Compound,26.304524,50.191564
project,AlWadi Village Compound,26.33461,50.181809
project,Saad 4 Compound,26.350569,50.198959
project,AlFares Compound,26.327295,50.2252
project,Al Ansari 2,26.325128,50.192163
project,Alnada Village,26.324787,50.059215
project,مجمع الفلك السكني,26.339452,50.20353
project,Nasser Al Khafrah Business Centre,26.433906,50.117743
project,AL ADYAMAN COMPANY شركة أل أديامان,26.439297,50.114182
project,Modern standby Est. مؤسسة الاستعداد الحديث,26.47428,50.094687
project,شايع وقدور للمقاولات - Shaye Qaddour Construction LLC,26.462191,50.080945
project,PMC PROJECT MANAGEMENT CONTRACTING,26.447509,50.117867
project,شركة شموخ الإبداع للمقاولات,26.440634,50.117927
project,Projects Pioneers Contracting CO.,26.366651,50.093745
project,Saudi Cyprian Construction Company Ltd.,26.431936,50.117841
project,شركة 303,26.443151,50.089177
project,Pidco Group,26.524247,50.032297
project,Al Yamama Company for Trading and Contracting,26.411267,50.110767
project,SHAASTEC INTERNATIONAL GEN CONT FOR BUILDING,26.438664,50.111841
project,شركة اعالي الشموخ للمقاولات,26.460283,50.077459
project,Shade Corporation Ltd.,26.434151,50.129017
project,مؤسسة ديوان الخليج للمقاولات العامة,26.424684,50.11108
project,مؤسسة الافاق الواسعة للمقاولات,26.42077,50.105144
project,شركة كمان للمقاولات العامة KAMAN General Contracting Company,26.397432,50.091674
project,AJ Corporation,26.42379,50.118365
project,Gulf Elan for business and projects Ltd co GEBPCO,26.442599,50.104544
project,Mass Power Contracting Co,26.463467,50.039755
project,Blue Seas Global | Construction Company in Saudi Arabia,26.438474,50.113342
project,WestCon - Western Contractors Contracting L.L.C.,26.290828,50.206932
project,موقع,26.430508,50.078771
project,AL-Najaf International Contracting Company,26.430313,50.104482
project,Leadership performance limited,26.41696,50.0819
project,Business Facilities Company,26.409023,50.111853
project,Insha'at Contracting Co.,26.41412,50.063538
project,Petrojet Contracting and Services Co. - L.L.C. (PCS),26.441585,50.071037
project,شركة اعمار الحديثه للحداده والمقاولات,26.452253,50.049926
project,TAASCO,26.419285,50.030629
project,ASHARQ AL-BAEID CONTRACTING COMPANY.,26.423109,50.120744
project,Green Contracting Company L.L.C.,26.460185,50.05057
project,SA General Contracting LLC,26.435086,50.101677
project,شركة عالم وسم للمقاولات,26.435699,50.087656
project,Start Time Contracting est,26.451528,50.047864
project,Modern Communication EST. For Contracting,26.45189,50.103523
project,شركة ارجاء للمقاولات العامة,26.446423,50.113783
project,مصنع اصلي الاندلس للصناعه,26.454096,50.042985
project,TECHNICAL GOAL GENERAL CONST. EST,26.462476,50.037925
project,مؤسسة مون بلان للمقاولات,26.423678,50.100123
project,Salim Bin Hussain EST.,26.445877,50.096596
project,شركة روعة عالم التصميم للمقاولات Rawat Alam Al-tasmem,26.461033,50.077992
project,Abbasi Green Contracting Company( AGCC),26.443889,50.09682
project,شركة آفاقنا للمقاولات العامة,26.42511,50.114586
project,Precious Stars Support Trading Est,26.437061,50.084375
project,مؤسسة مدارات الوقاية للتشغيل والصيانة,26.442535,50.10803
project,Al Jalal Contracting Co. شركة الجلال للمقاولات,26.434193,50.117335
project,مؤسسة قبس الدمام للمقاولات,26.442504,50.096695
project,الشركة الاهلية للمقاولات,26.417388,50.081591
project,ARABPEX,26.426387,50.085019
project,Zulf Alkhaleej Company,26.466185,50.020187
project,Progressive Structures Contracting Co. Ltd. (PSCC),26.285776,50.188831
project,I TECH CONTRACTING أي تك للمقاولات,26.44175,50.071344
project,صندوق أجدى التنموي,26.420951,50.103829
project,ARMC BUSINESS GROUP,26.445062,50.112187
project,Business Development consultant,26.430383,50.018296
project,Business development company,26.47286,49.961506
project,Irrigation Commercial Development Corporation,26.436512,50.06555
project,التصنيف البلاتيني لخدمات الأعمال,26.445756,50.108634
project,Ali AlDowayan Holding,26.405036,50.062615
project,Grand Developers Gen.Cont.Co.Ltd,26.425327,50.023855
project,Alzobi Tawer,26.440016,50.117821
project,Jouf Agricultural Development Company,26.44131,50.066453
project,Future Business Development Trading Est.,26.415279,50.162342
project,DEVELOPMENT SERVICES COMPANY LIMITED (DSCOLTD),26.407863,50.13807
project,Khalid Suwaidan Marketing Org.Dammam. Saudi Arabia,26.420683,50.088794
project,Balhamer Business Gate,26.452578,50.12674
project,مؤسسة التطوير الريادي العقارية,26.39777,50.092572
project,Redaa Developing Company Limited,26.424831,50.110715
project,Asharqiyah Development Company,26.435929,50.087731
project,Development Integration Company,26.40002,50.104894
project,Mohammed Saud Al Subai Est.,26.407993,50.061876
project,المعمل الخاص,26.454558,50.058969
project,Al Ohali Business Center,26.414289,50.064048
project,Fifth Dimension Investment Holding Co.,26.414304,50.064084
project,HASSCOM IPTS,26.43073,50.04242
project,AL-SAMAH INTEGRATED LLC ( شركة السماح المتكاملة ذ.م.م),26.406483,50.113233
project,Ash Arabia Co. Ltd.,26.461021,50.12103
project,Qualifyes,26.443701,50.067016
project,Meridian Quality Management Professionals - MEQMP,26.413386,50.124786
project,"Orbit pioneers for Networks,Telecom and Security Sys.",26.430657,50.104686
project,Innovative Applications Est.,26.464122,50.032037
project,Cloud Seven Trading And Contracting CO.,26.431724,50.115853
project,Kanoo Tower,26.441954,50.114653
project,Abdul Latif Jameel Commercial Development Company,21.555222,39.143169
project,AlMoajilHolding,26.440518,50.104909
project,Cutech Arabia LLC,26.429282,50.117098
project,فولتيجر لخدمات التسويق الالكتروني - الدمام,26.462272,50.068242
project,Yellostack for communication & IT Services,26.437187,50.118423
project,Fair Value,26.372763,50.099559
project,Zamil Steel Holding Company Limited,26.396838,50.140357
project,Agility Logistics Dammam,26.426886,50.177929
project,Konh studio | استوديو كُنه,26.458264,50.090972
project,Saudi Engineering Group International,26.446192,50.111927
project,"Kirby Building Systems Dammam, SA | Steel Structure | Structural Steel Buildings | PEB Building Manufacturer",26.446557,50.118284
project,Sinai Spark Global | Dammam| Business Setup in Saudi Arabia,26.36574,50.204353
project,Joatha Consulting,26.46061,50.077474
project,الدمام سكوير,26.4151,50.093937
project,شركة حلول التطوير للاتصالات وتقنية المعلومات OBS,26.400026,50.120394
project,بيان الثروة للتقييم - Bayan Altharwah,26.4584,50.09008
project,Remal IT,26.407238,50.064505
project,Sharqia Development Authority,26.411955,50.169561
project,Dammam Crude & Gas Development Project,26.236125,50.039302
project,JOUD UNITED COMPANY LIMITED,26.496571,49.982508
project,صندوق الأمير سلطان بن عبدالعزيز التنموي,26.399576,50.137983
project,GULF RADIANT CONTRACTING COMPANY,26.418039,50.084129
project,Seyada LLC,26.407863,50.13807
project,MAS Engineering and Construction Company Ltd.,26.391566,50.150531
project,Gulf Builders Company(GBC)المطوع,26.488873,50.03549
project,شركة ريادة الشرقية للمقاولات العامة,26.426184,50.023411
project,Capital Projects-ltd,26.447806,50.033041
project,Dammam Engineering Contracting Company,26.442174,50.115844
project,Inmaa Albilad Co.,26.465407,50.122834
project,ZODCON,26.396676,50.143392
project,"Saudi Friends Engineering & Construction Co., Ltd.",26.481543,49.990807
project,شركة عبدالله عايد العنزي للمقاولات العامة,26.468393,50.007863
project,SINOMA-CDI.DAMMAM,26.467205,50.122007
project,Tareg Al-Jaafari Cont. Co.,26.492966,50.129101
project,ثبات للتطوير العقاري | Thabat Real Estate Development,26.413034,50.170939
project,شركة أمكن للتطوير العقاري - AMKN Real Estate Development,26.378533,50.147647
project,شركة يزدان العقارية,26.41905,50.030688
project,شركة أكنان للتطوير العقاري | Aknan Real Estates Company,26.342922,50.078823
project,Adel Ayiri Real Estate Development,26.493302,50.124159
project,شركة بيت المودة للمقاولات العامة والتطوير العقاري,26.455084,50.062522
project,Al Khobar Lakes Sales Centre - Dammam,26.323279,50.057919
project,شركة وقت الحزم للتطوير العقاري,26.403312,50.224672
project,Nesaj Real Estate Development - نساج,26.309345,50.175354
project,مكتب | صفاف العقارية,26.370141,50.06558
project,اثراء العوالي للتطوير والاستثمار العقاري,26.349284,50.074306
project,iEstate Company,26.381678,50.047457
project,Tamkean,26.420683,50.088794
project,Sakanna Real Estate Development - شركة سكنا للتطوير العقاري,26.284836,50.197451
project,مشروع نعمى السكني,26.346755,49.973385
project,Nesaj Town نساج تاون | رتال,26.333313,50.000812
project,AL-HOWAIL housing apartments,26.4387,50.058513
project,مشروع شقق سكنية مميزة (السلمانية3),26.420683,50.088794
project,مشروع الفريدة,26.332012,49.982557
project,فلل البيرق الدمام Albairag Aldammam | انوفست العقارية,26.327155,49.982839
project,Ewan Tharwa | إيوان ثروة,26.395312,50.205313
project,Sadeen Townhouse,26.325934,50.000676
project,Eva Residences,26.381181,50.123923
project,مجمع الفاخرية السكني,26.348877,50.096825
project,مشروع فلل اعمار العالمية,26.368762,50.222713
project,إسكان الدمام Iskan Dammam Bldg. 19,26.413821,50.121242
project,فلل عسيب | Aseeb Villas,26.393556,50.219222
project,دورمز سكن الطالبات والمتدربات والموظفات,26.460743,50.068801
project,Al Khobar Lakes,26.322237,50.057828
project,City flower,26.442807,50.100752
project,Al Nada Residential Village,26.336563,50.209116
project,Ithra Residential Complex 2,26.224628,50.201596
project,واحة مدى,26.350054,49.976758
project,حي اجيال السكني بالظهران,26.272314,50.0731
project,مشاريع التطوير 20,26.383003,50.126053
project,مركز سكني الشامل الخبر,26.319425,50.215712
project,Ajyal,26.264975,50.072819
project,مؤسسة انماء الشرقية للتطوير والاستثمار العقاري,26.430685,50.02742
project,شركة نافي للتطوير العقاري,26.353632,50.098174
project,Real estate investment & Development AlFarida,26.330771,49.980171
project,مشاريع حمد للمقاولات والتطوير والاستثمار العقاري HAMAD PROJECTS,26.363232,50.073357
project,مجموعة الزاير للتطوير والاستثمار العقاري,26.44519,50.008104
project,مؤسسة سادة التطوير للمقاولات و العقارات,26.439282,50.040818
project,شركة المنفذون العقارية للتطوير والاستثمار,26.357891,50.131496
project,شقق تمليك,26.436871,50.026565
project,السهم الثاقب للخدمات العقارية,26.418292,50.019154
project,مكتب سادة التطوير للعقارات,26.437917,50.038181
project,الحلول النوعية للتطوير العقاري,26.417239,49.984465
project,اثراء الدمام العقارية,26.450854,50.086336
project,إيراد العقارية,26.427874,50.03875
project,شركة سواري الخليج للمقاولات والتطوير العقاري,26.353079,50.20104
project,شركة جمارا للتطوير العقاري,26.36637,50.078024
project,مكتب التطوير الحضاري للعقارات,26.346725,50.044325
project,عقارات الشرقية,26.455393,50.09243
project,مؤسسة الشعيبي العقارية,26.441978,50.121484
project,Orouba Avenue | العروبة أفينيو,26.346686,49.993031
project,مشروع مركز الرمال للاعمال - تحت الإنشاء,26.330878,50.180464
project,Business Gate Dammam,26.411582,50.132968
project,Nesma project,26.47781,50.19741
project,شركة مشاريع الخليج,26.411665,50.096845
project,مجمع روفز التجاري ROOFZ MALL,26.320359,50.222252
project,Kavala Plaza,26.462565,50.120977
project,مشروع جنان الشاطئ السكني التجاري,26.557235,50.030834
project,Al Othaim Park,26.375091,49.990672
project,السلة الاولى الاقتصادية,26.424813,50.032562
project,Fayzah Holding Tower,26.404746,50.102156
project,Sharik,26.452752,50.126731
project,Sidra Complex,26.333496,50.184217
project,Eastern Cement Tower,26.330947,50.204077
project,برج رسيل التجاري,26.490535,50.122129
project,مجمع تجاري,26.61478,50.007089
project,لوحات,26.437703,50.069136
project,مشروع جنان الشاطئ 4 السكني التجاري,26.557966,50.029444
project,Arkaziya Mall (Project),26.391063,50.120937
project,مؤسسة أنماء الشرقية مكتب المبيعات حي الزهور,26.45662,50.082236
project,Dammam Saudi Arabia,26.345122,49.962829
project,New Mazruiyah Residential Building,26.440096,50.120603
project,Aljuri Complex,26.412735,50.124658
project,"‎برج الفاخرية السكني للشقق التمليك الفاخرة والايجار السنوي , Fakhiriyah Residential Tower (FRT)",26.361512,50.096507
project,Askan Building 25,26.41659,50.123189
project,الاسكان التنموي,26.329872,49.982416
project,Zeppelin Dammam Villa,26.436353,50.10183
project,Iskan Dammam,26.415245,50.122802
project,Prince Mohammed Bin Fahd Housing,26.381822,50.049251
project,اسكان الخبر مبنى ٨١٧,26.25649,50.209397
project,Aliskan,26.419999,50.115965
project,مجمع السحيمي التجاري Al-Suhaimi Commercial Complex,26.405392,50.06982
project,اختيار العائلة للبضائع المخفضه,26.438198,50.0945
project,مجمع المرتجى التجاري,26.467021,50.047508
project,مجمع فيولا التجاري,26.378328,50.058622
project,Centrepoint - Corniche,26.459498,50.082151
project,مجمع هنتل التجاري,26.420145,50.123356
project,مجمع الاربش التجاري,26.457577,50.051389
project,Al-Wajeha Destination,26.331387,49.989881
project,شقق وغرف عزاب الدمام حي الضباب,26.432576,50.04613
project,قصر الندى للشقق المخدومة,26.436064,50.084545
project,الدمام حي العزيزية,26.45226,50.076918
project,إسكان الدمام Iskan Dammam Bldg. 12,26.412297,50.124817
project,إسكان الدمام Iskan Dammam Bldg. 9,26.412964,50.125089
project,حي الفيصلية الدمام,26.393687,50.071403
project,الليلك للشقق المفروشة,26.413576,50.075336
project,عمارة الغماس في حي الباديه,26.430568,50.08872
project,Nova Furnished Units,26.464329,50.085643
project,مخطط واحة الشرقية,26.351308,50.073007
project,Furnished Residential Units,26.423568,50.077868
project,أكادونيا للشقق المفروشة,26.42878,50.074088
project,Amer Alghadeer Building,26.488463,50.049047
project,Watan - وطن,26.392769,50.11506
project,SWAT HOTEL,26.369427,50.066664
project,Luxury Palace Hotel Suites,26.365159,50.076188
project,دهانات بي بي سي فرع شارع الخزان,26.440364,50.096674
project,شقق مفروشة حي الزهور نور الدمام,26.451232,50.096362
project,عمارة حي البادية,26.430424,50.095811
project,عمارة الكوثر حي العمامره - الدمام,26.445755,50.116317
project,كورنيش الجوهره الدمام,26.467725,50.08003
project,مجمع أفلاك السكني التجاري,26.484546,50.05328
project,Zuhur Court,26.451463,50.086501
project,مركز سكني مشروع الخبر الدمام,26.307454,50.213612
project,Dammam Tower,26.432472,50.117886
project,Tower Dammam,26.48397,50.105936
project,Al Bassam Tower,26.430933,50.117644
project,Asharqia Chamber Tower,26.375244,50.174958
project,Samic Tower,26.456775,50.115146
project,Aldossary Tower,26.454973,50.116312
project,Al-Otaishan Tower,26.365899,50.028414
project,Al Saadon Tower,26.361302,50.193866
project,Kifah Tower,26.376362,50.170747
project,Saihat Tower,26.480173,50.04534
project,Tower Planning Co.Ltd,26.449373,50.042461
project,Alkulaibi Tower,26.442138,50.075668
project,برج المهنا للاعمال ALMUHANNA TOWER,26.452667,50.070507
project,Al Abdulkarim Tower,26.370165,50.177506
project,Bin Hindi Tower,26.425127,50.060227
project,Sea Observation Tower,26.511171,50.203156
project,الدمام برج الدبل,26.436187,50.117688
project,DXN DAMMAM,26.434219,50.083798
project,And salad | اند سالد | الدمام حي المريكبات,26.410954,50.108981
project,Mishraq,26.396394,50.111763
project,Dammam 2nd Industrial City,26.256988,49.971252
project,Universal Bridge Logistics Co.,26.438141,50.114315
project,ABC LOGISTICS CO,26.465599,50.189644
project,Arabco Logistics Dammam,26.415487,50.162901
project,SAL SAUDI LOGISTICS SERVICES – Dammam Station,26.477914,49.791835
project,BPL Cargo & Logistics.,26.443144,50.093667
project,Exyot Logistics,26.436316,50.104449
project,DSV Solutions Saudi Arabia Warehouse Logistics and Transportation DAMMAM,26.426953,50.17682
project,الخط الاول للتخليص الجمركي و النقل First Line Logistics & Customs Clearance,26.457801,50.061975
project,Freight and Logistics Global Company Dammam,26.387567,50.178177
project,Sultan Logistics,26.32921,50.07627
project,WLS (Worldwide Logistics System LLC),26.422527,50.092794
project,COMPASS OCEAN LOGISTICS LLC - DAMMAM,26.437321,50.123878
project,Meridian Logistics Company,26.442398,50.109338
project,BAFCO International Shipping and Logistics Co. Ltd. (T1),26.422401,50.181444
project,TA Logistic Services,26.445731,50.108859
project,ALS LINE - Alliance Lines Logistics Services For CUSTOMS CLEARANCE TRANSPORTATION WAREHOUSING SHIPPING & FREIGHT FORWARDING,26.446749,50.112405
project,AL SHALAWI LOGISTICS,26.420047,50.1827
project,Gulf Corp Logistics Company (شركة جلف كورب لوجستيكس),26.431683,50.115955
project,Logistics Plus LLC,26.451423,50.12789
project,Wosool Transportation & Logistics,26.423589,50.17504
project,Alhamdaan | Leading Logistics Company in Dammam Saudi Arabia,26.339714,50.026792
project,Jadeer Logistic Services Company LLC,26.448709,50.187359
project,Data City Logistics,26.451258,50.075137
project,Nyazik Logistics Services Co | شركة النيازك للخدمات اللوجستية,26.441067,50.073962
project,Fawaz Al Shammari FTE Logistics فواز الشمر للنقليات,26.447355,50.193804
project,CEVA Almajdouie Logistics Co.,26.400716,50.051448
project,شركة خالد الظافر للخدمات اللوجستية Khaled Dhafer Logistics Services Co,26.422935,50.169904
project,KAAF LOGISTICS - DAMMAM,26.492606,50.129773
project,Almajdouie Logistics Company,26.385386,50.144003
project,Sultan Logistics [ Port Yard ],26.422562,50.185576
project,Pacific International Movers Damma - Movers and Packers,26.435652,50.12675
project,Tamer logistics Dammam - MDC Warehouse,26.412878,50.135169
project,Momentum Logistics Dammam,26.464396,50.188359
project,"KWE, Kintetsu World Express (Saudi Arabia) Ltd. Dammam",26.264797,49.955395
project,INTERNATIONAL LOGISTICS SOLUTIONS CO LTD(ILS),26.441311,50.104623
project,Delta Infra Global Logistics Services Company,26.435523,50.130348
project,Kanoo Terminal Services LTD.,26.439878,50.188507
project,Gallop Shipping Co. L.L.C,26.436343,50.123979
project,HAMCO LOGISTICS CO. (HAMCO GROUP),26.44034,50.063134
project,The Eastern Gateway Bonded Zone,26.50316,49.784031
project,ALBURAQ INTERNATIONAL SHIPPING CO.,26.407443,50.188195
project,AFEX Logistics,26.431828,50.122867
project,GAC Saudi Arabia (AGSC),26.454745,50.116296
project,GES Logistics | Dammam Terminal,26.419042,50.177628
project,شركة خالد الظافر للخدمات اللوجستية Khaled Dhafer Logistics Services Co‏,26.439418,50.11783
project,Horizon Logistics Est For Customs Clearance & Transportation,26.438751,50.119638
project,Creativity Logistics Solutions Services Co,26.388185,50.143043
project,MedMak Western Co (Hamco Logistics),26.440419,50.0634
project,Nassir Logistics Services,26.439993,50.180528
project,( Bluemax Cargo Co LLC ) Full Logistics Solutions,26.440305,50.117847
project,Bandar Al Jabri Transportation,26.420683,50.088794
project,EFS COMPANY LTD. (EFS LOGISTICS) - DAMMAM / شركة ايه ايف ايس المحدودة,26.440002,50.117618
project,WD logistics,26.405629,50.015854
project,Etmam Logistics Dammam Branch,26.442684,50.059177
project,Durar Logistics,26.435537,50.127117
project,Paarsel (Logistics Simplified),26.415375,50.141763
project,Fast Perfect Logistics,26.442519,50.121127
project,"RTL Logistics, Dammam",26.420683,50.088794
project,Blue Max Logistics Services Pvt. Ltd.,26.438921,50.119576
project,الدولية السريعة للخدمات اللوجستية IEL - فرع الدمام,26.465326,50.034676
project,Future cart est,26.441049,50.07398
project,تمر اللوجستية Tamer Logistic( MDC),26.413508,50.13545
project,مؤسسة النجمة السابعة للخدمات اللوجستية,26.362927,50.030397
project,الادارة العامة للحركة و الدعم اللوجستي,26.396677,50.135439
project,FTE heavylift,26.339109,50.019565
project,Kahhal Medical Complex,26.473685,50.094406
project,Al-Ahmadi Medical Complex- Ash Shati branch مجمع الأحمدي الطبي فرع الشاطئ,26.459255,50.120639
project,مجمع الدمام الطبي مبنى 3,26.430476,50.083521
project,Fajar Dammam Medical Complex,26.363813,50.074188
project,مجمع الامتياز الطبي,26.402585,50.139161
project,WeCare Medical Complex - مجمع وي كير الطبي,26.4242,50.087388
project,Murjan Medical Complex,26.371561,50.124275
project,مجمع عيادات الدكتور حسن العماري الطبي التخصصي (HMC),26.393286,50.072248
project,مجمع عيادات شركة الشفاء الطبية,26.440566,50.063682
project,مجمع اكسل كير الطبي excelcare Medical Center,26.385927,50.094596
project,مجمع حور الطبي,26.41251,50.018814
project,مجمع الدكتور سعود السيف الطبي DR.SAUD ALSAIF POLYCLINICS,26.388337,50.10461
project,Education City,25.314382,51.437367
project,King Fahd Military City,26.321094,50.067282
project,مبنى إدارة التعليم الجديد وادارة الاختبار والقبول,26.37829,50.114341
project,General Presidency for Girls' Education in the Eastern Province,26.449838,50.098133
project,عمادة تطوير التعليم الجامعي,26.382511,50.192378
project,مركز الامير سلطان بن عبدالعزيز لتنمية المراه,26.400433,50.138628
project,Buddha gumba,26.241813,49.971123
project,Campus Management-D7,26.396753,50.193756
project,Deanship of E-Learning and Distance Learning,26.39288,50.195055
project,ادارة التعليم في المنطقة الشرقية - ادارة شؤون الموظفين,26.450813,50.097938
project,Step,26.395545,50.194347
project,معلمة نايا,26.427945,50.10552
project,مركز اقرا فرع الدمام,26.416934,50.108303
project,Continuous learning center,26.419132,50.106733
project,Decision Support Unit,26.3928,50.192587
project,أكاديمية أكسفورد للطيران,26.452016,50.125002
project,Planning and Development Department,26.420344,50.109038
project,Entrepreneurship Incubator IAU,26.392034,50.193567
project,عمادة القبول و التسجيل- وحدة خدمة المستفيدين,26.392398,50.191741
project,Secondary Development Private Schools Benin,26.421975,50.106239
project,Deanery Building Dammam University,26.392979,50.191938
project,حسينية الحاج محسن اليوسف,26.486451,50.034711
project,EMC صناعة الخبراء,26.422913,50.113222
project,Deanship of Information and Communication Technology (DICT),26.395837,50.194446
project,College of Business Administration | كلية إدارة الأعمال,26.392384,50.19386
project,مدرسة المسار المصرى,26.422065,50.106067
project,College of Applied Medical Sciences (Males),26.395807,50.192036
project,مدارس التطوير الابتدائية والمتوسطة الأهلية المسار المصري بنين,26.422399,50.106364
project,مدرسة المعتصم بالله المتوسطة,26.424901,50.108083
project,ادارة التجهيزات المدرسية بالدمام,26.419447,50.103586
project,مؤسسة الفضاء الجديد الأمنية,26.426296,50.111662
project,عمادة الاتصالات وتقنية المعلومات,26.395806,50.194326
project,Boys Education College,26.397697,50.200446
project,Administration Building D1,26.39299,50.189066
project,مبنى العمادات المساندة Building D3,26.393013,50.191939
project,اليمن تعز,26.424875,50.107376
project,Seven,26.475761,50.098142
project,Seven,26.469901,50.098802
project,SEVEN Khobar,26.351112,50.229759
project,Swan Lake,26.391062,50.126114
project,Blackout Field,26.411038,50.133476
project,Blacklight Films,26.384281,50.053798
project,Brighton Cafe,26.417306,50.091793
project,Saihat Cornich,26.490759,50.055734
project,كورنيش سيهات الكوثر,26.485091,50.062523
project,Gamer's Haven,26.420683,50.088794
project,قهوجي الدمام والخبر والظهران والشرقية والدوحه والعزيزيه تاجير طاولات وكراسي وخيام ودفايات ملكه - معارض شركات عزاء افتتاح محل,26.419892,50.089333
project,بوابة الواجهة البحرية,26.48675,50.119611
project,مخيم لينة Linah camp,26.372173,49.844519
project,Waterfront,26.374104,50.217237
project,WaterFront Trading Est.,26.45036,50.047543
project,الواجهة البحرية,26.465064,50.113202
project,الواجهة البحرية,26.48778,50.116912
project,الواجهة البحرية الشمالية,26.498676,50.130284
project,الواجهة الجديدة,26.498694,50.125581
project,Dammam,26.420683,50.088794
project,SunCity Trading Establishment,26.44056,50.097093
project,City Flower Department Store,26.443584,50.096859
project,Dammam 1st Industrial City,26.400117,50.137146
project,Madinat Al Umal,26.423089,50.10983
project,شقق مفروشة ومكيفة عوائل (شهري - سنوي) (FAY Dammam Apartment),26.452012,50.096775
project,Saudi Conduit Coating Company (S3C),26.400312,50.135145
project,"Joyalukkas Jewellery Dammam Al Wafa Mall, KSA",26.438982,50.109701
project,Nadsco Company,26.431621,50.107591
project,Signtrade,26.436451,50.08925
project,Anoosh,26.406303,50.101087
project,Al Adamah,26.432878,50.10457
project,An Nakhil,26.438769,50.088295
project,Swiss International Al Hamra Hotel - Dammam,26.438639,50.106219
project,Dammam Principality,19.586395,53.218049
project,مضغوط المدينة فرع ( 2 ) الدمام حي الاثير,26.440014,50.06465
project,شقق مفروشه,26.429122,50.085701
project,مضغوط المدينة بالدمام,26.436704,50.079114
project,نعناع المدينة المنورة,26.462006,50.061739
project,King Fahd Suburb,26.413589,50.001125
project,بروج السالمية للشقق المخدومة,26.417383,50.091416
project,عطار المدينه,26.396947,50.090753
project,دريم هاوس 3,26.419852,50.091566
project,Marble Slab Creamery Delivery ماربل سلاب الدمام توصيل,26.425245,50.111446
project,مدينة واسط الجديدة,32.461657,45.83616
project,شركة مهاد للتطوير العقاري وإدارة الأملاك,26.285858,50.209389
project,شركة تلال العقارية - Tilal Real Estate,26.312146,50.223832
project,Rikaz Properties,26.33628,50.199432
project,رتال المقر الرئيسي | Retal Headquarters,26.332812,50.212062
project,Refad | رفاد,26.318277,50.216063
project,Flamant Towers Residential Project - Al-Kooheji,26.327237,50.189694
project,MADC,26.29333,50.18601
project,Heart of Khobar | قلب الخبر,26.323337,50.213758
project,رتال رايز | Retal Rise,26.365063,50.233187
project,نساج تاون الخبر Nesaj Town Khobar,26.136822,50.151791
project,AZ Real Estate Development Co,26.269477,50.204757
project,Medrar Residential Town,26.227133,50.204086
project,مشروع أنار السكني,26.231551,50.20407
project,ALFAHAD INVESTMENT & REALESTATE DEVELOPMENT,26.358241,50.189197
project,شركة العضيلة للاستثمار والتطوير العقاري,26.173699,50.158972
project,شركة تنمية للتطوير العقاري,26.298194,50.177922
project,شركة البابية للتطوير والاستثمار العقاري,26.216105,50.193564
project,مشروع أصداف الخبر السكني,26.200312,50.205669
project,ابوأنس,26.198834,50.214467
project,Retal Square,26.314202,50.213738
project,Sunrise Beach Gardens Compound,26.166801,50.197116
project,مشروع هومز (برج الخليج),26.231903,50.21966
project,Ajdan Rise | اجدان رايز,26.282438,50.221687
project,Lazurde,26.209444,50.138417
project,Alkhobar Government Housing Project,26.209393,50.159217
project,Beutat Rise - بيوتات رايز,26.230549,50.209828
project,The residential complex of King Fahad University Hospital,26.295344,50.188119
project,Iskan Building 5014,26.253257,50.212843
project,Md.Imran home.. 🏠,26.277521,50.209186
project,Furnished Units by General Authority for Tourism and National Heritage,26.294047,50.198528
project,Danat al bahar,26.210694,50.168915
project,شاطئ الفخامة,26.186184,50.213504
project,وجهة لازورد,26.207255,50.140927
project,مشروع اصداف الخبر,26.126707,50.136024
project,Housing Azizia Building 612,26.255472,50.214106
project,Jewar Houses,26.374457,50.230833
project,Safa homes compound,26.353662,50.192831
project,مشروع جوهرة الشرقية,26.232307,50.201956
project,Luqman Building,26.305497,50.212767
project,استراحه الهاجري,26.172849,50.155124
project,Al Fanar Residence,26.328953,50.211563
project,al qasim al hariri al shatea,26.197859,50.20884
project,الفن للديكور,26.207396,50.208226
project,dorrralmass accommodation,26.266223,50.189571
project,Al Mashreq compound,26.323124,50.203646
project,Air Force Housing Project Dhahran - Beijing Construction Engineering Group Co.,26.244081,50.152376
project,مشروع ركن العقاريه 9,26.233961,50.195645
project,سرايا الغروب | دار وإعمار Dar Wa Emaar,26.198623,50.184181
project,Project # 3,26.197987,50.200131
project,الثامر ٨,26.234533,50.20454
project,شاليه شركة مصادر العقارية,26.18346,50.214023
project,الثقبة,26.219393,50.176513
project,Jazeera Compound,26.279077,50.206834
project,Al Thuqbah,26.277949,50.204312
project,مشروع لاوزرد السكني,26.202434,50.159877
project,Cwcw camp,26.241669,50.198837
project,Rima Residence Compound,26.314783,50.213835
project,Al Rehab Village,26.342482,50.182451
project,Darwazah Residence,26.195505,50.209923
project,Andalusiat Residential compound,26.222623,50.201906
project,Le Ruya (formerly Gulf Address) Resort,26.195048,50.215656
project,Amaya Compound,26.334531,50.203744
project,Downtown Complex,26.310038,50.215119
project,شركة الإنشاء والتعمير | BCC,26.324485,50.206922
project,Iris complex,26.227082,50.204596
project,Melia Tower,26.229988,50.208984
project,اليم ريزيدنس - Alyem Residence,26.233438,50.196813
project,Arch & Build Contracting company,26.219744,50.185834
project,مساكن كيان وأركان,26.207394,50.191046
project,My Camp Actc Near DHL Amazon,26.240709,50.199932
project,Al Rashid Residence Towers,26.291534,50.177692
project,KHOBAR JAMIYA WTS SWCC PROJECT,26.178898,50.2001
project,Altheliyah,26.190049,50.210035
project,AlJawharah Compound,26.326911,50.19357
project,Alef Home Compound الف هوم كومباوند,26.200421,50.215173
project,Rokoun Residence ركون العقارية الخبر,26.332823,50.210192
project,Al Danah Residential Complex,26.336283,50.207639
project,Sea shore Compound,26.166588,50.196239
project,Dalal Compound,26.203794,50.183141
project,Roseville Compound,26.327906,50.188476
project,JEZA COMPOUND,26.308277,50.214572
project,Al-Dewan Compound,26.317819,50.21787
project,Jeerah Residence Complex (JRC),26.329656,50.210202
project,Karawan Village,26.31783,50.213878
project,Rezayat Residential Complex,26.329262,50.200015
project,Al-Rushaid Village,26.331918,50.191762
project,Al Falak Compound 3,26.34536,50.191233
project,"Nesma Village, AlKhobar",26.328025,50.188975
project,Al NAHADHA COMPOUND,26.340968,50.182582
project,Golden Belt Village,26.322204,50.202025
project,Sanus compound,26.345242,50.201004
project,Nasim Village,26.325869,50.209942
project,Tamimi Compound,26.330918,50.1999
project,AlSaeed Village II,26.339969,50.206863
project,KAMCO Commercial Building Project,26.323354,50.178776
project,شركة أمان الاعمار المحدودة,26.279998,50.201374
project,Al Shalawi International Company for Trading and Contracting,26.215918,50.18603
project,THAFIK HAJI HUSSAIN AL-OUFY CONT EST,26.285897,50.213046
project,RAWAN ABDULLAH MOHAMMED ALBARRAK COMPANY,26.277258,50.2091
project,Alfa Gulf Contracting,26.278427,50.207892
project,Nexa Build LLC,26.294259,50.214368
project,شركة جدول المحدودة jadwal Company,26.302072,50.21436
project,JGC Gulf International Co. Ltd.,26.282563,50.200313
project,Khobar Business Gate,26.312379,50.216488
project,East Channels General Contracting Est.,26.182154,50.196121
project,Saudi Projects & Supplies Company | Al-Khobar Branch,26.281049,50.208529
project,معدل الذكاء للمقاولات IQ,26.211524,50.197904
project,Stancon Company Ltd.,26.220134,50.185544
project,رتال بزنس كورت | Retal Business Court,26.329937,50.180312
project,Gulf Business Icon Contracting Company,26.272853,50.194482
project,CBC for Construction,26.309453,50.222022
project,ZGC- GENERAL CONTRACTING EST.,26.276493,50.211427
project,"Delta Project Systems, Sales Office",26.282587,50.199556
project,"EMBARK, Khobar",26.28472,50.202193
project,APC MAIN OFFICE - Arabian Perspective Construction,26.319368,50.215583
project,Shomoul Holding,26.311075,50.178703
project,Joe ' Business,26.302106,50.201261
project,IAGCC Solutions,26.283976,50.199267
project,Empire Construction Equipment LLC,26.215986,50.194354
project,Bandar N TWELVE Co. شركة بندر ان تويلف,26.248269,50.212688
project,ماراسي قلف-Marasi Gulf,26.21273,50.195698
project,مؤسسة منزل الأفكار للمقاولات العامة,26.274562,50.200187
project,Al Suroor United Group,26.300371,50.212112
project,AWN Enterprises,26.287444,50.214603
project,Mega Contracting Company Ltd.,26.174795,50.147225
project,AlRashed Towers,26.303724,50.21056
project,Battal F.Al-Dossary Est,26.292106,50.215371
project,ENPRO (Energy Project Support Company Ltd),26.286525,50.190565
project,ControlTap Contracting Company,26.297257,50.2081
project,Al Harbi,26.350382,50.190415
project,Black Arrow General Contracting Est.,26.204138,50.189051
project,Gulf Arab Crete (GAC) Contracting Office,26.297733,50.212626
project,Al-Hoty Business Park,26.215043,50.175686
project,مؤسسة بصمة الفن للمقاولات العامة,26.274532,50.215735
project,Multiple Contracting Company,26.244055,50.201426
project,INNOVATIVE DEVELOPMENT,26.302065,50.210723
project,مؤسسة المستشارون للأعمال والتنمية,26.290938,50.206825
project,Associated Power & Industrial Projects Development Company LLC,26.286061,50.19302
project,Saudi Arabian Baytur Construction Co,26.285166,50.195659
project,Apex development company,26.307987,50.211291
project,Haddan Project management Est,26.283726,50.199458
project,Rawabi Specialized Contracting Company (RSC) شركة روابي للمقاولات المتخصصة,26.288917,50.189868
project,MIA Arabia Company,26.302414,50.209207
project,Worley,26.284522,50.198977
project,Metro Company Ltd,26.295305,50.185128
project,SASEC Engineering Consultant,26.291542,50.208309
project,Falcons International Trading & Contracting Co.Ltd,26.283876,50.199744
project,Green Engineering Contracting Co.,26.272669,50.197409
project,"Sumou Tower, Khobar",26.30969,50.223072
project,برج إنماء الخزامى,26.212528,50.196323
project,KOOHEJI CONTRACTORS - KSA,26.31069,50.22322
project,Surooh Al Jazeera Group,26.28488,50.196976
project,Eram Engineering,26.312379,50.216454
project,TOP DEVELOPMENT CONSULT مكتب قمة التطوير للإستشارات الهندسية,26.561972,50.037056
project,Gulf Tech for Communication and Information Technology Est.,26.280131,50.202998
project,Fluor,26.311652,50.212237
project,Optimal Goal Properties | للتسويق العقاري والتجاري,26.307628,50.224212
project,شركة ديار الخليج,26.317997,50.22304
project,Maryon Real Estate | ماريون العقارية,26.361554,50.194945
project,قربى للاستثمار العقاري,26.333291,50.184026
project,ZAYA Developments | زايا للتطوير العقاري,26.336134,50.199677
project,سيفيل العقارية civil - شركة الدرر الخليجية للمقاولات,26.30872,50.214037
project,Markaz Real Estate Investment,26.31163,50.217306
project,إعمار وإستثمار العقارية,26.152283,50.158037
project,Aseel Developments \ أصيل للتطوير العقاري,26.302201,50.213937
project,شركة واجهة الخبر للتطوير العقاري,26.192816,50.189487
project,شركة العضيلة للاستثمار والتطوير العقاري والمقاولات العامة,26.154043,50.147262
project,Qebab Real Estate Development | قباب للتطوير العقاري,26.309038,50.214943
project,Near home tukbah,26.275154,50.188007
project,Jannat Real Estate - جنات العقارية,26.3306,50.139409
project,نمو التنميه العقارية,26.308994,50.214873
project,Al Hugayet,26.299783,50.208833
project,مشروع كرم,26.11081,50.135328
project,مجمع الوفاء السكني,26.30946,50.20106
project,Beutat Albandaria - بيوتات البندرية,26.305327,50.216374
project,مجمع الشبلان السكني,26.318512,50.207616
project,Ferdaws Residence 2,26.328849,50.209346
project,22 رواس الحزام الذهبي Rawas Golden belt,26.323304,50.202001
project,Rawabi Bin Sultan,26.330682,50.206129
project,INFINITI by Ajdan,26.36943,50.236976
project,Jewar Yard,26.309848,50.224943
project,Sunshine Residence 5,26.333885,50.209566
project,مشروع سمو لابيرلا,26.340373,50.225335
project,Dar wa Emaar,26.330738,50.20365
project,معرض تسويق شركة تلال الغروب,26.319013,50.215353
project,مشروع تطوير شارع الامير تركي المقاول مجموعة الذعاتي للمقاولات,26.307773,50.223198
project,ميدان العرضة - Alardha Square,26.317969,50.230008
project,مشروع تلال قلب الخبر,26.323639,50.211447
project,مشروع الراكه,26.332231,50.211058
project,شركه الرائم للمقاولات,26.308517,50.214599
project,Sadeen Town House office سدين تاون هاوس,26.324812,50.206867
project,Adeer Tower,26.31156,50.224546
project,مواقع العقارية,26.296335,50.219001
project,النادي العقاري,26.319487,50.215808
project,مشروع فلل مهاد البحر,26.104312,50.154289
project,شركة المدار الواعد للتطوير العقاري- فرع الخبر,26.309438,50.209562
project,Rawas | Uhaideb Real Estate,26.344378,50.148532
project,شركاء الثقة العقارية,26.311986,50.222939
project,تيراس بلس شركة كيان السعودية للاستثمار والتطوير العقاري,26.35764,50.213497
project,شركة منصات نجد العقارية,26.190005,50.205474
project,مشروع أبيات الخبر,26.085494,50.130771
project,شركة يامن للتطوير والاستثمار العقاري,26.30389,50.209536
project,شركة هدف للتطوير والاستثمار العقاري,26.303769,50.223073
project,Investor Real Estate,26.297391,50.214238
project,الوطفاء للتطوير العقاري,26.233166,50.196539
project,مدى الإتقان العقارية,26.26609,50.197012
project,شركة المدار الواعد للتطوير والإستثمار العقاري,26.543415,50.021413
project,يدار العقارية,26.220755,50.213134
project,دانة الخير العقارية,26.296899,50.209977
project,مساكن الشبيلي,26.231656,50.204617
project,Baraka Project Office,26.416952,50.005345
project,Park View,26.092099,50.13332
project,Numou Realestate Company شركة نمو المتكاملة العقارية,26.300095,50.205329
project,مدن العقارية,26.216257,50.193157
project,مركز تجاري للإيجار حي الامواج,26.145185,50.136889
project,AlShaikh Avenue,26.309426,50.219699
project,Startup Hub Khobar,26.31159,50.224205
project,مجمع لابيرلا التجاري,26.200869,50.208611
project,The BLOCK. البلوك حي المنتزه,26.343773,50.203699
project,مجمع لاتيرا التجاري,26.153859,50.144401
project,Awan Square,26.298002,50.176667
project,Tamkean - Sales Office,26.358372,50.202739
project,مجمع الموسى التجاري,26.313856,50.217802
project,THE GOLD,26.317507,50.180164
project,مشروع التحلية,26.174421,50.198324
project,جمعية ود الخيرية للتنمية الاجتماعية,26.258025,50.209138
project,Khobar Government Housing Project,26.209375,50.156411
project,Residential complex Arjunh,26.223543,50.204724
project,مجمع الجوهرة السكنى,26.210424,50.178803
project,مجمع مطل سكني,26.227498,50.201618
project,مجمع زهرة الربيع السكني,26.221116,50.202056
project,Aluhaideb Residential Complex,26.298673,50.176571
project,Nasmat,26.189432,50.211768
project,مجمع اكسترا السكني,26.326779,50.211537
project,مجمع منافع السكني,26.269511,50.21806
project,مجمع سكني 1,26.285866,50.186481
project,Residence - مجمع سكني روندا,26.225517,50.198686
project,مجمع العبير السكني شقق فاخرة للإيجار السنوي,26.224263,50.2043
project,AWAN Residential Complex N,26.295237,50.171495
project,Lilac Apartment Complex - مجمع الليلك السكني,26.229023,50.198271
project,Pearl Compound,26.346037,50.189974
project,Ithraa residential complex 13,26.226203,50.202591
project,مجمع تجاري,26.117972,50.140347
project,ضاحية التوفير التجارية,26.194689,50.160378
project,ضاحية العزيزيه للخضار ولفواكه,26.175214,50.145749
project,LAVENDER SPRING,26.208331,50.191679
project,Maaz,26.268428,50.188617
project,Al-Ghad Building,26.22241,50.19932
project,برج السويلم,26.214059,50.195615
project,برج الخبر | Khobar Tower,26.191509,50.188622
project,إسكان تحلية المياه بالخبر,26.182699,50.200557
project,Iskan,26.256598,50.207744
project,Sakani building,26.232943,50.204527
project,مشروع ديار الخزامى داك 110,26.22874,50.197542
project,شقة فاخرة للاجار اليومي بالخبر,26.219388,50.2068
project,Al Noor Apartments | شقق النور,26.286079,50.207951
project,عمارات الفوزان,26.231086,50.197389
project,Iskan Al Khobar Building 843,26.260236,50.209904
project,مساكن كيان وأركان الخزامى G,26.216005,50.189594
project,ماربيلا 10,26.219548,50.206226
project,Marbella Al-Hamra Tower,26.219124,50.202727
project,Marbella 3,26.225085,50.200424
project,السكن الذهبي 17/ الخبر/ الحمراء,26.225256,50.202062
project,AlHamra Tower,26.219988,50.199006
project,شقق اصداف الخليج(2) تمليك,26.231334,50.201577
project,Bu Azooz Apartments,26.212076,50.208846
project,مبنى الجوهرة السكني,26.350534,50.138426
project,شقق فاخرة,26.210315,50.189311
project,RAWABI Al Khobar Hotel,26.294016,50.182466
project,Sahara Residential,26.289983,50.21699
project,إسكان الخبر Iskan Khobar Bldg. 515,26.252896,50.214358
project,اسكان الخبر عمارة 837 building,26.256557,50.208848
project,GRAND HYATT ALKHOBAR STAFF HOUSING,26.225276,50.203702
project,Khobar Gate Tower,26.308016,50.211447
project,25th cross Prince Badr Street. Al Khobar Ash Shamaliya,26.299608,50.212504
project,Old Saudi Redy Mix,26.218554,50.178118
project,"Regus - Al Khobar, Al Rashed Towers",26.290811,50.177475
project,Khobar Gate Tower,26.307719,50.211121
project,"Servcorp Al Khobar Gate Tower -Coworking, Offices, Virtual Office, Meeting Rooms",26.308,50.211478
project,AL KHOBAR BUSINESS CENTER,26.287335,50.214581
project,Blue Tower,26.312327,50.217277
project,AL REZIZA TOWER,26.306795,50.21105
project,Al Jarbou Tower(Scomi Office),26.284826,50.196117
project,Al Othman Office Tower,26.366616,50.17783
project,KPMG Khobar office,26.317287,50.223177
project,KBR-AMCDE TAWNIYAH BUILDING,26.304,50.223258
project,AL AlShaikh Tower,26.30797,50.211655
project,Co-working offices - مكاتب مشتركة ومساحات عمل عزيز,26.353847,50.209232
project,Silver Tower,26.302224,50.209315
project,Al Dossary Building,26.285717,50.189032
project,Sheikh Business Center,26.28268,50.199462
project,Noura Tower,26.318593,50.222953
project,NSH Tower Building,26.340204,50.198759
project,AWJ Tower [ Jones Engineering ],26.31801,50.222989
project,NSH Head Office Al Khobar,26.269126,50.190621
project,Al-Gosaibi Building,26.306001,50.219516
project,ENPPI KSA Head Office,26.300322,50.221041
project,SKY TOWER KHOBAR,26.345143,50.179437
project,برج الشيخ للأعمال - Shaikh Business Tower,26.281241,50.208352
project,Al-Hayat Tower | برج الحياة,26.30212,50.177106
project,Zamil House,26.312223,50.22381
project,theOffice - ذي أوفيس,26.30682,50.210961
project,Al-Falak Tower Al-Khobar KSA,26.304472,50.21057
project,AlHugayet Tower برج الحقيط,26.30844,50.210096
project,SHOAIBI BUILDING,26.289838,50.20743
project,AL BANDARIYAH TOWER,26.302426,50.214228
project,Rawabi Holding Tower,26.323501,50.216916
project,برج البرغش Al Barghash tower,26.317312,50.222938
project,Sharik Hub,26.309699,50.22333
project,NBTC Branch Office (Saudi Arabia),26.311669,50.212131
project,Khalid Business Centre,26.294978,50.216315
project,Gulf Center,26.279377,50.218633
project,Sehamia Tower,26.335836,50.193086
project,Twin Towers توين تاورز,26.308406,50.214469
project,Majestic Tower,26.299748,50.20877
project,ZOOMLION INTERNATIONAL (Regional Office - Al Khobar),26.282515,50.200726
project,MAB CONSULT,26.287397,50.214521
project,Attiq Ur Rehman Contracting Company,26.290678,50.219113
project,Arabian Supply Contracting Est. Head Office (ASCE) مؤسسة توريد العربية للمقاولات,26.2896,50.19908
project,NESMA & PARTNERS CONT. CO.,26.285658,50.2178
project,مكتب DXN الخبر,26.282146,50.214188
project,Al Babtain Building,26.287289,50.206957
project,Gulf CX (A RAYA CX COMPANY),26.289795,50.207421
project,Al-Hugayet Group,26.300202,50.221572
project,PMC Worley_Office,26.283529,50.20121
project,مكاتب ادارية,26.321203,50.219836
project,Almabani Khobar Office,26.33011,50.152071
project,Albader Business Center,26.30016,50.174106
project,Almana ATC Building مبنى إداري المانع,26.29377,50.217292
project,مبني أزد مجموعة سعيد الزهراني,26.365715,50.204369
project,مبنى مكاتب تجارية,26.432004,50.123007
project,Saudi Aramco Bulding 840,26.309273,50.133758
project,برج المحمدية,26.286165,50.19267
project,Zamel And Turbag Building (ZATE) مبنى الزامل والطرباق (زيت),26.295688,50.1692
project,Gulf Axis,26.330578,50.139491
project,Siemens Saudi Arabia,26.31167,50.212168
project,مكتب تصاميم المستقبل للاستشارات الهندسية,26.297102,50.208684
project,ABB Khobar Office,26.312037,50.21067
project,MAZJ,26.302148,50.176959
project,Hail Center,26.358582,50.189169
project,Exploration and Petroleum Engineering Center - EXPEC - Building II (Bldg 728),26.311886,50.13003
project,Fahed Center فهد سنتر كورنيش الخبر,26.322729,50.218338
project,Lulu Group International EP Regional Office,26.235658,50.214348
project,بناية المفلح Almefleh Building,26.288244,50.205926
project,Aramco Building 3140,26.305332,50.117323
project,Al-Kifah Building,26.331644,50.214018
project,Al Saeed Business Tower,26.340814,50.19862
project,برج الفوزان,26.210993,50.208245
project,Sinayiat Al Thuqba,26.25419,50.19878
project,PSL ARABIA Shipping & Logistics,26.314614,50.209699
project,"Snad Al Khair Customs Clearance, Logistics Services & Transportation",26.280404,50.21238
project,BPL Cargo & Courier -AL Khobar,26.277404,50.212776
project,AOT LOGISTICS - KSA,26.301905,50.210575
project,Advanced logistics contracting,26.304614,50.20963
project,Global Alliance Logistics - GAL,26.291587,50.208914
project,MASARAT LOGISTICS,26.21583,50.19395
project,Speed Logistics l سبيد لوجستيك,26.316705,50.223384
project,Crane Worldwide Logistics - Al Khobar,26.302575,50.178067
project,Namma Cargo Services Co. Ltd.- Al Khobar (Head Office),26.345922,50.191261
project,SAAQ LOGISTICS,26.279583,50.203213
project,شركة اير أند سي,26.248887,50.198087
project,JAWA LOGISTICS,26.311996,50.21727
project,SAKO Logistics Khobar Office,26.250781,50.215156
project,Premier Express Cargo & Logistics,26.282255,50.212194
project,Integrated logistics Co. KCSC KSA Branch,26.296275,50.219837
project,RJ Conor Express AL-khobar,26.282632,50.212023
project,DHL Global Forwarding Saudi Arabia,26.243358,50.19764
project,Arkan Al Khaleej Logistics,26.294003,50.208516
project,دي اتش إل المكتب الرئيسي,26.242088,50.197406
project,Sami Logistics,26.254563,50.206418
project,FATEEN LOGISTICS SERVICES,26.296826,50.209964
project,SMB Express - Khobar || شركة سعيد البسامي الخبر,26.216074,50.186979
project,Manuport Logistics Arabia,26.250759,50.215156
project,Al Khaldi-Bertling Logistics Ltd.,26.33616,50.129515
project,JIT-Ex Complete Logistics Solutions,26.414621,50.160013
project,Caravan Cargo Agency,26.28319,50.21251
project,Pearl Logistics Services | شركة اللؤلؤة للخدمات اللوجستية,26.468467,50.086177
project,Al Qaswa Logistics Company,26.347135,50.04956
project,Saudi Bulk Transport Ltd.,26.32919,50.211136
project,موسسة بن سعيد,26.45361,50.081325
project,البسامي الدولية - Albassami,26.222966,50.195128
project,Al Jabri Logistics and storage,26.355912,50.006552
project,Seagate logistics Co,26.314234,50.224024
project,شركة تعاون للخدمات اللوجستية,26.285453,50.195727
project,The1Logistics,26.338875,50.198156
project,الإســــناد الدائـــم للـخدمات اللـــوجســتيه PERMANENT ASSIGNMENT FOR LOGISTICS SERVICES,26.278201,50.208586
project,الجهيران للخدمات اللوجستية,26.35357,50.209047
project,Starlinks - Head Office,26.348667,50.196755
project,مؤسسة الطلاع اسرع للخدمات اللوجستية,26.342584,50.181689
project,Mobility & Logistic - Building 9153,26.316303,50.104609
project,Sumuo Medical Complex,26.34352,50.179298
project,Gulf Doctors Medical Complex مجمع اطباء الخليج الطبي,26.17427,50.151218
project,Luqt for cupping clinic,26.281474,50.196849
project,International SOS Al Rushaid,26.33503,50.194714
project,مجمع عيادات الهمس الطبي,26.315025,50.222592
project,CureMed Tabsh Medical Centers,26.287062,50.218826
project,مجمع الحقيل الطبي الرقمي التخصصي - اليرموك‎,26.317832,50.216788
project,مجمع عيادات الحقيل الطبي لزراعة الشعر والتجميل بالبندرية,26.302909,50.21218
project,Podium,26.279523,50.213233
project,Alanoud,26.179169,50.163875
project,Dermatique Skin Clinic مجمع رانا كمال شهاب الطبي,26.30966,50.222327
project,Dr Sahar Saad Aldossary Medical Center,26.303615,50.223319
project,Advanced Medical Clinics Company,26.18886,50.188154
project,Talent ville,26.298966,50.210399
project,مركز لطف الحياة للاستشارات التعليمية والتربوية,26.289621,50.199367
project,مدارس قواعد المستقبل العالمية,26.294558,50.204454
project,حلقات جامع زين العابدين القرآنية,26.292841,50.204228
project,10th School,26.28996,50.204005
project,UKuni Al Khobar,26.284006,50.199741
project,Charity center to teach the Quran and its Sciences,26.286981,50.200972
project,الروضة الثالثة بالخبر,26.289677,50.204759
project,الابتدائيه العاشرة بالخبر للبنات,26.289667,50.203934
project,ZADK Culinary Academy,26.308104,50.177635
project,Saudi flag map,26.312792,50.229098
project,مدرسة عقبة بن نافع الابتدائية,26.29087,50.201893
project,الابتدائية الرابعة بالخبر,26.301817,50.204677
project,المتوسطة الرابعة بالخبر,26.303054,50.204798
project,مدرسة راكان,26.298919,50.203936
project,4th Intermediate for Girls in Khobar,26.302693,50.205273
project,Sindibad | سندباد‎,26.296106,50.208064
project,Al Ain Quran Acedmy,26.290146,50.2007
project,المتوسطة الثانية بالخبر,26.290427,50.204905
project,مدرسة سنابل الخير القرآنية بمدينة العمال,26.290592,50.199797
project,مدرسة الصديق الابتدائية بالخبر (بنين),26.29944,50.203678
project,معهد التنمية العربي بالخبر,26.286645,50.20229
project,Stereo Discovery,26.302426,50.20965
project,Escape the Room,26.305577,50.194569
project,EVA Al Khobar,26.32906,50.181965
project,Enigma Escape Games + VR Rooms,26.35216,50.210769
project,Unknown - Escape Game,26.338345,50.20767
project,Showpro_events مؤسسة العرض المحترف,26.291221,50.201798
project,South corniche,26.24159,50.220292
project,مؤسسة الرئيس للترفيه و الفعاليات والتنظيم الفعاليات,26.217191,50.197138
project,Abayyah Roundabout,26.23864,50.214818
project,عالم عزوز,26.208754,50.190103
project,Melrose Lounge,26.2766,50.220134
project,Shubaili Beach,26.211342,50.218341
project,Bright Avenue Entertainment,26.322974,50.218479
project,LA CRETE Lounge,26.220743,50.212761
project,Adventure Khobar,26.54313,49.95638
project,Tune Life Studio,26.197849,50.194395
project,"iFix Games - Console Repair (PlayStation, Xbox, Switch) آي فيكس جيمز - صيانة بلايستيشن، اكس بوكس، سويتش",26.278938,50.198384
project,La Mer Lounge & Restaurant,26.273032,50.221104
project,Dugheither Leisure Island,26.272406,50.220681
project,SMASH LAB,26.270715,50.216558
project,Khobar Waterfront,26.285812,50.222709
project,Khobar Waterfront Fountain,26.29377,50.224284
project,Khobar Waterfront Lake,26.292915,50.223473
project,Northern Corniche,26.299443,50.226462
project,AlMuhaidib AlKhobar Waterfront,26.296121,50.22012
project,Ajdan Waterfront - أجدان واترفرونت,26.283034,50.221831
project,Brands For Less براندز فور لس - Ruwaq Waterfront,26.291722,50.219858
project,EASTERN FRONT APARTMENTS,26.275691,50.216291
project,Waterfront Resort,26.185241,50.212921
project,Khobar Front's Lake,26.29529,50.224153
project,City Suites,26.278072,50.216287
project,Khobar city,26.306734,50.212519
project,Khobar corniche,26.311882,50.227415
project,شمس المدينة التجارية,26.275046,50.211064
project,City Bike دراجة المدينة,26.285105,50.222389
project,Al Khobar,26.217191,50.197138
project,ROSHN Sales Center - ALDANAH مركز مبيعات روشن - الدانة,26.352688,50.157498
project,ALDANAH Community,26.360937,50.152813
project,Al-Yamama Co. Dhahran KFUPM PROJECT,26.237129,50.101118
project,Jeddah street-Dhahran,26.293188,50.098466
project,التطوير الشامل أزيان الظهران,26.258975,50.077686
project,حي الوسام الظهران,26.320033,50.067389
project,Dhahran Hills,26.2879,50.111401
project,Green Villa Compound,26.315749,50.155668
project,Dhahran Tower Compound,26.337572,50.200413
project,Building 01 - Ajyal Residence,26.256056,50.078288
project,Oryx Compound,26.317063,50.178426
project,Rakan compound,26.187805,50.1793
project,Building 03 - Ajyal Residence,26.257387,50.077291
project,Rofana Compound 2,26.328508,50.176563
project,Building 12 - Ajyal Residence,26.262254,50.073996
project,Dhahran Camp,26.301759,50.13439
project,"AWAN compound parking, Dhahran",26.305094,50.179397
project,Basma Compound,26.317916,50.156769
project,Doha House Compound,26.317238,50.154551
project,Tamimi - Camp,26.246614,50.010729
project,K.F.I.A compound,26.31888,50.185256
project,Al Mohawis Compound Villa 45,26.318257,50.179027
project,51st Compound,26.362376,50.174725
project,Recreation Center,26.371284,50.181281
project,Business Park Complex Company,26.318401,50.147484
project,"Hill International (Project Management), AlDanah by ROSHN",26.349944,50.161218
project,"Business park, KFUPM",26.31663,50.140222
project,أملاك العقارية - المكتب الرئيسي,26.348637,50.140696
project,رزين العقارية,26.266021,50.071904
project,العويد للتطوير العقاري,26.348831,50.140501
project,مجمع هناء السكني HANA RESIDENTS,26.344043,50.151819
project,مجمع احمد الجميع السكني,26.369251,50.097809
project,2C2,26.261555,50.074357
project,Rawas 15 Dhahran Views,26.337281,50.130803
project,مجمع الـمُهر السكني | Al-Muhr Residential Complex,26.370783,50.097619
project,NESMA NEW ACCOMADATION,26.239323,50.002464
project,مشروع الظهران هيلز,26.290252,50.059029
project,رزين الظهران,26.265423,50.07223
project,Azyan Aldhahran-أزيان الظهران,26.259034,50.077755
project,Building 11 - Ajyal Residence,26.2615,50.074393
project,Apartment Building 3271,26.344503,50.149304
project,مشروع القصور ريزيدنس | اثراء الدمام العقارية,26.349394,50.142056
project,عمارة لمار السكنية,26.370717,50.100832
project,Rayat Trading & Contracting Est,26.26643,49.996119
project,Liezl Gamilla,26.260649,50.069757
project,Gate contractor,26.215834,50.028604
project,Tamimi New,26.248495,50.01264
project,Shuwayer Camp 2nd Industrial,26.244311,50.000877
project,Alaiza siglos magapan,26.236125,50.039302
project,HAIF - شركه مشاريع التطوير العقارى,26.343937,50.145642
project,مشروع ركن 10,26.382106,50.135295
project,Tig compund,26.329239,50.17428
project,Hills Gate,26.307638,50.092947
project,Munirah Camp,26.31568,50.130562
project,Bin Sultan Residence Tower,26.313273,50.178002
project,مجمع سكني هاني علي عبدالهادي,26.369086,50.172873
project,اسواق ضاحية الأسرة للمواد الغذائية فرع اجيال,26.249636,50.074884
project,حي اليرموك 13,26.236125,50.039302
project,Tower Dr,26.307942,50.144422
project,Mechanical Services Shop Department - Saudi Aramco,26.305391,50.091073
project,Building 3060 Aramco,26.304888,50.118604
project,3193 bldg,26.310717,50.095132
project,EXPEC-1 (Bldg 729),26.312595,50.130013
project,East Admin (Bldg 176),26.311321,50.132251
project,Supply Chain Center,26.311858,50.117357
project,Dhahran Heights Park 9156 (DHP2),26.317185,50.12072
project,DPC-A63 Building 2064 Dhahran Office Furniture Operations Unit,26.308257,50.122434
project,Building 1780 Main Warehouse,26.308831,50.121086
project,Research and Innovation Complex,26.313592,50.117873
project,East Administration Building - Saudi Aramco,25.937892,49.679308
project,برج الخالدي Alkhaldi Tower,26.336102,50.129518
project,Al Mujamma,26.309369,50.129587
project,NBC - National Basics Company,26.24948,50.004076
project,Al-Suwaidi Tower,26.373275,50.178578
project,Alturki Business Park,26.309167,50.175556
project,LIP Building 3118,26.305716,50.112774
project,Central Administration Office Building - Saudi Aramco,25.426458,49.524661
project,Saudi Aramco Contractor Vehicle Sticker Office,26.298486,50.083891
project,Dhahran Heights Park (DHP3),26.316584,50.11968
project,Dhahran Heights Park (DHP4),26.315378,50.119962
project,Building 3119,26.306546,50.112305
project,Dhahran Heights Park (DHP1),26.316976,50.121641
project,Arabat Logistics,26.285822,50.066339
project,رحال الشرق Rehal Al Sharq Logistics Services Company,26.254193,50.04075
project,Storage Station Fulfilment Center,26.235413,50.004109
project,Manuport logistics warehouse,26.236135,50.007601
project,KAAF LOGISTICS DAMMAM WAREHOUSE,26.236071,50.003673
project,Lulu central logistic 2nd industrial city dammam,26.266066,50.01834
project,TAD Logistics Chemical and General warehousing,26.2643,49.983487
project,Bahri Logistics,26.411798,50.132795
project,FLEX Logistics,26.259222,49.910062
project,Aramex,26.309339,50.129347
project,Defaf United for Logistics,26.393658,50.158149
project,شركة المساندة الخضراء للخدمات اللوجستية,26.294999,50.069645
project,Revive Medical Center,26.518738,50.002902
project,Building 19 - College of Design & Built Environment,26.3057,50.143454
project,دوار مدينة الملك فهد,26.296705,50.032806
project,Education City Stadium,25.311065,51.424262
project,Dhahran,26.236125,50.039302
project,المعهد التقني للاختبارات الغير اتلافية,26.234569,49.986727
project,الروضة التاسعة بالدمام,26.307012,50.031372
project,معهد تدريب قوات أمن المنشآت بالمنطقة الشرقية,26.385139,50.065329
project,عماره ٢,26.296353,50.026397
project,Educational Office in Dhahran,26.268791,50.204576
project,IEC Abroad Alkhobar,26.284534,50.197915
project,Dhahran Bowling Alley,26.303811,50.130097
project,Kolin Camp,26.206643,50.062269
project,Al Osais Camp,26.257863,50.041977
project,Half Moon Public Beach (Free Beach),26.200228,50.028406
project,Tuff street cat,26.234715,50.03919
project,Tamimi New camp,26.247972,50.011435
project,Mihyar مهيار,26.306272,50.170492
under_construction,Covent garden Mall,26.379316,50.147943
under_construction,عالم ساكو الدمام | SACO World Dammam,26.387541,50.074683
under_construction,تونتي تو الدمام,26.430465,50.116761
under_construction,Savers Outlet - Al Salaam Plaza,26.455057,50.096793
under_construction,Yara international brands,26.444229,50.068771
under_construction,بدون موعد للتوزيعات والهدايا الدمام,26.43829,50.103314
under_construction,Inside Love Market in Dammam,26.445193,50.104425
under_construction,شركة جود الرياض التجارية,26.458224,50.047648
under_construction,شركة تخفيضات العائلة الفرع 5,26.432951,50.0672
under_construction,MOUSSA KITCHEN,26.426959,50.064969
under_construction,RiyalBarakath,26.448668,50.063874
under_construction,عود المسك للعود والعطور الدمام,26.438797,50.102405
under_construction,Max,26.461089,50.065046
under_construction,Curvatures Mall,26.314857,50.211839
under_construction,DMCالدر المكنون,26.440327,50.103274
under_construction,"Abrar Infra Building Company LTD in Dammam, Saudi Arabia",26.462621,50.120972
under_construction,شركة دار العمارة الحديثة للمقاولات - مادكو,26.493046,50.129768
under_construction,AL DANA STARS AL-ARABIA CONTRACTING CO.,26.421483,50.089577
under_construction,Modern Advanced Construction Company,26.420953,50.097874
under_construction,NSH New JEWEL Camp Jafurah,26.420683,50.088794
under_construction,Ahoud Dhidan Al Fagham Trading And Contracting Company,26.42405,50.1047
under_construction,شركة الدائرة الحمراء للتجارة والمقاولات Red Circle Trading & Construction Co.,26.420212,50.089663
under_construction,Noor Wood Works | Wooden Packaging Manufacturer in Saudi Arabia,26.462992,50.030201
under_construction,ADAL NATIONAL GENERAL CONTRACTING COMPANY,26.415181,50.072052
under_construction,AMGC (Asaweer Al-Maaraf General Contracting Co),26.413221,50.096777
under_construction,Al Mutawa Group,26.488822,50.035491
under_construction,Somac,26.420391,50.115977
under_construction,Thawq wa Bina Construction Company (Al Ajlan Group),26.397473,50.149752
under_construction,مؤسسة الصعود للمقاولات العامة Alsuood General Cont. Est.,26.435798,50.098905
under_construction,DAC Distinct Architecture Contracting Company شركة العمارة المميزة,26.300302,50.211212
under_construction,Basmah Contracting Company Ltd,26.425494,50.097353
under_construction,Strong Foundations Group مجموعة القواعد المتينة,26.431349,50.080436
under_construction,Al rawy al Arabia company ( شركة الراوي العربية للمقاولات ),26.425298,50.097282
under_construction,AL MUSK UNION CONTRACTING COMPANY,26.435275,50.08767
under_construction,Three Miles International Contracting & Trading Company,26.430874,50.10418
under_construction,Al-Osais Contracting Co.,26.407143,50.064285
under_construction,Skywave Trading And Contracting Est,26.420683,50.088794
under_construction,شركة الأبنية المستدامة للاستشارات الهندسية,26.43624,50.12561
under_construction,مؤسســـة إكتـــساب الخـــليج للـــمقاولات العـــامة,26.469151,50.045101
under_construction,Abis Arabia General Contracting,26.436501,50.103643
under_construction,El-Khereiji Group Building,26.440694,50.107452
under_construction,Al Mashariq Trading & Contracting Co.,26.429033,50.075736
under_construction,Splash - Dareen Mall,26.461039,50.065
under_construction,المنيرة بلازا,26.401609,50.072366
under_construction,Blooming Othaim Mall Dammam | بومنج العثيم مول,26.400768,50.117252
under_construction,"FACES - Nakheel Mall, Dammam",26.391437,50.037563
under_construction,مسجد قيد الأنشاء,26.428208,50.045262
under_construction,NMA,26.427005,50.043895
under_construction,Bedazzled International Contracting Projects and air conditioning and refrigeration company,26.426562,50.037014
under_construction,ASASCO Group,26.425062,50.060187
under_construction,مؤسسة مشاريع الطاقة للمقاولات Power Projects Contracting,26.46706,50.047334
under_construction,مكتب هندسي معتمد - نواف الزهراني للاستشارات الهندسية,26.426014,50.023556
under_construction,Day N Day,26.425517,50.034065
under_construction,شركة مشروعات المياة والطاقة للمقاولات WPPCO,26.458335,50.06224
under_construction,مشروع إنشاء حديقة,26.432332,50.000566
under_construction,مشروع فلل بوبسام,26.440049,50.041006
under_construction,Al Tayyar Square,26.490156,50.133376
under_construction,JOUYA SQUARE - جويا سكوير,26.369981,50.083917
under_construction,Dammam Chiku,26.433998,50.084002
under_construction,Nafa Suite Apartment 2,26.45822,50.080844
under_construction,saudi Arabia dammam,26.420683,50.088794
under_construction,Dates Market,26.449486,50.068169
under_construction,Dybaj Hotel Apartment 2,26.457231,50.098476
under_construction,اوبن هوتيل الدمام OPEN HOTEL,26.464938,50.080944
under_construction,Natwan Furnished Residential Units,26.367137,50.03308
under_construction,Sofret fayzah,26.404747,50.102239
under_construction,Alcatef,26.420683,50.088794
under_construction,امركز التجاري تن اون تن,26.420683,50.088794
under_construction,Parfois - Nakheel Mall Dammam,26.391497,50.037684
under_construction,3alam El-Tawfeer,26.420683,50.088794
under_construction,"Souq Mekkah, Dammam",26.44251,50.101764
under_construction,millé ميلي,26.390045,50.037307
under_construction,بوابة رقم 1,26.391908,50.037397
under_construction,Mercato,26.437379,50.090851
under_construction,nichii - Dareen Mall,26.460994,50.06481
under_construction,قلعة هزاز,26.441503,50.068102
under_construction,R&B,26.462252,50.065621
under_construction,Top Ten,26.427736,50.071942
under_construction,Mermaid General Contracting Company,26.438649,50.11166
under_construction,Salwah,26.380005,50.17866
under_construction,AGC Est.,26.420503,50.087893
under_construction,WAF UNITED COMPANY LIMITED شركة واف المتحدة المحدودة,26.418621,50.085699
under_construction,مؤسسة عزم الشرقية للمقاولات العامة,26.421744,50.089493
under_construction,Tasawy General Contracting Co,26.379854,50.088182
under_construction,Saudi Cities Construction Company Ltd شركة انشاءات المدن السعودية المحدودة,26.193239,49.916018
under_construction,Sendan build construction contractor سندان البناء للمقاولات,26.303156,50.208393
under_construction,Gulf Water Company,26.422104,50.086033
under_construction,Memary Gulf Contracting Co.,26.401933,50.064783
under_construction,Eastern Factory for Ready Houses & Furniture,26.37629,50.124466
under_construction,AGC Est. / STAC,26.420493,50.087872
under_construction,AFNAN AL-MASHRIQ CO. LTD.,26.421963,50.0861
under_construction,أندلسية الخليج (درابزين زجاج - أبواب حديد - أبواب المونيوم - ابواب WPC),26.482809,50.054213
under_construction,Wescosa Malayalee Association,26.420683,50.088794
under_construction,اجيال لعمل جميع الترميمات والاصباغ,26.420683,50.088794
under_construction,شركة ريان السعودية للمقاولات المحدودة,26.420763,50.087659
under_construction,Dammam Siko,26.420683,50.088794
under_construction,Dorar Tammam Contracting (DTC),26.29442,50.208377
under_construction,Eastern Houses Factory,26.346169,50.014425
under_construction,Daco,26.420683,50.088794
under_construction,SRACO,26.421689,50.087368
under_construction,Nesma United Industries نسما للصناعات المتحدة,26.28481,50.218061
under_construction,Gypsum board installer dhammam,26.420683,50.088794
under_construction,Abdullah Khalifa,26.420683,50.088794
under_construction,Alahm For Civil And Construction,26.421544,50.089607
under_construction,شركة السيف,26.486007,50.051916
under_construction,الخظريه,26.420683,50.088794
under_construction,Quality Leaders Group,26.29736,50.208059
under_construction,Laser International Contracting Company,26.445912,50.049414
under_construction,ISUZU ELEVATORS SAUDI,26.419884,50.086709
under_construction,Dakor al dammam,26.420683,50.088794
under_construction,اطار العزل,26.421125,50.087642
under_construction,القصر التقني للانظمة الامنية كاميرات,26.421274,50.090345
under_construction,ورشة رياح الشرق,26.420683,50.088794
under_construction,AFRAS FM DAMMAM CAMP14 (albadia new Villa),26.423753,50.090593
under_construction,Al-Arham Engineering Co,26.420683,50.088794
under_construction,سقالات,26.420683,50.088794
under_construction,أسلاك المدنة Aslak Almadinah,26.419158,50.089698
under_construction,ALMOALM GSO camp,26.420683,50.088794
under_construction,مجمع أسواق الشلوي,26.402574,50.027841
under_construction,Next,26.454728,50.105683
under_construction,New Sraco Compound,26.372882,50.063502
under_construction,Samar Compound,26.336778,50.191212
under_construction,House ( compound),26.318071,50.218466
under_construction,Azhar Residence Compound مجمع ازهار ريزيدنس,26.320895,50.217752
under_construction,APICORP Housing Compound,26.360343,50.208671
under_construction,Ewan Al Maali ايوان المعالي | رتال,26.374285,50.220523
under_construction,AlRakah Jadawal Compound Dammam,26.38121,50.217955
under_construction,مجمع الضباب,26.427484,50.04366
under_construction,شقة عيال جمعان,26.43221,50.049608
under_construction,Nazeer,26.431361,50.046188
under_construction,مجمع النخبة الوطنية الطبية لطب الأسنان,26.42464,50.044414
under_construction,M.S.K Rent House,26.4377,50.047318
under_construction,SKOB,26.426347,50.059405
under_construction,MD SOJIB mai,26.437303,50.054139
under_construction,ARABIAN MACHINERY AND HEAVY EQUIPMENT COMPANY STAFF ACCOMODATION OLD CAMP,26.424963,50.029439
under_construction,عمارة ايراد ١٦,26.427347,50.047367
under_construction,REDTAG,26.441971,50.067888
under_construction,ميست سكوير Mist Square,26.427082,50.043668
under_construction,مجمع شموع الأمل للتربية الخاصة والتأهيل,26.43272,50.028956
under_construction,مجمع الكريم السكني سيهات,26.487016,50.04325
under_construction,Hom Dammam,26.432227,50.035721
under_construction,مجمع الدخيل التجاري,26.418585,50.04933
under_construction,C26X+8VH Dammam Saudi Arabia,26.41079,50.049712
under_construction,Said lbn ziyad,26.419625,50.03656
under_construction,Niko Regency palace Dammam Al Fayha Area,26.437861,50.038952
under_construction,Reem Residential Tower,26.455519,50.125385
under_construction,Exact,26.432168,50.045058
under_construction,CHERY AUTOBOYS,26.433018,50.045474
under_construction,Farm Superstores,26.427362,50.043852
under_construction,مجمع الأصالة,26.484194,50.037185
under_construction,Prince Mohammad Bin Fahd Education Compound,26.414339,50.044664
under_construction,متعب,26.433981,50.044915
under_construction,Interpole Employee's Accommodation,26.426413,50.044778
under_construction,Universal Cold Stores,26.426784,50.057513
under_construction,Ibn AlQayem Educational Complex,26.477271,50.05424
under_construction,GESt HoUsE #DDS,26.434096,50.047483
under_construction,Refan Complex - مجمع ريفان,26.961144,49.674448
under_construction,عمارة بيشة مول 2,26.431686,50.048104
under_construction,عمارة باعشن 11( عمارة 4),26.433239,50.047099
under_construction,Gole House KSA,26.476185,50.04364
under_construction,عمارة المرحوم راضي الصعيليك وأبنائه,26.48136,50.056298
under_construction,مشغل الحلم الواعد النساىي بالدمام,26.434435,50.046469
under_construction,Main Departments Tower - Under Construction,26.39158,50.189507
under_construction,Arabian Towers Projects Contracting Co.,26.448072,50.117966
under_construction,"Stars Building, Dammam",26.416983,50.060392
under_construction,Tower House Trading,26.44217,50.096637
under_construction,Al Budoor Tower,26.378547,50.122051
under_construction,APTC Co. Head Office,26.430606,50.120502
under_construction,Mofarreh Marzouq Al Harbi & Partners Co. Ltd.,26.500469,49.979038
under_construction,Intec Contracting Company,26.438692,50.101769
under_construction,National Basics company camp( dammam),26.161117,49.908654
under_construction,Ta'azez tower,26.456496,50.126071
under_construction,Elmar tower,26.487814,50.121648
under_construction,Twintec Saudi LLC,26.377828,50.178411
under_construction,"Faisal Electro-mechanical Company, ltd (FEMCO)",26.377819,50.178411
under_construction,Abdulrahman AlOtaishan Group,26.365449,50.028559
under_construction,Madokhl Hotel,26.469726,50.116241
under_construction,Khobar Circle by Al-Othaim,26.290938,50.222512
under_construction,New Vision Engineering Consultancy,26.314465,50.21071
under_construction,COACH Rashid Mall,26.291165,50.180594
under_construction,HAYAT WALK,26.126282,50.156237
under_construction,Sacoor Brothers,26.291592,50.180151
under_construction,سوق الخضير,26.174938,50.157388
under_construction,Kayishha - Al-Fanar Mall Branch,26.32787,50.212748
under_construction,SAQCO ARABIA LIMITED COMPANY,26.287463,50.214596
under_construction,International Building Contracting,26.354453,50.208895
under_construction,Building Specialized Construction Company,26.300394,50.209921
under_construction,"Multiple Builders, Ltd.",26.302965,50.210853
under_construction,United Ark Contracting Company,26.314499,50.210014
under_construction,A+ New Laboratory (Civil Material Testing),26.225473,50.184569
under_construction,SENDAN Build Construction Contractor,26.299354,50.211824
under_construction,Building Rank,26.211517,50.198183
under_construction,مجموعة عبدالله بن محمد أبابطين للمقاولات,26.286694,50.190628
under_construction,Three Points Company,26.203264,50.197141
under_construction,Al Qadisiyah Modern industrial Factory/Arab Service Trading Corporation (AST),26.229364,50.185973
under_construction,شركة إنتقال للمقاولات العامه,26.216199,50.193671
under_construction,Kwader tohama general construction est,26.217191,50.197138
under_construction,DecoPage للمقاولات العامة,26.224322,50.183654
under_construction,Tathbeet Trading Company,26.216287,50.193267
under_construction,مؤسسة دعامات الكون للمقاولات العامة,26.21324,50.189358
under_construction,AL KHOBAR TRADING PROJECT EST,26.283441,50.214162
under_construction,East Channels General Contracting,26.216196,50.193678
under_construction,مؤسسة اغماد للمقاولات العامة,26.201627,50.199274
under_construction,Nassir Mana Wabran Co. & Partners,26.217472,50.175285
under_construction,Kumyang Green Power Company,26.218647,50.19636
under_construction,Wave Tower,26.20561,50.212523
under_construction,Berkar Contracting Company,26.216193,50.193143
under_construction,Project corner Solar Energy - HVAC,26.205505,50.188327
under_construction,Dan 3,26.329819,50.20827
under_construction,Atyaf Avenue,26.295564,50.220636
under_construction,Max,26.29257,50.220242
under_construction,Outlet zone,26.315036,50.210268
under_construction,The main lobby,26.392523,50.190152
under_construction,شاي ذود ( قيد الأنشاء ) قريباً الافتتاح,26.277793,50.189382
under_construction,Al Garawi Galleria,26.289303,50.182546
under_construction,قريب,26.305537,50.191298
under_construction,7th Avenue Shopping,26.286082,50.218725
under_construction,Avenue,26.291177,50.180534
under_construction,الاڤينيوز The Avenues,26.334001,50.176634
under_construction,Havelock One - Site Office The Avenues Alkhobar,26.332281,50.172306
under_construction,Meem mall entrance,26.214347,50.18025
under_construction,مجمع الخزامى,26.202289,50.195482
under_construction,Carpisa,26.217191,50.197138
under_construction,Supper market,26.226649,50.203491
under_construction,Art Designer Khobar Mall,26.236568,50.19534
under_construction,Al Rashid Mall Food Court,26.290017,50.181219
under_construction,مايسترو للساعات,26.208856,50.190175
under_construction,هيئة تطوير المنطقة الشرقية,26.319524,50.228312
under_construction,Gulf Eastern General Contracting Company (GEGC) HQ / شركة الشرقية الخليجية للمقاولات العامة,26.301599,50.206696
under_construction,SEDULOUS CO. FOR BUILDING CONST.,26.293124,50.183375
under_construction,شركة ديار التنميه,26.286194,50.192779
under_construction,Rafa Gulf Contracting Company,26.313448,50.22391
under_construction,Ibrahim Asmael General Contracting,26.285812,50.185812
under_construction,Majan Construction Company limited (subsidiary of Douglas OHI LLC),26.285228,50.195695
under_construction,Al khobar,26.215929,50.19341
under_construction,مشروع افنيو الخبر,26.217191,50.197138
under_construction,N.H.G. General Contracting & Est.,26.216795,50.20351
under_construction,SKS (Head Office),26.211366,50.197944
under_construction,Rimal Al Arab gen.cont. - RAGCO,26.217191,50.197138
under_construction,Ajasco Group | HDPE | GRP/FRP | Fencing Installations,26.314672,50.21013
under_construction,SASCL Group,26.21564,50.194244
under_construction,SPCC New Office,26.21609,50.194145
under_construction,Aknan LLC.,26.216016,50.193582
under_construction,TASQEEF,26.217191,50.197138
under_construction,NHJ contracting company,26.216385,50.19266
under_construction,شركة اتجاهات الشرق,26.216331,50.192608
under_construction,Middle East Trading & Contracting,26.217191,50.197138
under_construction,Dunkin New Villa,26.220649,50.19254
under_construction,AA AlWardi Post Tension Systems,26.211633,50.197972
under_construction,Trading & Contracting,26.289378,50.218238
under_construction,Johurul bapari,26.217191,50.197138
under_construction,شركة عبدالله غانم الدوسري للمقاولات العامة,26.216501,50.19272
under_construction,شركة اعمار فيو العقاريه,26.216334,50.193028
under_construction,White wolf wood industry,26.21465,50.201473
under_construction,Smart Woodworks,26.224258,50.186835
under_construction,Advance Foundation Contracting Company,26.216738,50.203499
under_construction,"Tekfen Construction and Installation Co, Inc",24.059709,48.534289
under_construction,صيانة انظمة وشهادات السلامه,26.217191,50.197138
under_construction,مشروع الخبر داون تاون,26.336215,50.218482
under_construction,عمارة ٨٠٩,26.257558,50.209254
under_construction,DXN Alkhobar,26.287261,50.214566
under_construction,المقاولون المتحدون,26.33391,50.204618
under_construction,Awan2 (New Awan Compound),26.301882,50.174581
under_construction,CAT compound,26.292736,50.203136
under_construction,Al Mohawis,26.321096,50.174447
under_construction,Ewan Al Nawras ايوان النورس | رتال,26.189438,50.181188
under_construction,Bella villas 5,26.337618,50.19664
under_construction,Orchid Park Compound,26.330815,50.19403
under_construction,Kanoo Compound Khobar,26.304513,50.208152
under_construction,Villa 2 - Golden Belt Village Compond,26.322108,50.201415
under_construction,Ajmakan compound,26.145971,50.164343
under_construction,برج تحت الانشاء,26.309385,50.211808
under_construction,Khobar Towers Building 131,26.261175,50.205578
under_construction,Denys Arabia company Ltd.,26.318803,50.208464
under_construction,Al Mana Medical Tower 2(New Building),26.294266,50.218899
under_construction,شركة الاسكون المحدودة - Alascon Company Limited,26.293106,50.199009
under_construction,Construction Excellence General Contracting CONEX,26.317282,50.22312
under_construction,شركة محمد البرغش المنصوري .M-AL Barghash Co,26.283154,50.192877
under_construction,شركة أبراج العزيزية للمقاولات - Al Azizia Towers Contracting Company,26.178423,50.157998
under_construction,LARSEN & TOURBO SA LLC,26.318802,50.208506
under_construction,Abraj For umbrella systems,26.237786,50.197213
under_construction,Abdulhadi Huqait Tower,26.300283,50.221572
under_construction,RED-Dhahran Mall Management Office,26.307973,50.172818
under_construction,جواهر الظهران,26.304058,50.168222
under_construction,Zaks Uniforms | Amwaj Mall | Dhahran,26.308968,50.173692
under_construction,New York Fries,26.30343,50.168658
under_construction,Ajyal Mall مجمع أجيال,26.268707,50.074324
under_construction,(Jafurah Project),26.249632,50.004131
under_construction,ABRAR SITE OFFICE-GULF WEST P85,26.245459,50.026798
under_construction,جامع الشيخ عيسى بن احمد الدموخ الدوسري,26.204864,50.168778
under_construction,The Avenues,26.245759,50.585379
under_construction,GCC Fabrication Shop Halfmoon,26.245207,50.043024
under_construction,Al-Marri Villa,26.22496,50.04258
under_construction,IFF-Industrial Fabrication Factory,26.247548,50.043781
under_construction,Itkan trading co. New warehouse,26.242209,50.027062
under_construction,نسما ابوحسن,26.24679,50.043764
under_construction,Eastern Rimal Factory Co.,26.25465,49.956619
under_construction,Arabtec Construction Camp,26.238386,50.036721
under_construction,GCC Half Moon Camp,26.244537,50.039754
under_construction,أوتاد الخليج للتطوير العقاري,26.486568,50.043521
under_construction,شركة هواء الاسكندرية للمشاريع,26.488194,50.049328
under_construction,Baker Hughes Dhahran Base,26.265172,50.02022
under_construction,Arabian fal yard office Dhahran,26.236125,50.039302
under_construction,VISCO,26.237454,50.036956
under_construction,Damam sudi arubiya,26.236125,50.039302
under_construction,شركة علي هلال مبارك و شريكه للمقاولات العامة والخدمات التجارية,26.475099,50.047769
under_construction,The BOX Design Studio,26.48223,50.040338
under_construction,مستودع شركة تساوي للمقاولات,26.242653,50.028168
under_construction,Pandora Dhahran Mall باندورا الظهران مول,26.305469,50.17023
under_construction,Dharan mall,26.236125,50.039302
under_construction,Ajyal New Address عنوان أجيال الجديد,26.265193,50.073941
under_construction,Bulding 913,26.301189,50.149442
under_construction,ACH - KFUPM Office,26.305417,50.143064
under_construction,Building 41 - Student Reception Center,26.311857,50.142724
under_construction,Bulding 912,26.301232,50.149171
under_construction,Building 7011 NEW security building KFUPM,26.311146,50.154713
under_construction,building 820,26.305797,50.143663
under_construction,New BPCC Building,26.318278,50.145528
under_construction,Al Khobar Saudi Arabia,26.286299,50.214056
under_construction,Al Yamama office - KFUPM operating,26.312687,50.153065
under_construction,Dorm 838,26.31324,50.147521
under_construction,Transient Housing U- Shapes Units,26.304146,50.134568
under_construction,BKS Main- Portcabin,26.308486,50.15032
under_construction,Dorm 857,26.313534,50.141512
under_construction,Building 15 - Research Institute,26.307245,50.141549
under_construction,إسكان الطلاب,26.309028,50.148699
under_construction,SAIPEM - SNAMPROGETTI SAUDI ARABIA,26.31685,50.145554
under_construction,Deanship of Academic Development,26.30935,50.144038
under_construction,Old student Housing,26.312075,50.142832
mall,The Avenues Resort,26.49705,49.991482
mall,مخيمات الاڤنيوز البرية (الافنيوز),26.48883,49.680703
mall,Noor Avenue,26.592086,50.020464
mall,Avenues Centre,26.434096,50.083794
under_construction,Cenomi Al Ahsa Mall,25.32895,49.549642
under_construction,THE MOVE,27.108325,49.57646
under_construction,Al Rashid Mega Mall,24.487474,39.649161
under_construction,العثيم مول,28.422255,48.481751
under_construction,Centrepoint - Raka,26.332966,50.213415
under_construction,Podium Al Batha Branch,24.64637,46.715492
park,كورنيش الخبر,26.320822,50.229499
park,ممشى كورنيش الخبر,26.323958,50.228753
park,كورنيش الخبر الجنوبي,26.260351,50.219049
park,AlRakah Corniche,26.378295,50.233868
park,Mugalat Alfreej,26.305695,50.227305
park,كورنيش الخبر,26.217191,50.197138
park,كورنيش الخور,26.233757,50.219064
park,كورنيش الخبر,26.257216,50.219502
park,كورنيش الخبر,26.301241,50.225022
park,Saudi Aramco Half Moon Beach,26.12842,50.089388
park,Public Beach,26.151872,50.072353
park,Half-Moon Beach,26.15637,50.070156
park,Sadaf Beach Half Moon,26.200042,50.028404
park,شاطئ نصف القمر,26.201636,50.032178
park,هاف مون,26.1947,50.023883
park,Half Moon Bay,26.078614,50.039302
park,Half Moon Desert Biking,26.194818,50.054901
park,Half moon beach family,26.163408,50.067852
mall,Red Sea Mall,21.628657,39.111849
mall,Cenomi Al Jubail Mall,27.003992,49.659225
mall,Granada Mall | غرناطة مول,24.7811,46.729769
mall,Villaggio Mall,25.258998,51.443602
mall,Riyadh Gallery Mall,24.743608,46.658052
mall,Riyadh Park,24.756626,46.629392
mall,Cenomi The View Mall,24.695957,46.728578
mall,Centria Mall,24.697722,46.683694
mall,النور مول,24.49615,39.595605
mall,Panorama Mall,24.69294,46.670963
mall,The Avenues,29.30268,47.936165
mall,Cenomi Al Nakheel Mall | سينومي النخيل مول وجهتك المفضلة,24.767943,46.714936
mall,Al Faisaliah Mall,24.689966,46.686746
mall,The Outlet Village by Dubai Retail,24.911941,55.010318
mall,Cenomi Mall of Arabia,21.632645,39.15602
mall,Galleria Mall,27.136976,49.568406
mall,Mall of the Emirates,25.118107,55.200608
mall,Sahara Mall,24.740027,46.682203
mall,Othaim Mall,24.685663,46.775428
mall,Marina Mall Abu Dhabi,24.475545,54.322451
mall,Hayat Mall,24.742774,46.679774
mall,Othaim Mall,25.400436,49.577898
mall,Marassi Galleria Mall,26.301717,50.642813
mall,Al Amer Mall,25.423122,49.596895
mall,Al Hazm,25.332352,51.496658
mall,Beranda Complex,26.304103,50.202557
mall,The Boardwalk,26.308112,50.177137
mall,Jubail Center Qmc office,27.0127,49.661188
mall,The Gate Mall,29.175041,48.098423
mall,Abqaiq Mall,25.925812,49.647088
mall,Fawares Mall,25.37347,49.590327
mall,Al Huwailat Center,27.097705,49.572404
transport,King Fahd Causeway,26.20832,50.273978
transport,King Fahd Cswy,26.174945,50.388833
transport,King Fahd Cswy,26.171846,50.395498
park,Ibrahim Palace,25.378866,49.586894
park,Al nakheel beach,27.118865,49.572091
park,Corniche Jubail,27.036207,49.637239
park,Tarout Castle,26.56925,50.065999
park,Corniche Fanateer,27.154606,49.569348
park,Judah’s Thumb,25.866985,48.766614
park,Eastern Province,23.568135,50.679376
park,King Abdullah Environmental Park,25.324012,49.555499
park,Uqair fort,25.644711,50.215109
restaurant,"مطعم سمك ورز، الدمام طريق الملك فهـد (Fish & Rice Restaurant, King Fahad Road, Dammam)",26.402081,50.05059
restaurant,Jeddah Restorant,26.414149,50.031383
restaurant,BANGLA RESTAURANT 91,26.405746,50.036655
restaurant,WOOD GRILL,26.399233,50.044761
restaurant,اركان أحد,26.422909,50.03802
restaurant,مظبيكم | فرع أحد,26.399501,50.045431
restaurant,مطبخ المدينة الدمام,26.420056,50.045018
restaurant,Madghout Touhama,26.399256,50.044894
restaurant,Al Deek Al Romie Restaurant,26.424392,50.044499
restaurant,Asim Restaurant Pakistani,26.418734,50.029772
restaurant,Cheezy Bites تشیزی بایتس,26.41723,50.050667
restaurant,Jamie's Italian Nakheel Mall Dammam,26.391736,50.037041
restaurant,Restaurants Abu Hilal,26.411382,50.033345
restaurant,Zad Al Sultan - Uhud,26.405297,50.056801
restaurant,Kufa,26.402571,50.051403
restaurant,مطعم مشوار حي أحد,26.416543,50.029703
restaurant,مطعم رايق,26.409349,50.057556
restaurant,مطعم قصر المظبي,26.407616,50.036013
restaurant,Doma Restaurant,26.409883,50.057081
restaurant,AlRafidain Restaurant,26.415902,50.025361
restaurant,مطاعم تثليث البخاري,26.417706,50.050228
restaurant,Hashim Restaurants,26.41099,50.033509
restaurant,مطعم مذاق الفخار,26.409381,50.057431
restaurant,Alkabsa Alhasawiya Restaurant,26.416614,50.051439
restaurant,Shrimpy Restaurant,26.421733,50.046802
restaurant,The first moment,26.404624,50.038221
restaurant,MAZA RESTAURANT,26.407311,50.059159
restaurant,মদিনা হোটেল-Madina Restaurant,26.405608,50.036797
restaurant,مطعم جوار البحر للمأكولات البحرية,26.412734,50.031828
restaurant,اسماك طازة,26.411108,50.055945
restaurant,مطعم يامال الطيب,26.401909,50.050196
restaurant,Kufa,26.425913,50.036251
restaurant,FAMOUS PROTEIN أكل صحي,26.422809,50.030375
restaurant,مطعم سفرة الفريج,26.40714,50.05961
restaurant,Road Uhud Dammam,26.423451,50.04015
restaurant,معجنات تنور الشام,26.416563,50.029687
restaurant,AMWAJ RESTAURANT,26.414868,50.052963
restaurant,كبدة حجازي / حي احد,26.407331,50.059417
restaurant,Alburg resturant,26.411846,50.05536
restaurant,Samadeeraty Restaurant,26.409852,50.03436
restaurant,Ruchi Restaurant Dammam مطعم تاج الدمام,26.441982,50.062758
restaurant,كرست برجر - CRST Burger,26.415517,50.052162
restaurant,Althawaqa Biryani,26.423323,50.045471
restaurant,Abuzaid restaurant,26.399436,50.045102
restaurant,مطبخ,26.414614,50.033481
mall,Amazon 5.75 Riyal shop,26.423272,50.02758
mall,تمور الزومان,26.419696,50.027482
mall,Geekay - Nakheel Dammam Mall,26.391494,50.037531
mall,عطارة واكثر طريق الخوارزمي,26.421932,50.036051
mall,Panda Hyper 40005 | بنده هايبر,26.426006,50.034316
mall,عصر المواقع,26.426904,50.043911
mall,مركز العناية الطبيعية,26.491259,50.04167
mall,الاسعار,26.4101,50.034182
mall,Centrepoint - Saud St,26.426822,50.035253
mall,Squares Uhud - سكويرز أحد,26.405885,50.057859
school,Khwalid Ahliyya School,26.401034,50.041398
school,Fifty primary school,26.418916,50.039653
school,مدرسة المدينة المنورة الابتدائية,26.419856,50.047117
school,Pioneers Peace Schools Private Girls,26.414124,50.032256
school,مدرسة الامام محمد بن سعود الثانوية للبنين,26.420065,50.044013
school,ابتدائية عبيدة بن الحارث,26.415388,50.03418
school,ابتدائية عمرو بن معاذ,26.408471,50.056037
school,Girls Primary School 56,26.414581,50.049673
school,المدرسة الثانوية الرابعة عشر بالدمام ( ١٤),26.419763,50.039215
school,مدارس آجيال النجاح النموذجية الأهلية,26.406891,50.040997
school,الابتدائية الحادية والاربعون بالدمام,26.413425,50.036659
school,المتوسطة التاسعة عشرة بالدمام,26.414907,50.050114
school,مجمع مدارس الضاحية الأهلية للبنات,26.411765,50.060601
school,مدارس براعم الأقصى الأهلية مسار عام -إسناد بنين-مسار تحفيظ,26.412157,50.04479
school,مدارس منارة الإسلام الاهلية,26.420172,50.036779
school,مدارس رواد السلام الأهلية الابتدائية بنين,26.408048,50.043193
school,15th High School,26.410967,50.053399
school,الابتدائية السادسة عشر بالدمام,26.404927,50.049697
school,مدارس المجد الأهلية,26.415349,50.045635
school,"Secondary Girls Dammam, the Ninth of",26.413425,50.036742
school,الروضة السابعة بغرب الدمام,26.413425,50.036659
school,الابتدائية الواحدة والاربعون بنات,26.413387,50.036528
school,Shamah Autism Center - Dammam,26.43209,50.028334
school,مدرسة مسك الابتدائيه,26.410359,50.053744
school,Talent World International School,26.477896,50.044216
school,Muhammad,26.42193,50.036087
school,2nd Standard Technical Training Institute,26.422363,50.063838
school,The Fifth Elementary School,26.472872,50.055009
school,Said ibn ziyad,26.418393,50.033144
clinic,مركز صحي احد الغربي,26.413493,50.035754
clinic,عيادات ايفا للجلدية والأسنان والليزر الدمام,26.3993,50.044976
clinic,عيادات هلثمي HealthMy,26.482558,50.054617
clinic,Skincare Clinic (Dammam),26.410219,50.047487
clinic,مركز صحي الخليج بغرب الدمام,26.447752,50.089783
clinic,Saihat PHC 2,26.480699,50.041886
clinic,مركز صحي سيهات الثالث,26.477849,50.048967
clinic,مركز صحي القادسية,26.42087,50.07075
clinic,مركز ترياق البدن للحجامة,26.422301,50.028881
mosque,Mosque,26.410863,50.047902
mosque,Sheikh Abdullah Alngide mercy of Allah Mosque,26.420578,50.029718
mosque,جامع السالم,26.403899,50.045702
mosque,Imam Al Nisaie Mosque,26.417005,50.047427
mosque,Rahman mosque,26.411677,50.035867
park,حديقة حي أحد ج,26.418305,50.033168
park,ممشى حي احد,26.412382,50.04261
park,حديقة حي احد,26.423355,50.044036
pharmacy,صيدلية النهدي,26.407577,50.036159
pharmacy,صيدلية الدواء,26.423936,50.044984
pharmacy,United Pharmacy - صيدلية المتحدة,26.420178,50.022127
pharmacy,United Pharmacy - صيدلية المتحدة,26.423611,50.025391
pharmacy,Nahdi pharmacy | صيدليه النهدى,26.395559,50.019046
pharmacy,Al Hilal Pharmacy - صيدلية الهلال,26.40477,50.037938
pharmacy,Nahdi pharmacy | صيدليه النهدى,26.411495,50.005089
pharmacy,Nahdi pharmacy | صيدليه النهدى,26.394647,50.044922
pharmacy,صيدلية الدواء,26.395874,50.018789
pharmacy,صيدلية الدواء,26.395378,50.037145
pharmacy,Nahdi pharmacy | صيدليه النهدى,26.398041,50.042127
pharmacy,Nahdi pharmacy | صيدليه النهدى,26.427217,50.036755
pharmacy,Lemon Pharmacy | صيدلية ليمون,26.424574,50.024777
pharmacy,Nahdi pharmacy | صيدليه النهدى,26.412674,50.019219
pharmacy,Zahrat Al Rawdah Pharmacy 114 صيدلية زهرة الروضة,26.385599,50.059376
pharmacy,Nahdi pharmacy | صيدليه النهدى,26.391313,50.037563
pharmacy,Al-Dawaa Pharmacy,26.386362,50.055424
pharmacy,صيدلية الدواء,26.420578,50.033434
pharmacy,صيدلية الدواء,26.404771,50.055465
pharmacy,صيدلية الدواء,26.429565,50.015619
pharmacy,صيدلية الدواء,26.42177,50.003302
pharmacy,صيدلية الدواء,26.411695,50.056496
pharmacy,صيدلية الدواء,26.418877,50.020584
pharmacy,صيدلية الدواء,26.406739,50.072635
pharmacy,صيدلية الدواء,26.392803,50.046446
pharmacy,صيدلية الدواء,26.416354,50.025021
pharmacy,صيدلية الدواء,26.420056,49.996972
pharmacy,Lemon pharmacy صيدلية ليمون,26.410686,50.015012
bank,SNB AlAhli,26.398924,50.04205
bank,anb البنك العربي الوطني - Mukhatat 71 Branch,26.403632,50.053129
bank,SAB الأول,26.420637,50.034617
bank,SAB الأول,26.411745,50.046096
bank,Al Rajhi ATM,26.412951,50.032189
bank,Riyad Bank ATM,26.422351,50.046394
bank,Riyad Bank ATM,26.39829,50.04289
bank,مصرف الراجحي | alrajhi bank,26.400312,50.040438
bank,Riyad Bank ATM,26.43451,50.05276
bank,Alinma,26.398705,50.043443
bank,Riyad Bank ATM,26.40242,50.02769
bank,Al Rajhi Bank ATM,26.409121,50.057681
bank,Riyad Bank ATM,26.407333,50.060478
bank,SAB الأول,26.409756,50.047622
bank,Riyad Bank ATM,26.414758,50.053853
bank,anb ATM صراف البنك العربي الوطني - Mowassat Hospital,26.410628,50.048165
bank,SNB AlAhli ATM,26.407582,50.059129
bank,anb ATM صراف البنك العربي الوطني - Mukhatat 71 Branch,26.403783,50.0529
bank,SNB AlAhli ATM,26.415164,50.030046
bank,SAB الأول,26.419902,50.048395
bank,مصرف الراجحي | alrajhi bank,26.399687,50.017812
bank,NCB,26.40385,50.037985
bank,Enjaz,26.441413,50.066552
bank,راية للتمويل – فرع الدمام - Raya Financing – Dammam Branch,26.400834,50.051537
bank,صرافة بنك الراجحي,26.413632,50.053795
bank,BSF - Faisaliyah Branch - فرع الفيصلية,26.399313,50.065812
bank,شركة إرسال لتحويل الأموال ERSAL MONEY TRANSFER,26.431873,50.043312
bank,Enjaz,26.403813,50.038187
bank,Western Union,26.403767,50.038217
bank,Riyad Bank ATM,26.404428,50.063069
bank,جيبي | J-B,26.399496,50.065799
bank,Quickpay - SNB ALAhli,26.436886,50.03377
bank,Almajdouie Group Complex,26.40082,50.051386
bank,SASCO - ساسكو,26.421252,50.024373
bank,تسهيل للتمويل | Tasheel Finance,26.406205,50.062293
bank,Riyad Bank ATM,26.40988,50.03372
bank,Western Union,26.431431,50.043003
bank,Tahweel Al Rajhi,26.402033,50.039135
restaurant,مطعم الوحيد Alwaheed Restaurant,26.235295,49.989656
restaurant,مطعم شهد الشام,26.413681,50.05392
restaurant,Frykit,26.46774,50.059161
restaurant,Rayg Shawarma,26.458214,50.096352
restaurant,بيت الشواية Shawaya House,26.40187,50.039951
restaurant,٨٨ سكندز بيتزا الدمام | 88Seconds Pizza,26.399487,50.045312
restaurant,Tikkaway_أحد,26.401555,50.049243
restaurant,مطعم شاورمات,26.411452,50.033217
restaurant,Golden Rawda Kitchen,26.401704,50.049575
restaurant,Saj Lebnani,26.416851,50.029443
restaurant,Kudu - Panda Hypermarket,26.412163,50.046127
restaurant,Yaghmush Zaman 71,26.420687,50.047812
restaurant,Hungry Bunny,26.400782,50.040777
restaurant,Mama Noura,26.405271,50.056545
restaurant,فطور الطيبين الدمام,26.393658,50.072458
restaurant,Alghamdi Beans and Bread,26.418739,50.030915
restaurant,Awake,26.390049,50.065644
restaurant,الجرة الحضرمية,26.403968,50.038527
restaurant,لذائذ المأكولات,26.423444,50.040136
restaurant,مطعم رايق,26.378369,50.05951
restaurant,Waraq 3nb Station,26.462636,50.049498
restaurant,كرك عبلة,26.406491,50.059103
school,ابتدائية أحد,26.416878,50.085275
clinic,عيادة أحد,26.366447,50.169533
park,حديقة احد الجديدة,26.413462,50.052999
park,حديقة,26.422215,50.036589
restaurant,Cart Restaurant,26.376441,50.061165
restaurant,Crumshy,26.470047,50.059568
restaurant,"Red Table Restaurant, Abdullah Fouad Branch",26.422458,50.113625
restaurant,Piatto Restaurant,26.460187,50.120937
restaurant,Nehari House Restaurant,26.437263,50.106578
restaurant,Horizon Restaurant,26.439012,50.1054
restaurant,Regency Restaurant,26.43157,50.080777
restaurant,الكبسة الدمامية (الدمام) | Al-Kabsah Al-Dammamiah,26.42398,50.09401
restaurant,Anarkali Restaurant,26.459312,50.087438
restaurant,يورفت,26.412871,50.096863
restaurant,Indian Paradise Restaurant Dammam,26.452377,50.068085
restaurant,Zaiqa Restaurant مطعم مذاقات شرقية,26.437845,50.106501
restaurant,Kabana Restaurants,26.421806,50.085148
restaurant,مطعم باي كوزين للماكولات البحرية,26.466296,50.060131
restaurant,Duan Restaurant,26.4349,50.097611
restaurant,شركة نجمة سماء الديرة للمطاعم,26.459317,50.094821
restaurant,RBG Grill Restaurant,26.233557,49.986361
restaurant,Lafana Restaurant,26.453536,50.121063
restaurant,شواية الخليج,26.439374,50.083059
mall,مركز العناية بالجمال,26.444493,50.121386
mall,MIDI,26.400616,50.117004
school,King Abdullah Secondary School,26.410961,50.12326
school,Ajyal Al-Mawaheb Schools,26.378312,50.139187
school,مدارس اجيال التحدي الاهلية,26.436014,50.060326
school,روضة منارات الدمام,26.404066,50.112199
school,Civil gift schools,26.437448,50.086311
school,مدارس الأنصار الأهلية (قسم البنين),26.37815,50.102398
school,Elementary 57,26.406118,50.032112
school,Prince Mohammed bin Fahd Complex education,26.401451,50.101479
school,ابتدائية نافع المدني لتحفيظ القرآن الكريم,26.433585,50.089166
school,الرابعة و العشرون الابتدائية بالدمام,26.408031,50.121735
school,ثانوية عامر بن عوف بالدمام,26.418577,50.1051
school,ابتدائية قتيبه بن مسلم,26.400365,50.035831
school,مدارس قناديل الشرق الأهلية,26.366348,50.082884
clinic,عيادات اللمسة اللطيفة الطبية,26.462407,50.121495
clinic,Eradah Medical Rehabilitation Center مركز ارادة للتأهيل الطبي,26.395935,50.070423
clinic,فيزيوثيرابيا للعلاج الطبيعي و التأهيل -الزهور /الدمامPhysioTherabia -zohor –Dammam,26.450014,50.082552
mosque,Masjid Fatima,26.375938,50.189417
mosque,مسجد العبدالقادر,26.378108,50.141816
park,Dammam park,26.216762,49.924799
pharmacy,Nahdi pharmacy | صيدليه النهدى,26.412758,50.096347
pharmacy,صيدلية الدواء,26.44286,50.1175
pharmacy,Al-Dawaa Pharmacy,26.436464,50.125295
pharmacy,Nahdi pharmacy | صيدليه النهدى,26.434783,50.118241
pharmacy,United Pharmacy - صيدلية المتحدة,26.364187,50.095687
pharmacy,United Pharmacy - صيدلية المتحدة,26.519212,50.033699
pharmacy,Whites,26.396313,50.043312
pharmacy,Whites,26.359813,50.189062
pharmacy,صيدلية الدواء,26.35968,50.19073
pharmacy,NMA,26.461759,50.122057
pharmacy,Whites,26.348165,50.14341
pharmacy,Al Hussain Pharmacy صيدلية الحسين,26.567658,50.004415
pharmacy,Nahdi pharmacy | صيدليه النهدى,26.564798,49.995016
pharmacy,صيدلية دواء العرب بالجلوية,26.432449,50.072264
pharmacy,صيدلية اكسير ١٦,26.420443,50.027147
pharmacy,صيدلية أجياد,26.436833,50.123959
pharmacy,NMA,26.355827,50.099218
bank,SNB AlAhli,26.400813,50.097187
bank,SNB AlAhli,26.39621,50.069972
bank,SNB AlAhli,26.368188,50.052812
bank,البنك الاهلي SNB,26.361892,50.096525
bank,SNB AlAhli,26.368063,50.203688
bank,البنوك,26.423071,50.107603
bank,مصرف الراجحي | alrajhi bank,26.423813,50.085073
bank,Sharhan Exchange,26.4688,49.797348
bank,Riyad Bank ATM,26.408967,50.108294
bank,anb Sales Center,26.451254,50.130372
bank,alinma Bank | مصرف الإنماء,26.467418,49.797068
bank,anb البنك العربي الوطني - Al Farsan Branch,26.371188,49.972187
bank,Baghlaf Exchange,26.442557,50.105173
bank,Bank Albilad | بنك البلاد,26.402877,50.102449
bank,Enjaz,26.41481,50.160159
bank,مصرف الراجحي | alrajhi bank,26.527787,50.031266
bank,مصرف الراجحي | alrajhi bank,26.399419,50.017862
bank,الجمعية الخيرية للطعام إطعام - Eta'am,26.393667,50.168833
bank,stc store,26.456351,50.129064
bank,مصاغات الأربش ذهب و الماس,26.455092,50.105033
bank,مجوهرات عبدالله الاربش فرع الدمام 2,26.445883,50.102224
bank,بنك الجزيرة,26.568069,50.007241
bank,SLIDERCODE - سلايدر كود,26.456904,50.096761
bank,SNB AlAhli,26.333637,50.201042
restaurant,Nathri Restaurant,26.38993,50.065471
restaurant,Raeeha,26.420204,50.115838
restaurant,Romansi Al Sharqiya,26.414302,50.054338
restaurant,Bukhari Hut,26.378411,50.059517
restaurant,مطعم تكية شام للمطاعم,26.406546,50.107613
restaurant,ميس القمر الدمام المباركيه,26.470651,50.092483
restaurant,شركة مطاعم مارب للاكلات الشعبيه,26.452297,50.105723
restaurant,Syrian House Restaurant,26.441699,50.077143
restaurant,Q EAT,26.391242,50.073927
restaurant,دلع كرشك,26.43725,50.083992
restaurant,Al Kabsh / الكبش,26.438318,50.1066
restaurant,Atlas grill restaurant مطعم أطلس,26.423413,50.092756
restaurant,مطعم ليالي اسكندرية,26.429941,50.094278
restaurant,Abha Modern Restaurant,26.415156,50.07819
restaurant,Biryani Athawaqa Restaurant,26.365191,50.07625
restaurant,مطعم الرواق الشعبي فرع القادسية,26.414036,50.068708
restaurant,Balcony,26.453849,50.120264
restaurant,Ennabi Grill,26.390597,50.066723
school,Rayat Al-Sharqiyah Private Schools,26.365736,50.072147
school,مدارس مهارات المستقبل الأهلية,26.357405,50.039391
school,مدارس رياض الأندلس,26.423284,50.021589
school,مدارس الضاحية الأهلية للبنين,26.414316,50.058521
school,متوسطة و ثانوية الإعتصام الأهلية,26.409915,50.094716
school,الابتدائية السابعة عشر بالدمام,26.41006,50.021942
school,مدرسة سناء الجعفري الثانوية,26.402469,50.117156
school,المدرسة الثانوية الخامسة للبنات,26.429281,50.071253
school,المدرسة الثانوية السادسة عشر (بنات),26.415667,50.021319
school,مدرسة منارات الفيصلية الاهلية بالدمام - بنين,26.367255,50.036727
school,الثانوية الثلاثون,26.395719,50.068248
school,متوسطة وثانوية مشكاة الشعلة للبنات,26.364612,50.088172
school,مدرسه سودانيه بالدمام,26.420683,50.088794
school,مدرسة (17) المتوسطة للبنات🎀,26.39979,50.02174
school,الروضة العشرون,26.40902,50.093022
clinic,Vital Signs by Your Center,26.386461,50.060664
clinic,عيادة النحلة والنحال للحجامة,26.428716,50.075194
clinic,مركز إصرار للتأهيل المكثف الأطفال,26.429757,50.116704
mosque,مسجد دليّل اليوسف رحمها الله,26.41218,50.057584
mosque,Al Iskan Masjid,26.415096,50.123381
mosque,Khalid Bin Al Waleed Mosque,26.420924,50.102432
mosque,مسجد ادارة التموين الطبي,26.449883,50.058475
mosque,Al Dawa Mosque,26.410764,50.096368
mosque,Abdullah Al Kahter Mosque,26.40609,50.11663
mosque,جامع دار البركة,26.433004,49.98465
mosque,Masjid Albahuth,26.450452,50.06551
mosque,جامع نساج تاون,26.331081,49.999135
mosque,Mosque,26.358207,50.055564
mosque,AlMuslim Mosque,26.489163,50.126424
mosque,مسجد محمد القحطاني,26.402756,50.075169
mosque,Al Salam Mosque,26.414597,50.18418
mosque,مسجد هليل العصيمي,26.416434,50.023751
park,Al Manar Park,26.381343,50.043071
park,Al Rabea Park,26.403934,50.113326
park,مبادرة نلعب معا (ميدان الخريجي),26.378242,50.118984
park,حديقة عامة,26.343517,50.062138
park,حديقة الميادين إسكان الدمام,26.419897,50.12038
park,منتجع فيليرو Velero Resort,26.499027,50.001493
restaurant,Ibn Khaldun Buffet,26.420266,50.08963
restaurant,"C3CR+GC5, Ibn Khaldun, Dammam 32253, Saudi Arabia",26.421256,50.091097
restaurant,Co_kitchens,26.421216,50.091036
restaurant,وقت الكرك Karak Time,26.424994,50.09784
restaurant,بوفية وجبة عزيز لتقديم الوجبات,26.424026,50.094112
restaurant,Al Bukhari Mehdi Faraj Restaurant,26.42116,50.096721
restaurant,Calicut Live's Restaurant,26.426844,50.097008
restaurant,AN KITCHEN,26.420751,50.10574
restaurant,Cheesy Spot,26.424997,50.098695
restaurant,Altarad Fish Restaurant,26.417114,50.09275
restaurant,لقمة لقيمات,26.421308,50.090984
restaurant,KFC,26.422642,50.091992
restaurant,ماماز شباتي Mamas Chapati,26.417481,50.092176
restaurant,كافتيريا راعي الكبده,26.416438,50.094062
restaurant,Barsha Broast,26.417844,50.090872
restaurant,مطعم تاج صباء,26.425479,50.09438
restaurant,تميس,26.419051,50.089767
restaurant,NEHARI GRILL RESTAURANT,26.421291,50.089338
restaurant,Baker's Oven,26.427269,50.110453
restaurant,Yemani Food Shop,26.420043,50.089254
restaurant,High performance global for trading,26.418824,50.095951
restaurant,Saravanaa bhavan Dammam,26.427249,50.097413
restaurant,Afzal shwaa restaurant,26.423367,50.07921
restaurant,Elene Cafe,26.417966,50.090862
restaurant,Kerala Bake Restaurant,26.427022,50.096128
restaurant,بوفيه نكهة نقية,26.422801,50.094381
restaurant,8 inch,26.42115,50.090804
restaurant,Arabian Ezhuthani,26.427639,50.097567
restaurant,مؤسسة سبع نجوم تقديم الوجبات,26.422795,50.101825
restaurant,ذا قود بول,26.421225,50.091036
restaurant,Zahroo's Cafe Tea 'N Talk,26.424996,50.09864
restaurant,Althatn,26.421692,50.094961
restaurant,Nando's - Nakheel Mall Damamm,26.390827,50.037589
restaurant,Al Nakheel Restaurant,26.427549,50.097566
restaurant,Madara's Cafe,26.420683,50.088794
restaurant,Grabu,26.422767,50.089223
restaurant,SPOT ON,26.427508,50.097154
restaurant,Arabic restaurant___matham,26.426548,50.086442
restaurant,دولمة الحجية فرع المريكبات,26.417243,50.092504
restaurant,اسماك ابن حميدو,26.433333,50.095488
restaurant,تكة خانة Taka Khana,26.42093,50.097584
restaurant,مقهي ديوان مشار Machar Cafe,26.420932,50.10358
restaurant,Cafe LeChef,26.411925,50.096827
restaurant,Shay Khana,26.420935,50.097633
mall,Ibn Khaldoun Mall,26.413896,50.071361
school,ابتدائية إبن خلدون,26.48236,50.039398
school,Ibn Khaldon Mosque,26.422663,50.097415
school,Ibn Khaldun,26.420592,50.096559
school,Khaled Ibn Hizam Elementary School,26.421538,50.09375
clinic,مركز صحي ابن خلدون,26.42304,50.09907
mosque,Khaldoun Al Mouqat Mosque,26.421756,50.097533
mosque,جامع الأمير عبدالعزيز بن جلوي,26.431968,50.098552
mosque,جامع منيرة الهاجري,26.422726,50.097631
mosque,Habib bin Zayd Mosque,26.436242,50.093987
mosque,Mosque of Mohammed Al-Kadi,26.41396,50.103264
mosque,Al Dakheel Mosque,26.424815,50.082916
mosque,Habib Al Najar Mosque,26.418364,50.092791
mosque,Al Ameen Mosque,26.422191,50.093817
pharmacy,صيدلية الدواء,26.400542,50.096687
pharmacy,صيدلية النهدي حي النخيل,26.437929,50.092252
pharmacy,صيدلية الدواء,26.402414,50.085089
pharmacy,صيدلية الدواء,26.400778,50.104139
pharmacy,صيدلية زهرة الروضة 339 Zahrat Al Rawdah Pharmacy,26.424276,50.085107
pharmacy,Al Jamaa Pharmacy No.12,26.425223,50.106272
pharmacy,صيدلية لافندر- الريان,26.400364,50.096361
pharmacy,IKS Pharmacy #1 - صيدلية شركة إبراهيم خليل صباغ و شركاه,26.441263,50.100008
pharmacy,HERBAL SHOP SEIKO,26.44146,50.101263
pharmacy,صيدليه دواء شام,26.412451,50.097083
pharmacy,nadeem aorkshop,26.41887,50.111125
pharmacy,Value Pharmacy - Seko صيدلية فاليو - سيكو,26.442437,50.103167
pharmacy,Global Pharma,26.425353,50.098304
pharmacy,صيدلية ليمون,26.420263,50.03366
pharmacy,Alhaiah Pharmacy,26.432697,50.094796
pharmacy,Aljamaa Pharmacy No.4 صيدليه الجامعه الرابعه,26.443096,50.098881
pharmacy,Salamatak Bedonia Pharmacy,26.42206,50.104734
pharmacy,Value Pharmacy - Qazzaz صيدلية فاليو - القزاز,26.435206,50.094095
pharmacy,Aljamaa pharmacy No.7,26.440461,50.099487
pharmacy,Healthy Care Pharmacy - صيدلية هيلثي كير,26.461902,50.067489
pharmacy,Al Jamiah Pharmacy,26.443094,50.098881
pharmacy,Sondos AL HAYAT pharmacy 351,26.441356,50.100985
pharmacy,Youssef shara,26.423029,50.079145
pharmacy,Al hayat pharmacy 305,26.440082,50.101274
pharmacy,Al Hokail Pharmacy صيدلية الحقيل,26.405806,50.101621
pharmacy,مهد الشفاء للمستلزمات الطبية,26.429609,50.085623
pharmacy,Betapharm pharmacy,26.432775,50.094468
pharmacy,Value Pharmacy - Adama صيدلية فاليو - العدامة,26.436522,50.098382
bank,SAB الأول,26.422956,50.096444
bank,Riyad Bank ATM,26.426375,50.100425
bank,AlRajhi Bank ATM,26.4258,50.099167
bank,SNB AlAhli,26.411271,50.109574
bank,Tahweel Al Rajhi,26.413213,50.096357
bank,Riyad Bank ATM,26.42097,50.09909
bank,Riyad Bank ATM,26.42607,50.10041
school,كم,26.421935,50.102766
clinic,مجمع العبير الطبي,26.423299,50.097639
restaurant,معجنات أفران أجيال,26.265885,50.070919
restaurant,Falafel Pie,26.265766,50.07136
restaurant,ajayel alshati,26.464376,50.121718
restaurant,Azal,26.400299,50.117253
restaurant,كافتيريا شفق,26.249699,50.075005
restaurant,مطعم أزال,26.455286,50.10595
restaurant,مطعم نجم آزال للأكلات الشعبية,26.434603,50.045754
restaurant,Ajayel,26.298238,50.219119
restaurant,Emilien,26.456752,50.06219
restaurant,Sinjar,26.378887,50.058492
restaurant,فندق عنوان اجيال,26.265658,50.07335
restaurant,مطعم جازلي,26.365382,50.061316
restaurant,عجيّل,26.381873,50.047373
restaurant,Ovlo,26.265884,50.070551
restaurant,مطعم وفوال اجيال مأرب,26.325197,50.163875
restaurant,ابو الجدايل لخدمات الطعام والاعاشه المطهيه,26.468294,49.796306
restaurant,مدارس أجيال المعالى الأهلية,26.428843,50.002861
restaurant,اجيال صخر,26.292903,50.21228
restaurant,Bab Al Katem,26.476243,50.043509
restaurant,سبايسي ميل Spicy Meal,26.464143,50.031461
restaurant,مركز أجيال العطاء لضيافة الأطفال,26.386507,50.058756
restaurant,سوما | Soma,26.266104,50.07153
restaurant,قريل ميت | GRILLED MEAT,26.455071,50.096365
restaurant,Al Tandeel Restaurant,26.46794,50.092048
restaurant,7 Grams Drive Thru - Ajyal | ٧ جرام - اجيال,26.262483,50.061862
restaurant,مطاعم ومطابخ الأجيال,26.357142,43.951336
restaurant,Egah Restaurant & Cafe - مطعم ايجه,26.271758,50.220939
restaurant,Ajyal Grill & Restaurant,26.120868,50.569548
restaurant,Al Deek Crispy Restaurant,26.377706,50.148168
restaurant,أجيال مول,26.257008,50.083128
restaurant,Lazy Koala Restaurant مطعم ليزي كوالا,26.334953,50.132621
restaurant,أجيال المستقبل كمبيوتر و طابعات واحبار جملة و تعبئة احبار و صيانة الات تصوير و طابعات و لابتوب وكمبيوتر كامرات مراقبة ـ مكتبة,26.453406,50.089005
restaurant,Uplift,26.351896,50.210965
restaurant,TAG Restaurant KSA- مطعم تاغ,26.381182,50.056462
restaurant,Abu Hilal restaurants,26.436184,50.089838
mall,مكتبة معرفة الاجيال,26.392898,50.032201
school,روضه رحله الاجيال الاهليه,26.450589,49.972042
school,روضة مدارس اجيال واعدة الأهلية في حي النور,26.431516,50.032833
clinic,مجمع عيادات أجيال الطبي,24.742625,46.671465
clinic,مجمع عيادات أجيال الطبي للجلدية والجراحات التجميلية والليزر,24.742718,46.671688
clinic,Alhokail Eye Center,26.405336,50.101906
clinic,Ajyad Medical Complex,26.436711,50.124005
mosque,مسجد اجيال,26.406891,50.040997
park,حديقة الأجيال,26.436591,50.07578
park,منتزه اجيال العام,26.268102,50.077563
park,حديقة الأجيال,26.450214,50.064031
pharmacy,صيدلية رويال العروبة,26.330529,49.982469
pharmacy,Aljamaa pharmacy No.2. صيدليه الجامعه الثانيه,26.442613,50.097654
pharmacy,Aljamaa pharmacy No.3 صيدليه الجامعه الثالثه,26.442858,50.100201
pharmacy,صيدلية الحقيل,26.393672,50.084422
bank,مكتب مجموعة اجيال العقاريه,26.141614,50.159721
bank,اجيال الغد للتطوير العقاري 11,26.390739,50.223838
bank,AJIL Financial Services Company,26.290768,50.176935
restaurant,مطعم اجيال,26.468564,50.045046
mall,Ajial Mall,29.082714,48.136353
clinic,مركز أجيال,26.549225,50.003512
restaurant,Antar resturent,26.437317,50.053698
restaurant,مطعم الفته المصريه للمأكولات المصريه,26.437754,50.056888
restaurant,مطعم الجره العدنيه,26.436048,50.06274
restaurant,Boofiya Jabalul Noor,26.440288,50.060763
restaurant,الدمام حي الاثير,26.44587,50.029983
restaurant,Zafran Indian Restaurant,26.439706,50.064587
restaurant,Spicy Restaurant مطعم بيت الطعام المتبل,26.434853,50.057521
restaurant,Al atheer,26.439657,50.064599
restaurant,بوفيه ترويقة الاثير,26.4358,50.064083
restaurant,مطعم اخر لذاذه للاكلات الشعبيه,26.436317,50.057488
restaurant,مقهى انغام دبي 2,26.437719,50.053266
restaurant,مطعم البرج الحديث,26.440283,50.060385
restaurant,مطعم مرسى الأثير,26.439219,50.056326
restaurant,Athir Al Ruwaisi burger and juice shop,26.438653,50.064843
restaurant,Tihama Oasis Restaurant for traditional food,26.437877,50.056432
restaurant,‏مطعم رتوش سابقافوال مش معقول,26.44059,50.06393
restaurant,بوفيه نور الاثير,26.434435,50.046469
restaurant,Amacina Madgot Restaurant,26.43606,50.064767
restaurant,مطعم الراكوبة للمأكولات السودانية,26.438349,50.056339
restaurant,مطعم تكة طرشوووله بالدمام,26.436514,50.05344
restaurant,بوفيه لذة السعادة,26.437675,50.056919
restaurant,بوفية جبل النور,26.439812,50.06102
restaurant,Makkah Restaurant,26.428187,50.063312
restaurant,Harez market,26.425945,50.066607
restaurant,مطعم ليالي الصالحية,26.437212,50.053619
restaurant,مطعم هندي,26.440037,50.060821
restaurant,Chillies Restaurant,26.439468,50.064722
restaurant,Maestro Pizza,26.429565,50.066218
restaurant,سمك الأثير,26.435306,50.059642
restaurant,بوفيه اجواد لبنان,26.438523,50.056349
restaurant,BHAI BHAI HOTEL,26.426974,50.067664
restaurant,تثليث البخاري Tathlith Bukhari Restaurant,26.438221,50.056368
restaurant,بوفيه دروازه الأثير للوجبات السريعة,26.438932,50.061119
restaurant,مقهي ليالي الأمم,26.424322,50.060547
restaurant,بوفية هاجر,26.437451,50.053686
restaurant,Good food,26.437264,50.053854
restaurant,Sultan Nights Cafe,26.437974,50.056408
restaurant,Broast Al Basel,26.433432,50.066334
restaurant,مطعم كابلي ديرا البخاري,26.428114,50.067645
restaurant,مطعم انوارالنجوم البخاری,26.427231,50.067706
restaurant,best cafe,26.4289,50.068426
restaurant,Broast Rukun Al-Tazaj بروست الركن الطازج,26.431887,50.067406
restaurant,زد كافي Zed Coffee,26.437273,50.053892
restaurant,مقهى ال انعم,26.434491,50.05491
restaurant,رياض الاثير,26.447551,50.094251
restaurant,معسلات ليالي وناسه,26.423437,50.058706
restaurant,Hardee's,26.430739,50.067253
restaurant,رنده للحلويات السودانيه حي الاثير,26.439046,50.056378
restaurant,STAR RESTURANT,26.440233,50.064536
restaurant,Baba abdo restaurant مطعم بابا عبده,26.440891,50.060661
restaurant,كوفه حي الجلوية,26.438977,50.065411
mall,صالة التوفير,26.442353,50.064943
mall,الدمام حي الاثير سوق التلفزيون الحراج,26.427585,50.065243
mall,مجموعة برج الذهب,26.440056,50.063414
mall,ممر محلات الذهب بالحياة بلازا,26.442251,50.068136
mall,شركه رواد الزيوت للتجارة الرئيسي,26.441482,50.061736
mall,قصر الأواني | QASR ALAWANI‎ | الدمام، المحمدية,26.445813,50.063348
mall,تخفيضات الساحة الكبرى,26.444025,50.067154
mall,وسام التوفير للبضايع المخفضة,26.442301,50.065769
mall,مركز يامن,26.438087,50.06503
mall,واو فايف,26.441518,50.067848
mall,World of Saving,26.443352,50.063505
mall,البهار اليمني,26.439769,50.064571
mall,شركة اولاد الحاج علي السيهاتي,26.435819,50.064254
mall,سكن الاثير,26.425548,50.06066
mall,سوق السمك والخضار,26.447283,50.067221
mall,Gomla Al Mustahlek Trading Co.,26.44107,50.066121
mall,أصول الشرقيه,26.442441,50.067045
mall,Anwar Al'asear انوار الاسعار,26.441499,50.066587
mall,shade saving,26.444279,50.066425
mall,قصر التخفيضات,26.427278,50.071119
mall,وناسه للمعسلات,26.425913,50.059409
mall,Dubai Cosmetics,26.444718,50.063761
mall,Top Up Center,26.442644,50.063768
school,Aisha bint Abi Bakr School,26.40226,50.06329
school,صدر الأمر السامي الكريم,26.434708,50.054805
school,الثانوية الثامنة عشر بالدمام,26.424038,50.068753
school,تفصيل ستاير جميع انواعها واشكالها وفني غرف نوم جميع انواعها,26.424395,50.068202
school,Kareem Tex,26.428174,50.068593
school,Al Athir,26.435145,50.058752
school,Alhussan Group Head-Office,26.443659,50.119253
school,المدرسه الثانويه في سيهات,26.479549,50.048371
school,شركة التهذيب للخدمات التعليمية,26.471858,50.057312
school,مدرسة الشرقيه المتوسطه بالدمام,26.43823,50.067754
school,متوسطة الشرقية,26.438523,50.067719
school,ابتدائية المنهل,26.432323,50.076705
school,Amr ibn Al Aas Elementary School,26.439107,50.080179
school,26th Elementary girls' school,26.431187,50.074419
school,الثانوية الخامسة بسيهات,26.480001,50.056212
school,Abdullah bin Al Zubair School,26.434554,50.064641
clinic,Al Atheer primary health care center MOH,26.437477,50.05652
mosque,Mosque,26.427489,50.068746
mosque,Mosque,26.440033,50.063155
mosque,مسجد شماء فخرو,26.433668,50.065349
mosque,مسجد الدبيخي,26.4375,50.064629
mosque,ورشه عالم الاثير للنجارة و الديكورات,26.451956,50.051575
mosque,Mohammed Ibn Uthaimeen Mosque,26.394282,50.020752
mosque,مسجد عامر علي ال عامر القحطاني رحمه الله,26.426428,50.062531
mosque,Osman Almrisl Masjid,26.439818,50.036829
mosque,Al-Quds Mosque,26.454665,50.072376
mosque,Jamhoor Al Qamary Masjid,26.437266,50.042029
mosque,مسجد رسول الله إبراهيم الخليل عليه السلام - Prophet Ibrahim Alkhaleel,26.484831,50.042169
mosque,حسينية الإمام الحسن المجتبى عليه السلام,26.486154,50.054439
mosque,Lulua Al-Sabt Mosque,26.43417,50.026701
mosque,Mohammed Alabdulkarim Mosque,26.420841,50.044479
mosque,Suhaib Rumi Mosque,26.440102,50.075553
mosque,Imam Al Nawwi Mosque,26.432726,50.077157
mosque,Al-Mustafa Masjed مسجد المصطفى ﷺواله,26.469233,50.055462
park,Atheer Park,26.360692,50.055511
park,حديقة الاثير,26.438363,50.061332
pharmacy,Nahdi pharmacy | صيدليه النهدى,26.443805,50.037869
pharmacy,صيدلية بدر الشفاء,26.440534,50.063364
pharmacy,Nahdi pharmacy | صيدليه النهدى,26.474205,50.047919
pharmacy,Al-Dawaa Pharmacy,26.492812,50.046438
pharmacy,Al-Dawaa Pharmacy,26.467887,50.047362
pharmacy,مستودع أثير للأدوية,26.40327,50.163573
pharmacy,Eshrakat Al Sabah Pharmacy,26.481379,50.041305
pharmacy,عيادة قياس الوزن وازن حياتك - Wazen hayatak,26.461389,50.050047
pharmacy,صيدلية المتحدة,26.479717,50.055317
pharmacy,مجمع الربان - حي الفردوس,26.471824,50.046477
pharmacy,صيدلية اكسير Exceer Pharmacy 15,26.456778,50.096357
bank,BSF - Banque Saudi Fransi ATM - Alghanem Gas Station - Cash withdrawal,26.433052,50.066489
bank,Riyad Bank,26.487989,50.038242
bank,anb البنك العربي الوطني - Saihat Branch,26.479015,50.041888
bank,SNB AlAhli,26.474841,50.043589
bank,BSF - Banque Saudi Fransi ATM - Alburaidi G/S King Khaled Street - Cash withdrawal,26.428384,50.073391
bank,البنك الأول ATM,26.430481,50.067478
bank,Enjaz Kiosk 24/7,26.491338,50.038331
bank,صراف الإنماء | Alinma ATM,26.439945,50.057414
bank,Rajhi Bank LIMITED,26.436424,50.089196
bank,TeleMoney anb | تلي موني العربي,26.441333,50.066286
bank,مصرف الراجحي,26.428106,50.063098
bank,مصرف الراجحي,26.442502,50.068517
bank,Albilad ATM | صراف البلاد,26.438644,50.05632
bank,Western Union,26.491491,50.038722
bank,BSF - Saihat Branch - فرع سيهات,26.487844,50.038583
bank,SNB Quick Pay,26.441248,50.065353
bank,Aramex,26.471742,50.04746
bank,anb ATM صراف البنك العربي الوطني - Almohamadeia Gas Station,26.453983,50.061817
bank,BSF - Banque Saudi Fransi ATM - Siyhat Branch Cam 1 - Cash & COIN Deposit,26.487895,50.038607
bank,تمويل الأولى,26.426589,50.035341
bank,Tahweel Al Rajhi,26.431183,50.039987
bank,anb ATM صراف البنك العربي الوطني - Saihat Branch,26.479,50.042083
bank,BSF - Banque Saudi Fransi ATM - Altelal Gas Station - Cash withdrawal,26.483288,50.033193
bank,Enjaz Banking Services,26.491374,50.038413
bank,بنك البلاد - فرع الدمام الروضة - (رجال & سيدات),26.411967,50.079124
restaurant,مطعم اثير,32.032359,44.326073
restaurant,مطعم الأثير السوداني,26.435674,50.058478
restaurant,مقهى الاثير,26.438133,50.056381
restaurant,مطعم سحاب عدن للاكلات الشعبية,26.436106,50.058166
mall,مؤسسة أثير الدمام التجارية للمواد الغذائية,26.440163,50.060743
school,مدرسة,26.422759,50.076825
mosque,مسجد الرحمة,26.446652,50.048983
mosque,مسجد الفيحاء المؤقت,26.44098,50.039645
mosque,مسجد مصلى,26.439797,50.060864
restaurant,بوفيه منبع السعادة لتقديم الوجبات السريعة توصيل طلبات حي الامانه,26.380231,49.964912
restaurant,بوفية انوار الامانة,26.380377,49.971483
restaurant,Tathleeth Restaurant,26.385892,49.972105
restaurant,مطاعم يمان للأكلات الشعبيه,26.42355,50.07252
restaurant,مطعم حنيذ المله,26.356117,49.956716
restaurant,Al Romansiah,26.339184,49.957645
restaurant,Repeat Coffee & Brunch,26.373263,49.975847
restaurant,Taraf alsham restaurant,26.377529,49.972356
restaurant,مطاعم الأمانة الطازج,26.452209,50.022025
restaurant,فلافل الماس دمشق,26.385635,49.972399
restaurant,برغرايززر | Burgerizzr‎,26.371812,49.971639
restaurant,Manoosha Alreef,26.459298,50.09359
restaurant,فوال وتميس العنزي,26.38806,49.962239
restaurant,مجمع الانوار التجاري,26.380502,49.971442
restaurant,فلافل لمار دمشق,26.360679,49.966473
restaurant,Seeds and Salad مطعم بذور السلطة,26.486259,50.042889
restaurant,مطعم وعصائر الأمانة,24.575909,46.767811
restaurant,شاي بن شريوف منذ 2014,26.364072,49.975993
restaurant,مطعم درة العاشر البخاري,26.380204,49.965044
restaurant,سواحل بيروت Beirut Cafe,26.480516,50.097556
restaurant,عصائر خمس عنبات - 5Grapes,26.380329,49.971503
restaurant,HOOKAH LOUNGE,26.371764,49.971944
restaurant,مطعم ماستر شيف,26.479041,50.045949
restaurant,Nagham Aliali cafe,26.458641,50.083543
restaurant,IN CASE SPECIALTY COFFEE,26.373241,49.975848
mall,مجمع أبراج الخليج التجاري,26.388335,49.96228
mall,MERAAS SQUARE,26.372385,49.970965
mall,ركن الرحلات Rokn Rhlat,26.357013,49.962727
mall,الحصن الشامل,26.367023,49.964514
mall,grandmart,26.392667,49.977714
mall,عطارة كنوز بلنسيه مقابل الجوالات مقابل بوابه ١٢,26.444058,50.067772
mall,مؤسسة شمروخ المدينة للتمور,26.381229,49.961528
school,مجمع الأمانة التعليمي للبنات,26.390549,49.958663
school,مجمع الامانة التعليمي للبنين,26.383401,49.962953
clinic,Al Hosn Al Manea Medical Complex,26.41147,50.004791
clinic,Dr. Khalid Alruhaimi Medical Complex,26.372045,49.970074
clinic,عيادة دكتور عمرو الشريف,26.377018,49.990785
clinic,Dr.Mai Derma,26.355021,49.956195
clinic,Vascular surgery clinic,26.378512,49.991425
clinic,مركز صحي الضاحیة 1,26.404386,49.986237
clinic,Al Amanah,26.385521,49.966681
clinic,United Medical Response Complex,26.355141,49.956227
clinic,Mosque Security Forces Hospital,26.410607,50.010333
clinic,مركز صحي المحمدیة,26.456305,50.056506
clinic,Saudi German Hospital Emergency room | مستشفى السعودي الألماني قسم الطوارئ,26.377493,49.991137
mosque,جامع الأمانة,26.391964,49.963098
park,Mohammad Almana Park,26.312493,50.19166
park,Shroq Park,26.368865,49.975634
park,Lagoona Park Resort - 2nd Branch,26.349219,49.966069
park,Boat Roundabout,26.477693,50.085525
park,ا,26.388483,49.971636
park,عبق الشرقية Child Fun Park,26.37786,49.954035
pharmacy,صيدلية سما,26.377562,49.972557
pharmacy,United Pharmacy - صيدلية المتحدة,26.367459,49.964377
pharmacy,صيدلية ذاويت داي THE WHITE DAY PHARMACY,26.371277,49.970936
pharmacy,United Pharmacy - صيدلية المتحدة,26.380276,50.003159
pharmacy,Al Dawaa,26.35538,49.967968
pharmacy,صيدلية الدواء,26.358872,49.96625
pharmacy,صيدلية لافندر- الفرسان,26.372198,49.96992
pharmacy,صيدلية الدواء,26.417559,49.984011
pharmacy,Nahdi pharmacy | صيدليه النهدى,26.349576,49.969567
pharmacy,صيدلية nma,26.384117,50.00346
pharmacy,صيدلية جرعة 1 للأدوية,26.385833,49.972611
bank,كراج أمانة المنطقة الشرقية,26.396613,50.135015
bank,anb ATM صراف البنك العربي الوطني - Al Farsan Branch,26.371244,49.972164
bank,AlRajhi Bank,26.354437,49.968313
bank,Riyad Bank ATM,26.37372,49.963896
bank,SAB الأول,26.407725,49.987523
bank,Bank AlJazira ATM,26.413817,50.054519
bank,SNB AlAhli ATM,26.356644,49.95915
bank,مركز انجاز لتحويل الأموال,26.446437,50.027187
bank,SNB AlAhli,26.356687,49.959063
bank,ENJAZ WESTRON UNION,26.446459,50.027037
bank,Western Union,26.4497,50.0831
bank,Banque Saudi Fransi ATM,26.411592,50.004983
bank,SNB Lease Finance Centre,26.447563,50.080813
bank,Municipal Counsil of Dammam,26.449573,50.100311
restaurant,مطعم و مندي الأمانة للأكلات الشعبية,26.217627,49.927039
clinic,عياده الريم العربي,26.340981,49.956919
clinic,عياده د. ملاذ زيدان لطب و تجميل الاسنان -,26.432317,50.04561
clinic,Public Health Center Tiba,26.362263,50.048852
clinic,مجمع الأمان المتميز لطب الاسنان,21.578084,39.188994
restaurant,The Cuts Urban Kitchen,26.435002,50.116932
restaurant,Albahar Restaurant,26.445062,50.118174
restaurant,Mughal Biryani Dammam-مغل برياني الدمام,26.429364,50.106249
restaurant,South Street Restaurant Dammam,26.434938,50.117312
restaurant,الرواق الشعبي فرع مجمع الواحة,26.429113,50.117039
restaurant,Maimona Restaurant,26.43399,50.106797
restaurant,Shwaiat Al-Khalij,26.424469,50.114449
restaurant,Madina MAS Restaurant,26.438617,50.114458
restaurant,Copper Kitchen Restaurant,26.438709,50.113265
restaurant,فرس البحر للمأكولات البحرية,26.433466,50.106686
restaurant,THAREED RESTAURANT,26.424453,50.11503
restaurant,Badar Restaurant,26.437489,50.106509
restaurant,مطعم شواية جلمودة - Shawayat Jalmudah,26.435139,50.117667
restaurant,Peshawari kabab damam branch adamah,26.436523,50.107658
restaurant,Tharavad Restaurant,26.436909,50.106481
restaurant,مطبخ ومطعم واحة شبام,26.432728,50.103285
restaurant,SriLankan Taste of Serendib Restaurant,26.438604,50.111992
restaurant,Steak House,26.460248,50.120946
restaurant,Mezbaan Shalimar Restaurant Host House,26.438641,50.114181
restaurant,Ayesha Restaurant and Sweets مطعم و حلويات عائشه,26.435797,50.106541
restaurant,Mazali Restaurant (Kerala),26.438987,50.115754
restaurant,Chennai Kitchen (MUPA),26.438895,50.112175
restaurant,KILO KABAB,26.464137,50.121476
restaurant,Grand Darbar Restaurant,26.442373,50.102649
restaurant,Nehari Grill restaurant,26.436408,50.107715
restaurant,Noodlez,26.434636,50.117414
restaurant,BAMBOO FILIPINO FOOD RESTAURANT,26.442805,50.104905
restaurant,Tamil Nadu Restaurant,26.440219,50.113306
restaurant,Mezbaan Sweets and Chaat Dammam,26.436272,50.10681
mall,BRANDS Al Waha Branch,26.429824,50.116039
mall,المزروعية بلازا,26.430203,50.11872
mall,Sheri plaza,26.440514,50.100395
school,DMBE05 Prince Saud Bin Naif Educational Complex,26.394029,50.100618
school,Prince Saud bin Abdullah Jalawi School,26.445268,50.123649
school,DMBI02 Dammam Boys Intermediary School 02,26.393397,50.099404
school,Prince Fahd Bin Salman School,26.445659,50.130008
clinic,Dr. Ghassana Clinics,26.452229,50.12304
clinic,مجمع عيادات دوالي الفرع الثاني,26.451382,50.128122
clinic,Malath Alnafs Clinic,26.417465,50.09117
clinic,مستوصف الرعاية الأولية بجنوب الدمام,26.416764,50.110801
clinic,Diaverum Dammam - Al Nakhil | دياڤيرم الدمام - النخيل,26.435969,50.087743
clinic,Almana Specialist Clinics,26.413188,50.113975
clinic,شركة عناية البشرة,26.440214,50.102608
mosque,Muhammed Ibn Saud,26.433481,50.111831
park,Public Park,26.445051,50.117445
park,Prince Mohammed bin Saud Park,20.018918,41.442702
park,Park,26.394624,50.097882
park,Toy Park توي بارك,26.438655,50.103339
park,Hospital parking,26.43589,50.118387
park,حديقة اللؤلؤ,26.48562,50.048178
park,Jana Marine Services,26.43386,50.11753
park,دواجن الولاء tushakin alwala',26.430455,50.107888
park,La Vie Kingdom Trading Est.,26.437209,50.118242
park,Alfa Marine & Industrial Services Company,26.434517,50.110303
park,MPT-Imvita Arabia,26.433854,50.117683
pharmacy,صيدلية الدواء,26.450639,50.119139
pharmacy,صيدلية الدواء,26.451917,50.125778
pharmacy,Zahrat Al Rawdah Pharmacy 340 صيدلية زهرة الروضة,26.439881,50.124749
pharmacy,Pharma plus 5,26.448139,50.123815
pharmacy,Al Dawaa Pharmacy,26.469978,49.795348
pharmacy,ENGOSOFT SAUDIA ARABIA,26.437094,50.123412
pharmacy,Al-Dawaa Pharmacy,26.57653,50.05246
pharmacy,Pharma plus 3 - فارما بلس,26.438159,50.128128
bank,SAB الأول,26.440303,50.102441
bank,SAB الأول,26.440684,50.101047
bank,Riyad Bank ATM,26.439635,50.118225
bank,Riyad Bank ATM,26.43494,50.1105
bank,Al Rajhi Capital,26.442062,50.107563
bank,Riyad Bank ATM,26.43511,50.11009
bank,anb ATM صراف البنك العربي الوطني - Dammam Branch,26.442133,50.110533
bank,BSF - Dammam Main Branch - فرع الدمام الرئيسي,26.433203,50.118369
bank,Riyad Bank ATM,26.44177,50.10236
bank,مصرف الراجحي | alrajhi bank,26.442062,50.107313
bank,TeleMoney anb | تلي موني العربي,26.44271,50.104394
bank,Riyad Bank ATM,26.443487,50.104681
bank,شركة إرسال لتحويل الأموال ERSAL MONEY TRANSFER,26.442421,50.106654
bank,SNB AlAhli,26.43592,50.125856
bank,بنك الجزيرة,26.440669,50.106537
bank,Fawri,26.443062,50.099562
bank,SAB الأول,26.438296,50.11579
bank,BSF - Banque Saudi Fransi ATM - Lulu Al - Shiraa Mall - Cash withdrawal,26.427471,50.096995
bank,anb ATM صراف البنك العربي الوطني - Al Ghanim Building,26.434911,50.099909
bank,فوري بنك الجزيرة حي السوق,26.443048,50.09966
bank,Tahweel Al Rajhi,26.442387,50.107172
bank,Riyad Bank ATM,26.43859,50.10612
bank,BSF - Banque Saudi Fransi ATM - Dammam Main Branch - Cash withdrawal,26.43934,50.1013
bank,Riyad Bank ATM,26.43489,50.10281
bank,Al Rajhi Bank ATM,26.43887,50.11825
bank,Cafeteria bunuq,26.422813,50.107169
bank,Enjaz,26.428317,50.105274
restaurant,Alameer Restaurant - Muharraq,26.248636,50.605652
restaurant,Bawan Broasted,26.435125,50.117526
restaurant,AlAmeer Restaurant | Budaiya,26.22119,50.505027
restaurant,كيلو كباب | KILO KABAB,26.423139,50.029251
restaurant,مطعم روابي الشام,26.422812,50.107313
restaurant,Kilo Meshakil - كيلو مشكل,26.439067,50.126776
restaurant,Layaly Zaman,26.440822,50.123885
restaurant,Domino's Pizza دومينوز بيتزا,26.435029,50.117297
restaurant,Sour,26.466884,50.122549
restaurant,مطعم خاشوقه khashoga Restaurant,26.376532,50.04686
restaurant,Al Rafidain Grills,26.421808,50.025493
restaurant,Mishwar,26.39816,50.087716
restaurant,مطعم أغصان الشروق,26.429232,50.116958
restaurant,Eastern People Seafood,26.347384,50.144137
restaurant,ابو نايف للمشويات,26.440432,50.116554
restaurant,فوال ابونواس,26.440333,50.116931
restaurant,فوال القناعة,26.443785,50.103692
restaurant,AlKadi Plaza,26.434962,50.117784
restaurant,Saraya Alzad Restaurant,26.438171,50.127559
restaurant,Ennabi Grill,26.462474,50.122183
restaurant,Broasted Karam,26.362677,50.069977
restaurant,AlRomansiah Restaurant,26.405789,50.061685
restaurant,دروازة الصيّاد البحري للمأكولات البحرية,26.456716,50.09248
restaurant,AL AKER SWEETS | حلويات العكر,26.441946,50.121565
restaurant,ملحمة الركن المميز فرع الدمام,26.431738,50.067359
restaurant,Kudu - King Saud St,26.442017,50.117756
restaurant,مطاعم الرمانة,26.350264,50.050264
restaurant,كنافة رشفة سكر,26.373083,50.041139
restaurant,Burger Site,26.464151,50.121584
restaurant,Yeye and Meat at Tony's Restaurant,26.434975,50.117021
restaurant,KILO KABAB,26.347356,50.144173
restaurant,Manoosha Station,26.363625,50.073781
restaurant,Tasty Spot,26.442548,50.104038
school,جسر مشاة مدرسة الفاروق طريق الملك فهد الدمام,26.427323,50.110753
school,ابتدائية صلاح الدين,26.441043,50.111812
school,"Boy's Elementary School,Dammmam",26.428203,50.112039
school,المدرسة المتوسطة الدمام,26.433966,50.102846
school,متوسطة تحفيظ القرآن الكريم بالدمام,26.432617,50.114742
school,ابتدائية سعد بن ابي وقاص,26.444355,50.101684
school,ابتدائية تحفيظ القرآن الكريم بالدمام,26.433626,50.114375
school,Saqur Quraish Intermediate School,26.432856,50.110567
school,مدرسة الخليج الثانويه بالدمام,26.431279,50.1116
school,مدرسة الأطفال الصغار,26.434374,50.111664
school,Prince Mohammed Bin Saud School,21.649777,39.127537
school,Mohammed Bin Uthaymeen School,26.44691,50.128822
school,Al Jazeera Middle School in Dammam,26.429749,50.113006
school,RWAD ALROYAH NATIONAL SCHOOLS,26.431692,50.114705
school,مدرسة عبدالله بن رواحة الابتدائية,26.432581,50.115066
school,مدرسة الخامسة الابتدائية بالدمام,26.420546,50.112857
clinic,عيادة الجلدية و التجميل الدكتورة نانسي برهومه,26.452247,50.118916
clinic,عيادات اللؤلؤة لطب الاسنان,26.451353,50.129468
clinic,مركز الأمير نايف للتأهيل - Prince Naif Rehabilitation Center,26.416166,50.121319
clinic,World Therapeutics Physical Therapy Center,26.451454,50.127816
clinic,Life Plus Medical Equipment Suppliers,26.440007,50.11779
mosque,Mohammadia Mosque,26.439611,50.106153
mosque,مسجد التوبة,26.434547,50.115046
mosque,King Abdul Azeez Mosque,26.422815,50.103942
mosque,Zubayr ibn l-Awwam Mosque,26.438274,50.120322
mosque,مسجد العز بن عبد السلام,26.432462,50.116675
mosque,مسجد مجمع الواحة,26.430387,50.117484
mosque,Mubarak Bin Attiyah Mosque,26.430146,50.110479
mosque,Umair Bin Wahb Mosque (masjid),26.434351,50.107157
mosque,مسجد الأميرة نورة آل سعود,26.439647,50.125904
mosque,Ousaid Bin Hudair,26.442624,50.125853
mosque,Bu Bshait Mosque,26.444712,50.103884
mosque,مسجد معاذ بن جبل,26.423134,50.113257
mosque,Prince Abdulmohsen Bin Jalawi Mosque,26.476054,50.090862
mosque,Albaltan Mosque,26.431562,50.109312
mosque,Al Rahmah Mosque,26.436359,50.109887
mosque,مسجد الأرقم بن أبي الأرقم رضي الله عنه.,26.433064,50.119624
mosque,Salah al-Din Masjid,26.440458,50.117856
mosque,Princess Alanoud Mosque,26.37881,50.120306
mosque,Al Rawda Mosque,26.424127,50.106762
mosque,Saudi Railway Organization Mosque,26.429058,50.121904
mosque,Al Sharqi Masjid,26.442141,50.113268
mosque,مسجد حي العمامرة,26.444958,50.111324
mosque,مسجد الأرقم بن أبي الأرقم,26.443265,50.123532
mosque,Mosque,26.437499,50.124113
mosque,مسجد الإمام أحمد بن حنبل,26.425615,50.10544
mosque,مسجد سعد بن زيد العيسى,26.444477,50.100993
mosque,Omar bin Abdul Aziz Mosque,26.419349,50.115202
mosque,جامع عبدالله بن عدوان,26.443974,50.109604
mosque,Ammar bin Yasser mosque,26.419149,50.112
mosque,Khais Bin Haasam Masjid,26.429743,50.10527
mosque,Thabit ibn Qais mosque,26.424201,50.115014
mosque,Bilal Bin Rabah Mosque,26.422309,50.108987
mosque,جامع عبدالرحمن عبدالعزيز المطلق,26.439766,50.111436
mosque,مسجد الباقيات الصالحات,26.427584,50.108232
mosque,مسجد رقيه بنت إبراهيم العويصي,26.443312,50.120472
mosque,جامع,26.427918,50.102441
mosque,Seiko,26.427786,50.105345
mosque,مسجد بن ثاني,26.44432,50.113022
mosque,Lulwah Al Jurifani Mosque,26.421691,50.110834
mosque,Mosque of Jawahir Al-Sami Al-Thukair,26.428973,50.106798
mosque,Talha bin Ubaidullah Masjid,26.426767,50.106778
restaurant,مطعم ظبي الجنوب,26.345859,50.043152
restaurant,Al-Hijaz Rice Al-Bukhari Restaurant,26.414127,50.120019
restaurant,مطاعم حنيذ الجنوب - طيبة,26.359069,50.043781
restaurant,Half Pound,26.458733,50.080779
restaurant,Shinwari House Dammam,26.436472,50.097954
restaurant,مطعم جبال فيفا,26.427846,50.037612
restaurant,مطعم الجنوب,26.422424,50.03707
restaurant,Apple Restaurant,26.41384,50.120326
restaurant,Rice & Saffron Restaurant,26.368282,50.078811
restaurant,King Maktoom Restaurant,26.353978,50.071345
restaurant,مطعم العصيدة,26.42421,50.080902
restaurant,Al Maluh Restaurants,26.355701,50.061106
restaurant,Ustads Dosa Hub,26.440268,50.115178
restaurant,Indo Pak Restaurant,26.410913,50.124985
restaurant,مطعم سفير الجنوب للاكلات الشعبية,26.175026,50.145981
restaurant,بوفية رواد الجنوب للوجبات السريعة,26.371715,50.033346
restaurant,مطعم تكتكة المضغوط,26.418525,50.019207
restaurant,Masterpieces Sea Waves,26.363333,50.071033
restaurant,IFTHAR KITCHEN,26.423243,50.107007
restaurant,مقلط الفريج الفيصلية,26.398195,50.046639
restaurant,New Galaxy Kerala restaurant,26.433222,50.045251
restaurant,مطعم ولائم الطاهي,26.405356,50.015832
restaurant,Mofattah Afandi Restaurant,26.351108,50.094288
restaurant,Asyakh أسياخ ( طيبة ),26.343764,50.040052
restaurant,SAFA AL MARWA HYDERABADI RESTAURANT,26.443663,50.097829
restaurant,مطعم درب الزلق للمأكولات البحرية,26.468555,50.092489
restaurant,Kabul Grills Restaurant مطعم مشويات كابل,26.445675,50.093017
school,Blue gulf international school مدرسة الخليج الأزرق العالمية,26.481497,50.129014
school,غراس الأجيال للطفولة المبكرة,26.348388,50.146856
clinic,مركز صحي إسكان الدمام,26.417154,50.118602
clinic,مركز صحي الروضة بالدمام,26.40079,50.083239
clinic,Ozone Medical Center,26.366196,50.184018
clinic,مسجد مستوصف الصحة والحياة,26.393628,50.033466
clinic,Al qouds,26.412857,50.116176
clinic,Dar Afia Medical Center,26.461887,50.077144
mosque,مسجد الفاروق عمر . الإسكان الجنوبي سدين,26.3265,49.997417
mosque,IAU housing mosque,26.401161,50.203683
mosque,Iskan Secondary Mosque,26.412388,50.12312
park,حديقة اسكان الدمام,26.419064,50.122206
park,حديقة الاسكان,26.415434,50.124078
pharmacy,صيدلية الدواء,26.33041,49.99353
pharmacy,Nahdi Pharmacy,26.412459,50.122749
restaurant,مطعم شارع الاسكان,26.236954,49.969703
mosque,مسجد,26.32715,50.002441
restaurant,مطعم حرفه للاكلات الشعبيه,26.412735,50.079204
restaurant,Saladay سالاداي,26.376046,50.122455
restaurant,مطعم ومقهى لوب,26.420683,50.088794
restaurant,مجموعه مطاعم مواليا السعوديه,26.420683,50.088794
restaurant,مدينة العمال,26.420683,50.088794
restaurant,Punjab Restaurant,26.356428,50.045632
restaurant,بوفيه بحر المزاج 3,26.416573,50.080177
restaurant,Kufa,26.417514,50.081815
restaurant,الاتصالات,26.418281,50.087082
restaurant,مطعم اورينتال,26.420683,50.088794
restaurant,Boofiy sultan,26.420683,50.088794
restaurant,Iftar Restaurant,26.440763,50.115592
restaurant,Elements,26.45427,50.112765
restaurant,Dammam Faisoliya,26.420683,50.088794
restaurant,Meroma Resturant مطعم ميروما,26.420683,50.088794
restaurant,الفران الشامي,26.419211,50.089662
restaurant,NEW REGENCY RESTAURANT,26.420561,50.087387
restaurant,AL Tannour,26.420683,50.088794
restaurant,Al lahib,26.405398,50.083159
mall,stc store,26.40116,50.051894
mall,stc store,26.422591,50.029869
mall,STC,26.410328,50.081289
mall,stc store,26.431152,50.078329
mall,stc store,26.411065,50.109056
mall,stc store,26.366589,50.070053
mall,Zain KSA - Shop,26.481453,50.04688
mall,القطان للاتصالات وصيانة الجوالات,26.46378,50.061122
mall,Saudi Telecommunication Company,26.328846,50.109218
mall,stc store,26.305641,50.171764
mall,مؤسسة AMG لبيع اكسسوارات الجوال بالجملة,26.418133,50.084114
mall,CASIO Branch,26.442435,50.104121
mall,Triangle Store,26.482984,50.054142
mall,زين (Zain),26.360083,50.19038
mall,stc store,26.290938,50.180063
school,Dammam West Girls Education Office,26.415095,50.083131
school,‏الثانوية الأولى بنات,26.415036,50.082414
school,إدارة أنظمة الإتصالات بالمنطقة الشرقية,26.424573,50.082085
school,المتوسطة السابعة والعشرون بالدمام,26.414631,50.083364
school,المتوسطة السابعة والعشرون 27,26.416884,50.082874
school,Leading Innovation,26.420683,50.088794
school,مكتب التربية والتعليم للبنات بغرب الدمام,26.415076,50.083143
school,Girls First High School,26.414957,50.082464
school,Girls Primary School 28,26.415772,50.082375
school,STC OFFICE BUILDING 10,26.41212,50.085273
school,Yasmin Center For Students Services,26.405434,50.083136
school,TecSkills Dammam,26.461314,50.078086
school,Omamah school for the memorization of Koran,26.415442,50.083478
school,Abdullah bin Amer Middle School,26.416075,50.086367
school,Ensheta After School Sports Activities,26.432748,50.092869
school,27th Middle School,26.414953,50.082466
school,مركز التعليم الالكتروني بمدرسة الادريسي,26.437397,50.071634
school,DAMAMM AL FAISALIYA Al SAK,26.420683,50.088794
school,التربية الأهلية متوسط و ثانوي بنات بالدمام,26.406068,50.076584
school,Yarmouk Elementary School,26.420683,50.088794
school,Joud’s school 👸🏻,26.406122,50.076586
school,Gsgsvs,26.420683,50.088794
school,Zaid ibn AlKhattab Middle School,26.409312,50.078688
school,المدرسة الثانوية الثامنة و العشرون للبنات بالدمام,26.405141,50.080277
school,مؤسسة جزيرة التعلم التجارية,26.420683,50.088794
school,Ibn Baz High School,26.410474,50.077192
school,Fourteenth Intermediate School for Girls,26.404199,50.079947
clinic,Kanoo Kidney Centre,26.432414,50.084176
clinic,Response Plus Medical Complex,26.392213,50.104633
clinic,عيادة الهاتف للاتصالات,26.445829,50.104459
clinic,مركز صحي الاتصالات,26.41359,50.08181
clinic,Health Care Center,26.413406,50.082128
mosque,Mosque,26.420683,50.088794
park,Al-itisalat park,26.415916,50.083738
park,الهاتف الاول الاتصالات,26.420999,50.088481
park,Parking,26.411655,50.077137
park,Phone Communication,26.418299,50.084647
park,حدیقہ مصلی العید,26.419233,50.08133
park,parking,26.420683,50.088794
park,Al Faraby parking,26.414801,50.078767
park,مؤسسة الحديقة الراقية للتجارة فرع الدمام,26.415212,50.078341
park,Kitchen Park Rawdah Dammam,26.394733,50.086187
park,Car parking,26.413034,50.079487
park,شركة الوكيل الشامل,26.418456,50.084791
park,الصفاء لصيانة,26.416261,50.082503
park,King Salman Energy Park (SPARK) - مدينة الملك سلمان للطاقة (سبارك)‎,25.959455,49.869926
park,ST Cargo,26.420683,50.088794
park,Arab Land Marketing Centre. Dammam,26.415997,50.080277
park,Dammam,26.420683,50.088794
pharmacy,صيدلية الدواء,26.395088,50.086159
pharmacy,صيدلية الدواء,26.395143,50.070713
pharmacy,صيدلية الدواء,26.395143,50.070713
pharmacy,Nahdi pharmacy | صيدليه النهدى,26.403938,50.062188
pharmacy,Al Faraby Pharmacy,26.414269,50.078314
pharmacy,Al Badiyah,26.431541,50.085581
pharmacy,montajat,26.420683,50.088794
pharmacy,AlWajha Pharmacy,26.408614,50.070576
bank,DAMMAM MC STC,26.412798,50.087485
bank,SNB AlAhli ATM,26.428822,50.087133
bank,SAB الأول,26.41102,50.091599
bank,SNB AlAhli ATM,26.43078,50.096328
bank,stc store,26.469165,49.797409
bank,BSF - Banque Saudi Fransi ATM - Hala Gas Sation - Cash withdrawal,26.419167,50.085944
bank,مصرف الراجحي | alrajhi bank,26.407812,50.081437
bank,The Saudi Investment Bank ATM,26.434791,50.079894
bank,SAB الأول,26.408277,50.099802
bank,SAB الأول,26.413945,50.073458
bank,Riyad Bank ATM,26.42001,50.08554
bank,SNB AlAhli,26.410556,50.079851
bank,Riyad Bank ATM,26.42428,50.08181
bank,SAB الأول,26.404471,50.07368
bank,SNB AlAhli ATM,26.410563,50.079687
bank,Riyad Bank ATM,26.424794,50.08506
bank,W0066 Bank Albilad ATM,26.420316,50.073953
bank,Riyad Bank ATM,26.42428,50.08181
bank,anb ATM صراف البنك العربي الوطني - Street 42 Branch,26.426917,50.071367
bank,مصرف الراجحي فرع مستشفى الدمام,26.420683,50.088794
bank,صراف بنك الجزيره,26.420568,50.088708
bank,Saudi Arabian Monetary Authority Multi Bank Cash Center,26.38781,50.112865
restaurant,Tikka o Reyash تكة و ريش,26.449807,50.078268
restaurant,ALBAIK,26.412871,50.110655
restaurant,Taquen,26.471304,50.045024
restaurant,Meltzone,26.395118,50.104739
restaurant,King Shawarma Restaurant,26.437882,50.083205
restaurant,مندي الكيف,26.38775,50.062314
restaurant,بوفية شيربا,26.407004,50.067818
restaurant,بوفية عمر القادسية,26.421717,50.073076
restaurant,Tashbia'a,26.369821,50.057555
restaurant,مطعم فطيرة هم هم,26.455883,50.092065
restaurant,Dunkin' - دانكن,26.420687,50.088813
restaurant,Maestro Pizza,26.461861,50.067284
restaurant,Wild Burger وايلد برجر,26.386869,50.06105
restaurant,Hardee's,26.42285,50.09205
restaurant,The Palm Restaurant,26.432768,50.087082
restaurant,Maestro Pizza,26.396198,50.042703
restaurant,Tim Hortons,26.411598,50.092768
restaurant,بوفية وشوارما شموخ القناعة,26.420683,50.088794
restaurant,بوفيه مظهر جديد,26.420683,50.088794
restaurant,مقهى ومحمصة سمبلسيتي | Simplicity cafe & roastery,26.419214,50.086325
restaurant,Falafel Rabieh,26.423751,50.079963
mall,Aleph ألف | Apple Premium Partner and Authorized Service Provider,26.391729,50.037732
mall,Virgin Mobile - Othaim Mall,26.400425,50.117226
mall,زين - الإدارة الإقليمية,26.423096,50.119186
mall,Marina Mall,26.420683,50.088794
mall,مول,26.420415,50.088686
school,اسوء مدرسة,26.415955,50.086294
school,المعهد العلمي في الدمام,26.430386,50.085025
school,الدمام المحمديه,26.460956,50.053112
school,المدرسة الثانوية الثالثة بسيهات,26.479546,50.048362
school,"Excellence International School - KG , lower grades and administration",26.407412,50.113091
clinic,هيئة الاتصالات وتقنية المعلومات,26.454839,50.116448
mosque,STC Mosque,26.324523,50.167353
park,حديقة الاتصلات 2,26.4172,50.0905
restaurant,مطعم اسطورة الرافدين,26.415773,50.11536
restaurant,Buffet Aden,26.415311,50.117328
restaurant,مطعم ومطبخ المعازيم لتقديم الوجبات,26.416262,50.115347
restaurant,Abu Hilal Restaurant,26.414148,50.119746
restaurant,Casa Seafood Restaurant - مطعم كازا للمأكولات البحرية,26.457108,50.092313
restaurant,Casa Restaurant,26.453437,50.064692
restaurant,Madghout Thahamah MT Restuarant,26.414653,50.117596
restaurant,Sethus Indian Restaurant,26.414008,50.116461
restaurant,Hamza Restaurant,26.444016,50.098409
restaurant,Asian darbaar,26.418997,50.11099
restaurant,Al arsh🍔,26.415875,50.116226
restaurant,Shalimar Restaurant,26.442022,50.099571
restaurant,مطعم أبو النور,26.414188,50.120063
restaurant,تميس وفوال الخيرات,26.417197,50.113967
restaurant,KADUK RESTAURANT,26.422393,50.109617
restaurant,Karak's outdoor session,26.414269,50.119612
restaurant,التلال الشامية فول وفلافل وحمص,26.416006,50.115835
restaurant,مطعم شعبيات المرجان,26.414101,50.120098
restaurant,Rishi family restaurant தமிழ் உணவகம்,26.422871,50.11353
restaurant,Wendy's ونديز - Tamimi Plaza Dammam,26.413204,50.110711
restaurant,Kufa,26.424993,50.114772
restaurant,Tikka Bahrain Restaurant,26.41607,50.113627
restaurant,AL RAWDAH RESTAURANT,26.416687,50.114706
restaurant,معجنات رحاب دمشق,26.413824,50.120315
restaurant,ALKARAK,26.414247,50.119653
restaurant,مطعم مشوار,26.415275,50.116565
restaurant,CHEF ABOOD THE TASTE OF HYDERABAD RESTAURANT . مطعم حيدر اباد شعف عبود,26.414804,50.116965
restaurant,SAMA DEERATY RESTAURANT ABDULLAH FOUAD,26.414437,50.117985
restaurant,Hashi Taste Cafeteria - Kibdah,26.416455,50.12032
mall,The world of thrift stores,26.51463,49.97981
mall,مجمع إشعار التجاري,26.330042,49.99339
mall,مول اسكان الجش,26.518666,49.975574
mall,"أسواق أمازون السعودية ,المنار",26.394772,50.039268
mall,كشتات وطلعات للرحلات,26.346405,49.97024
school,Nahawand School - Military Housing,26.250515,50.206459
school,متوسطة السرايا,26.418042,50.119032
school,المدرسة الابتدائية الخامسة لتحفيظ القران الكريم للبنات بالدمام,26.414727,50.118676
school,Fifth for Girls,26.420549,50.11353
school,Al-Jish Elementary School for girls,26.517646,49.97792
school,مدرسة أم مالك رضي الله عنها لتحفيظ القرآن الكريم,26.413846,50.122217
school,اسكان وزارة الداخلية,26.364398,49.980451
school,مرافق تعليمية,26.320269,49.998315
school,أكاديمية الأحلام DREAMS ACADEMY,26.414838,50.120784
school,19th Secondary Girls School,26.415884,50.118757
school,روضة الإخلاص الحكومية,26.415589,50.117982
school,مدرسة صقر الجزيرة الابتدائية بالدمام,26.415501,50.119531
school,مركز تاج العلم لضيافة الأطفال,26.415697,50.117153
school,Third Trial for girls in Dammam,26.415458,50.118423
school,Eastern Province Welfare Organization,26.433639,50.112417
school,Kids R Kids,26.515776,49.980794
school,School Hijaz Elementary,26.255733,50.204268
school,مدرسة خالد بن وليد الابتدائية اسكان الحرس الوطني,26.366944,50.168674
school,Zamzam Primary School,26.251135,50.211589
school,15th Primary school,26.254,50.211993
school,الابتدائية الثالثة بالجش,26.517708,49.978106
school,الروضة الخامسة بالخبر الابتدائية الرابعة عشر بنات,26.256606,50.209916
school,المتوسطة الثانية والعشرون بالدمام,26.415586,50.119336
school,المتوسطة الثالثة للبنات,26.419126,50.113519
mosque,Qutaiba bin Muslim mosque,26.418688,50.116438
mosque,AlAbdulkarim Mosque,26.412429,50.123037
mosque,Masjid Abdullah Bin Zubair,26.415186,50.12552
mosque,مسجد الإمام مسلم رحمه الله.,26.422057,50.116109
mosque,Nasseriyah Mosque,26.424382,50.121283
mosque,Al Redwan Mosque,26.406938,50.121152
mosque,Malik Bin Anas Mosque,26.411521,50.118779
mosque,Abu Bakr Alsiddiq Mosque,26.417823,50.124537
mosque,Al Munirah Mosque,26.407862,50.109371
mosque,Hessah Bubshait Mosque,26.410389,50.11479
mosque,Student housing Mosque,26.400755,50.198693
mosque,جامع الاعتصام,26.365972,50.046941
mosque,مسجد هيا بنت عبدالله الشريف يرحمها الله,26.403174,50.110795
mosque,Imam Ali bin Abi Talib mosque,26.522467,49.975037
mosque,Altobaishi Mosque,26.436201,50.119909
park,Vision Park,26.413477,50.121155
park,Iskan Outer Park,26.420446,50.120218
pharmacy,صيدلية الدواء,26.400216,50.116618
pharmacy,Al Mana Pharmacy,26.41297,50.115932
pharmacy,Al shifa pharmacy,26.412401,50.114893
pharmacy,United Pharmacy - صيدلية المتحدة,24.561108,46.848573
pharmacy,Sahil,26.43043,50.133723
pharmacy,Dammam Pharma. Co,26.393329,50.141399
pharmacy,صيدلية ترياق الشفاء,26.400281,50.117343
pharmacy,البريكي للمواد الصحية,26.439821,50.10326
bank,Riyad Bank ATM,26.41071,50.12671
bank,Alrajhi Bank ATM,26.417037,50.114234
bank,دراية المالية Derayah Financial,26.407579,50.137878
bank,SAB الأول,26.411299,50.115181
bank,مصرف الراجحي | alrajhi bank,26.400437,50.117188
bank,Riyad Bank ATM,26.412614,50.109244
bank,Eskan Bank,26.170771,50.54932
bank,SNB ALAhli,26.416181,50.12091
bank,TeleMoney anb | تلي موني العربي,26.413507,50.120002
bank,Riyad Bank ATM,26.410342,50.126711
bank,Riyad Bank ATM,26.42641,50.10645
bank,NCB ATM,26.414475,50.118973
bank,Eskan Bank,26.235795,50.541594
bank,SAB الأول,26.415136,50.116676
bank,Riyad Bank ATM,26.42641,50.10645
bank,AlJazerah ATM,26.413877,50.12001
bank,anb ATM صراف البنك العربي الوطني - Al Murikabat Branch,26.410316,50.109317
bank,SNB AlAhli ATM,26.414491,50.118966
bank,SNB AlAhli ATM,26.411438,50.109563
bank,Saraya Tower (NCB Bank),26.43601,50.126001
bank,Riyad Bank ATM,26.426149,50.100534
mall,nichii - Al Othaim Mall Dammam,26.400114,50.117455
mall,Al Yasmeen Mall,24.57,46.834444
mall,Al Shafa Mall,26.409068,50.116574
restaurant,مطاعم ومطابخ روابي البادية للمندي والولائم,26.426645,50.086604
restaurant,مطعم صقور البادية,26.403651,50.016435
restaurant,مطعم همدان لتقديم الوجبات,26.431061,50.095357
restaurant,مطعم البراري البخاري الباديه,26.433065,50.087515
restaurant,Calicut,26.432803,50.086188
restaurant,مطاعم مأدبه (ماكولات خليجيه ),26.403069,50.039077
restaurant,مطعم روائع النخيل,26.438147,50.092769
restaurant,مطعم زيت وليمون للمأكولات البحرية,26.429359,50.094084
restaurant,Dongola Restaurant,26.435882,50.093044
restaurant,Modern Cairo Restaurant,26.432784,50.093406
restaurant,3 Star Restaruant,26.431558,50.087481
restaurant,মামা ভাগিনা হোটেল,26.431117,50.089004
restaurant,مطعم زمن الطيبين لتقديم الوجبات,26.42738,50.087991
restaurant,Badiya,26.431751,50.087998
restaurant,سكة الاسطوره,26.429033,50.085852
restaurant,Nuwara Eliya Restaurant - Dammam,26.430994,50.095506
restaurant,Tamil Kitchen,26.42766,50.095275
restaurant,بوفيه روائع البادية لتقديم الوجبات,26.428874,50.094388
restaurant,رغيف شبرا,26.431384,50.086279
restaurant,بوفية صافي المختص,26.433027,50.094904
restaurant,Rashima Restaurant,26.432641,50.087289
restaurant,بوفية أبراج البادية,26.426272,50.094156
restaurant,New Madras Restaurant,26.431117,50.089011
restaurant,مقهي سوداني سمر البادية,26.434978,50.093245
restaurant,তিতাস হোটেল,26.431113,50.087922
restaurant,مطعم سيخ اللحم تقديم الوجبات,26.42738,50.088033
restaurant,مطعم مصر عتيقة للاكلات المصرية,26.430981,50.092952
restaurant,مطاعم العتيبي,26.431473,50.088643
restaurant,Restaurant and kitchen badiha,26.270083,50.196464
restaurant,Hadhramaut Restaurant,26.434697,50.098754
restaurant,فوال عبدالله سعيد,26.428169,50.08986
restaurant,سيريه واقاشي,26.42913,50.092339
restaurant,Hindi restaurant,26.448033,50.107438
restaurant,مطعم النخيل الدمام,26.427483,50.089613
restaurant,Green pepper തട്ടു കട KERALA RESTAURANT,26.43178,50.090048
restaurant,مطعم زاوية جنيه,26.43003,50.089533
mall,حي الباديه شارع المستشفي,26.432868,50.090886
mall,بقاله,26.425953,50.091143
mall,Al badiya,26.430932,50.089432
mall,Al wasan supper market,26.430932,50.089377
mall,مانتيزر لحلويات,26.427881,50.09608
mall,الحنتول للزهور,26.42908,50.086677
mall,مؤسسة بداية للمنتجات السورية,26.423392,50.114212
school,Modern civil School for Boys,26.427725,50.095003
school,مدرسة ابن رشد الابتدائية,26.424956,50.088853
school,Saeed bin Al Aas Elementary School,26.431449,50.092791
school,الابتدائية التاسعة والستون,26.424482,50.091368
school,متوسطة الخليج بالدمام,26.431654,50.09125
school,3rd Elementary School,26.4308,50.094156
school,6th Secondary,26.425173,50.092317
school,Learn Like School,26.431172,50.096385
school,27th Elementary for Girls,26.424843,50.088941
school,مدرسة براعم الإسلام الأهلية,26.425199,50.081158
school,1st Elementary School,26.434565,50.097383
school,Al Badiyah,26.428308,50.089644
school,ثانوية كعب بن عمرو,26.430159,50.08508
school,Aloom ul badiya,26.438815,50.101259
school,المتوسطة الثامنة بالدمام,26.435623,50.090452
school,مدارس رياض الإسلام الأهلية بنين بفرعيها الأهلي والدولي,26.404064,50.072434
school,مدرسة منابر العلم,26.436334,50.084707
school,مدرسة بنات ثانويه بحي النور,26.424344,50.089008
school,المتوسطة التاسعة بالدمام,26.433584,50.091374
school,مدارس جيل السلام,26.429483,50.079431
school,1st Middle School,26.436142,50.091277
school,الابتدائية السابعة بالدمام,26.427454,50.100205
school,6th Middle School,26.427839,50.084971
school,Nisha Uniforms,26.426041,50.097137
school,Naeem Al Naham Elementary School,26.430323,50.098486
clinic,مركز سبيل الشفاء للسمعيات,26.430584,50.085597
clinic,مركز صحي البادية 26,26.42772,50.09405
clinic,مجمع العناية الطبي,26.424206,50.087394
mosque,Al Badya Mosque,26.430845,50.087253
mosque,مسجد الملك عبدالعزيز,26.426431,50.087435
mosque,مسجد الجبر,26.428837,50.093544
mosque,جامع معاوية بن أبي سفيان,26.427826,50.094515
mosque,مسجد عاصم بن ثابت,26.424592,50.088355
mosque,Haya al-Assaf mosque,26.430786,50.087257
mosque,Um Omar Almajdouie Mosque,26.422732,50.090632
mosque,Bara Ibn Malik Mosque,26.438191,50.08296
mosque,مسجد سعد بن أبي وقاص,26.426938,50.088479
pharmacy,صيدلية لافندر حي البادية,26.431428,50.085737
pharmacy,مؤسسة نبض الصحة الطبية,26.43091,50.085612
bank,Albilad ATM | صراف البلاد,26.428886,50.09403
bank,anb ATM صراف البنك العربي الوطني - Alshaebi Market,26.437389,50.095255
bank,NCB,26.43276,50.08612
bank,BSF - Banque Saudi Fransi ATM - Dammam Main Branch - Self Service Card Printing,26.43934,50.1013
bank,Alrajhi Bank ATM,26.432689,50.087692
bank,The Saudi Investment Bank ATM,26.421783,50.088267
bank,صراف بنك الجزيره,26.421885,50.090897
bank,SAB الأول,26.431716,50.079766
bank,Enjaz,26.436737,50.096313
bank,Riyad Bank ATM,26.438051,50.083763
bank,Albilad ATM | صراف البلاد,26.436737,50.096417
bank,صراف بنك الجزيره,26.435222,50.079756
bank,بنك الرياض,26.440532,50.097558
bank,Quickpay - SNB ALAhli,26.436812,50.096687
bank,مكتب الأول للخدمات العامة والتمويل,26.423568,50.077868
bank,صراف بنك الجزيره - سحب وايداع,26.430438,50.077188
bank,Badiyah,26.428335,50.095291
bank,صراف بنك العربي,26.431374,50.0842
restaurant,الدمام,26.432254,50.095481
restaurant,Hamedan Turkish Restaurant,26.455077,50.096312
restaurant,شركة رحاب البادي للتجارة,26.434884,50.079531
restaurant,مطعم الباديه,24.131102,38.006539
restaurant,Diyar Al Sham Restaurant,26.44164,50.120732
restaurant,مشويات افراح البادية - Afrah Al Badiyah Grills,26.140257,50.494026
restaurant,ഫൂൽ ദാൽ ഷോപ്പ് / Beans BADIA,26.428193,50.08986
restaurant,Albadiah Restaurant,21.373523,39.873888
restaurant,مطعم ومطبخ كبسة الباديه,24.09088,38.061576
restaurant,بوفية خيرات المسيلة,26.430977,50.095541
restaurant,مشويات البادية,24.098069,38.050801
restaurant,مقهى تاج البادية,26.430018,50.090676
restaurant,Al Badia Restaurant,33.350182,43.778127
restaurant,Maestro Pizza,26.422645,50.091508
restaurant,فلافل درويش,26.429601,50.094141
restaurant,مطعم سهول البادية للمندي,24.573339,46.775341
restaurant,بوفية الجود,26.425197,50.086573
restaurant,بوفية بشرى لتقديم الواجبات رقم 2,26.431122,50.093954
restaurant,مطعم الأصدقاء للبحريات,26.432144,50.095526
restaurant,بوفية بشير,26.430137,50.08726
restaurant,Al Nabiah dawazan,26.432013,50.087468
mall,Al-Badya Dates,27.122654,49.552617
mall,شركة الحمراء للحج Al-Hamra for Hajj,26.4252,50.096415
mall,الدمام حي البادية,26.432902,50.096446
school,23rd Elementary School,26.437412,50.081084
school,Mohammed Bin Abdulwahab Elementary School,26.424191,50.078312
school,مدارس الحصان,26.420683,50.088794
school,ابتدائية بدر الكبرى,26.439232,50.093175
school,Imam Shafi'i Elementary School,26.416771,50.072777
school,8th Middle School,26.435369,50.090568
school,مدرسة الأهلية الحديثة الثانوية,26.431307,50.103257
school,مدارس الديار الاهلية,26.437369,50.07848
school,9th Elementary School,26.428303,50.084731
school,مدارس التطوير الأهلين للبنين,26.426105,50.098726
clinic,مؤسسة بداية التجارية للمستلزمات الطبية,26.431823,50.085586
clinic,عياده الدكتور محمود أبو بكر(نائب طب أسنان الأطفال وطب الاسره),26.413999,50.096505
clinic,Al Badia Dental Clinic,25.214936,55.374869
clinic,مركز الخبراء السمعيات ALKHOBRA HEARING CENTER,26.432337,50.085614
clinic,عياده دكتور عمرو عصام,26.429517,50.068954
clinic,Audio Care Center مركز الرعاية السمعية,26.432011,50.085585
clinic,الرازي الطبية,26.431918,50.085863
clinic,عيادة رام,26.420683,50.088794
clinic,Sabaya Ladies Center,26.445442,50.080042
mosque,جامع حي البادية,26.430691,50.08722
park,Garden Park of affection,26.351751,50.045819
park,حديقة,26.356578,50.042219
park,Al joud park,26.345976,50.037687
park,حديقة المحبة,26.35893,50.055321
park,حديقة الأماني,26.447556,50.116318
park,حديقة الفيصلية,26.40506,50.065517
park,الحديقة المثلثة,26.430264,50.111324
park,حدائق الشرقية,26.43161,50.080753
park,حديقة النظير,26.417734,50.073063
park,نبغى حديقة,26.427443,50.076805
restaurant,Poshak | بوشاك,26.468387,50.060317
restaurant,مشكوك بحب شاورما الحطب,26.468741,50.060302
restaurant,حلقة بحرى للمأكولات البحرية,26.437301,50.083964
restaurant,McDonald's,26.469011,50.059882
restaurant,Nokhitha Seafood Restaurant,26.464616,50.060966
restaurant,Freshhouse فريش هاوس,26.468724,50.060303
restaurant,ورق عنب زوارة بوكس,26.46909,50.060217
restaurant,Tteokbokki By Jena توبوكي باي جينا,26.467772,50.059424
restaurant,Hadota Shisha Lounge | مقهى شيشة حدوتة,26.469034,50.060352
restaurant,Imtiaz ahne,26.440249,50.082732
restaurant,GIADA MANDI | جيادا - مندي,26.474642,50.057432
restaurant,Waffle House - بيت وافل,26.468892,50.060313
restaurant,Nafs dimashq نفس دمشق,26.470729,50.059413
restaurant,Mandi AlHasa,26.465672,50.060413
restaurant,سينابون بساتين خضراء,26.46896,50.060325
restaurant,مطعم مدور,26.469683,50.058735
restaurant,مطعم دار العمدة,26.467774,50.059458
restaurant,Kufa,26.479898,50.055241
restaurant,JANAYEN GRILL جناين جريل,26.468923,50.060319
restaurant,Loz cafe,26.473644,50.058065
restaurant,Crispy Chicken,26.467519,50.059569
restaurant,ALBAIK,26.478281,50.056087
school,مدارس الدمام الأهلية,26.455803,50.088203
school,مدرسة اسامة بن عمير الابتدائية (بنين),26.473527,50.06153
school,مدرسة الشرق الساطع العالمية,26.364077,50.193016
school,الإبتدائية الثانية والخمسون بالدمام,26.466401,50.055793
school,مدرسة التهذيب العالمية,26.473045,50.059077
school,Yazid bin Abdulmalik high school,26.457327,50.057889
school,High School thirteen,26.460871,50.052353
school,مدارس التهذيب العالمية للبنات,26.465158,50.093809
school,المتوسطة الأربعون بالدمام,26.460448,50.053115
school,متوسطة صقلية,26.457313,50.059239
school,Rayaseen Boarding school,26.442983,50.075197
school,مدرسة صقلية المتوسطة بالمحمديه,26.457288,50.059221
school,المعهد التقني للغه الانجليزيه PNGIT 4 English,26.471362,50.059469
school,مجمع سليمان بن عبدالملك المحمديه,26.45773,50.05916
school,الثانوية السادسة والعشرين بالدمام,26.465998,50.056413
clinic,د.علاء خطيب.مجمع رام الطبي,26.469656,50.059854
mosque,"Hakeem Bin Hezam Mosque , جامع حكيم بن حزام",26.451385,50.090459
mosque,جامع عُبَاد بن بِشْر,26.45685,50.063045
mosque,Al Melhem Mosque,26.470454,50.091047
mosque,Mariam Albanai Mosque,26.467121,50.131049
mosque,Masjid -Abdur-Rahim-khudriyah,26.456806,50.050341
mosque,Imam Musa Al-Kadhim Mosque,26.493575,50.042673
mosque,Masjid-Jame-Ahmed Mohammad Al-Haimud,26.457305,50.047585
mosque,الخبر العليا,26.463639,50.068194
mosque,Jamie of Imam Mahdi,26.485329,50.035467
mosque,AL Abdulwahed Masjid,26.442781,50.091114
mosque,Abdullatif Alnuaim Mosque,26.472814,50.088609
mosque,Sheikh Saad Hamad Al-Quroni Mosque,26.454695,50.091146
mosque,Alhasan Bin Ali Mosque,26.469579,50.03915
mosque,Imam Al-Baqir Mosque,26.472455,50.030123
mosque,Jamia AlAteeq,26.461123,50.091365
mosque,مجلس و مأتم الصديقة الكبرى,26.47936,50.058459
mosque,Al hawas mosque,26.456012,50.094671
park,بحيرة المدينة العالمية بالدمام,26.466848,50.06696
park,Park,26.458838,50.054153
park,ميدان الواحة,26.463403,50.072667
park,Cornish Saihat,26.476232,50.066234
park,دوار سيهات الكببر,26.463317,50.072644
park,Global City Dammam.,26.465512,50.067288
pharmacy,صيدلية الدواء,26.507682,50.035425
pharmacy,Nahdi pharmacy | صيدليه النهدى,26.50489,50.0369
pharmacy,صيدلية الدواء,26.473698,50.09459
bank,anb ATM صراف البنك العربي الوطني - Muhammadiyah Branch,26.462039,50.067991
bank,Al Jazira Bank ATM,26.461533,50.061219
bank,Riyad Bank ATM,26.46272,50.06506
bank,anb ATM صراف البنك العربي الوطني - Alqahtani Gas Station,26.450534,50.053704
bank,Riyad Bank ATM,26.4529,50.03711
bank,Riyad Bank ATM,26.461863,50.092544
bank,Albilad ATM | صراف البلاد,26.44133,50.066609
bank,Riyad Bank ATM,26.44374,50.0684
bank,Riyad Bank ATM,26.456158,50.080633
bank,AlJazira ATM,26.4553,50.081353
bank,Aljazera ATM,26.451877,50.072885
bank,anb ATM صراف البنك العربي الوطني - Alzuhur Station,26.45529,50.081336
bank,Riyad ATM,26.462736,50.061814
bank,Aljazera Bank ATM,26.461186,50.081188
bank,Samba ATM,26.471299,50.05715
bank,anb ATM صراف البنك العربي الوطني - Al Nafie Building,26.452929,50.092152
restaurant,شجرة الدر,26.464462,50.070547
restaurant,AlDeira Dish,26.463003,50.056162
restaurant,مطعم ومقهي ديوانية الطواش,26.476047,50.069962
restaurant,Malbriz Fusion,26.439847,50.125553
restaurant,سكويزر SQUEEZER,26.468574,50.060316
restaurant,مطعم نبع البحيرة,24.585557,46.561461
restaurant,Scooter Pizza,26.482966,50.053962
restaurant,Casa Pasta,26.461805,50.068239
school,Al Buhayrah,26.470388,50.062786
school,أبطال البحيرة,26.2056,50.169089
school,Al Buhaira Driving School,25.078684,56.358251
school,مدرسة ابن الهيثم الابتدائية بالخبر,26.186476,50.179024
school,مدرسة إبن الهيثم الابتدائية للبنين,26.186648,50.184235
clinic,مجمع البشرة الجميلة الطبي,26.503533,50.037979
clinic,عيادة الأسرة الجميلة الطبية - لطب الأسنان,26.467841,50.047194
clinic,مستوصف المحدود,26.497396,50.037129
park,حديقة الأبرار,26.466987,50.091246
park,حديقة الشاطئ,26.473035,50.093274
park,حديقة الحمراء 1 الجديده,26.462162,50.087164
park,Muhammadiyah Square,26.458907,50.054137
park,حديقة الأنوار,26.467522,50.093382
park,حديقة عامة,26.493877,50.037791
park,حديقة مسجد الحارث بن هشام,26.464086,50.090678
park,بحيرة انجاز,26.411574,50.20487
park,حديقة الزهور,26.4699,50.039979
park,Al Hamra Park,26.478426,50.090315
park,مكاني المفضل,26.477445,50.085279
park,حديقة الحمراء,26.465311,50.08697
park,Aljawharah garden,26.465729,50.082556
park,Brotherhood Park,26.469757,50.091211
restaurant,ديار البديع للسمبوسة والمطبق,26.452076,50.108641
restaurant,Damascus Gardens,26.44889,50.108528
restaurant,Meat And Rice,26.455288,50.113505
restaurant,رواسي للفطائر والسمبوسة والاكلات الشعبية,26.449571,50.108562
restaurant,Rodeo Grill,26.454217,50.112422
restaurant,Dammam Al bade,26.449322,50.112996
restaurant,شواية ابو جمرة Abu jamrah,26.449767,50.118536
restaurant,Chicken Balalm - تشيكن بلالم,26.456688,50.113687
restaurant,Arbytkebda,26.456629,50.113602
restaurant,Fayrouz All Day Dining Restaurant,26.452853,50.120561
restaurant,لقمة شعبية,26.449633,50.112243
restaurant,ميترو خبز براتا,26.445297,50.11115
restaurant,Blue Sea Restaurant,26.444818,50.111282
restaurant,Pastalita,26.455313,50.118563
restaurant,Kathmandu Nepali Restaurant,26.442734,50.097356
restaurant,عم سمير بتاع الفطير الدمام,26.456634,50.11357
restaurant,TGI Friday's,26.454883,50.115523
restaurant,بوفية ورد ورعد,26.448668,50.108541
restaurant,Restaurant Johor Al Dammam,26.440296,50.117697
school,فرع الدمام 3,26.449071,50.118195
school,الابتدائية الثانية بالدمام,26.450011,50.112803
school,المتوسطة الثانية والثلاثون حي البديع الدمام,26.450978,50.112966
school,نادي حي الابتدائية الثانية,26.450548,50.112625
school,Saudi Institute of Higher Women's Training,26.448918,50.118262
school,المدرسة الثانوية الثامنة للبنات بالدمام,26.450197,50.113025
school,Jumana may Allah be pleased by the school for the memorization of the Koran in Dammam,26.449242,50.113391
mosque,Al Jaber mosque (Imam Hassan Al-Zayani and the muezzin d. Khaled Al-Amiri),26.447833,50.110594
mosque,Abi Bin Kaab Mosque,26.447571,50.115655
mosque,AISHA AL-DOSARI MOSQUE,26.453471,50.10959
mosque,مسجد نواف بن عيسى الدوسري,26.452571,50.114731
mosque,Jamie Al Misbaah,26.45508,50.099039
mosque,Muhrah Al-Juraisi Mosque,26.45345,50.111519
mosque,Al Ansar Mosque,26.449126,50.114366
mosque,جامع الإمارة,26.448198,50.098996
mosque,RBEY BIN ZIYAD MOSQUE,26.449953,50.109663
mosque,AlShaikh Saleh Ibrahim Abahussain Mosque,26.442791,50.098142
mosque,Ibrahim Abdullah Alkhnevr Mosque,26.450508,50.117623
mosque,Saadi mosque,26.452362,50.104029
mosque,حسينية الإمام محمد الجواد,26.492925,50.050612
park,حديقة البديع,26.449121,50.110672
pharmacy,صيدلية الدواء,26.452302,50.129426
pharmacy,al-dawaa,26.480899,50.119145
pharmacy,RAGHAD CARE PHARMACY 5 صيدلية رغد الرعاية,26.442142,50.104438
pharmacy,صيدلية وادي الطب,26.45189,50.103523
pharmacy,Al khaleej,26.459074,50.095756
pharmacy,صيدلية الدواء,26.471295,50.124173
pharmacy,صيدلية لايف سبيريت,26.4544,50.09675
bank,ساب,26.452829,50.119266
bank,Al Badi,26.451197,50.112524
bank,بنك الإستثمار,26.453705,50.117554
bank,The Saudi Investment Bank ATM,26.407294,50.015318
school,Budaiya Primary Boys School,26.212765,50.458027
school,Al Budaiya Primary & Intermediate Girls School,26.209693,50.448635
school,Al Badia,26.552249,49.956926
school,ابتدائية البديع للبنين,24.594485,46.137364
school,مدرسه الثامنه الابتدائيه للبنات,26.424555,50.110422
clinic,Budaiya coastal clinic,26.216128,50.446556
clinic,Budaiya Health Center,26.21379,50.458607
clinic,مؤسسه صدى الشجاعة لأدوات الصحية,26.446461,50.112977
clinic,Badee Health Center,26.451419,50.112703
clinic,مركز صحي شمال الدمام,26.451304,50.112682
restaurant,مطعم جرة البيضاء,26.445519,50.001488
restaurant,White Palace Kitchen,26.456409,50.088528
restaurant,Blameda Restaurant,26.479837,50.117629
restaurant,Leffah Al Anud,26.45118,50.069767
restaurant,Shrimp Nation Al Mazruiyah | شرمب نيشن المزروعية,26.451304,50.130133
restaurant,Subway,26.474424,50.057542
restaurant,Barandat AlKhalij,26.394205,50.09077
restaurant,Horyat Al Sharqia Seafood restaurant,26.391137,50.074158
restaurant,دار مبارك للماكولات البحرية والخليجية,26.452113,50.130136
restaurant,Halla Shawarma - Centro Khaleej,26.462384,50.067331
restaurant,مطاعم سيران للمأكولات البحرية والعالمية,26.45715,50.09245
restaurant,Hashi Basha,26.42287,50.072944
restaurant,Casapasta | كازاباستا,26.423835,50.0307
restaurant,House of spices مطعم بيت التوابل,26.378328,50.058445
restaurant,الروشنة للمأكولات الخليجية,26.363765,50.073735
restaurant,Healthy Nation هيلثي نيشن,26.368825,50.081939
restaurant,Candy Club - كاندي كلوب,26.467938,50.043096
restaurant,AlBaik,26.395708,50.041033
restaurant,مطعم نبع الحمام للأكلات المصرية,26.435353,50.094085
restaurant,AL Shallal Pastry,26.401106,50.09896
restaurant,مطعم ورد الفردوس پاکستانی ہوٹل,26.441385,50.018823
restaurant,Love and Peace Land,26.468027,50.121243
mall,Mart Zone AlFursan,26.341781,49.966459
mall,La Casa Pasta,26.455002,50.105756
mall,جمعية الرؤية التعاونية للتسويق الزراعي _ فرع الدمام,26.412323,50.013874
mall,Nana Sweets LLC Damam,26.451232,50.069757
mall,Blanco,26.361151,50.074124
mall,بكلو Piccolo,26.39094,50.035843
mall,CASA LUSSO,26.462946,50.024956
school,مركز الأجنحة البيضاء لضيافة الأطفال,26.466877,50.123746
school,الايادي البيضاء ضيافة الأطفال الأهلية,26.340806,50.039641
school,مدرسه الحكمه الابتدائيه بنات,26.461609,50.001957
school,روضة قصر الطفولة الاهلية (ثنائي اللغه),26.441068,49.98431
school,روضة أرضي الخضراء الأهلية,26.375952,50.116223
school,Amri Plaza,26.443342,50.064901
mosque,Mosque Yousef Bin Ibrahim Al-Dosari,26.457331,50.127147
mosque,badriyah Ahmed alkahlan Mosque,26.379183,50.098984
mosque,Jasim Al-Binali Mosque,26.46359,50.126878
mosque,Abu Bakr Alseddiq Mosque,26.383353,50.10034
mosque,Jama Masjid Al Tawareki,26.237262,49.972539
mosque,مسجد دليل رحمها الله,26.352643,50.057264
mosque,مسجد عمره,26.351404,50.042359
mosque,Imam Ouzai Mosque,26.409696,50.052535
mosque,Ali Aal Abdulkareem Mosque,26.485049,50.122201
mosque,Alhijrah Mosque,26.416746,50.084153
park,بلدية محافظة البيضاء,26.414452,50.002843
park,فندق بارك ان الدمام,26.365238,50.07938
pharmacy,صيدلية الدواء,26.375153,50.11526
pharmacy,صيدلية الدواء,26.468135,49.796821
pharmacy,White care | وايت كير,26.342338,50.181173
pharmacy,Vitamin Pharmacy,32.771388,21.74381
mall,الدار البيضاء,26.438174,50.125642
school,مدرسة البيضاء الثانوية,32.768856,21.742446
school,White rose Shcool,21.784782,39.121637
school,مدارس أوغست العالمية,26.378341,50.044601
school,مدارس قادة النخبة الأهلية -,26.348065,49.995145
mosque,مفتي الدار البيضاء,26.413054,50.004176
mosque,Anas bin Al Nader Mosque,26.404102,50.120244
mosque,Ahmed AlBukhari Mosque,26.370381,50.078514
mosque,جامع الكلثم,26.424667,49.994851
mosque,مسجد البيضاء الكبير,31.914883,36.053605
park,مخيم جوى,26.348534,49.857327
park,Al-Baydha'a,24.649493,39.453351
park,حديقه البيضاء,26.648189,49.950668
park,Albaidha Public Park,24.685766,39.450206
park,حديقة الضاحية,26.42285,50.000453
park,حديقة المدينة البيضاء,26.648313,49.950257
park,شجرة اليونكو: اللحية البيضاء,26.538018,50.000543
restaurant,مطعم فريج السلطان,26.458854,50.080594
restaurant,Trip brgr,26.40354,50.101703
restaurant,Siddique Dera Restaurant,26.445364,50.090687
restaurant,مطعم مورغي,26.278467,50.183114
restaurant,جرة الطاهي,26.440481,50.12445
restaurant,بوفية ابطال الترجي,26.566562,50.003921
restaurant,مطعم وشاي بستكانة | Besteacana Restaurant & Tea,26.459061,50.080249
restaurant,مطعم طنجرة,26.415063,50.030313
restaurant,مطعم تاج الشجرة,26.450443,50.053315
restaurant,مطعم ثريد الزهور,26.454189,50.096272
restaurant,‏فود ترك لذاذة,26.42755,50.023028
restaurant,Marhaba Restrant,26.455968,50.044379
restaurant,مطعم التيسير الرابع البخاري,26.423923,50.025045
restaurant,شركة المذاق الناضج,26.416264,50.029823
restaurant,Thoug Restaurant,26.392366,50.092076
restaurant,Fareej Al Mubarakia,26.376421,50.061269
restaurant,Turkish Restaurant,26.410577,50.057144
restaurant,بوفية ترف للوجبات السريعة,26.440029,49.998181
restaurant,Golden Restaurant,26.402142,50.139563
restaurant,مقهى الاهرام,26.452242,50.129204
restaurant,Pakistani Restaurant Gulf Tasty Food Restaurant,26.430462,50.104681
mosque,Al Majdouie Mosque,26.400113,50.052581
mosque,Otaishan Mosque,26.434127,50.074481
mosque,Altaraji Club Stadium - central Qatif,26.565164,50.001699
mosque,Mosque of Tours,26.405847,50.024382
mosque,Al Andalus Mosque,26.43661,50.084903
mosque,Ibn al-Qayyim mosque,26.436337,50.072607
pharmacy,Fajar Dammam Pharmacy,26.363947,50.074219
pharmacy,Fajer Pharmacy,26.427708,50.073068
school,Al Taraji Club Football Pitches,26.564519,49.999997
clinic,منشاة نادي الترجي الرياضي بالقطيف,26.504674,49.979766
clinic,Elegance clinic,26.55224,50.02024
mosque,مسجد,26.324456,49.992673
mosque,Wafi Al Hajri Mosque,26.373037,50.141939
mosque,جامع شاهه عبد اللطيف الربيع,26.37557,50.145497
mosque,Fatima Othman Sarawi Mosque,26.371311,50.102589
mosque,مسجد جامع لطيفه بنت محمد الحملي,26.382276,50.134971
mosque,AlDamegh Mosque,26.369403,50.13985
mosque,Muneera Abdullatif AlDulaijan Mosque,26.420859,50.124892
mosque,Jafer Altayyar Mosque,26.361468,50.188798
mosque,Abdul rahman Aldamegh Mosque,26.34703,50.056025
restaurant,مطعم زوارة,26.366435,50.094011
restaurant,Rayg,26.323305,50.161856
restaurant,مطعم ظل قعادة جيزان,26.439521,50.097657
restaurant,Yasumi Ramen Shop Dhahran -‎ يسومي رامن الظهران,26.339457,50.152421
restaurant,LEVANTINE LOUNG & RESTAURANT ليفانتين لاونج,26.374049,50.148046
restaurant,STREAT | ستريت (Dhahran),26.331495,50.161803
restaurant,الايوان للولائم و الحفلات,26.385396,50.096237
restaurant,مشوي ومشرب,26.379625,50.049749
restaurant,شاورمجي حى القصور,26.348231,50.143357
restaurant,60 Grams,26.331436,50.162263
restaurant,خِمرة,26.483229,50.053881
restaurant,المطعم العثماني,26.420683,50.088794
restaurant,مطعم سميت و شاي Simit & Chai Restaurant,26.540236,50.024068
restaurant,Jarjeer Multicuisine Restaurant,26.278388,50.203635
mosque,مسجد طارق بن زياد,26.285444,50.132781
bank,AlRajhi Bank ATM,26.403893,50.014676
restaurant,8 Portions Pizza,26.343643,50.147854
restaurant,Main Restaurant,26.397554,50.190443
restaurant,University Towers Restaurant,26.36682,50.204842
restaurant,Students' Canteen,26.397936,50.190586
mall,Al Jamea Plaza,21.482692,39.242021
mall,AlJAMEAH MALL,21.481149,39.241508
mall,Shally View شالي فيو,26.334693,50.13262
mall,Nana Shopping Center,26.347493,50.141693
mall,بقالة الجامعة,26.399975,50.199175
school,مبنى 450 | مبنى السنة التحضيرية,26.38548,50.185858
school,Mohammed AlMana College for Medical Sciences,26.376848,50.183746
school,إدارة جامعة الدمام,26.393033,50.189074
school,مبنى A47 - السنة التحضيرية,26.390088,50.186044
school,College of Nursing,26.395102,50.192376
school,"College Of Business Administration Ladies, Building 600",26.38702,50.187021
school,College of Computer Science and Information Technology (Ladies Section),26.385043,50.189014
school,مبنى 45 كلية الدراسات التطبيقية (طالبات),26.386789,50.188894
school,كلية البترجي الطبية - الدمام,26.374662,49.994078
school,College of Applied Studies,26.384577,50.186373
school,كلية الشريعة والقانون,26.386329,50.185353
school,College of Dentistry كلية طب الأسنان,26.394758,50.192692
school,College of Dentistry (Alnawras),26.409543,50.177899
school,College of medicine - female,26.38958,50.187965
clinic,Family and Community Medicine Center(FCMC),26.378266,50.190556
clinic,FAMCO Clinics IAU,26.37939,50.190764
clinic,مركز الخدمات الخاصة بمستشفى طب الاسنان الجامعي,26.393603,50.192651
clinic,اسنان جامعة الإمام عبدالرحمن بن فيصل,26.393852,50.193114
clinic,العيادات التخصصية,26.393668,50.192957
clinic,Dammam UNIVERSITY-Clinic Building,26.400804,50.204633
mosque,University Mosque,26.394742,50.190146
pharmacy,Aljamaa pharmacy No.1,26.44331,50.097106
pharmacy,College of Clinical Pharmcy كلية الصيدلة الإكلينيكية,26.395083,50.190826
pharmacy,صيدلية الدواء,26.347826,50.141492
pharmacy,صيدلية الدواء,26.346332,50.13682
pharmacy,Aljamaa Pharmacy No.8,26.282315,50.215088
pharmacy,صيدلية الدواء,26.333387,50.149731
bank,AlAhli Bank,26.400326,50.199211
bank,SAB الأول,26.345014,50.138051
school,University Schools - Girls,26.298985,50.152216
park,حديقة الجامعه,26.343395,50.13108
restaurant,معصوبي - masobi.,26.401161,50.098852
restaurant,مطعم ميدار للأكلات البحرية الخليجية,26.400637,50.098066
restaurant,Kitchen And Mandi Jamiyin,26.3942,50.097346
restaurant,Tofy Chef,26.399931,50.104366
restaurant,كاس جبن | الجامعيين,26.400385,50.097726
restaurant,مزيز,26.400803,50.098389
restaurant,Sandwisha,26.39909,50.094903
restaurant,BURGER WAQF,26.398628,50.094065
restaurant,Karak Al Bait,26.384371,50.096217
restaurant,فوال حي الجامعيين,26.401795,50.10518
restaurant,Dundee | دندي,26.388453,50.098993
restaurant,Shaqfa,26.400433,50.097676
restaurant,Bait Elsaleeq,26.400226,50.096899
restaurant,Nine x Cafe - كافيه x ناين,26.398637,50.094073
restaurant,Hasawia Restaurant,26.379192,50.099577
restaurant,Asool,26.39396,50.097032
restaurant,ورق عنب وأكثر Grape Leaves & more,26.398716,50.104109
restaurant,Freshhouse فريش هاوس,26.382493,50.104398
restaurant,Dolan coffee | دولان كافيه,26.39727,50.091393
restaurant,Weber Burger,26.401661,50.105096
restaurant,AL Shallal Pastry,26.366141,50.075525
restaurant,Bitten Café,26.400342,50.09631
restaurant,Breath of Damascus,26.400325,50.097374
restaurant,كأس بن قهوه مختصهKASBON Breakfast & Sandwiches,26.397716,50.092416
restaurant,نواشط الجامعيين,26.3941,50.090907
restaurant,Pizzarific,26.398367,50.104294
restaurant,Epic Burger,26.400786,50.098363
restaurant,Sana'at Omi Lateefa,26.401257,50.104392
restaurant,مطعم كواكب البخاري,26.400945,50.104953
restaurant,بوفية ومعجنات سافانت,26.398439,50.093684
restaurant,pizzabilla بيتزا بيلا,26.398323,50.10413
restaurant,فلافل ومعجنات شهد,26.400481,50.09777
restaurant,Two Hot Dogs- اثنان هوت دوق,26.393078,50.09148
restaurant,معجنات نور الياسمين,26.393208,50.104642
restaurant,Kyan‎,26.383798,50.097207
restaurant,Nutria,26.395268,50.104745
restaurant,الكرك,26.401699,50.105101
mall,ساحة حي الجامعين,26.394435,50.097845
mall,Amazon Gulf,26.401087,50.114271
mall,بقاله هلا,26.389781,50.112457
mall,MINISO | ميني سو العثيم مول,26.4007,50.116593
mall,Max,26.400146,50.116819
mall,Xtreme Zone,26.399426,50.117746
mall,Tri Park 2,26.402954,50.103644
mall,Daiso Japan - Al Othaim Mall Dammam,26.4004,50.117434
mall,ركن تمرات (التويجري سابقا),26.401776,50.099415
mall,R&B,26.400306,50.11738
mall,KAFCO SQUARE,26.38862,50.098929
mall,Kiabi,26.400458,50.117241
school,مدرسة الإمام الدوري لتحفيظ القران الكريم,26.389005,50.099863
school,Prince Faisal Bin Fahd Girls School,26.390629,50.096648
school,AMR BIN OMAIYA ELEMENTARY SCHOOL,26.397928,50.096512
school,الابتدائية الخامسة والخمسون بالدمام,26.390833,50.096422
school,ابتدائية مجمع الإمام الدوري لتحفيظ القرآن الكريم,26.388741,50.099701
school,ابتدائية مجمع الامير سعود بن نايف التعليمي,26.393969,50.099736
school,المتوسطة الخامسة والثلاثون,26.402088,50.100828
school,Shams Aljazeera Boys School,26.388412,50.110697
school,الثانويه الحاديه و العشرون بالدمام,26.402218,50.101296
school,مدارس رياض الإحسان الأهلية ( بنات ),26.402335,50.107698
school,مجمع النعمان بن بشير التعليمي,26.387445,50.108768
clinic,The management of health centers in Dammam neighborhood university,26.395675,50.098501
clinic,مركز لقاح حي الجامعيين,26.395449,50.098181
clinic,مركز الجامعيين النسائي,26.401807,50.099351
clinic,Geneo Clinic,26.397833,50.092616
clinic,عيادات دكتور هشام جنيدي انف و اذن و حنجرة | مناظير الجيوب الانفيه ENT clinic,26.388965,50.104666
clinic,مجمع دار الحكمة الطبى,26.404907,50.113985
mosque,Aljameayeen Mosque,26.395632,50.093155
mosque,Abdul-Rahman Ibn Abi Bakr Mosque,26.389427,50.099026
mosque,Al-Fath Mosque,26.399802,50.098699
mosque,Nu'man Mosque,26.392791,50.094068
mosque,مسجد أحمد العباد,26.395616,50.103837
mosque,Al Nuzhah Mosque,26.393646,50.106191
mosque,Zayd bin Al Khattab Mosque,26.397802,50.084445
mosque,Abdullatif bin Hamad AlJabr Grand Mosque,26.395315,50.110075
mosque,Colonel Sahian Mosque,26.387249,50.118445
mosque,جامع أمينة الحسون,26.405673,50.100393
mosque,مسجد ثمامة بن أثال,26.398524,50.096122
mosque,Alsalam Mosque,26.394569,50.087938
mosque,Alanfal Mosque,26.389374,50.102915
mosque,Al Berr Mosque,26.394988,50.090301
mosque,Abdullah Harkan Mosque of Allah's mercy,26.37877,50.101792
mosque,Al Yaqeen Mosque,26.39891,50.106359
mosque,Juwairiyah Bint Al Harith Mosque,26.385413,50.094041
mosque,Mohammed Al Ghamdi Mosque,26.390825,50.087993
mosque,AbdulRahman bin Ahmed Al Tuwaijri Mosque,26.403735,50.107978
mosque,مسجد نورة بنت حسن الجبر,26.411806,50.106434
mosque,جامع أم المؤمنين حفصة بنت عمر,26.395667,50.114701
mosque,جامع عبدالعزيز السيف,26.402221,50.121413
mosque,مسجد فاطمه بنت أسد الهاشميه رضي الله عنها,26.401671,50.095261
mosque,Shuhada Mosque,26.376665,50.100517
mosque,Hasan Albasri Mosque,26.401314,50.103483
park,Al Yasmeen Park,26.388737,50.102649
bank,Riyad Bank ATM,26.391823,50.092377
bank,Riyad Bank ATM,26.386128,50.095816
bank,Al Rajhi ATM,26.41111,50.097283
bank,صراف البلاد مع إيداع,26.402865,50.102426
bank,جهاز الخدمة الذاتية البنك الأهلي - NCB Self Service Kiosk,26.373272,50.10181
bank,Riyad Bank ATM,26.374459,50.098777
bank,صراف بنك الجزيره,26.395631,50.088157
bank,BSF - Banque Saudi Fransi ATM - Alandalus Branch - Self Service Card Printing,26.40355,50.10285
bank,Bank Albilad | بنك البلاد,26.394309,50.069905
bank,BSF - Banque Saudi Fransi ATM - Alsager Gas Station (Alshlewey) - Cash withdrawal,26.377367,50.089686
bank,Al Jamiyin,26.395001,50.100202
bank,BSF - Banque Saudi Fransi ATM - Alandalus Branch - Cash withdrawal,26.40355,50.10285
bank,صراف بنك الجزيره,26.394687,50.078187
restaurant,Baith Al Karak,26.392566,50.031445
restaurant,Nuzha Marvels Snacks,26.38512,50.104437
restaurant,مطاعم لمه,26.407447,50.06085
restaurant,Al Tazaj,26.400688,50.114503
restaurant,Mnaqish,26.402925,50.063986
restaurant,فوال حی الجامعین,26.394028,50.096999
mall,نعومي دارين مول الدمام,26.461491,50.064779
mall,Brands for Less,26.461301,50.064939
school,تحفيظ الشرقية ( فرع شرق الدمام ),26.39297,50.091615
park,حديقة الجامعيين,25.313924,49.587021
park,Jamiyin Park,26.392195,50.094688
restaurant,مطعم حساوية,26.43392,50.083925
restaurant,مطعم حكايات كبدة و سجق,26.43842,50.083057
restaurant,مطعم بيت الباشوات فرع الجلوية,26.435917,50.079384
restaurant,Jedar MANDI Alhsa,26.437423,50.083448
restaurant,مطعم لقمة حجازيه,26.438974,50.082715
restaurant,بوفية شيف الجلويه,26.434953,50.079502
restaurant,Samaka Restaurant,26.437343,50.078866
restaurant,مطعم فول القاهره حي الجلوية الدمام,26.438349,50.078338
restaurant,شاورما يسور بروستد مشويات مقبلات عصائر,26.435489,50.079569
restaurant,مطعم سولو بولو,26.433967,50.071508
restaurant,Ali Basha Restaurant مطعم علي باشا,26.435338,50.079356
restaurant,Sawakhen,26.432167,50.07213
restaurant,بوفية ثمار صنعاء الجلويه,26.434075,50.06669
restaurant,معجنات قناطر دمشق,26.438125,50.078173
restaurant,Shawaya Al Jazira Restaurant,26.44178,50.078158
restaurant,عنتر,26.432375,50.072396
restaurant,Asar al- Bukhari Restaurant,26.440987,50.08188
restaurant,وجبتي غير,26.435442,50.07958
restaurant,Kareem Broasted,26.428861,50.074143
restaurant,Samadu Strawberry Fruit,26.440208,50.077371
restaurant,مطاعم دكه منتو (المذاق الحجازي سابقا),26.438805,50.082822
restaurant,French Crepe,26.441437,50.081812
restaurant,Al Karak,26.435218,50.079418
restaurant,Noura's D Kitchen,26.440279,50.077641
restaurant,مطعم ليالي النيل,26.437635,50.078763
restaurant,شعبيات حضرمية,26.433579,50.071516
restaurant,مطعم بيت طاهره البخاري,26.43506,50.079892
restaurant,فرن الفطيرة المثالية,26.437437,50.078818
restaurant,Vitamin Palace | قصر الفيتامين,26.440308,50.082159
restaurant,مطعم فاكهة لبنان,26.438786,50.082795
restaurant,Chef Hassan Restaurant,26.441775,50.077958
restaurant,Sayadiya Al Baharah Restaurant for Sea food,26.43034,50.068239
restaurant,معصوب زمان,26.437138,50.078653
restaurant,ورق عنب سارة,26.430541,50.06794
restaurant,Suhail Restaurant,26.441703,50.072687
restaurant,فلافل زرزور,26.434927,50.079513
restaurant,مطعم تكة عراد للمشويات البحرينية,26.433847,50.080044
restaurant,"Al Jalawiyah, Dammam 32246, Saudi Arabia",26.44136,50.072984
restaurant,فوال مراحب,26.438391,50.07832
restaurant,Falafil Al Rabiah,26.437068,50.078981
mall,لجنة حي الجلوية,26.436117,50.072749
mall,عروض مذهلة,26.428078,50.072549
mall,قلعة الدواجن للعروض,26.428788,50.07394
mall,Lights Center,26.433531,50.08378
mall,MERCATO,26.4439,50.068059
mall,Al -Qaser for Gold & Jewelery,26.442204,50.068361
mall,محامص ومطاحن شركة اصالة البن العربي التجارية,26.432353,50.081444
mall,الهرم ستايل,26.427987,50.071992
mall,Fine Look,26.444145,50.067531
mall,ديما المثالية للتجارة Deema Almithalia,26.445075,50.06944
mall,ريف القمة لزينة السبارات,26.441063,50.071312
school,مدرسة الجلوية الابتدائية,26.436512,50.076311
school,مدرسة الجلوية الإبتدائية,26.436458,50.076837
school,المدرسة الخامسة والثلاثون الابتدائية بالدمام,26.436479,50.068487
school,AlEdrissi intermediate School,26.437602,50.071784
school,Forty primary school for girls,26.440041,50.075228
school,ثانوية خامسة مقررات الجلوية,26.42989,50.071658
school,مدرسة عتبة بن غزوان الابتدائية,26.437879,50.068068
school,الابتدائية الثالثة لتحفيظ القرآن الكريم بالدمام,26.436362,50.068826
school,المتوسطة السادسة والعشرون بالدمام,26.430919,50.073798
school,Sahlah Koranic schools,26.431009,50.075605
school,الروضة الثانية بالدمام,26.429657,50.071374
school,مدرسة معاويه,26.435661,50.074328
school,Ninth Intermediate school for girls,26.440198,50.074794
school,مركز دار العلا,26.431737,50.07583
school,الابتدائية العشرون للتعليم المستمر,26.440222,50.075114
school,مريول الحر,26.436002,50.066117
school,مدرسة تحفيظ,26.431616,50.075578
school,ابتدائية محمد بن عبدالوهاب,26.432869,50.069558
school,روضة الياسمين بالدمام,26.436272,50.068706
school,iCandle,26.440748,50.068443
school,KJO Bus Dammam Stop,26.433842,50.084254
school,مركز الشيخ سلطان العويد,26.432096,50.072813
school,جمعية بيِّنات العلمية,26.432179,50.072855
school,مركز الصدارة للرعاية النهارية,26.439819,50.067972
clinic,مركز صحي الجلوية,26.43849,50.07721
mosque,مسجد صالح بن عبد العزيز السحيمي رحمه الله,26.43878,50.080693
mosque,Abu Obaida Mosque,26.433158,50.070304
mosque,جامع الجلوية,26.432416,50.067529
mosque,Abi Saeed Al Khudri Mosque,26.438049,50.067051
mosque,Ibrahim Al Samhan Mosque,26.434242,50.076636
mosque,مصلى النساء,26.431609,50.073693
mosque,مسجد اليوسف,26.437836,50.077813
mosque,Al Thaakireen Mosque,26.439816,50.080001
mosque,Abou El Fadl Abbas bin Muttalib mosque,26.440431,50.072337
mosque,مسجد الهداية,26.433003,50.080982
mosque,Abdullah Ibn Abbas Mosque,26.429001,50.071512
mosque,Mosque Alshaik abdulaziz al qadi,26.420444,50.062705
mosque,المسجد المهدوم,26.438198,50.081677
mosque,جامع ميثه العتيبي,26.423375,50.070569
mosque,Masjid Abdul Aziz Ibn Sulaiman,26.442642,50.072976
mosque,مسجد حسان بن ثابت,26.436942,50.07548
mosque,جامع السيف,26.422698,50.073885
mosque,مسجد النور,26.440239,50.075932
mosque,مسجد القريشي بحي الخليج,26.445925,50.089388
mosque,مسجد محمد بن سيرين رحمه الله.,26.445587,50.083865
mosque,الدمام,26.441876,50.084481
mosque,Ibn Taymiyyah mosque,26.433074,50.095645
mosque,Mohammed Al Fateh Mosque,26.439633,50.086626
park,Civil wark,26.437011,50.081007
park,مؤسسة لؤلؤة العشب للتجارة,26.434155,50.066685
park,مهرجان الجلوية,26.428835,50.069386
pharmacy,صيدلية دواء العرب شارع الطرباق,26.440576,50.077205
pharmacy,Zahrat Al Rawdah Pharmacy 328 صيدلية زهرة الروضة,26.436502,50.079199
pharmacy,jalawya,26.433413,50.082577
pharmacy,صيدلية جوزل البيطرية شارع الملك سعود,26.441983,50.080682
bank,Tahweel Al Rajhi,26.441723,50.072595
bank,SNB AlAhli ATM,26.436439,50.083769
bank,AlRajhi Bank ATM,26.441298,50.07685
bank,صراف بنك الريـاض,26.44189,50.079614
bank,SNB AlAhli ATM,26.430823,50.067842
bank,جهاز صرف البنك السعودي للاستثمار,26.434662,50.079624
bank,Mobily Store - فرع موبايلي,26.431139,50.078609
bank,Riyad Bank ATM,26.43804,50.08343
bank,The National Commercial Bank ATM,26.447211,50.092119
bank,Samba ATM,26.430945,50.078553
bank,Tahweel Al Rajhi,26.42557,50.070659
bank,Al Rajhi ATM,26.426183,50.070084
bank,Riyad Bank ATM,26.44354,50.06615
restaurant,هنا القاهرة,26.439281,50.082588
restaurant,مطعم نعمة الشرق,26.428305,50.073062
restaurant,فلافل ياسمين الشام,26.441575,50.081752
restaurant,مطاعم أصل العرب asl alarab restaurants,26.441529,50.075112
restaurant,لمه | Lamma,26.433446,50.083307
restaurant,Mulia Restaurant,26.468375,50.123433
restaurant,مطعم ملتقى المكلا للأكلات الشعبية,26.441034,50.072395
restaurant,حضره المحيط للمأكولات البحرية,26.439004,50.082703
restaurant,مطعم هيرو بركة للمأكولات البحرية Hero Baraka Resturant,26.441227,50.081775
restaurant,الطيب الطازج,26.439455,50.077758
restaurant,مطعم و فوال جرة الديرة للأكلات الشعبية,26.438975,50.082717
restaurant,مطعم احمد سالم المهري للمعجنات,26.439026,50.082694
restaurant,لذيذ الفيصلية,26.393542,50.070698
restaurant,الركن المتميزللحوم الطازجة فرع الدمام حي الجلويه,26.432677,50.071982
mall,أسواق زون الاقتصادية,26.436872,50.065983
mall,عبد الصمد القرشي للعطور والعود والمسك والبخور,26.44185,50.067754
mall,Tim Hortons,26.430946,50.067987
mall,FLORINA,26.429645,50.07676
restaurant,Saad Fast food,26.462123,50.081152
restaurant,جوهرة داري,26.461312,50.081541
restaurant,بوفية ركن الطعم المميز,26.461561,50.081565
restaurant,معجنات جوهرة دمشق,26.45512,50.092345
restaurant,مطعم فول القاهرة,26.466439,50.081559
restaurant,مطعم الجوهرة الزرقاء للاكلات الهندية والسندويشتات,26.431541,50.036301
restaurant,جوهرة عنبر بخارى,26.368843,50.079648
mall,أسواق ومخابز جوهرة العروض,26.462688,50.060812
mall,جوهرة الذهب للألماس والمجوهرات,26.400363,50.116824
mall,الجوهره ذهب و مجوهرات,26.447006,50.102359
mall,جوهرة المهرة,26.446688,50.102629
mall,جوهره,26.445998,50.08147
school,مدرسة,26.462687,50.080096
school,شركة مدارس العالمية الذهبية,26.469551,50.0862
school,المتوسطة الخامسة والعشرون بالدمام,26.472238,50.090746
school,29th Secondary School,26.455999,50.098615
school,مجمع طويق التعليمي ( الابتدائي والمتوسط ) بنين,26.46103,50.090646
school,المتوسطة الخامسة والعشرون بالدمام,26.472007,50.090266
school,معلمة قدرات @,26.462452,50.084581
clinic,مؤسسة جاكال ستيديو,26.452305,50.069163
clinic,Al Jawharah,26.464481,50.08132
clinic,شركة رؤية كير الطبية ROIAA CARE CO,26.453866,50.080374
mosque,مسجد الجوهرة,26.405602,50.055535
mosque,مسجد السعدي,26.460988,50.082091
mosque,مسجد مصلى النساء,26.461941,50.079575
mosque,مسجد حي الزهور,26.459718,50.073225
mosque,Mosque,26.457199,50.080124
mosque,Masjid Alhamraa,26.465044,50.08625
park,Aljawharah park,26.384779,50.070607
park,Public park حديقة مسجد الدوسري,26.465729,50.082556
park,حديقة جوهرة الخليج 2,26.460996,50.082472
pharmacy,Value Pharmacy - Jawhara صيدلية فاليو - الجوهرة,26.46149,50.081565
pharmacy,صيدلية جوهرة السعادة للأدوية,26.43489,50.099147
pharmacy,اسواق سلة روابي الجوهرة,26.46121,50.081153
pharmacy,صيدلية الجواهر المتميزة,21.524363,39.167521
bank,Al Jaziera Bank,26.453637,50.091911
bank,SAB الأول,26.459356,50.082065
bank,NCB ATM,26.459231,50.079759
bank,SNB AlAhli ATM,26.458813,50.089312
bank,AlRajhi ATM,26.45931,50.089165
bank,NCB ATM,26.445157,50.101376
bank,AlRajhi Bank ATM,26.454445,50.096783
bank,ATM Bank Al Jazira,26.443769,50.08097
bank,Aljazeyra ATM,26.453563,50.091938
bank,NCB ATM,26.454787,50.096443
restaurant,مطابخ وخزائن جوهره المعالم,26.451926,50.072285
restaurant,Bangali bufiya,26.383553,50.056391
clinic,شركة سما الجوهره التجارية,26.461939,50.081601
clinic,مركز ماس الخليج للتجارة والتسويق,26.462029,50.08064
clinic,مركز الواحة المثمرة للخضار والفواكه,26.461157,50.081153
clinic,منتجع الجوهرة,26.34303,49.967865
clinic,مركز رمز الطموح للرعاية النهارية,26.465762,50.089059
clinic,استراحة الجوهرة,26.376189,49.970979
clinic,QASR ALAWANI,26.459375,50.083195
clinic,Meed - ميد,26.459811,50.080855
clinic,مركز اللحظات الهادئه مساج,26.466211,50.081557
clinic,Centar Point Kurnsh Pillo Ritarun,26.459565,50.082116
clinic,مركز رمش القمر صالون تجميل,26.458444,50.077115
clinic,عياده دكتوره ولاء عبدالسلام,26.461422,50.073737
clinic,د اهاب الغنوم اخصائي زراعة الاسنان وجراحة الفكين عيادات رام لطب الاسنان فرع المباركية,26.45947,50.087043
clinic,مجمع عيادات عبد العزيز الوهيبى,26.462234,50.081621
restaurant,Zaman Awal,26.414748,50.170135
restaurant,معجنات سكة الجوع,26.381721,50.178571
restaurant,Al Youm Dining Hall,26.378737,50.17091
restaurant,بوفيه اراكه الفاخره,26.405136,50.184584
restaurant,Kebdat Hijazi,26.381606,50.178265
restaurant,بروستد الكندي alkindi Broasted فرع الراكه,26.388363,50.178433
restaurant,Mezbaan Raka,26.388064,50.178409
restaurant,DOB Dining Hall,26.383777,50.168543
restaurant,Hamsa restaurant,26.467318,50.039934
restaurant,مطعم شوايه صحاري,26.414975,50.170526
restaurant,Crafter Cafe,26.375262,50.17494
restaurant,Rummaan Hyderabadi Restaurant - Dammam Seaport,26.416843,50.173164
restaurant,Malabar restaurant,26.415648,50.165641
restaurant,بوس كافيه BOSS CAFE,26.412752,50.173046
restaurant,كرامبس,26.446961,50.090185
restaurant,Thamees Dhukkan,26.41093,50.180205
restaurant,SALATA | سالاتا,26.388437,50.178312
restaurant,BURDOG,26.38847,50.178413
restaurant,Asyakh Alshawwaya Restaurant,26.388608,50.178406
restaurant,فود ترك low and slow,26.381306,50.182778
restaurant,جباتي وكرك,26.391394,50.178086
restaurant,SA’AH Cafe مقهى سعة,26.379312,50.182052
restaurant,Diyafat Alhana Boofiya,26.371406,50.174851
restaurant,بوفية سور المذاق,26.406433,50.186727
restaurant,مطعم الغمغام بالضاحية,26.453312,49.998291
restaurant,Clix,26.388982,50.178371
restaurant,مقهى شاهي جمر Jamar Tea Cafe,26.38875,50.178393
restaurant,Al Seef cafe,26.396889,50.168056
restaurant,SAHEL AL MENA RESTAURANT مطعم سهل الميناء,26.410202,50.15595
restaurant,Diwan Lounge,26.412585,50.173339
restaurant,Pickup Burger,26.411165,50.109001
restaurant,Hokm cafe-مقهى حكم,26.406372,50.186543
restaurant,Madina Restaurant,26.416363,50.16017
restaurant,Al Gosaibi Foods Company,26.40091,50.16791
restaurant,Srilankan Kandy Restaurant,26.41721,50.160604
restaurant,Al Hussam,26.39233,50.172082
restaurant,Avens Bistro ( Al Youm Tower),26.378715,50.170777
restaurant,Hashem Restaurants,26.376574,50.060429
restaurant,Mashmum Restaurant,26.499172,50.031391
restaurant,Tim Hortons,26.379626,50.181978
restaurant,Popeyes,26.385984,50.178224
restaurant,Noorani Restaurant / مطعم نوراني,26.393107,50.16047
restaurant,معجنات الشلال,26.388429,50.1784
restaurant,Khalidiya Restaurant,26.40571,50.145366
restaurant,برغرايززر | Burgerizzr,26.382611,50.178434
mall,مستودعات شركة العليان,26.396135,50.163943
mall,H&M,26.400343,50.116973
mall,Ish Elsalfa - ايش السالفة,26.365342,50.206827
mall,Rayyan Shopping Center,26.413167,50.141941
mall,Al Khelaiwi Complex ( مجمع الخليوي ),26.369787,50.190565
mall,Rasasi Perfumes |Othaim Mall Dammam,26.400204,50.116627
mall,Centre Point Warehouse,26.442114,50.176076
mall,NYX Professional Makeup,26.400458,50.117241
mall,البنعلي,26.414085,50.150266
mall,جود الزعفران,26.390675,50.150514
mall,Lifestyle - Dammam - Othaim Mall,26.400048,50.117269
mall,مدينة الحسام نجران,17.516162,44.166383
mall,Amazon KSA,26.35607,50.189056
mall,Skechers,26.400514,50.116701
mall,CINNZEO OTHAIM MALL DAMMAM,26.400273,50.117297
mall,الراكه افنيو,26.360775,50.192654
mall,Al Amwar Complex,26.381888,50.178565
mall,Dyno Rock Climbing,26.384792,50.14729
mall,Poshak Othaim Mall DMM | بوشاك,26.400562,50.117438
mall,النظافة الشاملة,26.360246,50.191411
mall,شوارينا Shoearena,26.399911,50.117352
mall,Al firdaws Mall parking,26.376151,50.122856
mall,Shoe Mart - Dammam - Othaim Mall,26.400397,50.116874
clinic,Hosn clinic,26.318768,50.222098
clinic,SCECO RAM Medical Complex,26.388313,50.151438
clinic,مركزصحي الراكة الجديد,26.365116,50.196353
clinic,Hussam medical clinic,18.316521,42.694786
clinic,"Department Of Family Medicine Training Center, University Of Dammam",26.379937,50.193088
clinic,Imam Abdulrahman bin Faisal Hospital Warehouse - National Guard Hospital - Dammam,26.352388,50.173993
clinic,Zamil Consumer Clinic,26.397145,50.140755
clinic,Badana Clinic,26.345149,50.187015
clinic,الدكتورة/ ساره الفرحاتي أخصائية الجلدية والتجميل عيادات اهالينا الطبية فرع الراكة بالخبر,26.372855,50.17861
clinic,مركز عيادات الرعاية الصحية الأولية بمدينة الملك فهد السكنية بالحرس الوطني بالدمام Dammam Primary Health Care Centre,26.364719,50.165424
clinic,ضبط الوزن - النحت الغير جراحي للجسم - د مني ابو جمره,26.371617,50.124083
clinic,حسام للمجوهرات,26.445918,50.102388
clinic,Jinan chakma,26.367004,50.191557
clinic,ابن سينا لطب الأسنان والجلدية والليزر الخبر - حي الراكة,26.359599,50.188261
clinic,Dr. Rani Al Zinati Clinic / عيادة الدكتور راني الزيناتي نخبة أطباء الزراعة,26.362395,50.196702
clinic,Health Medical Clinic - One Day Surgery - المشفى الصحي مركز جراحات اليوم الواحد,26.361871,50.195789
clinic,مستوصف اسكان الحرس الوطني بالدمام,26.364923,50.165682
clinic,Ram Warehouse,26.392163,50.158637
clinic,مستوصف احد فحص التجنيد,26.366432,50.169565
clinic,Gama hospital bldg B accomodation,26.370108,50.174784
clinic,Zamil Steel PEB Clinic,26.397622,50.139474
clinic,dr.Sami Obeidat Clinics,26.362328,50.196713
clinic,Simulation & Clinical Skills centre,26.379873,50.193128
clinic,العيادات الخارجية,26.375894,50.192365
clinic,Renewal and Reward Center مجمع التجديد والتحفيز الطبي,26.383538,50.185688
clinic,عيادة الجراحة العامة و المناظير د بسمه فلاته,26.343566,50.179369
clinic,مركز صحي الراكة,26.365106,50.19636
clinic,مركز ميّ الجبر للكشف المُبكر عن السرطان,26.389865,50.14983
clinic,Badr Medical Center Khobar,26.368114,50.181593
clinic,عيادات أنسام الطبية,25.391479,49.563417
clinic,Life Lines Medical Co,26.390521,50.159504
clinic,مركز صحي المطلقیة,26.365394,50.204677
clinic,مجمع المهيدب لطب وتقويم الاسنان الدمام حى عبد الله فواد,26.411937,50.122979
mosque,Al-Hussam Mosque,26.388685,50.169689
mosque,مسجد الحسام,26.380538,50.175681
mosque,Mohammed Al Sulaiman Mosque,26.389316,50.172657
mosque,Baatheem Mosque,26.372519,50.180637
mosque,مسجد,26.384722,50.170279
mosque,مسجد,26.384207,50.175492
mosque,جامع عبدالرحمن بن عوف (بر الوالدين سابقًا),26.388832,50.174809
mosque,Grand Village Mosque مسجد,26.401675,50.17393
mosque,جامع سكن الجامعة,26.406076,50.177908
mosque,Aldabal Mosque,26.377017,50.180226
mosque,Abdul Wahid Al-Sanea Mosque,26.387796,50.204045
mosque,Al Hassan Mosque,26.445713,50.102106
mosque,Musfer Masjid,26.388985,50.179776
mosque,Saad bin Ibrahim Alwohaibi Masjid,26.382713,50.178368
mosque,Safa Mosque,26.411863,50.17716
mosque,Alsaeed Mosque,26.406606,50.181102
mosque,Patience Mosque,26.414073,50.179605
mosque,Huzaifa ibn al-Yaman Mosque,26.363268,50.192179
mosque,Sulaiman Alsharikhy mosque,26.378298,50.186998
mosque,Masjid,26.374212,50.178464
park,Al Hussam Park,26.388742,50.168486
pharmacy,صيدلية الدواء,26.405567,50.185212
pharmacy,Nahdi pharmacy | صيدليه النهدى,26.383255,50.178488
pharmacy,صيدلية الدواء,26.369639,50.190624
pharmacy,Nahdi pharmacy | صيدليه النهدى,26.373164,50.148062
pharmacy,صيدلية الدواء,26.378361,50.148056
pharmacy,صيدلية زهرة الروضة 124 Zahrat Al Rawdah Pharmacy,26.381399,50.148348
pharmacy,Al-Dawaa,26.374809,50.178423
pharmacy,Salehiya Medical,26.400072,50.161826
pharmacy,صيدلية الدواء,26.359745,50.207053
pharmacy,صيدلية الدواء,26.361734,50.19646
pharmacy,صيدلية الفرسان الحديثة,26.371403,50.175013
pharmacy,Tego Pharma Pharmacy,26.345265,50.196079
pharmacy,صيدلية زهرة الروضة تيقو1,26.345262,50.19624
pharmacy,صيدلية الدواء,26.353819,50.209478
pharmacy,شرفات,26.35213,50.210819
pharmacy,Balsam Medical Pharmacy 10,26.371174,50.175293
pharmacy,Sanabel wearhouse,26.391142,50.162418
pharmacy,صيدلية الدواء,26.334033,50.188477
pharmacy,Nahdi pharmacy | صيدليه النهدى,26.337772,50.153171
pharmacy,اداره صيدليات رعايه الجزيرة,26.406555,50.170193
pharmacy,صيدلية الدواء,26.336287,50.196543
pharmacy,شركة الدواء للخدمات الطبية المحدودة,26.406562,50.148062
pharmacy,شركة عبدالرحمن القصيبي,26.394562,50.160438
pharmacy,مجموعة عبدالله راشد العنزي الطبية,26.392039,50.160847
pharmacy,Medical and Pharmaceutical services company office,26.407352,50.188297
pharmacy,كير لاند,26.362767,50.198678
pharmacy,صيدلية الخزامى للأدوية,26.402544,50.139171
pharmacy,EMEKSA Chemical Division Warehouse,26.416662,50.150536
bank,Riyad Bank ATM,26.378743,50.170515
bank,SAB الأول,26.410631,50.187531
bank,SNB,26.406087,50.185982
bank,SAB الأول,26.364264,50.20695
bank,SAB الأول,26.39795,50.139321
bank,Tayseer Finance - التيسير للتمويل,26.376362,50.170747
bank,SAB الأول,26.388384,50.164221
bank,Tayseer Finance - التيسير للتمويل,26.372186,50.175865
bank,Riyad Bank ATM,26.38886,50.1516
bank,anb ATM صراف البنك العربي الوطني - Dar Al Youm Press,26.379132,50.170065
bank,Enjaz Kiosk 24/7,26.418533,50.165288
bank,SAB الأول,26.35961,50.18926
bank,SAB الأول,26.358774,50.171996
bank,SAB الأول,26.371162,50.140037
bank,SNB AlAhli ATM,26.406245,50.186197
bank,تمويل الأولى,26.376362,50.170747
bank,NCB ATM,26.402747,50.138489
bank,SAB الأول,26.360219,50.190902
bank,SHL Finance company - شركة سهل للتمويل,26.366942,50.183044
bank,SNB Drive-through ATM,26.406195,50.186302
bank,Riyad Bank ATM,26.387072,50.152975
bank,ENJAZ BANKING SERVICE,26.414166,50.159302
bank,Alinma Bank | مصرف الإنماء,26.359423,50.190384
bank,SNB Lease Finance Centre,26.364846,50.185133
bank,البنك الاول,26.363471,50.198871
bank,NCB ATM,26.393841,50.191805
bank,Riyad Bank ATM,26.41019,50.15639
bank,Riyad Bank ATM,26.362571,50.196972
bank,BSF - Banque Saudi Fransi ATM - Rakah Branch - Khobar North - Cash withdrawal,26.365164,50.205907
bank,Riyad Bank ATM,26.362571,50.196972
bank,SNB AlAhli ATM,26.384027,50.188023
restaurant,مطعم حصن الشام لتقديم الوجبات,26.388248,50.14945
restaurant,مطعم دروازة البيت للأكلات الشعبية,26.414029,50.174528
restaurant,مطعم ومطبخ عزيمة,26.372795,50.178631
restaurant,Tim Hortons - Gama Hospital,26.370909,50.174799
restaurant,Boofia Almakhtas بوفيه يد المختص,26.415573,50.169513
restaurant,Kudu - Al Safa - Dammam,26.386091,50.178222
restaurant,Hardee's,26.382028,50.178269
restaurant,كرك وجباتي مار,26.408869,50.165568
restaurant,مطاعم هاشم,26.437336,50.092189
restaurant,ديب برجر deep burger,26.38077,50.183625
restaurant,لذة,26.380751,50.183624
restaurant,مطعم واحة كبسه البخاري,26.406384,50.186662
restaurant,مستهل,26.405449,50.186146
restaurant,Olabs Café & Roastery,26.384311,50.167441
restaurant,Mana,26.388974,50.17838
restaurant,Hashim Restaurants,26.288715,50.192658
restaurant,KFC,26.382183,50.178308
restaurant,SCORPION - مقهى العقرب,26.412444,50.172819
restaurant,Saihati restaurant,26.403223,50.159543
clinic,مركز عبور للرعاية النهارية فرع الدمام,26.406448,50.186737
clinic,عيادة العلاج الطبيعي,26.39039,50.182193
clinic,Luxury Women's Center,26.375574,50.186311
clinic,Carlton Nutrition Center,26.367263,50.185981
clinic,د. هبه عبد الفتاح طبيبة جلدية و تجميل,26.366182,50.183848
clinic,عيادة د. أنس صادق لتقويم الاسنان والفكين / انفزلاين مجمع ابن سينا الطبي Invisalign Diamond Certified Orthodontist,26.359649,50.188483
clinic,Skincare Clinic (Al Khobar),26.345399,50.1871
clinic,Sowt Specialist Medical Center,26.352811,50.210826
clinic,الشركة السعودية للكهرباء - مبنى القطاع الشرقي,26.389187,50.154438
park,Ithra Park,26.38978,50.172715
park,حديقة,26.392683,50.171912
restaurant,رشوف,26.478075,50.093492
restaurant,مطعم سجنتشر جريل | SIGNATURE GRILL,26.469709,50.092487
restaurant,مشويات قلعة بابل,26.459309,50.094631
restaurant,مطاعم باب بوخوخة حي الحمراء,26.459325,50.091468
restaurant,BBQ بوفيه الضيوف,26.470942,50.092541
restaurant,GenZ,26.469553,50.092611
restaurant,Mubarakiya Bangladeshi Restaurant বাংলাদেশী রেস্তোরাঁ,26.46608,50.092501
restaurant,Nakhat Alsharq,26.459452,50.093663
restaurant,jh,26.472873,50.095019
restaurant,Madwar Murabba Est,26.470412,50.092499
restaurant,Shezan Indian Restaurant,26.459256,50.093893
restaurant,RED SEA SEAFOOD RESTAURANT,26.436224,50.095452
restaurant,Bake N Brew,26.471303,50.091672
restaurant,مطعم فروج الحمراء,26.291276,50.201438
restaurant,Laila restaurant (Rahims),26.465939,50.0925
restaurant,مطعم نكهة لوّل للأكلات الشعبية,26.475286,50.091353
restaurant,Classic77,26.475393,50.085623
restaurant,برجر جينز BURGER GENZ,26.469953,50.092501
restaurant,McDonald's,26.459447,50.09199
restaurant,BC Lounge,26.472079,50.086447
restaurant,Herfy 352,26.473514,50.096477
restaurant,Lorenzo Pizza | لورينزو بيتزا,26.460394,50.09251
restaurant,Domino's Pizza دومينوز بيتزا,26.472114,50.08653
restaurant,Karak makani corniche,26.468153,50.096555
restaurant,بوفية قصة جائع,26.471995,50.093905
restaurant,مطابخ ومطاعم الشيوخ,26.469851,50.092497
restaurant,بوفية الضيوف,26.465351,50.092495
restaurant,Burger Al Mashwi برجر المشوی,26.466935,50.092498
restaurant,مطعم نوف للأكلات الشعبية,26.470152,50.092068
restaurant,معجنات الفران,26.463169,50.092403
restaurant,Mate cafe,26.45913,50.09064
restaurant,بوفيه مكس للوجبات السريعه,26.470264,50.092413
restaurant,مطعم شواية بابل البخاري,26.463832,50.092517
restaurant,مطعم رايق وركن العجان,26.466129,50.092501
restaurant,Golden damamm,26.47206,50.086338
restaurant,Chottogram Restaurant Bangladeshi Food চট্টগ্রাম রেস্তোরা,26.466066,50.092501
mall,Al Hamra Square,26.473253,50.096098
school,المتوسطة السابعة بالدمام,26.471085,50.09544
school,مدرسة الابتدائية التاسعة عشر بالدمام,26.469614,50.094944
school,المدرسة الإبتدائية التاسعة والأربعون بالدمام بنات,26.47142,50.089983
school,مدرسة بثينة لتحفيظ القرآن بالحمراء,26.462045,50.09461
school,الثانوية الثالثة والعشرون بالدمام,26.471991,50.090645
school,ابتدائية طويق بالدمام,26.460888,50.09009
school,اسوووو احبكككك💙💙💙,26.475,50.094376
school,المتوسطة السابعة للبنات بالدمام,26.47097,50.095228
school,مدرسة صفوان الفهري الابتدائية والمتوسطة للبنين,26.461053,50.09064
mosque,Mosque,26.46146,50.097103
park,park,26.473167,50.085314
pharmacy,Al-Dawaa Pharmacy,26.56785,50.011659
bank,Al Rajhi ATM,26.467419,50.092511
bank,Bank Al Jazira ATM,26.473683,50.09611
restaurant,مطعم طبليه فلاحي,26.458308,50.096065
restaurant,معجنات افران دمشق,26.461384,50.092437
restaurant,شاطئ حي الحمراء,26.479011,50.095758
restaurant,فوال عالم الطائف,26.463036,50.092404
restaurant,مطعم بريانا,26.459385,50.086544
restaurant,مقهى مورث | Morth Lounge,26.459302,50.088185
restaurant,مقهى ومطعم هوارد جونسون,26.468426,50.086178
restaurant,Al Hamra Resturant,25.288683,51.521702
restaurant,Al Hamra Grill Restaurant,21.403896,39.71602
restaurant,Al Hamraa Barbecue Restaurant,21.533405,39.198993
restaurant,Alhamra Albukhari | الحمراء البخاري,24.769214,46.757418
restaurant,Alhamra Albukhari | الحمراء البخاري,24.78075,46.636775
restaurant,مطعم الحمراء,32.487624,44.414696
restaurant,Al-Hamra'a,26.471399,50.092353
restaurant,Al-Hamra Bukhari Restaurant,21.426401,39.774446
restaurant,مطاعم مشويات الحمراء فرع الحمدانية,21.736489,39.193621
restaurant,بوفية نسيم الحمراء,26.930312,49.717312
restaurant,مطاعم مشويات الحمراء فرع الحرازات,21.466182,39.374883
restaurant,مطعم الحمراء للرز البخاري,21.527894,39.172628
restaurant,Red Ginger Restaurant,26.984199,49.646836
restaurant,مقهي شارع جيهان لتقديم المشروبات-Jihan Street Coffee Shop,26.473509,50.086388
restaurant,واحد قص عربي,26.459244,50.090015
restaurant,كلاسيك 77,26.47671,50.087495
clinic,Alhamra Pet Care Clinic,21.527351,39.170062
clinic,"مركز الرعاية الصحية الأولية المباركية ""جديد""",26.473712,50.093684
park,Alhamra Park,26.472965,50.093404
park,متنزه الحمراء,26.932012,49.725594
park,حديقة الحمراء,26.931965,49.726179
park,حديقة الحمراء,26.473076,50.093272
restaurant,مطاعم ومطابخ المذاق للمثلوثه,26.409065,50.155678
restaurant,TEN RESTAURANT,26.418724,50.161399
restaurant,Mehran Restaurant,26.415924,50.148072
restaurant,مطعم محمد سلمان الطلاسي,26.417983,50.161097
restaurant,مطعم يحيى الذهبي البخاري,26.418487,50.161302
restaurant,مطعم غوري البخاري باكستاني,26.41721,50.160707
restaurant,Modon Alam Pakistani Restaurant,26.415427,50.15034
restaurant,Miami restaurant and briyani house,26.415697,50.161974
restaurant,بوفية ومطعم الميناء للأكلات الشعبية,26.41258,50.157245
restaurant,Maimona Restaurant,26.417118,50.160564
restaurant,Restaurant spoon of Malabar,26.415651,50.162504
restaurant,Frizone,26.418967,50.161537
restaurant,مطعم ديس برديس,26.416316,50.160147
restaurant,Meena,26.418168,50.164602
restaurant,Summar Restaurant,26.415267,50.175598
restaurant,Al-Noorin Restaurant serving meals (Pakistani),26.417673,50.165792
restaurant,ALKARAK,26.415274,50.170162
restaurant,Saudi dinner,26.397182,50.147922
restaurant,Tea Break,26.415011,50.170061
restaurant,Mansehra Pakistani Resturant,26.417723,50.165385
restaurant,Green Bukhari,26.430561,50.133553
restaurant,Gm Brosted Aaraf Al forooj,26.417421,50.160742
restaurant,Punjab restaurant Pakistani,26.41661,50.173019
restaurant,بوفيه وجبة روشن,26.409043,50.155667
restaurant,فوال ومخبز جود النخيل,26.414658,50.170074
restaurant,Mina hotel,26.415693,50.161768
restaurant,The Fine Corner Restaurant,26.41853,50.161297
restaurant,مطعم تاج الامتياز,26.416783,50.173541
mall,Brand Souq,26.404978,50.164037
mall,شركه ميدان البركة للتجاره (فرع الدمام),26.406518,50.154254
mall,مستودع شركة نون,26.398773,50.157308
mall,Khalidiyah Mall,24.470125,54.351731
mall,مؤسسه ركن داما للتجارة الأدوات الصحية بالدمام,26.417727,50.148315
mall,مركز الدوسري للتسويق,26.418412,50.161236
mall,تلاجة الأخوين دمام,26.402607,50.162815
mall,مستودع سوق كوم,26.403979,50.159799
school,Shree Hattilung secondary school Gothadi 5 Palpa,26.413431,50.159977
school,معهد مدار الخليج للتدريب الخالدية,26.414852,50.161116
clinic,AlMana Hospitals Central Store Complex,26.41418,50.16711
mosque,Mosque,26.410029,50.155597
mosque,Masjid Nesto المسجد النستو,26.414258,50.160495
mosque,جامع السبيعي,26.40013,50.146941
mosque,Khalidya Masjid,26.415794,50.149306
mosque,Mosque,26.405697,50.14538
mosque,Masjid Al Shaikh Zawi Bin Saad,26.41678,50.16496
mosque,Al-Salheen Mosque,26.418639,50.163477
mosque,‏جامع فاطمة بنت الخطاب,26.416676,50.163061
mosque,Ayed Hussain Al-Qahtani Mosque,26.40614,50.167338
park,Park,26.408141,50.1832
pharmacy,QATRAT ELAJ MEDICAL PHARMACY NO.2,26.401761,50.152906
pharmacy,Value Pharmacy - Port صيدلية فاليو - الميناء,26.418132,50.161098
pharmacy,AL Faraby Drugstore الفارابي - مستودع الأدوية المركزي,26.401091,50.146376
bank,Quick Pay,26.414516,50.159666
bank,بنك البلاد,26.41479,50.160127
bank,تحويل الراجحي - بوابة الميناء,26.414451,50.159585
bank,Al Khalidiyyah Al Janubiyyah,26.40327,50.163573
bank,Quickpay - SNB ALAhli,26.414562,50.159687
bank,Albilad ATM | صراف البلاد,26.4143,50.159509
bank,حي الخالديه الجنوبيه,26.415363,50.160261
bank,SNB AlAhli ATM,26.414562,50.159687
bank,ATM Riyad Bank,26.410212,50.156064
bank,مركز انجاز لتحويل الأموال,26.414313,50.159563
bank,Riyad Bank ATM,26.43713,50.12914
bank,Riyad Bank ATM,26.437302,50.128887
bank,SAB الأول,26.438114,50.128247
bank,Aramex,26.402096,50.153569
bank,Riyad Bank ATM,26.437432,50.128867
bank,SNB AlAhli ATM,26.436041,50.12592
bank,SNB AlAhli ATM,26.40276,50.138505
restaurant,Herfy,26.415103,50.170287
mosque,مصلى,26.416952,50.143635
mosque,مسجد جمعية ترابط,26.405459,50.153677
mosque,مسجد,26.429279,50.135247
mosque,مسجد عبدالله بن أبي قحافة رضي الله عنه,26.411597,50.181003
mosque,مسجد,26.411465,50.13882
mosque,Abdullah Bin Hindi Alkhaldi Mosque,26.324791,50.188845
mosque,Alkhaliwi Mosque,26.369235,50.190764
mosque,مسجد (مصلى شركة دانون الصافي),26.36532,50.175282
mosque,جامع,26.377182,50.137104
mosque,Abdullatif Al Jalal Mosque,26.410374,50.188049
mosque,Musjid Fatima Hamad,26.367293,50.197181
mosque,مسجد الكلية,26.386,50.117902
mosque,مسجد الورشة القديمة بمؤسسة الخطوط الحديدية,26.427511,50.127202
mosque,مسجد الخالدية,24.750879,46.568955
mosque,Jumaa Masjid,26.375431,50.145725
mosque,Noura alsulaim Mosque,26.37803,50.131817
mosque,Hosn Aljiwar Mosque,26.381886,50.139417
mosque,مسجد الجامعة,26.390577,50.184242
mosque,Zamil Industries Mosque,26.396837,50.143298
mosque,مسجد رجال,26.388327,50.149448
mosque,Othman Bin Affan Grand Mosque,26.379931,50.14425
park,حديقة الخالدية الجنوبية,26.408977,50.168458
restaurant,Wahed Karak واحد كرك,26.430653,50.133371
restaurant,Al khaledia,26.429129,50.1358
restaurant,GOLDEN JUICE,26.428748,50.1364
restaurant,اوليك oulic,26.429503,50.135471
restaurant,بوفية وضحى,26.429189,50.135706
restaurant,The Square Restaurant,26.407518,50.138688
restaurant,مطعم الربان الشرقي| Alrabban Restaurant,26.413265,50.141972
restaurant,زهور الفاو,26.414028,50.135338
restaurant,Shojib,26.418548,50.142139
restaurant,RESTAURANT,26.40987,50.156108
restaurant,Gulf frost Trading Co شركة صقيع الخليج التجارية,26.412962,50.141875
restaurant,Zahid Tractor Staff Cafeteria,26.407547,50.155873
restaurant,قهوة عُمق 2.4 - UMQ Coffee 2.4,26.428443,50.136878
restaurant,Dunkin' - دانكن,26.430426,50.134054
restaurant,Fawal Nour al sabah فوال نور الصباح مخپز نور الصباح,26.430622,50.133446
restaurant,Come to Momma,26.371245,50.139579
mall,معسل الفخامة,26.430228,50.13404
mall,Ware House Safety Point,26.415212,50.150757
school,K12 American Academy,26.408261,50.13698
clinic,Promedic - Branch Office,26.413357,50.165239
clinic,عيادة سكة الحديد,26.431156,50.124937
clinic,عيادة د حاتم الرحيلي,26.4128,50.115895
park,Skate Park,26.393307,50.126447
park,حديقة الراكة,26.367188,50.20304
park,Regus Novotel Business Park,26.407668,50.138462
park,Trampoline park,26.395681,50.126215
park,Saudi FAL Co. LTD Controls Division,26.408313,50.138312
park,Al Khaldiyah Park,24.615628,46.764374
park,Relaxing massage at the Novotel Business Hotel,26.407736,50.138168
park,محطة البناء,26.405622,50.139477
park,Al Khalidiyah Ash Shamaliyah,26.410413,50.145698
park,CASTROL-ALC KHOBAR WAREHOUSE,26.407915,50.148153
park,Shahen Express,26.407564,50.137839
park,SMSA Service Center,26.414238,50.136483
park,BUSINESS QUARTER,26.412433,50.169441
park,Group Al Saif Transport,26.41352,50.135872
park,Starbucks,26.4069,50.138279
park,الجميح للسيارات - شفروليه وجي أم سي مركز الصيانة,26.408484,50.136074
park,جوهرة الأرجان,26.42604,50.133312
park,تمكين لرعاية أيتام المنطقةالشرقية,26.408027,50.138147
park,البترول الذهبي,26.429656,50.13494
pharmacy,صيدلية الدواء,26.373313,50.101312
bank,Tayseer Finance - التيسير للتمويل,26.408036,50.136759
bank,المؤسسة العامة للخطوط الحديدية سار SAR الدمام,26.410432,50.126484
bank,SNB AlAhli ATM,26.446188,50.096438
bank,Gulf incon international ksa,26.404321,50.14837
restaurant,مطعم كرم السلطان,26.458672,50.087196
restaurant,فوال هدي الطائف الخالديه,25.340721,49.579982
restaurant,Al Munajem Foods Dammam,26.417797,50.159629
restaurant,Zino Car Care,26.409385,50.138052
mall,مول الخالدية حي المجد,30.276382,31.520562
mall,iskov dareen mall,26.462351,50.064963
mall,Joker for Maslat,26.43014,50.134179
mall,Next,26.400458,50.117241
school,ابتدائية الخالدية,26.271877,50.186342
park,Al Arjan Park,26.427429,50.131325
park,Al Nasriyah Park,26.420593,50.123458
park,حديقة الخالدية الجنوبية 2,26.415559,50.160037
park,GARDEN WORLD TRADING COMPANY شركة عالم الحديقة التجارية,26.407466,50.17113
park,Al Khalidiyyah Park,24.454967,39.661672
park,مستودع فنون العشب,26.414141,50.15179
park,منتزه أرامكو البيئي 4,26.427404,50.131255
park,أسامه شعيوط ومسفر سعيو,26.4148,50.159608
park,حديقة الناصرية 2,26.423347,50.124948
park,Al Khaleej Garden Park,26.472118,50.026556
park,Al Taqa Park,26.392376,50.169795
restaurant,شركة مطاعم الدانه للحفلات والولائم,26.383185,50.033145
restaurant,بوفية مرسل لتقديم الوجبات,26.21655,49.926661
restaurant,Saad restaurant. Tashliya Dammam,26.212325,49.931304
restaurant,Mohammadia Restaurant,26.427877,50.1066
restaurant,Tashliya Dammam,26.216834,49.926007
restaurant,مطعم مستر معصوب,26.433735,50.045845
restaurant,Light and Grilled,26.363572,50.07373
restaurant,Memories Family Restaurant,26.434049,50.08382
restaurant,معصوبي,26.401823,50.073885
restaurant,Industrial Support Services Company,26.428369,50.056242
restaurant,Tasting Specialists Sandwich Shop,26.384182,50.058154
restaurant,مطعم ومندي مناسبات,26.463632,50.048935
restaurant,Zad Restaurant,26.362067,50.19606
restaurant,مطعم سندس الطعم,26.411441,50.015499
restaurant,كافتريا البسمة الساحرة للوجبات السريعه,26.349885,50.040963
restaurant,مطعم المطار Airport Restaurant,26.468294,49.796306
restaurant,مطعم ومطبخ صدف للولائم & Sadaf restaurant,26.432271,50.044121
restaurant,Support Services Company Ltd. (Hamard),24.829812,46.649938
restaurant,Welcome Restaurant,26.414104,50.021756
restaurant,بوفية المختص,26.375178,50.118659
restaurant,Holidays Restaurant,26.442265,50.097672
mall,VFS Global Joint Visa Application Centre in Dammam,26.427366,50.096848
mall,شركه _ المصطفى لصيانه الخزانات,26.426445,50.092042
mall,Oasis Centers,26.428754,50.095484
mall,خيال الدمام للديكور,26.425311,50.0714
mall,عطارة شمس الإمارات,26.437492,50.094459
mall,للدعاية والإعلان,26.432971,50.087911
mall,دايركت - فرع الدمام,26.425481,50.097449
mall,منتجات ركن القزاز,26.435192,50.093245
mall,مركز الذهبي للاطارات والجنوط فرع مجموعه سلمان االخالدي التجاريه,26.424592,50.086836
mall,سوق الخضروات والفواكه الطازجة,26.43507,50.094397
mall,تراكيب للتجارة,26.434746,50.094511
mall,الحنتول للمنتجات الجنوبيه,26.42907,50.087683
mall,معرض كونتيننتال فورملا تاير,26.421668,50.088742
mall,عطار وبن واكثر,26.430391,50.08961
mall,Bader Accessories trips,26.444408,50.0636
mall,TopTen,26.417356,50.081264
mall,للسباكة والكهرباء,26.423637,50.079763
mall,خيام الواحة alwaha tents,26.425023,50.071644
mall,Mobile Accessories Dammam i connect-LULU MALL GATE-4,26.427223,50.097465
school,Shoring Education Services Affairs,26.451238,50.097457
school,مركز خدمات التربية الخاصة بنات(مركز التشخيص والتدخل المبكر),26.439493,50.08525
school,Ayyn Jaalout Middle School,26.418377,50.070652
school,7th High School,26.421542,50.076624
school,تحفيظ قران حفظ قران,26.438769,50.088295
school,متوسطة سعيد بن زيد,26.425473,50.078705
school,Safe school may Allah be pleased for the memorization of the Holy Quran,26.437528,50.085509
school,مركز احلي سنين لضيافه الاطفال الاهليه,26.422704,50.080985
mosque,جامع ميناء الدمام,26.481343,50.184401
mosque,جمعية يعمر للعناية بالمساجد,26.396009,50.077593
mosque,إدارة المساجد والدعوة والإرشاد بالدمام,26.360147,50.030012
mosque,Modon Masjid,26.246728,49.981091
mosque,Zamil Shipyard Masjid,26.487204,50.216
park,S/M Power Tech,26.428308,50.089644
park,Medical Equipment Supplier,26.430533,50.085725
pharmacy,شركة الدواء مستودع الخدمات المساندة,26.408993,50.140509
pharmacy,Medical care trading Est,26.43179,50.085647
bank,MoneyGram,26.418894,50.087739
bank,Enjaz,26.420316,50.073953
bank,Al Qazaz,26.432179,50.087301
bank,SNB AlAhli ATM,26.432745,50.097466
restaurant,مطعم مذاق البيرق,26.430789,50.07919
restaurant,بوفية نجوم النخيل,26.434392,50.0862
restaurant,مطاعم بروستد لحظه لتقديم الوجبات,26.43262,50.081362
restaurant,مطبخ ابتسامات النسائي بالدمام,26.434535,50.080549
restaurant,Al Jazeera Kitchen Facilities,26.434034,50.08086
restaurant,Krisby Broasted بروستد المقرمش,26.431576,50.080702
restaurant,مطعم جريف الشرقية,26.434706,50.100308
restaurant,Sadaf Restaurant,26.443661,50.097222
restaurant,McDonald's,26.434591,50.085498
restaurant,كبه ام ساره,26.42798,50.080904
restaurant,مشويات لؤلؤة الرافدين,26.431631,50.080869
restaurant,ورق عنب سايت,26.430456,50.078507
restaurant,الفطيرة,26.434617,50.085762
restaurant,الشرقاوي جريل,26.430817,50.079231
restaurant,Sunrise Pastries,26.424678,50.08347
restaurant,Shawarmer | شاورمر,26.43404,50.084424
restaurant,Tea palace قصر الشاي,26.430746,50.07908
restaurant,Ahmed Fresh Broasted,26.434561,50.085647
mall,الموسم مول,26.420683,50.088794
mall,شركة مصادر الشرق العالمية لتجهيز المطاعم والفنادق,26.442618,50.087739
mall,مكتب الأحوال المدنية بالشاطئ مول,26.455244,50.121229
mall,مركز اسواق النخيل,26.437956,50.092503
mall,درعه DERAAH,26.436222,50.084418
mall,Nazih Cosmetics (Al Moajil Plaza Mall),26.440027,50.102188
mall,مركز الفريق للتجهيزات العسكرية,26.431889,50.096367
school,القزاز,26.434711,50.092106
school,3rd High School,26.435706,50.091128
school,مدرسة الياس,26.434016,50.078683
school,Khaleej Night Intermediate School,26.433437,50.089228
school,18th Elementary School,26.439132,50.085443
clinic,المختبر الاقليمي وبنك الدم المركزي بالدمام,26.430397,50.082773
mosque,مسجد المجمع الطبي بالدمام,26.431106,50.084987
mosque,Social Observation House in Dammam,26.418548,50.094849
mosque,مصلى غرناطة مسجد الامام مالك بن أنس,26.426313,50.078348
mosque,مسجد مديرية الشؤون الصحية,26.429803,50.085011
mosque,Nasser Mosque,26.429085,50.075771
mosque,Abi Al Aas bin Al Rabea Mosque,26.42689,50.084072
mosque,مسجد حمد القلاف,26.427192,50.080983
mosque,Al Sahabah Mosque,26.422938,50.083172
mosque,مسجد موسى بن نصير,26.428685,50.079
mosque,مسجد سعيد بن زيد,26.422742,50.079016
mosque,مسجد الدمام,26.439256,50.092191
mosque,مسجد شارع طرفة بن العبد,26.427764,50.07583
mosque,Al Qaz,26.433675,50.087701
mosque,مسجد المثنى بن حارثة,26.430114,50.091121
mosque,مسجد جعفر الطيار,26.433747,50.086397
mosque,مسجد عبدالله بن عوضه,26.434718,50.084155
mosque,مصلى العيد بالدمام,26.420031,50.080723
mosque,مسجد فجر الإسلام,26.422815,50.086598
mosque,مسجد منسوبي وزارة الصحة,26.351743,50.01853
mosque,Abu Musa Ashari Mosque,26.424701,50.081019
mosque,Al-Babtain Mosque,26.42717,50.07435
mosque,جامع عكاشة بن محصن,26.433841,50.093078
park,Martyrs' Square Garden,26.366154,50.065182
park,حديقة التضامن,26.362971,50.068544
park,Palm Square Garden,26.360341,50.036008
park,ساحة البساتين,26.371169,50.061203
park,حديقة الصفا,26.361793,50.037865
park,حديقة السحاب,26.352806,50.066646
park,حديقة القيروان,26.406389,50.023597
park,حديقة الورود,26.358672,50.060328
park,مؤسسة الحديقة والمزرعة الدمام,26.436693,50.065523
park,Al-Rawabi Park,26.404584,50.035691
park,حديقة الثغر,26.368882,50.076275
park,Garden Zahra,26.370656,50.070832
park,حديقة,26.404238,50.019006
restaurant,Bangladesh Restaurant,26.446748,50.053728
restaurant,Shahi Zaika Restaurant,26.450543,50.053485
restaurant,restaurants,26.457189,50.04122
restaurant,Pakistani Restaurant Muzmar,26.456129,50.046053
restaurant,مطعم شريفه البخاري,26.447038,50.044317
restaurant,Restaurant,26.442372,50.054809
restaurant,"Shalimar Restaurant Khudriya ,Saihat road",26.458409,50.051066
restaurant,بروستد الخاجة,26.452477,50.047189
restaurant,Runway Restaurant,26.444768,50.049831
restaurant,Mehran Restaurant,26.456284,50.04748
restaurant,ابداع وفن,26.444327,50.051296
restaurant,KOLLAM TASTY RESTAURANT,26.455961,50.044318
restaurant,مطعم شموخ القوافل,26.45934,50.049947
restaurant,Warq Enab House,26.460413,50.050171
restaurant,Ain Rafa Pakistani Restaurant,26.444448,50.052691
restaurant,Nowshera Virkan Restaurant,26.441062,50.05633
restaurant,Faisal Restaurant مطعم فيصل البوعينين,26.444628,50.053202
restaurant,Madeena Restaurant Kerala,26.450721,50.051154
restaurant,مطعم عثمان,26.455953,50.044241
restaurant,بوفية الرزق للأكلات الشعبية 2 فرع الخضريه,26.448175,50.043002
restaurant,Mahor dhahabi,26.449719,50.042736
restaurant,مطعم تاج صيرة للزربيان العدني وسمك الحضرمي,26.448564,50.042678
restaurant,গ্রাম বাংলা রেস্টুরেন্ট,26.451291,50.048789
restaurant,مطعم بيان ابراهيم المسبح الخضرية,26.456212,50.046659
restaurant,Cup of Karak - Dammam | كلاص كرك - الدمام,26.462141,50.049536
restaurant,Nusrat Restaurant,26.446359,50.04983
restaurant,Acetaria أشتاريا,26.46857,50.045031
restaurant,চাঁদ পুর নিউ স্টার রেস্টুরেন্ট,26.456818,50.049374
restaurant,معجنات,26.450653,50.052026
restaurant,Gorowa Hotel ( ঘরোয়া হোটেল ),26.455947,50.044182
restaurant,مطعم قلعه رداع,26.446953,50.04618
restaurant,Banana Leaf Biryani Restaurant,26.433921,50.047076
restaurant,Barakat Restaurant,26.447889,50.047379
restaurant,سبايسي ميل spicy meal,26.46325,50.062661
restaurant,بوفيه ألوان السعادة للأكلات الشعبية,26.451632,50.051701
mall,Al Andalus Trading Co - شركة الأندلس للتجارة,26.453459,50.044275
mall,شركة ملتقى الأعمال فرع الخضرية,26.456036,50.045096
mall,kollam bakkala,26.456158,50.044679
mall,اصباغ ديلكس,26.456332,50.04794
mall,مصنع الواح الخليج تكنو بوند فرع الدمام,26.451053,50.0423
mall,AL very knights,26.443281,50.050504
mall,saudi glass factory,26.445991,50.052398
mall,شركة الضحيان المنيوم,26.453232,50.044614
mall,ورشة اختيارك الأول للحدادة والالمنيوم Ektyaraek Al-Awal Workshop,26.453214,50.042846
mall,العطيف لقطع الغيار GMC,26.442771,50.050727
mall,Shutter Gate Co شركة بوابة الشتر للتجارة,26.452272,50.044975
mall,مجموعة,26.445218,50.049028
mall,شركة vstar لقطع غيار نيسان,26.440415,50.056696
mall,Yahia Car Services Center,26.45257,50.052724
mall,Al Munawa food Trading Est. الغذاء المنوع,26.448929,50.055
mall,Al Andalus Trading Co - شركة الأندلس للتجارة,26.409516,50.144368
mall,ورشة العامري,26.457633,50.043935
mall,Parts World EST.,26.441033,50.06267
mall,Farécla,26.446467,50.044415
school,مصنع العربية الرائدة للصناعة,26.456435,50.04139
school,مدرسة الوليد بن القاسم.,26.434013,50.043767
school,طريق الجبيل الثاني,26.43923,50.04972
school,المدرسة المتوسطة الأربعون للبنات بالدمام,26.460475,50.053192
school,الابتدائية الثامنة والخمسون للبنات,26.46091,50.053111
school,E METAL ALUMINIYAM AND WOOD,26.453078,50.045975
school,ابتدائية مجمع سليمان بن عبد الملك التعليمي,26.457748,50.059039
school,Workshop Jasim For Steel Aluminum &Wood,26.451842,50.049894
school,mohin uddin,26.456482,50.047426
school,Diamond Tolse contracting,26.453798,50.042603
school,مدرسة أسيا بنت مزاحم الابتدائية,26.437134,50.040657
clinic,شركة التحاليل الشاملة للخدمات الطبية,26.456467,50.040797
mosque,مسجد الخضرية,26.441308,50.054017
mosque,مسجد الخضرية,26.447098,50.053845
mosque,مسجد عمر بن الخطاب في الخضريه,26.445554,50.05379
mosque,جامع الخضرية المقفل,26.447141,50.054401
mosque,Sheikh Mohammed bin Hussein Mosque,26.450093,50.042412
mosque,مسجد مستشفى الأمل,26.461104,50.049103
mosque,مسجد مصلى الراية,26.444724,50.054571
mosque,Mosquée des riverains,26.441997,50.055335
mosque,مسجد الخضرية الدمام Masjid - Alkhodariya Dammam,26.443601,50.05244
mosque,جامع الحيمود,26.457074,50.047347
mosque,Sheikh Jassim Bouhmdoh Mosque,26.435242,50.043856
mosque,مسجد اللخضريه,26.445638,50.051611
mosque,مسجد و دورات مياه متواضعة جوار مركز الطيار,26.442666,50.049098
mosque,Sheikh Abdul Rahman Obeid Mosque,26.43681,50.031492
mosque,مسجد,26.443254,50.053365
mosque,مسجد ابوبكرالصديق,26.447075,50.049171
mosque,مسجد مصلى بجوار ورشه الدوليه,26.442431,50.051261
mosque,مسجد صناعية البسام,26.444395,50.048211
mosque,مسجد,26.447873,50.04414
mosque,"جامع فهد الكحيلي ""رحمه الله""",26.460383,50.025983
mosque,Masjid,26.446539,50.048718
mosque,Saeed Al-Qahtani Mosque,26.432799,50.040809
mosque,جامع السلسبيل بالضباب,26.431441,50.045216
mosque,مسجد سلمة بن الاكوع,26.435959,50.060605
mosque,مصلا,26.443803,50.046752
mosque,جامع الشيخ فهد بن خالد السويلم,26.441213,50.039481
park,Abdullah M. Annafid for Technical Turnery,26.445063,50.050796
park,Tricraft Arabia (Expert Creativity) Industrial Workshop,26.448148,50.043161
park,الشعلة لقطع غيار السيارات الأمريكية و الكورية,26.444728,50.049585
park,مؤسسة نبضات المحرك للتجاره,26.446113,50.045172
park,Barwa Trading - Filters بروة للفلاتر,26.448533,50.040892
park,مظلات وسواتر ورشة الراقي للحداده,26.445299,50.046955
park,ورشة دقة الخلف لصيانة السيارات,26.446009,50.047072
park,Dammam Laser CNC Machine دمام ليزر سي ان سي مشين,26.456735,50.043886
park,KOMBAN (Fabrication & Manpower Services),26.452005,50.043461
park,World Wood Company For Trading & Contracting,26.451489,50.053122
park,Car parking shades Dammam,26.434799,50.045974
park,مصنع شركة مدار الخليج للالمنيوم والحدادة والنجارة,26.451105,50.050915
park,مصنع أكياس البلاستيك الحديث,26.453848,50.048501
park,"Stainless Steel ,Iron Steel & Aluminum Fabricator Workshop",26.445182,50.045374
park,غرف وملاحق ساندويش بانل معلم في الدمام و مظلات سواتر,26.44789,50.047377
park,ورشه الشعاع الذهبي لليزر وقص المعادن ليزر,26.449777,50.049777
park,للحدادة,26.445701,50.04731
park,Car parking,26.456474,50.048208
park,TopArt - Solid Surface,26.449938,50.04642
park,ورشه الراءر السيارات (ميذان سمير),26.444062,50.05042
park,ورشة تباريح البدر للحدادة والألمنيوم,26.448681,50.046185
park,مؤسسة علي عبدالله الضحيان لمستلزمات الالمنيوم-عدد و ادوات,26.449444,50.046229
park,Hussain Al Khair Trading Co. FMCG SUPPLIER IN DAMMAM,26.444133,50.043581
park,ورشة علي بن عبدالحميد للقماشات والهوبات,26.448038,50.05201
park,دوار مجموعة الحقيل الطبية,26.484898,50.052859
park,الجراج الفني تامر ابو هاجر,26.447952,50.047407
park,نجار بالدمام,26.44829,50.042111
park,بنشر هات سيارتك,26.447952,50.046684
park,ورشة المزلاج,26.445508,50.045043
park,شركة الخاجة العالمية للمقاولات,26.452532,50.047197
pharmacy,جلوب ميد لمستلزمات الصيدليات والعناية بالجسم,26.453451,50.061472
pharmacy,Abeer Pharmacy,26.443986,50.094174
bank,Al Rajhi ATM,26.45854,50.031825
bank,ALTECH ALHADITHA مصنع التك الحديثة للصناعه,26.454174,50.045167
bank,Riyad ATM,26.4414,50.065843
bank,Al Rajhi ATM,26.447355,50.063895
restaurant,মায়ের দোয়া হোটেল,26.456069,50.045345
restaurant,Rawana Restaurant,26.457668,50.047396
restaurant,القرية الشعبية بالدمام,26.491383,50.120952
restaurant,Gjar ورق عنب جي جار,26.435917,50.047056
restaurant,مطاعم الدمام البخاري الممتاز,26.44015,50.124979
restaurant,مطعم شعبيات القوافل shaebiaat alqawafil restaurant,26.350982,50.093665
restaurant,حاشي باشا| فرع الفيحاء,26.433529,50.044556
restaurant,مطعم المزاج الشعبي,26.450535,50.053379
restaurant,مطعم ريدان الخضرية,26.455646,50.042479
restaurant,Qasr Al Ratem,26.365025,50.073625
restaurant,مطعم ومطبخ مندي الشجرة,26.439468,50.098782
restaurant,Abu Hilal Restaurants,26.358603,50.063428
restaurant,مطعم حصن مأرب,26.440664,50.056338
restaurant,بلو سكاي كافيه Blue sky coffe,26.440501,50.049731
restaurant,بوفية رحاب مآرب,26.443173,50.046995
restaurant,Borta hotel,26.456493,50.047497
restaurant,مطعم فريج الطيبين ( فرع الشاطئ ),26.473484,50.118194
restaurant,بوفية بسمة الكون لتقديم الوجبات,26.444472,50.054341
restaurant,مطعم اكبس بالخمس للأكلات البحريه,26.398731,50.087335
restaurant,Fawal Raseel Al Taif,26.458614,50.051027
restaurant,مطعم سعد الباكستاني,26.455685,50.042553
restaurant,بوفية رفعة Bofia,26.45129,50.048784
mall,Max,26.448261,50.06283
mall,توب مول,26.449785,50.061804
mall,تخفيضات صح,26.451819,50.062166
school,مؤسسة اطلالة مشرقة للديكور,26.453673,50.041923
school,المدرسه الثالثه والعشرون بالدمام,26.465875,50.056076
school,المدرسة الابتدائية الثانية والخمسون للبنات,26.466053,50.055715
school,Miqdad ibn Amr Elementary School,26.449681,50.072539
school,Al Khodaryah,26.447952,50.047407
school,مدارس المشكاة الأهلية للبنات,26.389699,50.064698
school,ثانوية عكاظ للبنين,26.423658,50.06592
clinic,Al Razi Medical,26.456388,50.043714
mosque,مصلى,26.456308,50.042351
park,حديقة النور,26.437267,50.031262
park,حديقة الرخاء,26.434324,50.039577
park,حديقة الجير الامريكي,26.440826,50.050584
park,حديقة الفتح,26.423363,50.043945
park,هيا الدوسري,26.448687,50.038202
park,Alfaiha park,26.434945,50.043532
restaurant,شواية الخليج,26.45149,50.096369
restaurant,مطعم طاحونة الخليج,26.445693,50.096443
restaurant,Ibhdaat Al Khaleej,26.455988,50.088948
restaurant,مطعم طريق الخليج,26.431348,50.043083
restaurant,Khyber Zaiqa Restaurant(KZR),26.445206,50.091239
restaurant,SHER KHAN RESTAURANT مطعم شير خان SKR RESTAURANT,26.446634,50.091808
restaurant,اللہ مالک ریسٹورنٹ Allah malik restaurant,26.445566,50.094152
restaurant,Dammam Alkhalij Gujranwala Restaurant,26.44735,50.09181
restaurant,مطعم وليمة الخليج للأكلات الشعبية,26.41177,50.055592
restaurant,مطعم الدرة الجميله,26.445058,50.092113
restaurant,معطم سفير الحجاز للأكلات الشعبية,26.446101,50.092072
restaurant,مطعم بطه للاكلات المصريه,26.444583,50.093318
restaurant,Shawyat Al Khalij,26.366813,50.068437
restaurant,رحاب الخليج,26.433057,50.101331
restaurant,مأكولات الخليج,26.431752,50.020611
restaurant,Mashoor Alkhaleej,26.442134,50.076461
restaurant,مطاعم صيد السناري للمأكولات البحرية,26.447188,50.091557
restaurant,Punjab Dera,26.446139,50.094379
restaurant,Peshawari Kabab,26.447012,50.088635
restaurant,Anas Restaurant মেজবান,26.445375,50.0902
restaurant,Taj Mahal Indian Restaurant,26.443463,50.093012
restaurant,AlBaik,26.456945,50.108667
restaurant,"GPRJ+XCW King Fahd International Airport, Dammam",26.447912,50.089533
restaurant,Pakistani restaurant,26.445277,50.091987
restaurant,shabab Al Bukhari Restaurant,26.445156,50.093256
restaurant,مطعم ايدام وبهار,26.445686,50.094151
restaurant,مطعم سفرة وطبلية,26.446322,50.09181
restaurant,Gulf view Dammam,26.457617,50.096334
restaurant,مطعم شباب خليجي البخاري,26.445183,50.093256
restaurant,مطعم بنجاب,26.446415,50.094364
restaurant,مقهى وبوفيه نبع سندوتش ومشروب,26.444077,50.091814
restaurant,مطعم جحا المصري,26.444639,50.094358
restaurant,مطعم الركن المصري للفول والفلافل,26.444956,50.093758
restaurant,مطاعم بحريات خليجي للأسماك الطازجة,26.382095,50.055094
restaurant,Shabab khaleeji No1 Restaurant مطعم شباب خلیجی,26.445183,50.093256
mall,ice cube,26.454618,50.105952
mall,ملحمة اقمار الخليج,26.445277,50.091987
mall,"suhana shopping center, aadhil al mulla",26.445368,50.093949
mall,adnan department store,26.443187,50.095961
mall,الخليج سكوير,26.467954,50.058862
mall,Minniee,26.470809,50.059204
school,مجمع مدارس الخليج النموذجية,26.386227,50.033023
school,ابتدائية القدس,26.445909,50.086836
school,متوسطة عثمان بن العاص,26.446765,50.086811
school,معهد مدار الخليج العالي للتدريب,26.45027,50.088457
school,الابتدائية الحادية والعشرون بالدمام,26.448483,50.094571
school,School Saudi,26.445905,50.086947
clinic,مجمع العبير الطبي,26.444104,50.094172
clinic,Gulfgate dammam,26.442483,50.100381
mosque,AlKhaleej Club Mosque,26.474624,50.03161
mosque,جامع الخير damam masjid,26.44784,50.094133
mosque,Mansoor sheikh,26.444307,50.087964
mosque,Modhi Abdullah Alkharb Mosque,26.445166,50.096333
mosque,Halimah Al Sa'diyah Mosque,26.45808,50.114999
mosque,Gulf Mosque,26.280246,50.218385
mosque,Malik Bin alrib Mosque مسجد مالك بن الريب,26.445712,50.088681
mosque,مسجد صناعية الخليج بالثقبة,26.258653,50.191964
mosque,مسجد خليج الدانه,26.079504,50.011401
mosque,AlKhaleej 2,26.466477,50.046988
mosque,Gccia Mosque,26.401495,50.126035
mosque,Masjid مسجد,26.459989,50.095108
mosque,Musab bin Omair Masjid,26.445047,50.094127
mosque,Wahido,26.448079,50.088356
pharmacy,صيدلية دواء العرب بحي الخليج,26.44701,50.091824
pharmacy,AHMED PHARMACY FOR MEDICINE,26.445168,50.089534
pharmacy,blue coast medical pharmacy,26.445173,50.092228
pharmacy,Madeena Al-Shifa Medical Co Dammam,26.443162,50.097141
bank,BSF - Banque Saudi Fransi ATM - Alamwaj Gas Station - Cash withdrawal,26.449629,50.088288
bank,Riyad Bank ATM,26.44312,50.08862
bank,SAB الأول,26.44354,50.092372
bank,达曼Sabb,26.438925,50.099976
bank,asdfghjhgf,26.455221,50.091034
bank,anb ATM صراف البنك العربي الوطني,26.443346,50.096581
bank,SNB AlAhli ATM,26.447563,50.080813
bank,Albilad ATM | صراف البلاد,26.44268,50.099516
bank,Riyad Bank ATM,26.44051,50.09773
bank,Riyad Bank ATM,26.445091,50.102079
bank,Riyad Bank ATM,26.44592,50.10136
bank,صراف بنك الجزيره - سحب وايداع,26.443062,50.099562
restaurant,Gulf Restaurant,26.486114,50.039345
restaurant,مطعم قصر الخليج,26.485021,50.033173
restaurant,مطاعم شواية سماء الخليج,26.353394,50.097333
restaurant,مطعم عروس الخليج للمأكولات البحرية,26.43438,50.094306
restaurant,مطعم ومضغوط الخليج,26.414182,50.022096
restaurant,بوفية الخليج,26.421549,50.069433
restaurant,مطعم درة الخليج العربي للماكولات البحرية,26.436725,50.101025
restaurant,الخليج برجر,26.473268,50.040139
restaurant,gulfFood,26.491104,50.030791
clinic,مركز كن قوي للعلاج الطبيعي,26.446685,50.080821
clinic,مركز كوكب الخليج للسمعيات,26.432313,50.085592
clinic,فرقة الأفراح للفنون الشعبية بالدمام,26.44682,50.091365
clinic,Gulf Medical complex,27.512441,41.683088
clinic,مجمع الخليج الطبي - الاحساء,25.363592,49.542164
clinic,Gulf Medical Complex,24.770837,46.812387
clinic,Gulf Asian Medical Center,27.006524,49.661887
clinic,Gulf Gate Hair Fixing,26.443234,50.104111
clinic,Gulfmaid Plastic Co,26.442116,50.112169
restaurant,مطاعم الدانه حفلات ومناسبات,26.425735,50.070557
restaurant,BUKKARI RESTAURANT,26.446195,50.056315
restaurant,كباب صنعاني,26.468497,50.045676
restaurant,نودلي (سيهات) | NOODLEY,26.468446,50.046986
restaurant,شركة مطاعم الدانة,26.401347,50.040596
restaurant,بسطة ابو دانه,26.486684,50.103838
restaurant,Dana Restaurant,26.436888,50.020455
restaurant,مطعم دانة للاكلات الشعبيه,26.441963,50.061874
restaurant,ابن طالب,26.466763,50.047692
restaurant,عربه الدانه للمأكولات,26.496483,50.051302
restaurant,بوفية دانة الشاطئ,26.456708,50.117861
restaurant,JC PASTA SIHAT,26.468184,50.043913
restaurant,بوفية شطيرة الساخنه,26.465394,50.048737
restaurant,مطعم و معجنات ألحان الشام,26.468313,50.044301
restaurant,!ليتل سيزرز بيتزا! بيتزا Little Caesars Pizza! Pizza!,26.468498,50.045701
restaurant,بوفية فتون الشام,26.467821,50.046451
restaurant,Danah Mandi,26.318075,50.157911
restaurant,Danshal Restaurant,26.481819,50.048154
restaurant,بينك شرمب Pink Shrimp,26.467917,50.043161
restaurant,Red Cap Burger (Saihat) Burger • Crispy • Milkshake,26.468446,50.046986
restaurant,Bar Burger,26.469004,50.045005
restaurant,Masterpieces restaurant Basmy to provide meals,26.475288,50.043403
restaurant,أو مطعم المنظره Foal Al Dana,26.33351,50.148096
restaurant,Victoria Maple,26.468139,50.042188
restaurant,بوفية و شعبيات نسائم الدانة,25.922338,50.010354
restaurant,مطعم وقت صينية الشواء Griddle Time,26.470752,50.045236
restaurant,Aldehleez Barbecue مشويات الدهليز,26.469813,50.047575
restaurant,مطعم دانة الناصرة,26.572114,50.01594
restaurant,لقيمات بنت القاضي سيهات - فرع الدانه,26.467658,50.046501
restaurant,مطعم شباب سيهات البخارى,26.468406,50.045907
restaurant,Vomero pizzeria,26.468583,50.045101
restaurant,Fluffy Pancake Cafe مقهى فلافي بانكيك,26.467734,50.041241
restaurant,Elsewhere burger- الس وير برجر,26.470142,50.045531
restaurant,Abood Burger,26.468601,50.045155
school,Dana Girls School,26.332144,50.153341
clinic,Dana dental,26.30288,50.176814
clinic,Al Danah,26.465774,50.043328
clinic,Opal Diamond Clinics,26.495579,50.042278
clinic,An Nabiyah Public Health Clinic PHC,26.473354,50.012885
clinic,صيدلية الدانة رقم 2,26.403402,50.084528
clinic,Confident Care Clinic,26.452764,50.070691
clinic,مركز شموع الأمل للعلاج الطبيعي والوظيفي,26.432938,50.028243
clinic,DaVita Clinic Saihat دافيتا مركز غسيل الكلى – سيهات,26.487,50.042975
clinic,فن اللياقة الذهبية(فتنس أرت)للعلاج الطبيعي,26.476764,50.042819
clinic,مجمع ورود الصحة,26.472707,50.044903
mosque,جامع الملك سعود - شاطيء الدانة,26.080533,49.99856
mosque,AlRahman Mosque مسجد الرحمن,26.328314,50.144049
park,حديقة الدانة,26.330975,50.148079
park,سكوترات الدانة,26.496182,50.051468
pharmacy,صيدلية الدواء 114,26.517891,50.023684
pharmacy,Nahdi pharmacy | صيدليه النهدى,26.432309,50.006833
bank,BSF - Banque Saudi Fransi ATM - Makry Gas Station - Cash withdrawal,26.467368,50.018796
restaurant,مطاعم دانه السور للبخاري,26.357769,49.963251
restaurant,لمة الدانة,26.469921,50.023432
restaurant,شاي ومشوي الدانة,26.497532,50.050911
restaurant,Buffet Baba Nawaf,26.333488,50.148728
restaurant,شركة مطاعم الدانه,26.41868,50.068894
restaurant,مطعم الدانة,26.434785,50.0862
restaurant,Shabab Aldanah Traditional Restaurant,26.473228,50.044244
restaurant,Dana Goodness Buffet,26.434891,50.09903
restaurant,مطعم طبلية زمان,26.458907,50.113265
restaurant,مشويات ملتقي الرافدين - طيبة,26.362091,50.068974
restaurant,The View Restaurant,26.428697,50.103507
school,Al Anjal International School,26.382717,50.143144
school,مدارس رواد المدارات العالمية والأهلية بالدمام - Orbits pioneers national & international schools,26.397707,50.019567
clinic,Diaverum Dammam Clnic,26.400827,50.051396
clinic,Alrayan clinic,26.40583,50.085855
clinic,Eastern Health Cluster-Building 100,26.407201,50.107141
clinic,AlHokail Medical Services,26.405597,50.101021
mosque,Mosque,26.388105,50.152577
park,جزيرة المرجان الدمام,26.483642,50.106214
pharmacy,صيدلية الدواء,26.539522,50.024396
pharmacy,صيدلية الدواء,26.367099,50.059941
pharmacy,United Pharmacy - صيدلية المتحدة,26.365889,50.069447
pharmacy,صيدلية الدواء,26.362421,50.046191
bank,Alinma Bank,26.363528,50.047599
mall,٧ جرام - النخيل مول,26.390212,50.037222
mall,Al Salam Plaza,26.455724,50.097005
mall,ZARA,26.391317,50.035249
school,مدارس ريانة الدمام,26.368293,50.083798
school,مكتب التعليم شرق الدمام بنات,26.450806,50.097899
mosque,Taibah Mosque,26.368561,50.063005
mosque,Mosque,26.398055,50.230487
restaurant,Deshi Bites,26.445061,50.098674
restaurant,HYDERABAD CAFETERIA,26.44339,50.098409
restaurant,Madura Restaurant,26.444714,50.097527
restaurant,Hot N Spicy,26.443197,50.098375
restaurant,New Hyderabad Restaurant,26.446154,50.097956
restaurant,Saida abdullah saud &Bijnor Resturent,26.447006,50.097673
restaurant,Allhumdulliah hotel and restaurant,26.44641,50.097547
restaurant,مطعم وجبة المحبة لتقديم الوجبات - রাঁধুনী রেস্টুরেন্ট - Love Meal Restaurant,26.445863,50.099715
restaurant,مشويات عيال الذيب,26.447882,50.096801
restaurant,Ratio Souq Alhub,26.446498,50.10438
restaurant,Gujranwala Restaurant,26.442013,50.099571
restaurant,Bijnor Restaurant (Official) Location,26.446542,50.097798
restaurant,فوال حضارة تهامه أكلات شعبية,26.445071,50.100045
restaurant,BISMI RESTAURANT,26.443819,50.097795
restaurant,Delhi darbar restaurant,26.446131,50.099339
restaurant,Ashik Cafe (ஆஷிக் கஃபே),26.443071,50.105223
restaurant,مطعم صدف الظهران,26.443571,50.097177
restaurant,INDIAN RESTAURANT,26.443695,50.098221
restaurant,ركن الكبة,26.44467,50.102893
restaurant,مطعم عالم القاهرة,26.446718,50.096567
restaurant,New Shalimar Breakfast & Snacks,26.443711,50.098154
restaurant,SWAD RESTAURANT,26.446322,50.098195
restaurant,Das Pardas restaurant,26.446322,50.098197
restaurant,Boofia Hot Spoon 2 Pakistani,26.446026,50.097818
restaurant,Abdul Rehman Hyderabadi Restaurant,26.441778,50.099802
restaurant,Islam Fish Restaurant,26.446825,50.096867
restaurant,مطعم سلة البهارات,26.443827,50.10369
restaurant,Karachi Restaurant,26.442233,50.098699
restaurant,بوفية سيارة التسالي,26.447096,50.102369
restaurant,مطعم المصريين للاكلات الشعبية,26.445592,50.09668
restaurant,مطعم نبراس الكرامة(UP),26.44642,50.097508
restaurant,Diamond Restaurant,26.441668,50.099769
restaurant,مطعم الرواق الشامي,26.445133,50.103008
restaurant,بوفية ركن نهاري لتقديم الوجبات,26.448739,50.098993
mall,مؤوسسة درر الدمام التجارية,26.442935,50.099759
mall,الدوسري للعود والبخور,26.445685,50.101313
school,متوسطة المدائن,26.439647,50.093725
school,Imam Ghazali High School,26.439914,50.093806
mosque,‎مسجد عبدالله عبداللطيف الفرج,26.44632,50.097064
mosque,Al Bin Wadi Mosque,26.446543,50.104138
mosque,مسجد الفرج Al Faraj Mosque,26.446311,50.097122
mosque,Masjid,26.442863,50.107347
mosque,Al Essa and Al Dowayan Mosque,26.457804,50.110501
mosque,Qadisiya Mosque,26.440103,50.099088
mosque,sarfaraz,26.441249,50.098258
park,Point 1,26.444637,50.103536
park,لاونج كافية بيتش بارك الدمام,26.466381,50.123013
park,نافورة سيكو,26.442361,50.102443
park,Cornich AlMajidiyah,26.543028,50.027798
park,جلسات سوق الذهب,26.441898,50.102434
park,Aljedaie Men’s Fabrics,26.44267,50.103535
pharmacy,Sondos Alhayat Pharmacy,26.44331,50.097106
bank,Riyad Bank ATM,26.447207,50.097674
bank,Western Union,26.442454,50.106654
bank,Riyad Bank ATM,26.4438,50.103572
bank,Riyad Bank ATM,26.44592,50.10136
bank,Riyad Bank ATM,26.440204,50.10766
bank,صراف بنك الجزيره,26.442689,50.102562
bank,Riyad Bank ATM,26.440204,50.10766
bank,صراف بنك الرياض,26.445796,50.099789
bank,The Saudi Investment Bank ATM,26.454976,50.11504
restaurant,Meltzone,26.452757,50.096747
restaurant,مطعم شعلة حضرموت,26.446106,50.100606
restaurant,بوفية البشرى,26.447222,50.094104
restaurant,Madad Restaurant,26.489364,50.039382
restaurant,مطعم محمد بن صالح بن علي الحساوي لتقديم الوجبات | Mohammed bin Saleh bin Ali Al-Hassawi Restaurant,26.444195,50.098587
restaurant,مطعم قنديل,26.444403,50.109369
restaurant,كبة وردة,26.444792,50.103594
restaurant,مطبخ النشامى_ منزلي,26.448402,50.098273
mall,Al Ansar Mall,20.45975,44.807936
mall,سوق الحريم,26.445764,50.103618
mall,عبايات سوق الدمام,26.447197,50.102625
mall,Abaya tarha online selling dammam ladies market,26.446214,50.101732
mall,عبايات النمر مناحي,26.444748,50.10221
mall,Shoe World - عالم الاحذية,26.442658,50.10567
mall,الريس لانجري alrayes lingerie,26.455126,50.10568
mall,الشهري بلازا,26.447931,50.062891
mall,اسرار النجمه الفضية,26.445731,50.103706
mall,Shalky,26.454729,50.105402
mall,عبايات الثمالي,26.446105,50.103433
mall,الشهري سنتر Al Shehri Center,26.440333,50.099389
mall,سوق العطورات الجمله,26.44717,50.09733
mall,تريجرايلاند مارينا مول الدمام - Treasureisland,26.455439,50.105836
mall,نعومي الشاطىء مول الدمام,26.440383,50.107216
mall,مول مارينا فساتين,26.455456,50.105697
mall,مجوهرات الناصر ٢,26.446914,50.102349
mall,ذى بيوتي سيكريتس,26.454823,50.105751
mall,معرض محمود سعيد,26.446858,50.102511
mall,موضة ليان للأزياء,26.446459,50.103325
mall,بوكنان للعبايات والطرح,26.446081,50.102227
school,Al Dawasir,26.44576,50.101285
clinic,مركز العيون والسكر والغدد الصماء,26.430537,50.083634
clinic,Preventive medicine alsalam,26.448815,50.098309
clinic,Arabian Hair Fixing Dammam تركيب الشعر العربي,26.442287,50.104534
clinic,مركز,26.423473,50.103227
park,As Salaam Park,26.455445,50.09837
park,حديقة السحيمي,26.447136,50.118992
park,حديقه العنود,26.456554,50.094786
park,ساحة البديع,26.449056,50.110712
park,ميدان النوارس,26.455548,50.112932
park,حديقة جامع العتيق,26.460692,50.091291
park,حديقة عامة,26.500753,50.031949
restaurant,Alrabiyah shawerma & pastries,26.423838,50.08019
restaurant,فلافل الرابية,26.468115,50.092141
school,Al safi international school,26.46425,50.031442
clinic,Rabia Medical Clinic,32.525891,35.846455
clinic,Bin Jimz Company,26.432804,50.0316
bank,Al Rajhi Bank ATM,26.463264,50.024907
bank,Riyad Bank ATM,26.48808,50.03833
bank,صراف بنك الجزيره - سحب وايداع,26.451725,50.022006
restaurant,Rabieh Falafel,26.415335,50.117299
restaurant,بوفية فلافل سماء الرابية,26.420944,50.03527
restaurant,Ar Rabiyah,26.462907,50.03443
mall,Riviera Avenue 2,26.452279,50.125765
mall,Al Rabiah Mall,31.976266,35.884531
mall,Cinnabon,26.4621,50.064603
mall,ردتاغ,26.461167,50.064703
mall,MAF Bay,26.350091,50.228447
mall,Skechers Dareen Mall,26.461371,50.064661
mall,Shoe Mart - Dareen Mall,26.462631,50.064399
mall,tanara,26.462086,50.065075
mall,Kudu - Dareen mall,26.462285,50.064279
mall,Kayishha - Dareen Mall,26.460364,50.064208
mall,Riviera Avenue,26.451849,50.128211
mall,The Body Shop,26.460763,50.065462
mall,الربيع مول فرع لبن,24.643355,46.555734
mall,Krispy Kreme Dareen Mall - كرسبي كريم دارين مول,26.459871,50.064838
mall,Mihyar مهيار,26.461371,50.064661
school,Rabia High School for Girls,29.296098,47.93801
school,مدرسة الرابية المتوسطة بنات,29.291122,47.934053
clinic,Rabia Clinics - عيادات الرابية التخصصية,30.202141,31.707659
park,تنسيق حدائق الدمام وانشاء مسابح,26.484898,50.052859
park,Park,26.47373,50.011727
park,حديقة الرؤية,26.475269,50.064374
park,مشتل السلام @,26.462384,50.027362
park,Farm1,26.483554,50.048886
park,مشاتل الريان -4,26.474716,50.013936
restaurant,Rabea resturant مطعم ربيع الجود,26.460973,50.018416
restaurant,Ar-Rabwah Restaurants & Kitchens,24.676749,46.770384
restaurant,الرومانسيه,26.420683,50.088794
restaurant,Ar-Rabwah Saudi Restaurant,24.688763,46.76536
restaurant,Bismillah Restaurant,26.420393,50.087703
restaurant,كابجار KABJAR,26.420683,50.088794
restaurant,Al Robwa Bukhari Restaurant & Caterers,24.479053,39.622725
restaurant,شركة القناعة المتميزة,26.420683,50.088794
restaurant,تتبيلة زمان حي النور,26.418621,50.018085
restaurant,edible arrangments ايدبل ارينجمنتس,26.48242,50.054027
restaurant,Country Way coffee & bakery,26.482849,50.05402
restaurant,عصائر الفيتامين,26.482403,50.054215
restaurant,مطعم شعبيات جنة عدن لتقديم الوجبات 2,26.420683,50.088794
restaurant,مقهى الاهرام,26.420683,50.088794
restaurant,بلاميدا,26.420683,50.088794
restaurant,سكرايز & SKREYS,26.484534,50.052401
restaurant,تكاوي,26.420683,50.088794
restaurant,القريه الشعبيه,26.420683,50.088794
restaurant,مطعم فريج الطيبين,26.420683,50.088794
restaurant,Boofiya Al Kabi,26.420825,50.087109
restaurant,هلثي اند فتنس | Healthy & Fitness,26.420683,50.088794
restaurant,Zad alshief,26.420683,50.088794
school,Prince Faisal Bin Fahd Elementary,26.328861,50.151642
school,وهج العلم لضيافة الأطفال,26.34537,50.047132
clinic,Wajan Medical Clinics,24.694491,46.752498
clinic,Magrabi Eye & Dental Hospital - Dammam (مستشفى مغربي للعيون والأسنان - الدمام)‎,26.353542,50.060631
clinic,مركز الربوة الطبي,24.689892,46.760927
clinic,Rabwat Areej Dentistry,26.34163,50.180598
park,Al Rabwah Park,24.688338,46.770545
park,حديقة الهدى,26.362212,50.093932
pharmacy,صيدلية اكسير Exceer Pharmacy 11,26.481118,50.045619
pharmacy,صيدلية اكسير Exceer Pharmacy 9,26.481388,50.041359
pharmacy,Lemon Pharmacy,26.466956,50.059654
pharmacy,صيدلية رام - سيهات,26.471062,50.059063
bank,Al Rajhi Bank ATM,26.434929,50.095625
restaurant,Elia Restaurant,26.485098,50.050953
restaurant,Marboha Restauarnt,26.28211,50.201723
restaurant,كرك جباتي الوسيع,26.420683,50.088794
restaurant,Hardee's,26.480249,50.054363
restaurant,Kabsa Dammam,26.420683,50.088794
restaurant,آركست للمداخن والشفاطات الهوائية,26.483303,50.053959
restaurant,مطعم دسوقي كشري وسندويشات,26.420683,50.088794
restaurant,مطعم ملتقى الاسطورة,26.420683,50.088794
restaurant,Kudu - Sehat,26.484494,50.053508
restaurant,Al Rabwah Restaurant,25.181125,51.602083
restaurant,مطعم حارة الغدير,26.420683,50.088794
restaurant,Kabsa Al Rabwa,24.683631,46.767365
restaurant,Queen Ice Cream,26.420683,50.088794
restaurant,شريمب اب,26.420683,50.088794
restaurant,قربعة,24.68958,46.765118
restaurant,الفروج بروست,26.420683,50.088794
restaurant,بحريات,26.420683,50.088794
restaurant,Dosa chef restaurant,26.42146,50.090752
school,مدارس ربوة الشرقية الأهلية,26.343594,50.133289
school,Rabwat Alshraqiyah Schools,26.343975,50.132585
clinic,ام عبدالرحمن معالجة الربوه,26.346394,50.140978
clinic,مجمع عيادات الطب الحديث,24.685947,46.766496
park,Al Rabwa Park,21.399464,39.772891
park,Al Rabwah Football Park,24.694172,46.757997
restaurant,مطعم مميز الربيع,26.440447,50.117525
restaurant,CLOUD Cafe كافتيريا السحاب التسع,26.440248,50.111262
restaurant,Chillus Signature Restaurant,26.440249,50.114628
restaurant,Restaurant and Kitchen Spring Palace,26.559773,49.997685
restaurant,Tea Castle,26.440297,50.113091
restaurant,TEA WORLD ( தமிழ் உணவகம் ),26.440058,50.114447
restaurant,مطعم ربيع الريف البخاري,26.433548,50.014846
restaurant,مطاعم رائد البخاري حي الربيع,26.438651,50.113684
restaurant,Mupa Moonlight Family restaurant,26.440272,50.115363
restaurant,Dareen Restaurant,26.439781,50.114483
restaurant,"Food Junction Restaurant, Seiko",26.439417,50.108987
restaurant,Dammam Al rabea,26.440752,50.117375
restaurant,Hijaz Al Bukhari | مطعم حجاز الرز البخاري,26.441379,50.117843
restaurant,مطعم قصر الربيع ( أم الحمام ),26.51788,49.999684
restaurant,Ruwai Fried 4 AlRabie,26.438632,50.113837
restaurant,بوفية بستان الربيع للوجبات السريعة,26.44208,50.110867
restaurant,Sham baskets,26.440437,50.116553
restaurant,Chillis Xpress Restaurant,26.440189,50.114632
restaurant,مطعم قصر الربيع فرع الجارودي,26.541471,49.988088
restaurant,BBQ spot,26.440369,50.116656
mall,Supermarket spring,26.40262,50.027721
mall,الربيع مول فرع النهضة للكماليات - سلمان الفارسي,24.755451,46.815741
mall,الربيع مول فرع ينبع,24.102522,38.031674
mall,شركة أزهار الربيع مول,21.452636,40.48659
mall,Rabie Plaza,24.790198,46.64892
mall,Al-Rabie Mall - Al Mursalat,24.739336,46.684246
mall,Spring Supplies Store,26.526039,49.999157
mall,مجوهرات عروس الربيع,26.44604,50.102204
mall,ربيع مول,21.452793,40.488118
mall,الربيع مول فرع النرجس,24.847913,46.666133
mall,AlRabia,26.073556,44.019415
mall,Ar rabi shopping centre,26.440512,50.115057
school,شركة جوري الربيع للتجارة,26.438425,50.101948
mosque,Saad bin Alrabea' Mosque,26.40937,50.039414
mosque,مسجد حنظلة بن الربيع,26.409479,50.023219
mosque,Alrajhi Masjid,26.401043,50.034673
mosque,Juma masjid,26.440183,50.111263
pharmacy,ازهار الربيع للعطاره ومنتجات العناية بالشعر والبشر,26.442317,50.06613
bank,Riyad Bank,26.513318,49.979259
bank,بنك الرياض,26.446992,50.096365
bank,3600 Riyad Bank ATM,26.441654,50.10261
bank,Riyad Bank ATM,26.395777,50.037958
restaurant,مطعم جود الربيع - Jood Alrabea,26.439989,50.052402
restaurant,كباب ربيع,26.375372,50.087606
restaurant,مطعم شلالات الربيع,26.531927,50.007726
restaurant,مشويات ربيع الشام,26.275071,50.190257
restaurant,مطعم معجنات منقوشه الربيع,26.355275,50.070869
restaurant,بوفيه تلة الربيع,26.438593,50.034006
restaurant,مطعم شاطي افندينا للمأكولات البحرية,26.433505,50.093264
restaurant,مطعم الربيع الجميل,24.630229,46.719814
restaurant,Al-Rabea Syrian Grills,21.451391,39.862923
restaurant,مطاعم الربيع,15.347134,44.203085
restaurant,مستودع الربيع,26.439619,50.113531
restaurant,Rukon Al-Kibdah wa Al-Foul Restaurant,26.438624,50.111486
mall,Ar Rabi,26.440386,50.113438
mall,شركة الربيع التجارية,26.433239,50.117666
mall,الربيع مون,24.567388,46.788793
mall,الربيع سنتر,24.793282,46.675765
mall,Mega Land shate2 mall,26.453883,50.120513
mall,Brands For Less براندز فور لس - Al Shatea Mall,26.45443,50.121325
mall,شركة مكارم الفخامة فرع ٤ الدمام,26.444667,50.110585
mall,جهاز خدمة ابشر,26.439187,50.108187
mall,وسام الهدايا,26.438261,50.103188
mall,ستونيوم للمغاسل والرخام الصناعى,26.446207,50.111547
school,مدرسه,26.43946,50.11018
mosque,مسجد الشيخ سليمان بن محمد الرشيد رحمه الله,26.441388,50.109353
mosque,Spring Mosque,27.093244,49.506721
mosque,جامع ربيعة بن كعب,26.379516,49.989201
mosque,Jozah Al-Otaibi Mosque,26.442898,50.129012
mosque,Mosque of Amer bin Abi Rabia,26.419201,49.984086
mosque,Ehsan Masjid,26.437185,50.105789
mosque,مسجد الطابق السادس,26.436343,50.104289
mosque,Masjid Al Ansari,26.447509,50.120305
restaurant,Alnawres Restaurant,26.409534,50.080632
restaurant,إستراحة الإبداع,26.40395,50.084088
restaurant,Sadat's Restaurant,26.410962,50.074144
restaurant,Shawarma and Pizza Akkar 2,26.409603,50.08058
restaurant,مطعم كواتم ريدان,26.402155,50.085197
restaurant,مطعم جرام وربع,26.394611,50.086074
restaurant,Hungry Bunny,26.401652,50.085507
restaurant,WACAFE Al Rawdah,26.395544,50.077878
restaurant,عصائر توق,26.404124,50.074053
restaurant,Eastern People Seafood,26.391713,50.091731
restaurant,Ragef Almukhtas Cafeteria,26.402431,50.074847
restaurant,Karak Box,26.394337,50.085535
restaurant,نغمة موج للمأكولات البحرية,26.403083,50.084633
restaurant,فوال ترويقة الفجر للأكلات الشعبية,26.400789,50.085928
restaurant,مطعمنا A.S,26.407728,50.071986
restaurant,باستا قن | pasta gun,26.4065,50.072651
restaurant,Alturkistani Restaurants,26.399782,50.086641
restaurant,بوفية روضة بابل,26.411297,50.073959
restaurant,Flow,26.394121,50.078643
restaurant,صاج الفخامه,26.395033,50.07861
restaurant,জম জম হোটেল,26.399698,50.08669
restaurant,مطعم مشوي غروب,26.406468,50.072673
restaurant,بوفية الصحراء,26.396934,50.088547
restaurant,KitchenPark,26.394729,50.086301
restaurant,مطعم زمان,26.395012,50.078597
restaurant,!ليتل سيزرز بيتزا! بيتزا Little Caesars Pizza! Pizza!,26.402767,50.084799
restaurant,Herfy,26.412617,50.073608
restaurant,Route 613,26.394729,50.086302
restaurant,Burger Hub,26.395353,50.078232
restaurant,فاي phi,26.39993,50.075348
restaurant,البرجر المشوي سكاي,26.407799,50.072001
restaurant,Toā,26.39479,50.086419
restaurant,بوفية عبير السعادة,26.408526,50.07141
restaurant,CHICO,26.400316,50.074758
restaurant,فوال و مطعم زكي منصور ابوجوهر,26.39442,50.084836
restaurant,معجنات وتين الشام,26.405302,50.073408
restaurant,'Uhud Buffet,26.394272,50.085362
restaurant,MIST Coffee Roasters,26.406968,50.072898
restaurant,Herfy,26.406841,50.082266
restaurant,مطعم تذوق الاصاله,26.393209,50.084849
restaurant,بوفية أزهار الكلية Bofiyah Azhar,26.405359,50.083184
restaurant,برجر فايبز,26.405313,50.073437
restaurant,Rawdah District Community Center,26.401631,50.081558
school,Zain Private School,26.403531,50.076589
school,روضة الابداع,26.404607,50.080806
school,4th Kindergarten,26.414337,50.082797
school,روضة و تمهيدي ضياء العلم,26.369688,50.090062
school,KAG School,26.370285,50.142471
school,13th Kindergarten,26.428118,50.08411
school,الروضة الثالثة للبنات بالدمام,26.42298,50.122141
school,الروضة المحدثة السادسة عشر بالدمام,26.373756,50.07778
school,school,26.410593,50.077108
clinic,الروضه,26.420683,50.088794
clinic,Almeswak,26.410062,50.080438
mosque,جامع الزيادة,26.407416,50.079425
mosque,Abi Al Dardaa Mosque,26.396351,50.088267
mosque,Sharhabil bin Hasanah Mosque,26.40929,50.076014
mosque,Abu Ayyub al-Ansari Mosque,26.404149,50.083195
mosque,مسجد عسكر أبو زهير الهاجري,26.41233,50.077566
mosque,اسعد بن زرارة,26.405295,50.076746
mosque,Saleh Alluhaidan Mosque,26.397188,50.069953
mosque,Abdullah ben huthafah alsahme,26.400089,50.079056
mosque,جامع عبد العزيز الخريجي,26.400333,50.063616
mosque,جامع عباد الرحمن,26.405801,50.063835
mosque,جامع السحيمي,26.401687,50.067974
mosque,Abdullah Al Khalaf Mosque,26.404792,50.07519
mosque,Bushra Mosque,26.390136,50.063001
mosque,جامع الهدى,26.40248,50.081277
mosque,Wisdom mosque,26.387803,50.060835
mosque,Rashid mosque,26.396192,50.053558
mosque,Madawi Mosque,26.393025,50.060504
park,AlNaseem Park,26.400415,50.078578
park,Roses Park,26.40873,50.076353
park,Al Faisaliyah Park,26.3981,50.071265
park,ممشى و حديقة الفيصلية,26.39808,50.07229
park,Alfaisaliyah park,26.401998,50.06813
park,Rawdah Park,24.731698,46.775567
park,Khazzan Al Rawdah Park,24.72251,46.762437
park,Al-Rawda Gym,26.401707,50.081477
park,Park,24.73319,46.77113
park,الجودي بارك,26.376118,50.088552
park,5D Business Park,26.409007,50.063265
park,استراحة الوابل,26.399312,50.07731
pharmacy,Zahrat Al Rawdah Pharmacy 113 صيدلية زهرة الروضة,26.347223,50.049066
pharmacy,صيدليه,26.403476,50.084624
pharmacy,Zahrat alrawdah 142,26.400978,50.047916
pharmacy,United Pharmacy - صيدلية المتحدة,26.381839,50.071003
pharmacy,صيدلية زهرة الروضة 123 Zahrat Al Rawdah Pharmacy,26.339267,50.035774
pharmacy,United Pharmacy - صيدلية المتحدة,26.378557,50.049212
pharmacy,صيدلية الدواء,26.384214,50.096392
pharmacy,Nahdi pharmacy | صيدليه النهدى,26.382562,50.072438
pharmacy,صيدلية الدواء,26.388808,50.064018
pharmacy,صيدلية زهرة الروضة Zahrat Al Rawdah Pharmacy,26.342476,49.995781
bank,Riyad Bank ATM,26.40113,50.08607
bank,Riyad Bank ATM,26.40912,50.08109
bank,مصرف الراجحي,26.411814,50.071919
bank,Al Rajhi ATM مصرف الراجحي,26.407914,50.081539
bank,صراف البلاد مع إيداع,26.411687,50.079188
bank,بنك الجزيرة مركز خدمات ما بعد البيع للتمويل التأجيري,26.39834,50.06844
bank,صراف بنك الجزيره - سحب وايداع,26.398063,50.068437
bank,AlRajhi Bank ATM,26.411897,50.071873
bank,البنك الاول,26.413726,50.073664
bank,جال للموارد البشرية,26.402969,50.074443
bank,Albilad ATM | صراف البلاد,26.411894,50.078831
bank,NCB,26.396274,50.070093
restaurant,الروضة,26.398646,50.044038
school,Al Rawdah,26.403655,50.076707
school,الروضة الثانية عشر بالدمام,26.399373,50.038851
school,الروضة الثانية والعشرون الملحقة ب مدرسة السادسة لتحفيظ القران,26.393773,50.02545
school,روضة الهداية بالدمام والروضة الثانية والعشرون,26.406185,50.031971
school,الابتدائية الرابعة والستون (بنات) + الروضة السابعة عشر,26.415761,50.02165
school,Academy of Learning,26.39973,50.075853
school,الروضة الحادية والعشرون,26.478344,50.181282
school,مدرسة البشائر الأهلية للبنات روضة وتمهيدي,26.445744,50.130817
school,جمعية التنمية الأهلية بالروضة,26.401142,50.081657
school,مركز الاميرة جواهر لمشاعل الخير,26.3973,50.079722
restaurant,لا بريوليفا | La Brioliva,26.403665,50.101641
restaurant,مطعم عنجر للمعجنات Anjar Restaurant,26.403266,50.101748
restaurant,بوفية ريان السعادة,26.401521,50.098455
restaurant,Al-Rayan Restaurant,26.305443,50.178359
restaurant,الريان للتجارة | معدات مطاعم وفنادق,26.442342,50.08366
restaurant,Lumin Cafe & Lounge - كافيه & لاونج لومين,26.403186,50.101814
restaurant,هاريز بيتزا Harry's pizza,26.403235,50.101777
restaurant,Al Bahar,26.403064,50.100784
restaurant,SALATA | سالاتا,26.403479,50.101608
restaurant,The Club Club,26.403325,50.101655
restaurant,Break,26.403366,50.101668
restaurant,شاورمجي,26.403569,50.1017
restaurant,شاي واكثر TEA AND MORE,26.403447,50.101636
restaurant,ملاس مريم,26.40351,50.101656
restaurant,Archi | ارتشي,26.411774,50.093382
restaurant,Sikkat Karak,26.403695,50.10175
restaurant,Lilia vineleaf,26.412818,50.096848
restaurant,Rayyan Restaurant Popular dishes,26.704425,50.069303
restaurant,TIT,26.401215,50.091153
restaurant,24Cafe,26.401412,50.098728
restaurant,Barn's | بارنز,26.402699,50.101131
restaurant,باست,26.40097,50.098985
restaurant,Starbucks,26.411821,50.093601
restaurant,Kudu - Al Imam Ali Ibn Abi Talib St,26.402847,50.100976
school,rssn,26.344346,50.161901
school,مدارس ريانة النموذجية الأهلية,26.364446,50.040474
school,44th Elementary School,26.408998,50.09299
school,مدارس رياض الإحسان الأهلية بنين,26.409821,50.094258
school,مدرسة الاعتصام الثانوية والمتوسطة بنين,26.402459,50.088104
school,الخطوة المتقدمة للأطفال,26.403619,50.09282
school,Ar Rayyan,26.405394,50.096855
pharmacy,إتقان الطفل | child mastery,26.383728,50.104364
pharmacy,صيدلية رام,26.412947,50.096476
pharmacy,صيدلية الريان الذهبية,24.55715,39.688071
pharmacy,صيدلية تقديم الرعاية,26.386024,50.095307
pharmacy,صيدلية الريان الذهبية,24.44748,39.682791
bank,SAB الأول,26.402525,50.100111
bank,SNB AlAhli ATM,26.400702,50.0973
bank,صراف بنك الرياض,26.412817,50.096313
bank,مؤسسة برامج الحلول,26.391529,50.091788
bank,SNB AlAhli ATM,26.405812,50.083937
bank,Aldrees,26.411147,50.097192
restaurant,Al Rayyan Restaurant,26.4452,50.093941
school,Al Rayyan private schools,25.294937,51.443438
school,Rayyan schools for boys,24.494642,39.582235
school,دوحة الإحسان,26.408139,50.098636
restaurant,مطعم دار الميدان,26.458655,50.087391
restaurant,مطعم مضياف الشرق,26.454435,50.08894
restaurant,Melted | مطعم ذايب,26.456238,50.081309
restaurant,إضرب كشري-edrab koshari,26.454345,50.096368
restaurant,Goodness of Damascus Restaurant - Syrian dishes,26.458659,50.087492
restaurant,Halla Shawarma - Zauhur District,26.454312,50.092341
restaurant,SHRINPY SHAWARMA,26.452801,50.09637
restaurant,Al Tazaj,26.458522,50.090326
restaurant,شجرة زمان,26.454239,50.091953
restaurant,بوفيه حوت الخليج - فرع الدمام,26.453457,50.092318
restaurant,رواسي البحر للماكولات البحرية المصرية,26.45608,50.091967
restaurant,بوفيه وجبه عزيز لتقديم الوجبات,26.455657,50.091924
restaurant,لفافة الفريج,26.453124,50.088848
restaurant,Al Bodor Al Bukhari Restaurant,26.452772,50.096407
restaurant,مطعم الكروان البخاري,26.453959,50.091943
restaurant,Tannour Restaurant Golden,26.455668,50.081314
restaurant,مطعم ومطبخ مضياف الشرف للحفلات وطبخ الولائم,26.454429,50.089485
restaurant,Indian Tanoor Restaurant,26.458647,50.083757
restaurant,الرغيف المصري,26.45651,50.091966
restaurant,Alzohoor Pizza,26.486957,50.038954
restaurant,معجنات خبزة وزيتون,26.456541,50.088993
restaurant,الفضي SILVER,26.453207,50.089004
restaurant,Kitchen Park كتشن بارك - Zuhur,26.454328,50.092341
restaurant,بوفية مذاق هلا وغلا,26.452679,50.088895
restaurant,مطعم ملتقى النكهة للمأكولات البحرية,26.454244,50.091945
restaurant,كافيه نجمة حور - Nejmt Hour Cafe,26.456727,50.092336
restaurant,Jose's Chicken,26.454332,50.092341
restaurant,برجر المشوي,26.45415,50.092069
restaurant,Borgir,26.451314,50.092374
restaurant,Shawermat Restaurant,26.455009,50.096417
restaurant,Al jawad food corner,26.453941,50.088912
restaurant,مطاعم ربع مشوى لتقديم الوجبات,26.45578,50.088966
restaurant,!ليتل سيزرز بيتزا! بيتزا Little Caesars Pizza! Pizza!,26.453739,50.09624
restaurant,مطعم كريب مالح salt crepe restaurant,26.453611,50.092009
restaurant,بوفية المختص,26.455414,50.088878
mall,N.LOVE,26.444646,50.069621
mall,ميلا روز milla roose محل ورود . ورد طبيعي ورود بوكيهات فازات بالونات شموع مسكة عروس. شبكه,26.408394,50.058301
mall,Othaim Markets,26.457968,50.081456
mall,Carrefour West Avenue,26.388248,50.074957
mall,مكتب شركة ورقة ورد للتجارة - سميل اند سمايل Smell & Smile,26.458631,50.090934
mall,شركه رياحين الشام,26.457233,50.09633
mall,جنان الفخامه للخضار والفواكه,26.455496,50.091896
mall,ارابيسك,26.468776,50.044455
mall,Al-Moajil Tower,26.44911,50.095129
mall,adawatalbayt,26.448141,50.090375
mall,بيع وشراء تذكرة,26.449749,50.083287
mall,Zohoor Alreef,26.423898,50.030508
mall,السهم المتالق للباركيه,26.469503,50.04547
school,مدرسة الزهور المتوسطة بالدمام,26.453395,50.09096
clinic,عيادات النهدي كير اكسبريس,26.458583,50.090346
mosque,مسجد ساحة الزهور,26.451671,50.085696
mosque,مسجد صغير (كرفان),26.451711,50.085712
mosque,مسجد عبدالعزيز النعيم,26.456354,50.087367
pharmacy,Value Pharmacy - Zohoor صيدلية فاليو - الزهور,26.453246,50.091958
pharmacy,Al Shifa Herbal Shop,26.443191,50.098396
pharmacy,صيدليه دواء الشفاء,26.44236,50.097724
bank,Al Rajhi ATM,26.455099,50.088871
bank,AlRajhi Bank ATM,26.452223,50.088992
bank,تسهيل للتمويل | Tasheel Finance,26.459946,50.07851
bank,أصول الحديثة للتمويل,26.45899,50.080326
bank,صراف البنك الاول,26.453382,50.093243
bank,SNB AlAhli ATM,26.451313,50.105438
bank,فرع شركة عبداللطيف جميل للتمويل ( تمويل العقار),26.458528,50.09003
bank,Al Rajhi ATM,26.4424,50.086054
restaurant,The peak Zohour | ذابيك الزهور,26.458368,50.082471
restaurant,مشكوك بحب فرع الدمام,26.458646,50.096074
restaurant,مطاعم حمص وفول,26.456339,50.081308
restaurant,Muharram Bek Restaurant - مطعم محرم بك,26.456405,50.081338
restaurant,Alzohoor Pizza Safwa,26.651819,49.957323
restaurant,خلية ومدور,26.455599,50.092096
restaurant,ساله salh,26.455073,50.096382
restaurant,Alzohoor Pizza Awamiyah بيتزا الزهور العوامية,26.596231,49.986046
restaurant,عصير قصب العمدة الزهور,26.453608,50.092096
restaurant,فوال نور الصباح,26.455598,50.088867
restaurant,Alzohoor Pizza Qatif Branch بيتزا الزهور فرع القطيف,26.566804,50.003929
restaurant,فول صباح الخير,26.454467,50.091932
restaurant,ورق عنب جدر بيتنا,26.451063,50.091959
restaurant,فلافل زهور حلب,26.456203,50.08899
mall,Alzohor Mall,30.372266,30.501513
mall,Flower - Marina Mall / فلور - مارينا مول الدمام,26.454937,50.105687
mall,مارينا مول حسن النمر للمجوهرات,26.455126,50.105723
mall,ياسين للمجوهرات المارينا مول,26.455376,50.105078
clinic,Az Zuhur,26.454987,50.088811
clinic,مساج هدوء الشرق حي الزهور oriental relax spa Alzhoor,26.457214,50.096353
clinic,Crown of the bride Women's Center,26.451327,50.072439
clinic,فلور للشقق المخدومة flower suite2,26.452495,50.097209
restaurant,مطعم زهرة صباح &Morning Flower,26.482526,50.046552
mall,صالون لي جلامور النسائي بسيهات,26.473084,50.040798
mall,Al Zuhur,26.470029,50.038682
mall,Leglamour center,26.482535,50.043643
school,الروضة الثانية بسيهات,26.470621,50.043484
school,متوسطة الزهور,26.45335,50.090967
school,المتوسطة الرابعة بسيهات,26.470543,50.043402
school,Educational Training Qatif / Seihat,26.471256,50.043489
school,الابتدائية الثانية بسيهات,26.46536,50.031568
school,روضة الزهراء,26.472472,50.042036
school,الابتدائية التاسعة للبنات,26.470674,50.042875
school,مركز تلاقي,26.469826,50.044464
school,مكتب التعليم للبنات في القطيف,26.465716,50.031279
school,Fourth middle school for girls Bissehat,26.470791,50.042748
school,ابتدائية لبنى بنت ثابت بسيهات,26.465697,50.031637
school,Polyester Uniforms,26.472942,50.040277
school,مركز مناهل الغد لضيافة الاطفال/ Manahil Alghad,26.497989,50.033686
school,قرطاسية أشبال الزهور,26.596331,49.980913
school,اكاديمية الصاعقة حديقة الزهور,26.451772,50.086605
school,مدرسة سعد بن حارث المتوسطه اولاد,26.467539,50.025858
school,بقالة جاسم علي الشايب التجارية,26.468607,50.043977
school,الروضة الرابعة عشر بالدمام بنات,26.457358,50.089733
school,Gaia Flow Yoga Studio || يوغا استديو نسائي,26.469606,50.037224
school,المدرسه الفيلسوفيه,26.449876,50.091115
school,مركز الزهور للترفيه والاستجمام,26.136213,50.498163
school,زهور ولاية,26.567564,50.037763
school,4th Secondary for Girls,26.449965,50.090489
school,مركز القرش الصغير لضيافة الاطفال,26.421196,50.00996
clinic,Rosses Health,26.472804,50.044797
clinic,AlZuhur Resort || مزرعة الزهور,26.49043,50.026778
mosque,مسجد الإمام الحسن العسكري بسيهات,26.464307,50.027637
mosque,مسجد,26.465473,50.025073
mosque,Alzahraa Grand Mosque,26.500626,50.034194
pharmacy,إشراقة الصباح للتموينات الغذائية,26.463481,50.0281
pharmacy,Gozl Pharmacy Sihat Branch,26.465305,50.035099
bank,Seihat Association for Social Services Dammam Branch,26.463573,50.049061
bank,Herfy,26.45262,50.096716
bank,جمعية سيهات للخدمات الإجماعية - الفرع الرئيسي,26.487053,50.04291
bank,مزرعة ال محمدعلي بسيهات,26.499626,50.022706
mosque,حسينية الزهراء عليها السلام Hussainiyat AlZahraa,26.47517,50.063246
mosque,مسجد الزهراء بسيهات,26.487755,50.033675
mosque,الحسينية الحيدرية,26.482874,50.056169
mosque,مجلس الرضا,26.466682,50.032752
mosque,Q. Albatool,26.491014,50.030809
mosque,مجلس الحاج حسن عبدالله بوحليقة,26.469069,50.043545
mosque,مسجد الزهور,30.453274,38.199901
mosque,مسجد الزهراء ع,26.511292,49.996904
mosque,مجلس الزهراء,26.483351,50.048688
park,حديقة الزهور,26.335791,50.163952
park,مشتل زهرة السلطان,26.478928,50.009646
park,Alazhar park,26.394991,50.067119
park,منتزة,26.487816,50.041024
restaurant,مطعم سلام دله لتقديم الوجبات,26.461101,50.025281
restaurant,بوفية السعادة شارع 18حي السلام الدمام,26.451663,50.096772
restaurant,As Salam,26.45152,50.09652
restaurant,Asmakna Restaurant مطعم أسماكنا,26.456317,50.102471
restaurant,Cuz balcony restaurant مطعم شرفة كوز,26.45587,50.102258
restaurant,بسمة على كيفك,26.455253,50.10582
restaurant,دوار السعادة,26.456796,50.101143
restaurant,Second cup سكند كب,26.456761,50.10124
restaurant,مطعم القرية التركية Turkish Village Restaurant,26.452535,50.096778
restaurant,Zahara broasted زاهارا بروستد,26.453457,50.106105
restaurant,Fawal Dar AlSalam,26.456501,50.061665
restaurant,Madhura Rest,26.439279,50.097697
restaurant,Dammam Veranda,26.456423,50.102082
restaurant,بوفية السلام الفضي,26.474942,50.040182
restaurant,Alwalemah,26.453337,50.106036
restaurant,ALKARAK الكرك,26.45372,50.106167
restaurant,مطعم جوردن أكسبريس / Jordan Express restaurant,26.455562,50.097062
restaurant,مقهى تكية سلام,26.454232,50.103988
restaurant,بوفيه جبال تهامه للوجبات السريعة,26.452135,50.105645
school,ابتدائية السلام بسيهات,26.475885,50.041045
school,متوسطة الامين,26.449669,50.107438
school,المدرسة الابتدائية الأولى لتحفيظ القرآن الكريم للبنات,26.455928,50.099087
school,المدرسة المتوسطة والثانوية الاولى لتحفيظ القرآن الكريم بالدمام,26.456238,50.099719
school,الإبتدائية العاشرة بالدمام,26.449844,50.098115
school,المتوسطة الأولى بالدمام,26.450623,50.098708
school,مجمع الأمين التعليمي للبنين,26.449051,50.10774
school,المتوسطة الأولى بالدمام,26.449844,50.098115
school,ادارة التقويم والقبول للبنات - تسليم الشهادات,26.450817,50.097487
park,Alsalam park,26.390426,50.071322
bank,As Salam,26.451664,50.102353
bank,SNB AlAhli,26.296214,50.024077
bank,بنك البذور للنباتات البرية,26.364187,50.062188
bank,Al Salam Bank ( Seef District ) | بنك السلام ( فرع ضاحية السيف ),26.235745,50.531795
bank,Al Salam Bank (East Riffa Branch) | بنك السلام ( فرع الرفاع الشرقي ),26.134402,50.548934
bank,SMSA Service Center,26.413203,50.031426
bank,Al Salam Bank (Budaiya Branch) | بنك السلام ( فرع البديع ),26.219271,50.512905
bank,Al Salam Bank (Main Branch and Head Office) | بنك السلام ( فرع الرئيسي ),26.229673,50.544333
bank,Al Salam Bank (Isa Town 'Al Quds Road' Branch) | بنك السلام ( فرع مدينة عيسى ),26.168502,50.553226
bank,Al Salam Bank (Busaiteen Branch - Al Sayah) | بنك السلام ( فرع البسيتين - السايه ),26.26529,50.598842
bank,Al Salam Bank (Manama Branch) | بنك السلام ( فرع المنامة ),26.235885,50.576131
bank,Careem Office,26.451263,50.130075
restaurant,مطعم السلام,26.584434,49.973625
restaurant,مطعم رياح السلام,26.520882,49.999035
restaurant,مطعم اصل الحمص,26.454357,50.096856
restaurant,مطعم روابي همدان لتقديم الوجبات,26.451914,50.105569
restaurant,Al Salam Restaurant,21.732214,39.194657
restaurant,Bab AlDammam Buffet,26.452157,50.105652
restaurant,Snow cafe,26.455261,50.096972
restaurant,مشويات السلام,21.574111,39.18921
restaurant,مطعم السلام للأكلات الشعبية,21.571613,39.200502
restaurant,بريتزل ميكر _ مارينا مول الدمام,26.454917,50.106011
restaurant,Al Salam Restaurant,21.550154,39.20508
restaurant,Brava Ristorante Italiano (Dine in & Takeaway),26.456881,50.100904
restaurant,مطاعم كبانا الشاطىء كوزي الاصلي,26.453572,50.106116
restaurant,مطعم جنة عدن,26.453721,50.106167
restaurant,مطعم لقانا,26.451664,50.102353
restaurant,مناقيش شامية للمعجنات,26.451778,50.096773
restaurant,فوال المنار,26.451886,50.096775
restaurant,مطعم مشويات السلام,29.29375,48.003638
restaurant,مطعم السلام,21.838373,39.2041
restaurant,Shrimpy restaurant,26.452768,50.09678
restaurant,مقهى إجازة,26.452453,50.105754
restaurant,Al Salam Restaurant / مطعم السلام للرز البخاري فرع مكة,21.4607,39.964336
restaurant,في شونيز,26.45514,50.105731
restaurant,مطعم ترس القيمرية,26.451872,50.096774
restaurant,مطبخ فوفو/FoFo Kitchen,26.458158,50.10031
restaurant,بوفية طيبات دارين,26.454018,50.096743
school,رواد السلام االثانوية الأهلية,26.405158,50.038783
school,مدارس رواد السلام المتوسطة بنين,26.407461,50.042291
clinic,Al Salam Specialist Hospital,26.154316,50.568638
clinic,مجمع السلام الوطني الطبي العام,21.283201,40.423981
clinic,Al Salam Health Medical Hospital,24.703923,46.80198
mosque,Masjid As Salam,26.348482,50.205698
restaurant,CHARMINAR BOOFIA,26.439077,50.098779
restaurant,Malabar Kitchen,26.440094,50.105271
restaurant,مطعم سهول حضرموت,26.440268,50.100142
restaurant,MADINA RESTAURANT ALI ASIRI,26.441496,50.099077
restaurant,Deshi Vai Restaurant(দেশি ভাই হোটেল),26.439892,50.098771
restaurant,Kismath Rastaurent,26.441494,50.097739
restaurant,"Dammam Fish, Meat & Vegetable Market",26.445733,50.066357
restaurant,Saarim's Palace,26.438662,50.101012
restaurant,Tripty Hotel তৃপ্তি হোটেল Seiko Market Dammam,26.441347,50.099792
restaurant,Probashi bufia,26.440762,50.099734
restaurant,Black Pepper Broasted Chicken,26.441564,50.104394
restaurant,مطعم السلطان إبراهيم للأسماك,26.446003,50.066169
restaurant,مطعم خيرات الجنتين للاكلات الشعبية,26.442211,50.102907
restaurant,Malabar Restaurant مطعم مالابار,26.441036,50.099567
restaurant,Dammam/ seicko,26.439137,50.100048
restaurant,Everest Nepali seiko.,26.442791,50.097008
mall,مجمع الأسواق الدولية,26.451966,50.067527
mall,Seiko,26.443154,50.09657
mall,العيسائي اكسو - الدمام - سوق الحب,26.44519,50.100815
mall,مؤسسة قور الدولية التجارية,26.439894,50.103369
mall,صبايا الماسيه الدمام,26.440049,50.102189
mall,BMS - Busyman Market,26.439066,50.103296
mall,Street perfume sale wholesale,26.440032,50.10239
mall,SEIKO,26.44204,50.102801
school,AL HUSSAIN MARKET,26.47664,50.056738
school,سوق الحريم الشعبي,26.437974,50.094857
park,সিকো ট্যাক্সিক্যাব,26.443154,50.09657
restaurant,إدارة سوق الدمام المركزي,26.446717,50.0666
restaurant,ZAIN AL JAZEERA CHICKEN SHOPDammam sicko,26.440383,50.107216
restaurant,Nahid Fresh Chicken Shop,26.441105,50.100911
restaurant,مطعم سدرالصقر للوجبات الشرقية‎,26.441554,50.106251
restaurant,Seko market,26.440993,50.099828
restaurant,"Fish Market, AlKhobar",26.285972,50.216372
restaurant,Onions and Potatoes Market,26.445731,50.068225
restaurant,Felfel restaurant new,26.44229,50.104289
restaurant,Durrat Al Bhukari Restaurant,26.441148,50.097634
restaurant,আইকনিক রেষ্টুরেন্ট,26.440578,50.099474
restaurant,حلويات بندر عدن الدمام,26.439028,50.097848
restaurant,Saihat Friday Market,26.486232,50.044623
restaurant,سماءاليمن للفخاروالمنتجات اليمنية,26.439373,50.097679
restaurant,بوفية تل الدانة,26.44228,50.10578
mall,Perfumes & Accessories Market - Dammam,26.440175,50.102286
clinic,مركز الرعايه بالعدامه,26.438184,50.101117
mosque,مسجد السوق,26.444675,50.103885
park,أسواق حدائق التوت 达曼中国超市 Chinese market - berry garden market,26.453625,50.064053
restaurant,السيف كافيه الفاخرية,26.360738,50.073025
restaurant,Al-Seef Cafe,26.440313,50.033196
restaurant,Seef Darin seafood Restaurant مطعم سيف دارين,26.309274,50.219047
restaurant,Al-Seef Cafe,26.58436,50.018848
restaurant,Soul Pantry,26.378119,50.190787
restaurant,Cafe!n كافي ان,26.378199,50.207256
restaurant,Ashaz Modern Indian Restaurant,26.362727,50.19648
restaurant,"""سفري"" Cheezycrab تشيزي كراب",26.362623,50.196579
restaurant,AlSaif Express,26.447211,50.061241
restaurant,Barn’s | بارنز,26.386129,50.191887
restaurant,بوفية طاولة السعادة لتقديم الوجبات,26.37885,50.196565
restaurant,عالم السيف للاواني المنزلية,26.44675,50.064043
restaurant,Alseef Fish Restaurant,26.19236,50.541465
restaurant,Al Saif,26.384195,50.205359
restaurant,Simplicity,26.363539,50.198715
restaurant,Fresh N Tasty,26.366087,50.195755
restaurant,Green Bukhari الاخضر البخاري,26.36201,50.195814
restaurant,Maiz Restaurant,26.365669,50.203025
restaurant,Qasr AlMadhbi,26.363604,50.200833
restaurant,Greatza Restaurant | مطعم قريتزا,26.36306,50.199363
restaurant,Manoosha Alreef,26.362506,50.196255
restaurant,Roshm alsharq,26.369819,50.190546
restaurant,Alsaif Gallery,26.364773,50.206744
restaurant,بوفية سحابة الهنا لتقديم الوجبات,26.379672,50.196024
restaurant,YAAS,26.360705,50.206771
restaurant,مقهى شيشة ومطعم ايلاف,26.454943,50.124563
restaurant,Boofiya Hana,26.379613,50.196055
restaurant,Wadi Shawaya Restaurant,26.365919,50.204458
restaurant,Curry leaf restaurant,26.36241,50.19641
restaurant,Indian family restaurant,26.363951,50.202221
restaurant,Octa cafe,26.394648,50.191216
restaurant,Wiso Bakery- الراكة,26.379364,50.195763
restaurant,TEA TIME RAKAH (وقت الشاي),26.366193,50.204123
restaurant,مطعم صبح ومسا,26.364761,50.207235
restaurant,Al Deek Al Romie Restaurant- Rakha Ash Shamaliya,26.364306,50.200418
restaurant,مطعم عنجر للمعجنات والشاورما Anjar Restaurant,26.365509,50.20381
restaurant,Manasiba Restaurant,26.364232,50.202002
restaurant,Diana Lounge ديانا لاونج,26.366358,50.207494
restaurant,Aisha Restaurant,26.365869,50.202898
restaurant,7 Grams Drive Thru - Somou,26.378908,50.196409
mall,Seef Mall (Muharraq),26.254724,50.626385
mall,Seef Mall,26.2325,50.53644
mall,دار عبدالعزيز السيف للعطور,26.302225,50.210855
school,مركز بصمة عباقرة المستقبل,26.366833,50.19033
school,Knowledge Private International School (KPIS),26.37503,50.13353
school,مدرسة الفرسان العالمية knights international school,26.369018,50.188215
school,Evershine International School,26.373176,50.189795
school,askIITians Rakah Centre,26.373271,50.189763
school,Technical Institute of Naval Studies,26.394886,50.177092
school,Kafat Internationel School,26.367015,50.189764
school,Kafat international School Kg Section,26.357161,50.187932
school,AL MAJD SCHOOL- BOYS SECTION,26.360272,50.175112
school,معهد الدراسات الفنية للقوات البحرية,26.394886,50.177092
school,Ibn Majah School,26.364595,50.19021
school,Juventus Academy Dammam,26.378824,50.219359
school,IISDM prep 1,26.366302,50.197319
school,Faculty of Medical Science,26.379851,50.193162
school,روضة براعم الرؤية الاهلية,26.375682,50.187367
school,Yahya Palace,26.370665,50.194517
school,Boys school- Almohandiesien,26.368942,50.226238
school,ابتدائي بنات,26.408378,50.185398
school,مركز ميم النموذجي لضيافة الأطفال,26.379923,50.181185
school,كلية العلوم الطبية التطبيقة CAMS,26.39581,50.192181
school,Abdullah Bin Yasser Primary School,26.358414,50.204134
school,Ramla Bint Abi Sufyan Quranic School,26.359194,50.197062
school,مدرسة السيف الاهلية بنين,29.278471,47.972619
mosque,جامع عبدالعزيز بن صالح بو سبيت,26.381315,50.208114
mosque,مشروع جامع الخطيب,26.385568,50.204659
mosque,جامع الشيخ عبدالله الهاجري,26.380557,50.205073
mosque,Mohammed al-Omair Mosque,26.371563,50.233035
mosque,جامع الشيخ عبداللطيف,26.397596,50.223261
mosque,جامع والدة خالد الفوزان (المعالي),26.371726,50.221883
mosque,Al Seef Mosque,26.236518,50.539271
pharmacy,UCP Pharmacy,26.371471,50.226874
pharmacy,شركة ساجا الصيدلانية,26.31802,50.217293
pharmacy,كلية الصيدلة الإكلينيكية للطالبات,26.388938,50.188085
pharmacy,صيدلية سيما,26.362953,50.199084
pharmacy,Nahdi pharmacy | صيدليه النهدى,26.361624,50.194626
pharmacy,Nahdi pharmacy | صيدليه النهدى,26.371634,50.124133
pharmacy,صيدلية سيف 1,24.779834,46.719404
pharmacy,Care Land كير لاند الخبر - فرع الراكه,26.362844,50.198819
bank,Al saif express,26.447563,50.061132
bank,BSF - Banque Saudi Fransi ATM - Petroleum United Gas Station - Cash withdrawal,26.361637,50.195924
bank,weghgfxz,26.358699,50.201886
bank,NCB,26.368031,50.203643
bank,NCB Quick Pay,26.365382,50.202163
bank,sdfghjkjhbg,26.35229,50.199652
bank,Bank Albilad,26.362861,50.197677
bank,SNB AlAhli ATM,26.390999,50.184884
bank,Enjaz,26.365807,50.203575
bank,SAB الأول,26.364262,50.206952
bank,Quickpay - SNB ALAhli,26.365316,50.202205
bank,SNB AlAhli ATM,26.394313,50.191563
bank,ساب Sabb ATM,26.364683,50.206867
bank,Alinma ATM,26.363995,50.192175
bank,بنك البلاد | مركز عمليات التجارة,26.376687,50.178312
bank,تحويل الراجخي,26.364646,50.200719
bank,SAB الأول,26.343483,50.203278
bank,SNB AlAhli ATM,26.365289,50.202223
restaurant,Al Seef Restaurant,26.451218,50.076463
mall,Seef Souq,26.236251,50.536183
mall,Al Aali Mall,26.232964,50.540474
mall,Zain Bahrain - Seef Mall Isa Town,26.172667,50.547265
school,مدارس السيف,26.392049,50.228122
park,Karbabad Garden,26.240791,50.533203
park,Rakah Public Garden,26.362565,50.194851
park,حديقة فهده,26.371306,50.221199
park,Al Meena'a Park,26.41119,50.188263
park,Asseeb,26.353568,50.099939
park,حديقة المعيبد| Almuaibed Park,26.36604,50.186828
park,An Nawras Park,26.408203,50.183172
park,Al Mada Park,26.389531,50.176105
park,Al Mutanabbi Park,26.41036,50.191571
park,Al Midra garden,26.383934,50.175669
park,تكيّـة هواجيس,26.398589,50.197689
park,حديقة اطفال,26.3931,50.17846
park,Shaybah Park,26.383542,50.170272
park,Karbabad Garden 432,26.232022,50.529871
park,Granada Park,26.359118,50.206023
park,حدائق حمص,26.363225,50.199514
park,Al Sheraa Park,26.379642,50.175806
restaurant,فيستا فايبز لاونج,26.470167,50.12379
restaurant,مطعم روزينا | ROZINA RESTAURANT,26.489906,50.133457
restaurant,بوفية روز الشاطئ لتقديم الوجبات والعصائر والمشروبات ومطبق ومعصوب وعريكة,26.456904,50.127312
restaurant,Okay burger,26.490142,50.133191
restaurant,Hot Taste Burger - Dammam,26.468388,50.123559
restaurant,Qidr Eish Restaurant,26.468483,50.123582
restaurant,Dandara Restaurant,26.476259,50.119086
restaurant,AVENS - Beach,26.497013,50.134245
restaurant,مقهى اكورا لاونج | ACURRA LOUNGE,26.479515,50.132745
restaurant,Kolbeh,26.45383,50.120347
restaurant,Freshhouse فريش هاوس,26.478072,50.132577
restaurant,معجنات ابن الشام,26.467022,50.122448
restaurant,Kebabgy Corner,26.480284,50.132593
restaurant,بوفية ريوق الشاطئ,26.464331,50.123764
restaurant,Shrimp’s Up,26.468536,50.123594
restaurant,SHAWERMAGY,26.462036,50.121243
restaurant,Rawaa Restuarant,26.474361,50.125549
restaurant,Canton | كانتون,26.454849,50.121093
restaurant,Hooka mode cafe,26.479825,50.132567
restaurant,مطعم حجر التنور المُميّز للأكلات الشعبية,26.45501,50.121105
restaurant,مقهى انود,26.479382,50.13268
restaurant,Abu Rakan Food Truck,26.477588,50.133308
restaurant,Awtar Restaurant,26.45288,50.120961
restaurant,VHAGAR Shisha Lounge | فيقار لاونج,26.470065,50.123958
restaurant,Snack Way,26.454577,50.1209
restaurant,كوفي ريف الشرقية,26.454711,50.125842
restaurant,Pianolla Cafe,26.473363,50.13319
restaurant,Takya Burger,26.496816,50.134373
restaurant,Majlis Takya,26.496396,50.134064
restaurant,Kyan,26.455764,50.116809
restaurant,خلية التاج,26.467368,50.122556
school,New kids world,26.495192,50.131955
school,Alnokhba schools,26.459793,50.124511
school,مدرسة الفاروق الإبتدائية بالدمام,26.459857,50.123061
school,مدرسة ماريه القبطية الابتدائيه بنات,26.460026,50.130589
school,شاطئ الردسي Rea Sea Beach فرع لولو الشاطئ,26.459639,50.121791
school,مدرسة لبابة الانصارية رضي الله عنها,26.494712,50.132504
school,American Academy SA,26.472086,50.123426
school,المتوسطة الرابعة عشر بالدمام,26.472436,50.120787
school,Laila School Leptotrichia may Allah be pleased for the memorization of the Koran,26.46714,50.131079
clinic,Eastern smile clinic,26.481556,50.126806
mosque,Nora Mojil Mosque,26.475236,50.130342
mosque,Mubarak Aldossary Mosque,26.484512,50.128798
mosque,Ibtissam Almutawaa Mosque,26.495009,50.132713
mosque,Duha Mosque,26.476516,50.127714
mosque,Enayat Bint Mustafa Bin Yousef Aljundi,26.466615,50.127355
mosque,جامع عبدالرحمن المهاوش,26.491975,50.13046
mosque,Al-Salih Mosque,26.471036,50.131155
mosque,Sheikh Mubarak Al-Hasawi Mosque,26.470964,50.121365
mosque,Albawardi Grand Mosque,26.484924,50.125394
mosque,Madawi Al-Kadi,26.465005,50.123498
mosque,Aljabr Mosque,26.473528,50.118659
mosque,faisl abdullah fouad mother’s masjid,26.478509,50.130009
mosque,Nora Alhamdan Mosque,26.463763,50.130085
mosque,Sami Al-Ja'afari Mosque,26.48329,50.130864
mosque,Al-Naeem Mosque,26.462689,50.120147
mosque,Ahmed bin Rashid Al Dosari Mosque,26.468025,50.120629
mosque,Masjid,26.458816,50.119297
mosque,مصلى,26.497931,50.130624
mosque,مسجد صالح بن غصون,26.459533,50.126951
mosque,Suleiman bin Mohammed Mosque,26.48681,50.131654
mosque,Masjid Husain Bin Abdul Hadi,26.488664,50.129797
mosque,مسجد فاطمة بنت عبدالله الرويس,26.489837,50.132393
mosque,مسجد محمد بن إبراهيم آل ثاني,26.493487,50.125038
mosque,مسجد الوفاء,26.461913,50.123615
mosque,Ruqaiti Mosque,26.480111,50.121524
mosque,Ahle Islam Mosque,26.456592,50.118158
mosque,جامع عبد الله الملا,26.468499,50.118665
mosque,مسجد زياد الصويغ,26.480826,50.124101
mosque,مسجد عائشة,26.471395,50.126166
mosque,Noura Ali Al-Turki Mosque,26.476895,50.118961
mosque,مصلى,26.488917,50.119867
mosque,Prayer Tent,26.4832,50.118508
mosque,Masjid 1,26.458547,50.131765
mosque,خديجة بالحويرث,26.476322,50.121837
mosque,جامع الشيخ عبدالله الملا,26.469427,50.117378
mosque,مسجد مريم الحواس,26.492693,50.127101
mosque,Mohammed Dossary Mosque,26.44904,50.127468
mosque,مسجد الأحمدي,26.465279,50.11826
park,AlShati District Plaza,26.498814,50.130333
park,Whisper walk Dammam,26.48838,50.133986
park,Mamshi Hums,26.488679,50.134103
park,صالون بارك 14,26.45478,50.128232
park,فندق المرجان بارك,26.45493,50.128084
park,Dammam Landmark,26.497556,50.130391
park,طنقع,26.470047,50.123043
park,Damama corniche night way,26.489337,50.134298
park,فندق بارك إن باي راديسون,26.474338,50.132745
pharmacy,صيدلية الدواء,26.557639,50.045468
pharmacy,exceer pharmacy 13,26.474124,50.125528
pharmacy,Pharma home pharmacy shatie صيدلية فارما هوم حى الشاطىء,26.456442,50.129943
bank,Bank Albilad | بنك البلاد,26.453746,50.122079
bank,بنك الجزيرة,26.45495,50.113982
bank,Riyad Bank ATM,26.45471,50.117077
bank,Riyad Bank ATM,26.455236,50.117293
bank,SNB AlAhli ATM,26.456575,50.124688
bank,BSF - Banque Saudi Fransi ATM - Dammam Corniche Branch - Cash Deposit,26.454321,50.118295
bank,SAB الأول,26.454852,50.120625
bank,Fransi Tadawel,26.454392,50.118363
bank,SNB AlAhli ATM,26.454443,50.120153
bank,Emirates NBD ATM & CDM,26.452494,50.126781
bank,SAB الأول,26.454345,50.120514
bank,شركة النايفات للتمويل Nayifat Finance Company,26.456673,50.116638
bank,Dar Al Tamleek Dammam | دار التمليك - الدمام,26.480645,50.11914
bank,anb ATM صراف البنك العربي الوطني - First Street Branch,26.458733,50.1205
bank,صراف البنك الأهلي السعودي,26.474021,50.125155
bank,SNB AlAhli ATM,26.456637,50.117743
bank,anb ATM صراف البنك العربي الوطني - Durrat Alshati Mall,26.490074,50.133736
bank,ncb bank parking,26.455692,50.114468
bank,ANB,26.456841,50.109223
restaurant,الشاطي الشرقي,26.447032,50.095756
restaurant,مشويات الشاطئ للمأكولات الشعبية,26.566125,50.044056
restaurant,مطعم النوخذه الشرقي,26.4366,50.130009
restaurant,Burgerizzr,26.452035,50.128353
restaurant,مطعم اسماك الشرقية,26.42,50.032222
restaurant,Ash Shati Ash Sharqi,26.473151,50.128757
restaurant,Mohalal,26.474535,50.125191
restaurant,Hoka 86,26.469906,50.124564
restaurant,Wafi cafe - Al Shatea Mall,26.454674,50.120716
restaurant,Cheese Skirt,26.477041,50.133216
restaurant,Foul Nour Al-Sabah,26.488682,50.128976
clinic,Elle Beauty Center,26.454978,50.12085
clinic,دايتشن,26.45523,50.120895
clinic,Tamkeen Clinics,26.484057,50.126526
clinic,بيرلا دنت لطب الأسنان | Perla Dent Dental Clinic فرع الدمام,26.456235,50.118486
clinic,Asharqiah Chamber,26.48455,50.126679
clinic,زراعة الاسنان الدكتور ايهاب الغنوم جراحة عيادات رام ومجمع رام الشاطئ,26.45239,50.12373
clinic,عيادة اسنان اللؤلؤة لطب الأسنان,26.453335,50.121606
clinic,وحده صحيه,26.442522,50.124221
clinic,تصافينا المجتمعية للإستشارات التعليمية والتربوية,26.465379,50.122971
clinic,Dr.Kareem Asran,26.452191,50.119124
mosque,Subair home,26.447775,50.119963
mosque,Sheikh Abdulaziz Al-Hussaan Mosque,26.447486,50.123918
mosque,مسجد مصلى,26.485537,50.119019
park,خور الدمام,26.451198,50.132302
park,كورنيش الواجهه,26.485762,50.118351
park,ساحة ظلال,26.455313,50.120422
park,حديقة الواجهه,26.459679,50.132295
restaurant,مطبخ الشروق لتقديم الوجبات,26.426269,50.070773
restaurant,Restaurant and kitchen Sunrise,26.415637,50.065256
restaurant,Meshraq Breakfast Restaurant,26.427224,50.037912
restaurant,الشروق القديم لتقديم الوجبات,26.384388,50.05762
restaurant,Al Shorouq Cafeteria,26.451852,49.802246
mall,مركز الشروق التجاري,26.549223,50.001667
mall,شروق للعبايات,26.445767,50.103038
mall,شروق الدمام للسجاد والموكيت Sunrise Dammam for Carpet and Rugs,26.453064,50.06358
school,شراع الشرق العقارية,26.452263,50.09235
school,Shorouq Al Mamlakah International School - Girls Section,21.250643,40.385016
school,مدارس شروق التربية العالمية,24.559438,46.569681
school,مدرسة السادسة الابتدائية للبنات بالدمام,26.457558,50.090354
school,المتوسطة الثلاثون بالدمام,26.456829,50.090101
mosque,مسجد الشروق - الفرسان,26.363112,49.96944
park,حديقة الشروق,26.415502,50.070533
pharmacy,Elshorouk Pharmacy,31.192163,29.914504
restaurant,Al Shrooq Restaurant,26.384407,50.057646
mall,الرصاصي للعطور | Rasasi Perfumes | النخيل مول - الدمام,26.390487,50.038796
mall,الركن السويسري للساعات,26.454704,50.105672
mall,جوري,26.455002,50.105747
mall,arina/ آرينا,26.45468,50.10557
mall,نخبة العود,26.455063,50.105063
mall,ناتشورال تاتش - Natural Touch,26.455437,50.105812
school,Al Shurooq Secondary Girls School,26.18632,50.478768
school,Shoroq Al-Maarefa Ideal Schools,24.796397,46.767624
clinic,مركز شروق سعيد ناصر القحطاني للتزيين النسائي,26.377869,50.049165
clinic,Badr Medical Group Head Office,26.441163,50.116957
park,حديقة الشروق,26.362824,49.968801
restaurant,شاورما اول لحظة حي الشعلة الدمام,26.35953,50.074286
restaurant,بيت شرق,26.351025,50.093479
restaurant,Tikka n’ Go,26.368534,50.092266
restaurant,Anjar Restaurant مطعم عنجر للمعجنات والشاورما,26.371449,50.086084
restaurant,مطعم فايف للمشويات الشعله,26.351022,50.093844
restaurant,بوفية مذاق الشعله الرائع للوجبات السريعه,26.355187,50.071047
restaurant,ALMUMTAZ,26.371735,50.08652
restaurant,JJ's Shulah | جيجيز الشعلة,26.372135,50.088904
restaurant,Lazona,26.34915,50.050718
restaurant,شرار,26.346979,50.04863
restaurant,Go Burger | جو برجر - الشعلة,26.369334,50.082751
restaurant,Low fat restaurant,26.3611,50.079959
restaurant,بوفية سد الفاخرية ٢,26.353474,50.096784
restaurant,بوفية سد الفاخرية1,26.354138,50.099229
restaurant,بوفيه جاز,26.353744,50.098267
restaurant,فلافل الشعله,26.355976,50.070166
restaurant,دفا وحكاية,26.352172,50.09651
restaurant,فيال الشعلة,26.343798,50.043008
restaurant,Milan Way Cafe and Restaurant,26.366883,50.093657
restaurant,حاشي باشا,26.351097,50.094238
restaurant,نكهات هيونه,26.35271,50.097242
restaurant,برجر مشوي على الفحم,26.356428,50.0764
restaurant,Super chips,26.352356,50.096343
restaurant,حنيذ عمر | Hanith Omar,26.365402,50.094894
restaurant,سِلمْ,26.352472,50.096709
restaurant,بوابة الفلافل الشعلة,26.359797,50.07412
restaurant,ميرلوس للمأكولات البحرية والهندية,26.354438,50.077014
restaurant,مقهى ومحمصة وودز (الدمام) | WOODS Cafe and Roastery (Dammam),26.367816,50.092759
restaurant,مدلل للاكلات الشعبية,26.340257,50.037306
restaurant,ماي دومي - MY DOMI حي الفاخرية - الشعلة,26.352669,50.096391
restaurant,دوشا كيتشن,26.352233,50.094929
restaurant,WARMHOLIC🧸,26.352201,50.095979
restaurant,محمصة ومقهى قاف,26.369726,50.084084
restaurant,همال,26.351891,50.096235
restaurant,Nabil's Maqlooba,26.37142,50.085917
restaurant,CAVO Coffee,26.358512,50.068799
restaurant,London potatos,26.351522,50.090815
restaurant,Fakheriyah Tower,26.353773,50.077424
restaurant,BRGR Dammam,26.369949,50.084318
restaurant,Barn's | بارنز,26.354257,50.099635
restaurant,Herfy,26.359987,50.074005
restaurant,فوال صباح الخير الأفغاني,26.350989,50.093432
restaurant,Qamosh قَموش,26.365309,50.095006
restaurant,صياد,26.351137,50.093917
restaurant,أكواب ساخنة,26.352626,50.096214
restaurant,Kyan Cafe,26.360839,50.073205
restaurant,Peel coffee,26.35103,50.094184
restaurant,بوتاتو - Botato,26.35253,50.097476
restaurant,الشعلة,26.34173,50.079019
mall,سحر التصاميم الشرقية لبديل الرخام - الدمام - المستودع,26.34142,50.084448
mall,اسواق ومخابز هلا حي الشعلة,26.361928,50.07347
mall,مول السمحانية,26.361749,50.070546
mall,المزاود المثالي بلاستيكات منظفات ورقيات,26.351023,50.09354
mall,العبدالكريم بلازا,26.371556,50.089636
mall,Tamimi Markets | أسواق التميمي,26.371198,50.089913
mall,SHOLA SHOPPING MALL | مركز الشعلة,24.676353,46.719127
mall,هوكا ستور للمعسلات,26.366829,50.078735
mall,تموينات فالكم طيب للمواد الغذائية,26.354004,50.099261
mall,Bakala Al Tawfir,26.368689,50.079469
mall,Moona Supermarket (branch-3),26.351136,50.093193
mall,مؤسسة فضائل للمواد الغذائية,26.339863,50.08512
mall,Grand Station,26.372544,50.096113
mall,Ash Shulah,26.35119,50.090743
mall,مطاحن ومحامص كيف الندى,26.367223,50.077148
mall,Darah Hills,26.35169,50.09715
mall,مستودع قوالب لبيع الشمع الخام ومستلزمات صناعة الشموع,26.369696,50.078741
mall,مكتبة وقرطاسية نور العلوم,26.365443,50.094466
mall,Nadia sheani,26.35119,50.090743
mall,ألعاب عزوز حي الفاخرية,26.365008,50.075897
mall,القرينيس للعود,26.366584,50.076379
school,مدارس مشكاة الشعلة الأهلية للبنات والبنين,26.363664,50.088623
school,ابتدائية مشكاة الشعلة للبنات,26.364182,50.087468
school,روائع تربوية,26.36383,50.091304
school,Saeed Bin Amer Elementary School,26.368589,50.089844
school,حضانة لقيا لرعاية الأطفال,26.348076,50.089715
school,مجمع مدارس أشبال التميز الأهلية - الدمام,26.356864,50.074702
school,مدرسة بنتي,26.3647,50.08739
school,مدرسة سلافة الأنصارية رضي الله عنها لتحفيظ القرآن الكريم,26.366273,50.091036
school,متوسطة نسيبة بنت كعب بالدمام,26.368544,50.089729
school,Dubai Company,26.360521,50.074491
school,.,26.361411,50.079548
school,ثانوية ابو سفيان بن الحارث بالدمام,26.354687,50.097544
school,متوسطه نسيبه بنت كعب,26.368127,50.089954
school,مركز غرس المستقبل ضيافة الأطفال الأهلية,26.355282,50.098544
school,مدرسة ابراهيم بن قيس,26.366818,50.091108
school,Marvels child care,26.364013,50.091217
school,قوس و غيم لضيافة الأطفال,26.348442,50.098952
school,ابتدائية سعيد بن عامر,26.367882,50.089636
school,روضة فايف ديز الأهلية,26.357609,50.076062
school,مركز إبتكر وتعلم لضيافة الأطفال,26.350541,50.075364
school,مركز بريق امل لضيافة الاطفال,26.355794,50.075001
school,اكاديمية امباير لكرة القدم ( الشعله - الفاخريه ),26.361962,50.080257
school,The 38th Middle School (Girls),26.36862,50.089819
school,مركز افكار الغد,26.362023,50.078746
school,مخابز وحلويات أموند فرع الشعلة,26.35929,50.074993
school,ابو يزن,26.346597,50.085732
clinic,Clinic,26.339752,50.076332
mosque,جامع الشيخ أحمد عبداللطيف البدر,26.345458,50.079747
mosque,Mosque,26.339521,50.076461
mosque,مسجد الدوحية,26.358233,50.092225
mosque,جامع العزة,26.355807,50.062602
mosque,Thankful mosque,26.364993,50.094112
mosque,Um Khaled Muhaidib Mosque,26.344726,50.08396
mosque,جامع النعمي لوالديه رحمهم الله,26.355865,50.097208
mosque,مسجد مصلى,26.343882,50.078346
mosque,مسجد حصة الراشد الفاخرية,26.359463,50.077737
mosque,مسجد حي الرحاب,26.364662,50.081046
mosque,Masjid,26.361618,50.093714
park,ممشى الشعلة,26.356192,50.07536
park,Laial park,26.356555,50.092286
park,حديقة الفاخرية ١,26.369603,50.090927
park,حديقة الفاخرية,26.365699,50.09059
park,حديقه البشاير,26.344854,50.095188
park,شتوية الشعله الفخمه,26.353363,50.099932
pharmacy,صيدلية روشن الصحة الطبية,26.349615,50.074331
pharmacy,صيدلية الدواء,26.360389,50.073778
pharmacy,صيدلية الدواء,26.363172,50.096112
pharmacy,Nahdi pharmacy | صيدليه النهدى,26.342516,50.041015
pharmacy,nma shouq,26.355829,50.099138
pharmacy,صيدلية الدواء,26.349148,50.051018
pharmacy,صيدلية رام الفاخرية,26.360584,50.074247
pharmacy,Nahdi pharmacy,26.353171,50.096376
bank,BSF - Banque Saudi Fransi ATM - Aldrees Alfakriah Gas Station - Cash withdrawal,26.373315,50.090872
bank,SNB Alahli,26.372312,50.085313
bank,SAB الأول,26.350286,50.074011
bank,صراف الإنماء | Alinma ATM,26.35407,50.099499
bank,SNB AlAhli ATM,26.361892,50.096719
bank,Mobily Store - فرع موبايلي,26.362102,50.073194
bank,BSF - Banque Saudi Fransi ATM - Alfakhriyah Gas Station (Fuel Way) - Cash withdrawal,26.364702,50.095473
bank,الفزعة العجلة,26.354587,50.076932
bank,SAB الأول,26.364374,50.0713
bank,SNB AlAhli ATM,26.370724,50.082676
bank,SAB الأول,26.333099,50.08534
bank,Alinma ATM,26.36183,50.072839
bank,SNB AlAhli ATM,26.364438,50.071437
bank,Ewaa fakhriya yard,26.339724,50.060588
bank,SAB الأول,26.363151,50.06323
bank,Alinma Bank | مصرف الإنماء,26.328737,50.107414
bank,Riyad Bank ATM,26.366552,50.076057
bank,Al Rajhi Bank,26.346453,50.119987
bank,Banque Saudi Fransi,26.377266,50.089765
bank,صراف بنك الجزيره,26.349662,50.051938
bank,SNB AlAhli ATM,26.36299,50.063425
bank,مصرف الراجحي,26.380215,50.086618
restaurant,راعي البروستد فرع الشعلة الدمام,26.362531,50.072733
restaurant,بخاري,26.346923,50.054046
restaurant,Al Shoala Restaurant,26.267263,50.615811
mall,اسواق ومخابز الساحل الشرقي,26.353918,50.098728
mall,أسواق و مخابز زاد الخير,26.353035,50.077882
mall,أسواق ومخابز هلا العوالي,26.353489,50.097702
mall,Al Thuraya Plaza,26.365262,50.094816
mall,سوق الأحد الشعبي بسيهات,26.479356,50.058652
mall,أسواق المزرعة - حي الشعلة,26.357857,50.069211
clinic,مؤسسة سعاد وصل عياده السريحي للتكييف والتبريد,26.362388,50.072165
clinic,مجمع عيادات رام الطبي - الفاخرية,26.36092,50.074401
clinic,سلس الشعلة┃Salis,26.363958,50.095709
clinic,عيادات الشعلة الطبية,31.985108,35.949383
clinic,مركز انجل للتخاطب,26.3575,50.075923
clinic,مركز فيم للرعاية الطبية المنزلية | Fame Home Medical Care Center,26.357616,50.076048
clinic,د.عباس علي،، أخصائي تركيبات وتجميل الأسنان عيادات رام الفاخريه,26.360887,50.074426
clinic,مشغل الملاك للتزين النسائي,26.346199,50.091817
clinic,مركز إجادة للتخاطب والنطق والبلع والتأهيل النفسي,26.354649,50.076909
clinic,عيادة اتخاذ القرار للاستشارات النفسية,26.369813,50.065858
clinic,مجمع الدواء التخصصي الطبي للأطفال,26.36323,50.072919
clinic,HH Specialized Autism Center,26.36473,50.101208
clinic,عيادة امراض القلب والاوعية الدموية Cardiology clinic,26.363915,50.074169
clinic,عيادات النهدي كير| Alnahdi care,26.353071,50.096283
clinic,مركز فيزيو ريهاب للعلاج الطبيعي Physiorehab - الدمام,26.363916,50.095814
clinic,مركز حياة الطفل للتاهيل الطبي,26.359654,50.053455
clinic,Child's Will Physiotherapy and Rehabilitation Center مركز ارادة الطفل للعلاج الطبيعي والتأهيل,26.381927,50.103479
clinic,مركز بصمة ذكاء,26.343001,50.054236
clinic,مساج قمة الهدوء|Top Relax Spa,26.362579,50.07269
clinic,عيادة وازن حياتك بصيدلية النهدي Wazen Hayatak,26.369643,50.081282
clinic,مغربي للبصريات - الدمام حي الشعلة,26.353341,50.060573
mosque,جامع الشعله,26.348243,50.09698
mosque,مصلى,26.346947,50.086581
mosque,Mosque Ali AlSughaiyer,26.348857,50.06374
mosque,جامع الشيخ محمد بن عسكر الهاجري,26.363419,50.085577
mosque,مسجد دار السلام,26.364454,50.081002
mosque,مسجد,26.334797,50.042455
mosque,مسجد اروى بنت عبدالمطلب رضي الله عنها,26.347087,50.089523
mosque,مسجد ابتسام المهيدب,26.348753,50.093729
mosque,Abdullah bin abi Bakr mosque,26.345431,50.095143
mosque,مسجد,26.367932,50.081561
mosque,مسجد خالد بن الوليد,26.347767,50.09984
mosque,مسجد,26.330429,50.041638
mosque,مسجد زيد بن عبدالله آل سليمان,26.36028,50.088766
mosque,جامع أنيسة عبدالله فؤاد ابوبشيت,26.360252,50.070304
mosque,مسجد الخضيري,26.354935,50.07191
mosque,جامع الذكر,26.370796,50.087323
mosque,Haila Nayef Al Harbi Mosque,26.354382,50.075484
mosque,مسجد السويدي,26.365893,50.091044
mosque,مسجد الشيخ/ أحمد عثمان العثمان رحمه الله,26.361779,50.093711
mosque,جامع الامام البخاري,26.359157,50.095394
mosque,مسجد مشاري المهيزعي ووالديه,26.353658,50.09341
mosque,مسجد منيره الهاجري,26.350679,50.076225
mosque,مسجد رويدة البقاعي,26.363555,50.074885
mosque,مسجد الشيخ فهد المهوس,26.367936,50.081704
mosque,مسجد,26.350499,50.098799
mosque,Lulua Nasser AlShamali Mosque,26.37257,50.081936
mosque,مسجد عبدالله ابن روضه,26.348755,50.058865
restaurant,ANWAR SAFA RESTAURANT,26.454575,50.069939
restaurant,شركة مطعم محمد الصفار,26.46219,50.032721
restaurant,Domino's Pizza دومينوز بيتزا,26.388076,50.178231
restaurant,الميز,26.395354,50.182295
restaurant,Barn’s,26.389352,50.178054
restaurant,دانكن,26.38824,50.187575
mall,Alsafa Commercial Center,26.379864,50.182511
mall,Al Safa Basket Shopping Center,26.387489,50.178175
school,Al- Safa Private Schools,26.649042,49.963244
school,حضانة وروضة براعم الصفا,26.377603,50.185555
school,حضانة وردي و أزرق,26.375797,50.182668
school,مدرسه ام المؤمنين حفصه,26.391327,50.181003
school,Al Safa,26.38969,50.182001
school,مؤسسة التخطيط الخليجي للمقاولات والعقارات,26.365491,50.196204
mosque,"Masjid, Al Safa",26.388987,50.179864
pharmacy,Daan Al Taif Pharmacy,26.38325,50.178337
restaurant,Broast Al Safa بروست الصفا,26.357238,50.045953
restaurant,مطعم صفا SAFA RESTAURANT,30.986079,41.022677
restaurant,Al Safa Kerala Restaurant,21.572825,39.205698
restaurant,BROAST SAFA AL MADINA SADIYAN,27.541679,41.696942
restaurant,Safa Al Marwa Restaurant,29.256511,47.934156
restaurant,Rayat AlGhadeer Restaurant - مطعم رايات الغدير,26.477534,50.049563
restaurant,Boys Ground Cafeteria,26.381801,50.183338
restaurant,Safa Al madinah,27.553643,41.677495
restaurant,La vida لاڤيدا,26.487232,50.051184
restaurant,Prestige Time,26.477563,50.049438
mall,شركة الصفا المحدودة للأواني المنزلية,26.44907,50.095391
mall,جواهر روز,26.461272,50.064905
mall,كويز,26.46131,50.064955
mall,تاج حراير,26.461301,50.064939
mall,فاشن ديزاين للعبايات,26.461974,50.065697
mall,zyros | زايروس,26.461618,50.064623
mall,مونسونا أطفال,26.461236,50.06496
mall,ONTIME,26.4617,50.0647
mall,Gingersnaps - Dareen Mall,26.461167,50.064874
mall,فايلت,26.461321,50.06492
school,Al Safa Private School,26.665746,49.950726
park,Al-Safa Garden,26.381155,50.182286
restaurant,مطعم مندي ومحمر لتقديم الوجبات,26.235171,49.988867
restaurant,فوال ثمرات النخيل الدمام المنطقة الصناعية الثانية,26.215175,49.935322
restaurant,Sakbe Restaurant,26.245412,49.98157
restaurant,Golden Oven Bokhari Restaurant,26.23855,49.972048
restaurant,مطعم قصر المظبي,26.235056,49.988966
restaurant,Unlimited Tikka,26.240937,49.997998
restaurant,Rakan Al-Bukhari Restaurants,26.245417,49.981711
restaurant,عالخفيف | Alkhafeef,26.234934,49.989315
restaurant,Modon Lake Restaurant,26.236602,49.969575
restaurant,Eastern Delight,26.236981,49.96968
restaurant,Mandi Restaurant,26.231587,49.987637
restaurant,Harakat al barakat restaurant,26.236772,49.969855
restaurant,فوال نور الصباح,26.245313,49.981563
restaurant,Apsara Restaurant,26.241052,49.974508
restaurant,بوفية ركن الشاطئ,26.233287,49.989133
restaurant,معطم ديس برديس,26.446985,50.026634
restaurant,مشويات اللذيذ,26.233436,49.989234
restaurant,Mehmoona Restaurant,26.241108,49.974362
restaurant,Nouf Restaurant,26.238631,49.971764
restaurant,كفتيريا و بوفيه جبل الزيتون,26.244879,49.981288
restaurant,Chemistry Coffee كيمستري كوفي,26.34588,50.046341
restaurant,مطعم المندي الاصلي,26.24463,49.981515
restaurant,Healthy & Fitness Central Kitchen - المطبخ المركزي لــ هيلثي آند فيتنيس,26.460613,50.050235
restaurant,McDonald's,26.234557,49.988319
restaurant,Iconic restaurant 1,26.238334,49.971849
restaurant,Iconic Restaurant 3,26.236172,49.969727
restaurant,RESTAURANT RUKAN MULTAN (مطعم ركن ملتان(بخاري,26.241292,49.974259
restaurant,Asian Restaurant,26.236138,49.970266
restaurant,Taj Al Masi Broasted,26.241164,49.974255
restaurant,Tahsliya (2nd Industrial Area),26.211611,49.94331
restaurant,Cerus Advertising Agency (workshop),26.234689,49.997241
restaurant,FUNNY DUCK,26.244819,49.981366
restaurant,Fast food restaurant,26.245208,49.981576
restaurant,The Sheikh of Grilled Lamb Restaurant,26.467711,50.00709
restaurant,KFC,26.244753,49.981515
restaurant,مطاعم ليالي الخليج,26.215842,49.926622
restaurant,Maimoona Restaurant,26.236598,49.969423
restaurant,Spices wave Restaurant,26.215905,49.937
restaurant,مصنع,26.270664,49.971585
restaurant,بروستد ركن الدوك,26.329286,50.004238
restaurant,REEM AL BALAD,26.206988,49.956549
restaurant,Modon Café,26.23336,49.98726
restaurant,مطعم البخاري الطازج,26.217297,49.926481
restaurant,Al Tanour Restaurants Awjam,26.552765,49.956544
mall,CITY GATE HYPER MART,26.241188,49.973871
mall,المدينة الصناعية الثانية بالدمام - مدن Dammam 2nd industrial city - Modon,26.246807,49.983022
mall,شركه متاجر العروض التجارية فرع (3),26.29582,50.032938
mall,شركة فينال للسيراميك والبورسلان (فرع الدمام),26.494591,49.97802
school,المعهد الصناعي الثانوي بنين بالصناعية الثانية بالدمام,26.265325,49.988736
clinic,MOD vaccine center,26.320713,50.020736
clinic,مركز الرعاية الأولية بحي النور,26.427211,50.01632
clinic,VIP clinic,26.320417,50.01987
clinic,مركز صحي الندى,26.371473,50.066764
clinic,Al Wadi Dispensarie Clinic,26.383273,50.018705
clinic,Muqbil's shisha spoy,26.349335,49.997771
clinic,مركز الصحة الأولية حي النور,26.427363,50.016368
clinic,مستوصف الملاحة,26.513308,49.99528
clinic,مركز صحي حي بدر الغربي٢,26.417121,50.018473
clinic,بوابة الطوارئ,26.410903,50.009671
clinic,Maxillo Facial Surgery,26.320834,50.020799
clinic,محمع الحصن المنيع الطبي,26.411409,50.004633
mosque,جامع المدينة الصناعية الثانية,26.246514,49.980469
mosque,جامع الـ مُشرّف,26.336445,50.007994
mosque,Dammam 2nd industry 34324,26.29145,49.959922
mosque,مسجد,26.231969,49.988007
park,MODON Lake park,26.250202,49.985752
park,modan,26.23716,49.971431
park,Logistic Park,26.240361,49.991571
park,Himmah Consortium شركة تضامن الهمة,26.233768,49.987159
park,Abdulla Fouad Oil & Gas Park,26.270321,49.98867
park,Astra Polymers Compounding Co.,26.234555,49.988033
park,Modon Lake,26.226258,49.974508
park,Saudi Mix Company,26.226086,49.978112
park,القحطاني للذبايح بأنواعه,26.294567,49.9854
park,Eastern pack,26.257026,49.983029
park,عزبت بني صندل,26.261284,49.909807
park,Baker Hughes Dammam Car Park,26.250202,49.985752
park,Blu Business Park مجمع بلو للاعمال,26.234615,49.988088
park,Delmon Chemical Industries,26.244855,49.98967
park,Heet Industrial Company,26.23702,49.988274
park,NSH & PETROCHEM CAMP,26.238204,49.967451
park,المدينة الصناعية الثالثة بالدمام - مدن Dammam 3rd industrial city - Modon,25.93403,49.963499
park,Chandpur matalb North,26.250794,49.97362
pharmacy,صيدلية,26.243512,49.983482
pharmacy,صيدلية الدواء,26.337276,49.998918
pharmacy,صيدلية الدواء,26.358521,50.044284
pharmacy,صيدلية الدواء,26.365298,50.031192
pharmacy,صيدلية الدواء,26.363533,50.071258
pharmacy,United Pharmacy - صيدلية المتحدة,26.368939,50.058525
pharmacy,صيدلية الدواء,26.36256,50.07212
pharmacy,صيدلية الدواء,26.372786,50.086146
pharmacy,Montajat Pharmaceuticals,26.254133,49.986075
pharmacy,Sika Headoffice,26.235843,49.979302
pharmacy,Al Razi Pharmaceutical Company,26.256572,49.96833
pharmacy,Hive/Cell And Honey Pharmacy,26.236082,49.970139
pharmacy,HIVE & HONEY MEDICAL PHARMACY,26.236037,49.970277
pharmacy,Near Al Dawa Pharmacy,26.34616,50.040957
pharmacy,نينجا فرع الظهران,26.375746,50.08792
pharmacy,صيدلية الدواء,26.346667,50.044551
pharmacy,Nahdi pharmacy | صيدليه النهدى,26.339813,50.007812
pharmacy,صيدلية اكسير 17 exceer pharmacy,26.384578,50.096789
pharmacy,صيدلية المتحدة,26.32893,50.004414
pharmacy,Nahdi pharmacy | صيدليه النهدى,26.360442,50.066299
pharmacy,Tabuk Pharmaceuticals Manufacturing Company/Dammam site,26.235284,49.976017
bank,Enjaz Bank &ATM,26.23704,49.969301
bank,NCB BANK,26.241234,49.974023
bank,The Saudi Investment Bank ATM,26.234033,49.984617
bank,SNB AlAhli ATM,26.241197,49.974089
bank,SAB الأول,26.367164,50.033987
bank,Quick Pay 2nd industrial City,26.240745,49.97422
bank,TeleMoney anb | تلي موني العربي - Dammam,26.245306,49.981799
bank,Second Industry Center Acco,26.236965,49.969693
bank,Tahweel Al Rajhi,26.235187,49.989688
bank,Fawri,26.240938,49.974438
bank,SNB AlAhli ATM,26.368024,50.052891
bank,SNB AlAhli ATM,26.346412,50.047451
bank,Sea sky forklift mechanic,26.443545,50.029105
bank,Riyad Bank ATM,26.21948,50.01604
bank,SNB AlAhli ATM,26.238187,49.985687
bank,Riyad Bank ATM,26.21764,50.01732
bank,The Saudi Investment Bank ATM,26.215248,49.955044
bank,البنك العربي الوطني,26.246158,49.98289
restaurant,مطاعم شواية الشاطئ البخاري,26.233197,49.989048
restaurant,Sanam Al Noor Restaurant,26.228055,49.976893
restaurant,قمر الضواحي,26.241386,49.974095
restaurant,Pinehill Arabia Food Ltd Dammam,26.228285,49.976424
restaurant,Muntazah Food Manufacturing Co.,26.227698,49.975733
restaurant,مطعم مثلث البخاري,26.457752,50.017349
restaurant,مطاعم ضواحي نجد البخاري لتقديم الوجبات,26.463307,50.012195
restaurant,حكاية,26.250202,49.985752
restaurant,مطعم صاج سبأ(فرع النابيه),26.467607,50.017828
restaurant,Kudu - Raya Business Center,26.234868,49.989153
restaurant,ما تدون كيتشن,26.256988,49.971252
restaurant,Eastern delight restaurant,26.256988,49.971252
restaurant,Asian Restaurant Branch 2,26.233713,49.980278
restaurant,مطعم هندي باكستاني,26.238547,49.97163
restaurant,Our Hamat transportation company.,26.273862,49.988279
restaurant,Noorah bakery,26.238235,49.972167
restaurant,مطعم خیبر دربار,26.459046,50.014353
restaurant,LAYALI ALSENAIA RESTAURANT,27.082093,49.556056
restaurant,Pakistani Hotel. مطعم نكهات السند لتقديم الوجبات,26.461063,50.011438
clinic,National cleaning company,26.233886,49.985025
clinic,حجامة الدمام ( ابو البراء ),26.321189,49.986087
clinic,مؤسسة الانعام البيطرية صيدلية عيادة مختبر,26.342684,49.956929
clinic,Gulf Steel Factory Co.,26.269597,49.980045
clinic,Ozone Clinics,27.130063,49.568812
clinic,Saudi Formica Sheets Company,26.237482,49.98085
clinic,مجمع محمد سليمان الخنيني الطبي,27.014296,49.636604
clinic,موسسة ميسان البيطريه (صيدلية وعيادة ),26.341787,49.957173
clinic,صيدلية درع الأمل ٢ البيطرية,26.343617,49.956859
clinic,Rowan Drilling Company (RDC Arabia Drilling) Warehouse,26.246966,49.990539
clinic,John Crane,26.256011,49.991845
clinic,ALFarabY Medical Group First Industrial Area,26.401214,50.138971
park,MODAN Lake بحيرة مدن,26.225368,49.975118
park,حديقة المدينة الصناعية الثانية,26.246024,49.981898
park,حديقة المدينة الصناعية الثانية,26.237087,49.971592
restaurant,مطعم خاتم,26.427483,50.043045
restaurant,Dammam,26.432874,50.049183
restaurant,دوح وشاهي فرع الدمام,26.411481,50.056604
restaurant,بوفية قلعة الضباب,26.427833,50.047885
restaurant,مشويات بـرق الرافدين,26.411373,50.056656
restaurant,فوال ريوق الطائف,26.414701,50.053071
restaurant,Jeddah Restaurant,26.42126,50.075047
restaurant,مطعم نص مقمر,26.410773,50.057352
restaurant,Lazez Zaiqa Family Restaurant,26.431929,50.043621
restaurant,Dhalla - Ghanam Souq -Al Dabbab,26.433008,50.044968
restaurant,Brisa cafe,26.427037,50.044003
restaurant,مطاعم جمهور الشعبيات للاكلات السعودية اليمنية,26.412995,50.054383
restaurant,Masa Restaurant Bukhari Anbar,26.409866,50.057018
restaurant,Hungerstation Kitchens - Dabbab,26.409609,50.058225
restaurant,Dhaka Hotel,26.462821,50.012809
restaurant,Madina Hotel,26.426983,50.068179
restaurant,Pakistani Restaurant Eastern Deserts,26.431929,50.043621
restaurant,Falafel Pie | فطيرة الفلافل,26.41137,50.056725
restaurant,Freij Abu Issa Seafood Restaurant,26.406644,50.05952
restaurant,Mantorose Cafe,26.414627,50.053997
restaurant,برجر مشوي على الفحم 71 دمام,26.413598,50.053824
restaurant,مطاعم شباب البخاري,26.409229,50.034208
restaurant,Grilled burger,26.409838,50.05712
mall,لمسة داري فرع الدمام,26.427603,50.043289
mall,Noon Warehouse- Dammam Gateway,26.415443,50.05579
mall,نكهة ايس,26.424501,50.059015
mall,Shisha shops dammam,26.424676,50.058478
mall,Mohammed Alshawi,26.424648,50.061789
mall,Al Dabab,26.41676,50.059668
mall,ركن الرحلات الفيصلية,26.404801,50.062251
school,قسم التقنية الكيميائية - فرع الكلية التقنية,26.421132,50.064963
school,مركز زاوية الفرح لضيافة الاطفال الاهلية,26.407771,50.049792
school,مدرسة أروى الأنصارية القرآنية,26.412328,50.057305
school,SHAHEEN ACADEMY AL-KHOBAR/ DAMMAM,26.320362,50.187846
school,مدارس منار المستقبل الأهلية,26.407682,50.050415
school,Manar Almostaqbal Intermediate School,26.404514,50.054166
school,متوسطة مجمع الامير محمد بن فهد التعليمي,26.41466,50.045015
school,Girls Primary School 33,26.422999,50.069473
school,مركز جنان الطفوله لضيافة الاطفال,26.403756,50.05809
clinic,safwat al muhaidib uhud,26.426475,50.043462
clinic,عيادة د فادي فاروق,26.410008,50.045686
clinic,CHAM DENTAL & DERMA CLINICS,26.398196,50.04735
clinic,دنتل أفنيو,26.411531,50.056488
clinic,Bella Physiotherapy Center مركز بيلا التخصصي للعلاج الطبيعي,26.405189,50.051597
clinic,عيادة التثقيف الصحية بالنهدي-wazen hyatak,26.409851,50.080311
mosque,Turki Mosque,26.414031,50.059947
mosque,جامع ،محمد غانم البلوي,26.432381,50.049134
mosque,STP Masjid,26.417311,50.056217
mosque,Al Kawthar Mosque,26.409719,50.062334
mosque,مصلى,26.428894,50.049374
mosque,مسجد الشقاوي,26.416125,50.062047
mosque,مصلى,26.430345,50.049305
mosque,جامع نعمة بنت سالم اليامي,26.421682,50.038558
mosque,Habis Bin Saad Mosque,26.412979,50.053241
mosque,Nawaf al-'Allush mosque,26.423113,50.034724
mosque,Abdul Malik bin Marwan Mosque,26.408726,50.056639
mosque,Al Hamadi Mosque,26.410556,50.043668
bank,ADNOC Service Station | Al Dabbab District (2051),26.413936,50.054514
bank,جادة 30 الدمام,26.411141,50.064717
bank,AlRajhi Bank ATM,26.430647,50.042104
bank,BSF - Banque Saudi Fransi ATM - Faisaliya Branch - Cash & COIN Deposit,26.399497,50.065792
bank,الشركة السعودية للتمويل,26.402307,50.050777
bank,aljazira ATM,26.409304,50.058555
bank,BSF - Banque Saudi Fransi ATM - Faisaliya Branch - Self Service Card Printing,26.399496,50.065798
restaurant,فوال الطائف,26.43286,50.044706
restaurant,بوفية حدائق لبنان لجميع أنواع السندوتشات والعصيرات الطازجة,26.431079,50.042694
restaurant,مطعم الإيوان,26.431828,50.043499
restaurant,نافذة لذة البرجر,26.40832,50.058392
restaurant,باب الكوفة بروستد,26.432541,50.044385
restaurant,بوفيه سلمان,26.409553,50.05884
restaurant,مطعم اكبر بخاري,26.431348,50.043021
restaurant,لونج ومقهي جمرة وهواء,26.425763,50.058174
restaurant,مطعم قمة الضباب,26.347138,43.952203
restaurant,lahza | لحظة,26.410066,50.056846
restaurant,KFC,26.427437,50.042938
restaurant,بوفية درة الخيال,26.407623,50.05994
restaurant,معجنات عوافي,26.410566,50.052134
restaurant,Tim Hortons Mazaya Dabab,26.414152,50.054469
restaurant,مطعم مزاحم للاكلات الشعبيه,26.414701,50.053071
restaurant,عبد الرحمن محمد سلطان,26.410528,50.056611
mall,اسواق النخبة الدمام شارع عمر بن الخطاب,26.410267,50.057705
mall,Taqat,26.407812,50.061437
school,Jalawi bin Msaad Elementary School,26.403902,50.066138
school,مدرسة عكاظ,26.426475,50.043462
school,ابتدائية مجمع عقبة بن عامر التعليمي,26.411489,50.027148
school,مدرسة أبي حنيفة الابتدائية,26.417099,50.084948
clinic,عيادات تجميل الاسنان,26.403454,50.038707
clinic,عيادات ايسمايل لطب الأسنان,26.424771,50.044286
clinic,الصيدلية البيطرية الغربيه (د ابراهيم البيطري),26.432479,50.044315
restaurant,معصوب صحاري حي الطبيشي,26.433792,50.126049
restaurant,برجر مشوي على الفحم,26.436808,50.123941
restaurant,Road Café | قهوة الطريق,26.439735,50.118226
restaurant,Makbous Express,26.440883,50.123745
restaurant,اقاشي - سيرية الاميرة,26.440188,50.124937
restaurant,Fatima Rrestaurant - Al Tubayshi,26.437608,50.120589
restaurant,Food Choice Co. (Administration Office),26.436449,50.124017
restaurant,LOSHi SUSHi,26.349195,50.050804
restaurant,Marassi Al Shouq Restaurant,26.363987,50.192179
restaurant,سناك لاند Snack Land,26.436917,50.123694
restaurant,مطعم صواني شرقية - فرع الدمام (1),26.440368,50.124141
restaurant,بوفية شاي الفجر,26.43834,50.119163
restaurant,مطعم بست هيلثي الدمام Best Healthy,26.440984,50.123847
restaurant,مطعم سمك وهج للمأكولات البحرية ( العجير سابقاً ),26.438225,50.122315
restaurant,Stop & Taste - Dammam قف وتذوق شاورما ومشويات,26.440086,50.12459
restaurant,مطعم ثمار المائدة للمأكولات البحرية,26.440187,50.124923
restaurant,AlBandar Catering,26.432436,50.120307
restaurant,SALT & PEPPER RESTAURANT,26.439775,50.125667
restaurant,Abu Helal restaurant,26.440363,50.124585
restaurant,مطعم بلودان للمشويات,26.437624,50.129063
mall,Danube,26.430245,50.118981
mall,Nana shopping Centre,26.433443,50.11988
school,مدرستي,26.432683,50.123353
school,Al-masraa Primary School,26.434822,50.123083
school,مركز التحدي للرعاية النهارية,26.431497,50.121798
school,Abdul Moiz school,26.436897,50.125962
school,روضة اطفال جمعية السكة الحديد,26.43344,50.128614
school,فصل 3/6,26.443236,50.125514
school,مركز تنمية الطفل لذوي الإحتياجات الخاصة,26.443403,50.130941
school,مركز اشبال الغد لضيافة الاطفال,26.438699,50.127925
school,24th High School for Girls,26.422735,50.122043
school,Academy of Learning,26.437541,50.118282
school,المدرسة الابتدائية الرابعة للبنات بالدمام,26.443718,50.116244
school,المتوسطة الخامسة للبنات بالدمام,26.444347,50.125919
school,متوسطة الناصرية,26.424859,50.121347
school,مدارس رياض المعرفة الأهلية المتوسطة بالدمام,26.440902,50.12904
school,مدرسة حفصة بنت عمر لتحفيظ القرآن,26.441894,50.126443
clinic,Al Tubayshi,26.435234,50.122639
clinic,Badr al rabie medical centre,26.441159,50.116594
clinic,مركز إشراقة الغد للإرشاد النفسي و الأسري,26.442481,50.121215
clinic,التداوي للحجامة,26.448378,50.12329
clinic,Al-Rahman Medical Charitable Society,26.413973,50.121224
clinic,Tatmman clinics | عيادات تطمن,26.417506,50.113269
clinic,Tha phone clinic,26.44244,50.104633
clinic,الضاحيه,26.443027,50.124589
mosque,جامع سكة الحديد,26.432347,50.128268
pharmacy,Oxygen Alhyah Medical Co,26.431418,50.116373
bank,Enjaz Money Transfer,26.435446,50.126139
bank,BSF - Banque Saudi Fransi ATM - Danub Al - Mazruiyah - Cash withdrawal,26.430373,50.119083
bank,anb ATM صراف البنك العربي الوطني - Alrawdah Hospital,26.435395,50.118457
bank,Al Rajhi Bank ATM,26.435016,50.107742
bank,Corporate Office - Aljomaih Automotive | الجميح للسيارات - المكتب الرئيسي,26.438272,50.11674
bank,Al Rajhi Bank ATM,26.442418,50.106982
bank,صراف البلاد,26.436272,50.124756
restaurant,مطابخ و محانذ حكاية الريشي,26.364263,50.045771
restaurant,مطعم شواية المذاق بخاري,26.437827,50.128098
restaurant,Le Munchy’s,26.443252,50.09596
restaurant,Shekhdar Restaurants,26.364431,50.046117
restaurant,مطعم حبشي بالدمام حي العدامه,26.437,50.098975
restaurant,TeaLeaf,26.432033,50.12298
restaurant,MUHABATH RESTAURANT,26.440299,50.117749
restaurant,Ifrane Restaurant,26.438904,50.126848
restaurant,Turkistachio,26.381513,50.103426
restaurant,YeYe Burger - Ye Ye Burger,26.435217,50.116799
restaurant,جدر مندي الحسا- فرع المزروعية,26.439199,50.126428
restaurant,ارض الوجبات,26.436867,50.123907
restaurant,قلعة عمّان,26.440225,50.124859
restaurant,Sanabel Al Shaam,26.440145,50.124502
restaurant,بوفية لذائذ المتخصصون 2,26.440317,50.123255
mall,nichii - Al Nakheel Mall Dammam,26.391353,50.037684
mall,Villeroy & Boch Outlet - Al Shatea Mall,26.454937,50.120506
mall,بيوتي سيكرتس - Beauty Secrets,26.462483,50.064998
mall,Splash - Al Shatea Mall Dammam,26.454562,50.120509
school,مجمع 15 الطبيشي,26.436937,50.121688
school,ضوء المستقبل للتعليم _ Future Education,26.43329,50.12504
clinic,تميز الرعاية الطبية | EXCELLENCE MEDICAL CARE,26.437105,50.118274
clinic,مأذون الأنكحة الشرعية أحمد ثابت عسيري,26.413707,50.122459
clinic,Doctors and nurses housing,26.409139,50.103478
restaurant,Freshhouse فريش هاوس,26.3091,50.128391
restaurant,Azal,26.304584,50.170135
restaurant,Canton | كانتون,26.304694,50.169848
restaurant,Eastern Wall Restaurant | 达曼中餐馆 مطعم السور الشرقي,26.333299,50.149718
restaurant,Casa Pasta,26.304594,50.169283
restaurant,Medar Gulf Seafood,26.32545,50.166566
restaurant,Noodlez,26.30343,50.168658
restaurant,Al Jeddawi Restaurant,26.323473,50.162794
restaurant,Goat Diner,26.331381,50.161861
restaurant,Khalifa tea,26.407015,50.067837
restaurant,محمصة الظهران Dhahran Roastery,26.368811,50.081812
restaurant,Manoosha Alreef,26.445568,50.118283
restaurant,ASHBAL Zahran,26.420683,50.088794
school,Public Middle School (Boys),26.250018,50.06866
clinic,Hospital,26.309778,50.135941
clinic,مستوصف الدوحه,26.317866,50.160612
pharmacy,UCP Pharmacy,26.334855,50.132428
restaurant,Dhahran Restaurant LIMITED,26.209699,50.456971
restaurant,شاورما سنع الدمام,26.370868,50.085156
restaurant,سالدوتش | Saldwich,26.339057,50.152677
restaurant,مطعم الرواق الشامي للمشويات والمعجنات,26.372377,50.123807
restaurant,Snack House,26.327342,50.16748
restaurant,Shawarmer | شاورمر,26.347981,50.143299
restaurant,Mozon,26.397974,50.046833
restaurant,Mishwar,26.326915,50.167809
restaurant,Al Lahib,26.34451,50.145067
restaurant,FattBoy | فات بوي,26.37529,50.087451
restaurant,BITES | بايتس,26.375244,50.087476
restaurant,مطعم الظهران,26.33244,50.089555
clinic,JHAH Visitors Center,26.315519,50.136055
mosque,43VR+G43 Mosque,26.14377,50.090312
restaurant,مطعم جاد ( حى العدامة ),26.436724,50.100229
restaurant,Mumtaz Restaurant,26.431239,50.104762
restaurant,مطعم فول الجمهورية للاكلات المصرية,26.436615,50.09891
restaurant,Baba Biryani KSA,26.431731,50.096577
restaurant,العدامة,26.435649,50.106539
restaurant,Khartoum restaurant,26.436529,50.099597
restaurant,Delight Gate,26.436368,50.106782
restaurant,Hot Spoon Restaurant,26.437933,50.106696
restaurant,Deira Al Swabi Restaurant/ مطعم ديرة الصوابي لتقديم الوجبات,26.430605,50.106578
restaurant,Foosterr فوستر,26.436878,50.106594
restaurant,أقاشي اولاد أم روابة ( مؤسسة منال العتيبي),26.436654,50.099196
restaurant,Ahmed Bukhari Restaurant,26.435742,50.104214
restaurant,فوال اولاد كسلا,26.435547,50.100083
restaurant,مطعم اولاد امدرمان للمشويات,26.434884,50.100124
restaurant,مطعم باعاصم للأكلات الشعبية (عصيد - هريس - سمك - لخم),26.434706,50.099709
restaurant,مطعم وسام النيلين,26.435052,50.099898
restaurant,Matam Imran Pakistani (مطعم عمران پاکستانی ریسٹورانٹ),26.436399,50.101038
restaurant,Maloos Restaurant,26.434716,50.101758
restaurant,مطعم أسماك عالم البحار,26.436734,50.098416
restaurant,Kacchi Bhai restaurant-কাচ্চি ভাই রেস্টুরেন্ট,26.430543,50.106622
restaurant,KHIZAR KABAB,26.434496,50.107353
restaurant,الرغيف المصرى,26.437261,50.097879
restaurant,Tikka House,26.436578,50.107503
restaurant,مطعم طعم بالمخ,26.430287,50.106621
restaurant,Telystory Restaurant,26.435233,50.103533
mall,Abdullah Al Gunaim Shopping Center,26.433024,50.098705
mall,IDEAL,26.433035,50.102869
mall,موسسة فرحة الشرقية للدعاية و الاعلان,26.432997,50.097613
mall,مدينة الورد الذهبيه,26.438263,50.102888
mall,ALTHULTH ALAKHEER CO. FOR TRADE,26.4356,50.102252
mall,Bilal Supermarket,26.436473,50.098365
mall,مؤسسة ورد الجمال,26.438419,50.101334
mall,Zahoor Meat shop,26.434864,50.107084
school,مدرسة طارق بن زياد الإبتدائية,26.436827,50.107263
school,مدرسه نافع المدني,26.429632,50.104056
school,المتوسطة الرابعة بالدمام,26.427252,50.100298
school,مدرسة القلاف الأهلية - قسم المتوسط,26.433965,50.103937
school,Bus trancbort,26.427699,50.097322
school,المتوسطة الاهلية الحديثة,26.433776,50.103709
school,Noble uniforms,26.434706,50.107563
mosque,Adamah Mosque,26.434898,50.102569
mosque,Zayd al-Khayr Mosque,26.436755,50.099808
mosque,Farouk Mosque,26.434631,50.100637
mosque,Habib Salah Mosque,26.435778,50.09875
mosque,Masjid Al Ja'afari,26.441474,50.091004
mosque,Home Akhtar dam,26.443537,50.095612
park,Free Car Parking,26.434543,50.104218
park,راس تنورة,26.432878,50.10457
park,"Free water , Dammam",26.429955,50.103155
park,تاجير كرينات لرفع العمال,26.434178,50.104166
park,Serene car parking shade,26.438713,50.101045
park,Car parking shade,26.436949,50.101066
park,Majlis Al Abdulkarim | مجلس العبدالكريم,26.429704,50.102236
park,Mordan Glass installing Solutions Dammam,26.431371,50.105008
park,Ewm | Dammam Electrical Works and Maintenance Company camp,26.430567,50.10395
park,Zaky Parking Customer Service office Dammam,26.43846,50.107225
park,(متجر الكرتون SMT) SMT Carton shop (Custom Carton Boxes & Packaging Solutions in Dammam),26.432437,50.106716
park,Sekho market,26.43593,50.099102
park,مجموعة الدوائر العربية للسلامة,26.434464,50.104633
park,مؤسسة خدماتي 1 لتقنية المعلومات,26.430873,50.106757
park,Asdaf Audio & Electronics اصداف للصوتيات,26.432018,50.104635
park,Ramala abbas taselah (shoes repairing and New shoes center,26.435014,50.106515
park,متاجر المواقع,26.430905,50.104657
park,My parking 2,26.437893,50.104497
park,Baqar car parking shade,26.438704,50.101045
park,Translation Office Dammam الهلال للترجمة المعتمدة,26.43466,50.10011
park,AGTKSA,26.429101,50.107627
bank,Alinma ATM,26.434924,50.094093
bank,صراف بنك الجزيره,26.434036,50.10471
restaurant,Waddaha Restaurant,26.435086,50.100103
restaurant,مطعم الاكلات الشعبيه,26.432878,50.10457
restaurant,مطعم الدمام البخاري الممتاز 2,26.431205,50.104743
restaurant,مطعم قمة المصريين,26.436716,50.100457
restaurant,مطعم الرغيف المصرى,26.43593,50.097928
restaurant,INDIAN CHILLI RESTAURANT,26.436396,50.106782
restaurant,مطعم حواوشي مصر الجديدة,26.438037,50.097632
restaurant,Abnaa Almahala Alkubra Restaurant,26.436694,50.101057
mall,lulu plastic,26.43989,50.100143
school,15th Elementary School for Girls,26.421131,50.108792
school,Primary Mundhir bin Zubair school,26.446651,50.092641
mosque,شركة ود السعادة التجارية فرع الدمام مقابل جامع الملك فهد,26.440334,50.102411
mosque,مسجد سامي الجعفري,26.435321,50.095898
mosque,مسجد حمزة بن عبدالمطلب,26.425106,50.09932
mosque,مسجد امي,26.432878,50.10457
park,حديقة حي العدامة,26.428926,50.104271
restaurant,مطعم مذاقات ديار العروبة (مضبي - مندي),26.420593,50.024968
restaurant,مطعم محانذ و مندي العروبة,26.329865,50.004174
restaurant,Al Oroba Restaurant,26.288122,50.207673
restaurant,بوفية وشاورما رمز طيف,26.340398,49.997253
restaurant,مطعم الكبسة الدمامية (العروبة ),26.328673,50.004632
restaurant,بوفية نقنقة العروبة,26.3494,49.997687
restaurant,مطعم شباب العروبة البخاري,26.354526,49.992072
restaurant,بوفيه دنيا العروبة,26.336207,50.000003
restaurant,بوفيه لذيذ العروبه للوجبات اسريعه,26.348039,49.999015
restaurant,مناقيش وفلافل العروبة لتقديم الوجبات,26.333385,50.009919
restaurant,Paper Cup,26.333876,50.000964
restaurant,بوفية اذواق العروبه لتقديم الوجبات,26.333788,50.000958
restaurant,بوفية واجهة العروبة,26.351715,49.994521
restaurant,بوفيه استار العروبة,26.341512,49.996475
restaurant,مطعم فجر الشام,26.329401,50.004497
restaurant,بوفية ألذ من الخيال,26.339462,50.008309
restaurant,استراحة العروبه,26.369562,50.034115
restaurant,محانيظ العروبه,26.347325,49.999664
restaurant,مطعم رحاب الحديث لتقديم الوجبات,26.351324,50.018006
restaurant,مطاعم شباب البخاري,26.340468,50.007124
restaurant,استراحه العروبه,26.439435,49.997641
restaurant,Golden Grill Restaurant,26.335938,50.000062
restaurant,فوال نور الصباح,26.332927,50.00915
restaurant,فن المندي الخليجي,26.34733,49.99966
restaurant,مطعم فوال أبو عابد,26.334896,50.012092
restaurant,العروبه,26.217191,50.197138
restaurant,رفة ملهم,26.330453,50.004268
restaurant,مطعم سكبة الاولى,26.401961,50.139767
restaurant,مطعم أورنو كيتشن,26.329835,50.003252
restaurant,مطعم,26.330741,49.982831
mall,العروبة بلازا,26.343363,49.999126
clinic,Qamar Al Oroba Complex Medical 1,24.566903,46.702122
clinic,صالون العروبة,26.433719,50.092965
clinic,شاليهات ZR,26.332739,50.014345
clinic,Noor-Clinics,24.714616,46.677207
clinic,مجمع الفارابي لطب الاسنان والجلدية,26.54635,50.019004
clinic,حي العروبه,26.337631,50.003542
mosque,جامع هدبه (رحمها الله ) حي العروبة,26.352068,49.991486
mosque,مسجد,26.337579,49.999978
mosque,مسجد فاطمة الزهراء,26.357367,49.987765
mosque,مسجد مصلى,26.331933,50.012385
park,مخيم العروبة,26.356247,49.860395
park,ممشى حي العروبة,26.348863,49.990813
park,شاليهات لوسيل,26.331028,50.007277
pharmacy,وايتس | Whites,26.342813,49.999528
clinic,استراحة الريان بحي العروبة- الدمام,26.333022,50.01205
clinic,AL ORUBA Center,24.537618,46.689922
clinic,شاليهات درة الشموخ,26.329226,50.014215
park,حديقة الفرح,26.324831,49.993624
park,دوار الفرسان العروبة,26.379911,49.983585
restaurant,Alexandria Sea for seafood restaurant,26.458156,50.08072
restaurant,مطعم باجة وكباب عراقي الدمام,26.455442,50.070962
restaurant,مطعم فول العزيزية,26.455079,50.070481
restaurant,Popeyes,26.462255,50.065192
restaurant,مطعم يازين البخاري,26.452224,50.080694
restaurant,مطعم قلعة ذمار للأكلات الشعبية,26.461813,50.064312
restaurant,لغة الشواء,26.455013,50.068696
restaurant,مطعم الريحانتان,26.453217,50.065901
restaurant,Buffet dish Deira,26.454618,50.070537
restaurant,ميار الشام,26.462074,50.061752
restaurant,مطعم زاد البحارة فرع الدمام,26.454696,50.069777
restaurant,Narud Chicken 🎲 دجاج نرد,26.45496,50.068783
restaurant,Country Road Sandwich & Salad,26.456464,50.080828
restaurant,برغرايززر | Burgerizzr‎,26.463177,50.062742
restaurant,"Wayz Breakfast, Brunch & Coffee",26.461347,50.073498
restaurant,مطعم غزال فرع العزيزيه,26.187932,50.187497
restaurant,Makbous Express dmm Al Khalijمكبوس اكسبرس الخليج,26.458963,50.080397
restaurant,درب الريف للمأكولات,26.456678,50.080711
restaurant,الدمام العزيزيه,26.454692,50.063839
restaurant,مطعم المضياف (العزيزية),26.202639,50.195402
restaurant,ورق عنب لي ليو,26.458257,50.080771
restaurant,Bhai Bondhu Restaurant (ভাই বন্ধু হোটেল),26.456314,50.072641
restaurant,MR OBA | مستر اوبا,26.463151,50.062996
restaurant,MAZAR Shawarma & Potato,26.463126,50.063245
restaurant,مطعم بيور دايت الصحي PURE DIET HEALTHY RESTAURANT,26.453586,50.067671
restaurant,مطعم حلال,26.452988,50.071203
restaurant,Canton | كانتون,26.46214,50.064322
restaurant,بوفية ترويقة اليوم 2,26.455319,50.069832
restaurant,استرحة بوفية عين نجم,26.454918,50.069192
restaurant,Pizza Hut,26.461842,50.068108
restaurant,مطعم كريب القاهرة للوجبات السريعة,26.456679,50.080718
mall,Popular markets Azizia,26.1934,50.05266
mall,Al-Azezeya Compound,26.129988,50.142921
mall,Royal Pens,26.452261,50.073808
school,المدرسة إثراء الأبتدائية بالدمام,26.454538,50.073606
school,مدرسة الثامنه والاربعون الابتدائية,26.459327,50.076211
school,المتوسطة الثامنة عشر بالدمام,26.454413,50.073978
school,ابتدائية إثراء ١٥٥٥٥٤,26.454937,50.073271
school,المدرسة الحادية عشر المتوسطة بالدمام,26.454467,50.07357
school,مدرسة متوسطة للبنات,26.454199,50.073984
school,Intermediate eighteen eastern Dammam Girls,26.454494,50.073625
school,Al Aziziyah,26.463246,50.062686
clinic,مستوصف العزيزية القريبة,26.456809,50.064148
clinic,مراكز الصحي العزيزية,26.420683,50.088794
clinic,مجمع سكني أطباء المانع العزيزيه,26.458984,50.071142
park,حديقة الوفاء,26.455113,50.075585
park,ممشى ساحة موج,26.462416,50.070869
park,بوابة الفردوس,26.454434,50.079188
bank,بنك الرياض,26.461149,50.06499
bank,Riyad Bank ATM,26.460681,50.064974
bank,صراف بنك الجزيره,26.454563,50.070313
restaurant,مطعم الرواق الشعبي/ فرع العزيزية,26.183334,50.184666
restaurant,Ennabi Grill,26.459283,50.050761
restaurant,Herfy,26.462106,50.064456
restaurant,Burger King - Enoc Dareen,26.461385,50.074912
restaurant,Bassam Broasted,26.391268,50.104965
restaurant,Multaqa Alrafidain,26.192693,50.189467
restaurant,BM accommodation Dhammam,26.437973,50.10599
restaurant,Al Aziziyah,26.457426,50.071764
restaurant,مطعم مشوار العزيزية,26.18974,50.187491
restaurant,River grape ريفرقريب,26.456574,50.080711
restaurant,إطلالة الشرفة 3,26.450986,50.079731
restaurant,راعي البروستد فرع العزيزيه الخبر,26.196631,50.193208
restaurant,AL Shallal Pastry,26.173465,50.156193
restaurant,The Stuffed,26.452918,50.07691
restaurant,Manoosha Alreef,26.200982,50.194419
restaurant,Barn's | بارنز,26.459221,50.079974
mall,Nasr Sports Center,26.461394,50.065002
mall,Nike,26.463077,50.063426
mall,MIDI,26.461938,50.065188
mall,Samena,26.458744,50.061851
mall,Cardial | كارديال,26.461006,50.064929
mosque,مسجد مصلى,26.461733,50.062617
mosque,مصلى الرجال,26.461264,50.064196
mosque,حديقة المسجد,26.460462,50.066243
mosque,مسجد العزيزية,21.553627,39.213039
mosque,مسجد,26.45415,50.061715
mosque,موقع يحتاج جامع أو مسجد,26.451096,50.085669
mosque,مسجد المستودعات الطبيه بالدمام,26.449858,50.058475
mosque,مسجد لطيفة العقيل,26.444683,50.067496
mosque,Abdullah Al-Ali Mosque,26.447195,50.065808
restaurant,মায়ের দোয়া হোটেল,26.445325,50.112173
restaurant,Naima Resturent,26.444015,50.111145
restaurant,মদিনা হোটেলে ( Madina Restaurants),26.444375,50.110491
restaurant,استراحه الذوق الرفيع,26.444252,50.109762
restaurant,مطعم الوسام,26.44461,50.109823
restaurant,SANA for Electrical & Telephone Co.,26.444688,50.113305
restaurant,Islamiya Hotel & Restaurant,26.444737,50.111913
restaurant,Empire hotel kerala,26.441918,50.10694
restaurant,Kadugu Restaurant,26.442864,50.110385
restaurant,بوفية خيرات سارة للوجبات السريعة,26.44453,50.11462
restaurant,Sorouh Al Hada بوفية سروح الهدا,26.443436,50.112149
restaurant,Al-Amamra,26.444441,50.110446
restaurant,بوفية انوار المدينة,26.44506,50.110841
restaurant,Abs Kitchen أبز كيتشن المزروعية,26.442128,50.121719
restaurant,Arafa Chaya Kada Restaurant,26.444666,50.111389
mall,AL AALAM AL AFZAL TRAD,26.442964,50.107994
mall,محل عبايات النمر الابيض,26.445268,50.104448
mall,Ekhmad Trading Company Dammam Showroom شركه اخماد التجارية معرض الدمام,26.44334,50.109039
mall,مؤسسة بحر الفائدة التجارية,26.440489,50.103779
mall,House Carpentry Trade,26.443739,50.110641
mall,بلاط السقف,26.444712,50.111774
mall,مؤسسه تعامير الخليج,26.443176,50.109017
mall,مؤسسة مساكب الشرقية لأدوات البناء,26.443791,50.108941
mall,معرض GROHE للادوات الصحيه,26.446467,50.115309
mall,LUMINARY,26.442243,50.111221
mall,Al Juma trading est.,26.443248,50.119077
mall,Glada Trading Company - شركة قلادة التجارية,26.440876,50.103468
mall,نافورة سوق الحب,26.444997,50.10269
mall,غتر العطار الاصلي,26.443156,50.103503
mall,adidas Outlet Store,26.447885,50.118118
school,متوسطة الأمين( ملحقة),26.449012,50.107601
school,Visit Visa,26.439149,50.10767
school,معهد جده الدولي العالي للتدريب ب الدمام,26.448952,50.118498
school,مركز المطور للنسخ والخدمات التعليميه,26.441581,50.122006
school,ابتدائية حسان بن ثابت,26.449669,50.107438
school,Al Amamrah,26.44337,50.112293
clinic,DTM ضيئ طيبة الطبية,26.445869,50.108795
pharmacy,Pharmacy,26.444759,50.110695
bank,شركة أحمد بغلف للصرافة Ahmed Baghlaf Money Exchange,26.442616,50.104978
bank,Enjaz Trading Company شركة إنجاز للتجارة,26.443239,50.109058
bank,صراف بنك الجزيرة,26.442485,50.117473
restaurant,مطعم العمامرة,26.443053,50.11108
mall,Nayomi Marina Mall Dammam,26.455102,50.105746
park,حديقة الثغر,26.43866,50.129901
park,حديقه النزه,26.450386,50.114718
park,حديقه المزروعيه,26.442383,50.128858
park,حديقة صالح الصقعبي,26.442422,50.124616
park,حديقة الريحان,26.443591,50.122917
park,ساحة لقاء,26.455443,50.110775
park,ساحة الأقحوان,26.419946,50.014681
park,حديقة مسجد جوزة,26.442412,50.128822
park,حديقة درب الوطن,26.451244,50.106175
restaurant,مطعم العنود,26.418425,50.071739
mall,شركة العنود العربية التجارية,26.445211,50.064704
mall,Al Anoud Park Mall,24.572147,46.753708
mall,Arab Barakat Trading Company,26.449121,50.065005
mall,Al Anud Arabia Trading Co.,26.445227,50.065254
mall,Al Anud Arabia Trading Co. Corporate Office,26.442246,50.075681
mall,Al Anud,26.447888,50.070555
mall,xphone اكس فون,26.44398,50.068854
mall,مصطفى لتعديل المسابيح والمستلزمات الرجالية,26.449351,50.078339
mall,Thahab al Jazeera dates,26.451043,50.066221
mall,شركة انوار الشرق التجارية,26.4423,50.065757
mall,الصوف والحرير,26.453286,50.065758
mall,رطبا جنيا للتمور,26.451144,50.067084
mall,شركة الزعفرانه التجارية,26.441503,50.065745
mall,مؤسسة الغذاء المتاح التجارية,26.441855,50.075389
mall,تمور القيصرية,26.45106,50.066378
school,مدرسه حنين,26.447888,50.070555
school,المدرسة التاسعة والثلاثون الابتدائية للبنات,26.446634,50.078729
school,الابتدائية الثامنة والثلاثون,26.444706,50.072811
school,مركز طفلي المبدع,26.449359,50.074562
school,المدرسةالثانوية الخامسة والعشرون للبنات بالدمام,26.445468,50.072616
clinic,Comprehensive specialized clinics for security forces - Dammam,26.452211,50.074304
park,Park,26.448696,50.079803
bank,anb ATM صراف البنك العربي الوطني - Alanoud Gas Station,26.442251,50.077293
bank,Western Union,26.44135,50.06675
bank,SNB AlAhli ATM,26.442438,50.068562
bank,Riyad Bank ATM,26.442506,50.06851
bank,AlRajhi Bank ATM,26.443467,50.068433
bank,SNB ALAhli,26.441938,50.075187
restaurant,مطعم العنود 2,26.405206,50.044961
school,ثانوية العنود عبد العزيز,24.771848,46.691839
clinic,Al Anud,26.450563,50.065696
restaurant,Firdaus Restaurant Pakistani مطعم فردوس باكستاني,26.454202,50.055003
restaurant,Ronaldo’s Pizza رونالدوز بيتزا,26.376329,50.12299
restaurant,Darina دارينا🍔,26.379333,50.117641
restaurant,إستراحة الشبعان للسندوتشات والوجبات الخفيفة,26.37595,50.111308
restaurant,كارديو | cardio,26.390246,50.112481
restaurant,بتولا | Betula,26.376022,50.12245
restaurant,بوفية الخير الطازج,26.375321,50.118592
restaurant,SWeet SOUR,26.377663,50.119124
restaurant,Fit House | فت هاوس النزهه,26.382575,50.104421
restaurant,بوفية لذيذ واطعم,26.375612,50.122854
restaurant,بوفية أصل المختصين,26.375437,50.113038
restaurant,سندوتشات المختص,26.374915,50.118618
restaurant,Malama Hajer | مالاما هجر,26.372983,50.120541
restaurant,كاف كافيه | KAV Drive Thru,26.376323,50.102147
restaurant,بوفية ديارالاسطوره,26.383351,50.104351
restaurant,منؤشة الريف,26.381935,50.103488
restaurant,Firdouse Bofiya Dahoom Siyath,26.476834,50.04636
restaurant,90'S BROASTED بروستد٩٠,26.385219,50.104442
restaurant,Cafe,26.386359,50.118383
restaurant,The Mongoose Cafe,26.383855,50.124972
restaurant,Road Café | قهوة الطريق,26.374393,50.119214
restaurant,آيس الحفرة ice cukur,26.373017,50.126956
restaurant,بوفية تراث مارب,26.373718,50.10254
restaurant,مطعم فوال تراث مأرب,26.373833,50.102904
restaurant,شاورما على المزاج,26.375995,50.12314
restaurant,مطعم الكلية,26.386503,50.117063
restaurant,ONA Roastery & Bakery,26.378572,50.10352
restaurant,Wadi Aldoor,26.383484,50.103653
restaurant,ساندوتش وبرجر,26.375508,50.112879
restaurant,Friends Burger,26.373032,50.126548
restaurant,Kudu - Hajer District - Dammam,26.374529,50.119494
restaurant,شاهي رمث,26.373385,50.122196
restaurant,بوفيه وضحى,26.380247,50.102982
restaurant,كيتو اكسبرس Keto Express,26.382121,50.104355
restaurant,Nuzha Dammam,26.382648,50.104347
restaurant,Al Ferdaus Restaurant,21.515723,39.156012
restaurant,THiRDWAVE | Al Nuzha | ثيردويڤ النزهة,26.382884,50.104515
restaurant,Repeat Speciality Coffee,26.373097,50.120257
restaurant,M8NT JUICE,26.382657,50.104306
restaurant,مطعم واخا,26.372853,50.104493
restaurant,NUMBER NINE,26.377954,50.1192
restaurant,نَصّ | الدمام,26.386082,50.104421
restaurant,بوفية ذوق هجر,26.37284,50.104493
restaurant,Grill Shack,26.393926,50.104742
school,51st Elementary School,26.38031,50.120422
school,ادارالتعليم في منطقة الشرقية الجديد,26.378193,50.11358
school,32nd Secondary for Girls,26.380109,50.119039
school,ادارة خدمات الطلاب بنين,26.378648,50.113617
school,مبنى 7 - الورش التدريبية,26.385597,50.118983
school,Thirty-sixth Intermediate school - Girls,26.380304,50.119855
school,مركز خدمة المجتمع - الكلية التقنية بالدمام,26.385902,50.119326
school,Al Firdaws,26.377437,50.116663
school,National Power Academy (NPA) - الأكاديمية الوطنية للطاقة,26.378674,50.10557
school,Shams AlJazira Girls School,26.38901,50.10971
school,مبنى ٥ - الاختبارات المحوسبة الدور الثاني,26.386223,50.117324
school,مركز قانون العالمي للتدريب,26.376104,50.123785
school,ممشى حي الفرودس,26.377633,50.118333
school,Tatweer Transit,26.376287,50.124231
school,EnergyTech,26.376309,50.109713
school,Captain Academy Office,26.378546,50.122051
school,Klèos Ceramics Studio,26.383713,50.140764
school,Toastmasters Technical Club نادي التقنية توستماسترز,26.385421,50.118111
school,مركز التدريب الوطني لإدارة المنشآت والضيافة ( فهم ) FHM,26.37838,50.105427
school,Riforma Pilates Studio,26.375925,50.122418
school,Academy ground,26.378694,50.126694
school,الروضه التاسعه عشر بالدمام,26.37002,50.120837
school,Golden Vision Hotel,26.377308,50.122642
school,Building 2 Computer and Information Technology Department,26.386515,50.118371
school,مركز مظلة المعرفة,26.381873,50.129343
school,متوسطة مجمع النعمان بن بشير التعليمي,26.387567,50.108405
school,Yarmook Elementary Private School,26.357206,50.129259
school,قرطاسية الكلية,26.385846,50.118296
school,22nd Elementary for Girls,26.37015,50.120543
school,College of Networking Engineering,26.386881,50.11846
school,مبنى 3 - الهندسة الكهربائية,26.38629,50.117969
clinic,Dammam Taakad,26.383514,50.120123
mosque,Al Firdous Mosque,26.392061,50.09045
mosque,Ferdaws Mosque,26.352628,50.199097
bank,SAB الأول,26.37451,50.118613
bank,Riyad Bank ATM,26.39999,50.11662
bank,Riyad Bank ATM,26.39999,50.11662
bank,Riyad Bank ATM,26.40628,50.10176
bank,Riyad Bank ATM,26.39999,50.11662
bank,Riyad Bank ATM,26.39999,50.11662
restaurant,مطعم الفردوس الابيض,26.441702,50.099403
clinic,El Fardous Comprehensive Clinic,31.021961,31.370065
clinic,عيادات الفردوس الطبية,31.813466,36.107507
clinic,Alfardous Clinic,32.861118,13.126487
clinic,مركز الفردوس للعيون - Alferdaws Eye Center,30.577008,31.486557
clinic,عيادة الفردوس,27.032084,14.430807
clinic,Firdous Northern Health Clinic,29.290685,47.874189
restaurant,مطبخ ومطعم ديار الفرسان,26.351022,49.969203
restaurant,مطابخ و محانذ الفرسان,26.356223,49.957488
restaurant,الفرسان,26.364159,49.962994
restaurant,مطعم ديوان المأكولات,26.350777,49.969092
restaurant,سلة بيت الفلافل,26.361913,49.966108
restaurant,مطعم شهد,26.363828,49.965079
restaurant,مطاعم ومطابخ قصر الرتم - Qasr Alratem,26.342437,49.971063
restaurant,مطعم استار,26.360585,49.966502
restaurant,Wardat Ennab Resturant,26.339062,49.958087
restaurant,Hala Al Hadiya Restaurant,26.343082,49.9708
restaurant,مطبق و معصوب مالح حلو | الفرسان,26.358416,49.966089
restaurant,بوفية شرق الفرسان,26.347469,49.970239
restaurant,مطعم دايترز للأكل الصحي | وجبات صحية | Dieters healthy food restaurant,26.360032,49.966614
restaurant,حبة شواية Habbah shawaya,26.356468,49.967716
restaurant,فلافل الفرسان,26.355523,49.967994
restaurant,بوفية وإستراحة السعاده للأكلات الشعبيه والوجبات السريعه,26.358005,49.965419
restaurant,مطعم عمارہ الفرسان باکستانی,26.356194,49.957808
restaurant,مطبق و معصوب أركان الديرة الفرسان,26.357951,49.965239
restaurant,BaloBean Cafe بالوبين,26.363713,49.965293
restaurant,اليوم الصحي HEALTHY DAY,26.360392,49.966368
restaurant,كنافة لمار دمشق,26.360703,49.966472
restaurant,صالة الفرسان الخطوط السعودية,26.468325,49.797248
restaurant,HOTEL Azan al najoom (RESTAURANT),26.356953,49.961011
restaurant,Alfursaan,26.356944,49.960959
restaurant,ورق عنب الشرقيه الفرسان,26.348067,49.970072
restaurant,kyan,26.337835,49.957901
restaurant,ALBAIK,26.341867,49.97018
restaurant,Pakistani restaurant,26.355908,49.958457
restaurant,Near dammam airport Kerala food restaurant,26.355766,49.968197
restaurant,Noor Al fursan,26.366258,49.964741
restaurant,McDonald's,26.34987,49.969378
restaurant,پاکستانی مطعم,26.359423,49.966573
restaurant,فوال شعبيات الأفراح,26.346344,49.970518
restaurant,KFC,26.342518,49.971252
restaurant,24Cafe,26.356737,49.967605
restaurant,Subway,26.342229,49.9703
restaurant,شوي خارجي شيف عماد سوريا للحفلات الخارجية,26.342639,49.96712
restaurant,بوفية استار,26.36128,49.966311
restaurant,Fursan Restaurant,25.400541,49.630488
restaurant,بوفيه بترو سحاب,26.342377,49.970685
restaurant,مطعم تثليث البخاري,26.366324,49.964723
restaurant,خلية و بلح,26.362368,49.966527
restaurant,مطاعم ومطابخ نجوم العرب,26.36152,49.970406
restaurant,مطعم باشة الحارة,26.358076,49.965561
restaurant,Shawarmer | شاورمر,26.342042,49.969996
restaurant,8oz Coffee | ايت اوز كوفي,26.341911,49.970695
restaurant,شاي وتين الفرسان,26.363531,49.974827
restaurant,مطعم ومطبخ فارس الفرسان,26.284493,50.133071
restaurant,لحظة ذوق ‏Grilled Burger,26.358385,49.965042
restaurant,تركات الفرسان,26.364186,49.976547
restaurant,وجبات صحية Fit Fuel,26.366546,49.96469
restaurant,مطعم الرمادي,26.347598,49.970215
restaurant,مطعم شواية الضيافة بخاري,26.367692,49.964313
mall,الفرسان سكوير,26.363859,49.965234
mall,فايف مارت 5.75,26.341717,49.966787
mall,معرض الدمام 8 حي الفرسان,26.35845,49.96645
mall,مركز عين الفرسان للتجارة,26.348255,49.970019
mall,مجمع الصقاقير,26.346647,49.962249
mosque,مسجد الفرسان,26.365245,49.962635
mosque,Mosque,26.369965,49.961529
park,فيوتشر بارك,26.345993,49.962275
park,شاليهات ناستيا بارك,26.345882,49.961241
park,حديقة حي الفرسان,26.359071,49.957966
park,حديقة الفرسان,26.351335,49.962744
park,Fares’s public garden,26.370351,49.961389
park,حديقة الشباب,26.360514,49.963502
park,شاليهات ناردين,26.347929,49.961564
park,منتجع,26.346936,49.963607
park,شاليه دلع 1,26.344163,49.964691
park,منتجع ايسل lSEL,26.342373,49.960192
pharmacy,صيدلية شهد العافية للأدوية,26.355333,49.95636
pharmacy,الكحال ٣,26.379775,50.010728
pharmacy,صيدلية درعا البيطرية,26.343041,49.956895
pharmacy,صيدلية ريف الانعام البيطرية,26.341735,49.957049
bank,صراف الجزيرة,26.356184,49.959234
bank,SNB AlAhli ATM,26.356919,49.960505
bank,SNB AlAhli ATM,26.368063,49.964187
restaurant,مطعم ومندي فارس الفرسان,26.273627,50.194952
restaurant,Qasr Al Ratem,26.421417,50.025072
restaurant,Al-Fursan Restaurant,24.44378,39.624025
restaurant,جباتي وكرك,26.341982,49.971344
restaurant,Taslis Bukhari Restaurant (19),26.355661,49.967902
restaurant,(CARDIO 3)بوفيةاستراحة المربع الذهبي,26.360835,49.966425
restaurant,فوال نور الصباح,26.339262,49.95799
restaurant,Al Fursan,26.356944,49.960959
restaurant,عصير صمدو ثمرة الفراولة الفرسان,26.361287,49.966316
restaurant,مطعم شواية النور,26.355686,49.957971
restaurant,بوفية كارديو,26.360811,49.966433
restaurant,حاشي باشا| فرع الفرسان,26.373427,49.963841
school,مدرسة الفرسان الابتدائية,26.35365,49.961085
school,مجمع الفرسان التعليمي للإبتدائي والمتوسط,26.3614,49.958339
mosque,Sarah Al Qahtani Mosque,26.34965,49.959175
mosque,Mosque,26.359464,49.96656
mosque,Khaled Fozan AlDulaijan Grand Mosque,26.362147,49.960796
mosque,مسجد المنارتين بالفرسان,26.360692,49.963923
park,حدائق الفرسان التجارية للعشب الصناعي,26.413636,50.075181
restaurant,مطعم ركني الشيف البخاري الفيحاء,26.433052,50.044151
restaurant,حاشيكم,26.432514,50.043293
restaurant,مطعم محيط العاج البخاري,26.432105,50.042783
restaurant,ورق عنب ستيشن,26.437855,50.037674
restaurant,Meltzone,26.436894,50.047372
restaurant,Chick bay,26.433171,50.044078
restaurant,بوفية ريوف صنعاء,26.432972,50.044066
restaurant,Al Mafaz Restaurent,26.433019,50.044982
restaurant,الشامي للمعجنات,26.438126,50.03824
restaurant,Rose Sham,26.431739,50.042365
restaurant,بوفية ذوق دله,26.440013,50.031979
restaurant,Cafe24,26.431082,50.04147
restaurant,Pastry Mushatta,26.44031,50.042217
restaurant,ورق عنب ساور الفيحاء,26.435853,50.047035
restaurant,بخاري روشاز,26.384313,50.054063
restaurant,مقهى الحلويات الجميلة,26.443027,50.041465
restaurant,بوفيه الإبداع الراقي,26.437967,50.037915
restaurant,فوال ابو عبدالله,26.430986,50.041488
restaurant,Fayaha,26.438783,50.039665
restaurant,ديوانيه حياكم,26.433259,50.044179
restaurant,MUGAVAI RESTAURANT,26.433899,50.047007
restaurant,مطعم ركني الشيف البخاري,26.438114,50.038534
restaurant,فول وفلافل الدمشقية,26.43187,50.042606
restaurant,مخبز وفوال,26.437308,50.037262
restaurant,مطعم الفيحاء الذهبى,27.123672,49.552237
restaurant,Mantorose Cafe,26.438462,50.033606
restaurant,Bangladeshi Food Hotel,26.440073,50.042021
restaurant,Dolma,26.436431,50.047042
restaurant,Kishna Restaurant,26.39115,50.073035
restaurant,Kappaalam Live - Dammam,26.433768,50.046892
restaurant,مطاعم الجرة العدنية للأكلات الشعبية,26.435423,50.034993
school,مدرسة صيفي بن عمرو,26.43439,50.043594
school,ابتدائية الوليد بن القاسم,26.43403,50.044048
school,مدارس الركاز الأهلية,26.429515,50.032514
school,Riad Al Fayhaa schools for girls,27.118158,49.554737
school,Abdul ghafoor building,26.430256,50.046242
school,DALLAH SANAHIYAH,26.444837,50.02848
school,ثانوية زينب بنت علي بن أبي طالب / متوسطة هند بنت الوليد,26.434426,50.023532
school,School,26.433032,50.025419
clinic,Fftf,26.434712,50.04138
clinic,مركز صحي حي الفيحاء,26.428503,50.042609
clinic,شقة| عويسس |,26.433638,50.044455
mosque,مسجد عيسى البراهيم,26.434157,50.040068
bank,صراف الراجحي,26.431185,50.041707
bank,صراف بنك الجزيره,26.436162,50.034994
restaurant,فندق الفيحاء,26.439391,50.042786
restaurant,مساء التفاحتين للشيش والمعسلات - حمادة - معسل شيش,26.440031,50.031892
restaurant,معسلات الكيف,26.439924,50.032179
restaurant,ديوانية ميم تسعه,26.432248,50.043159
restaurant,اسواق خدمة العملاء,26.438277,50.033952
restaurant,برجر واقف,26.478962,50.055629
restaurant,فلافل صباحك شامي,26.431245,50.038886
restaurant,KFC,26.480356,50.054336
restaurant,مطعم فول وفلفله,26.43932,50.040953
restaurant,كباب علوم - Kebab Alom,26.479046,50.055464
mosque,مسجد الفيحاء,26.438279,50.038361
restaurant,BIRDS Dammam | بيردز الدمام,26.393476,50.072274
restaurant,Snack House Al Faisaliyah,26.381294,50.056453
restaurant,Food coffee,26.392863,50.072772
restaurant,MAZAQ AL-RAYA Restaurant,26.388363,50.06348
restaurant,Lute,26.391278,50.072922
restaurant,Luxurious,26.398008,50.046806
restaurant,unlock,26.393843,50.072179
restaurant,Canton | كانتون,26.403547,50.057179
restaurant,بشميلا,26.387788,50.062434
restaurant,TREE SEÑORO,26.378353,50.058733
restaurant,Lavish catering,26.385495,50.059297
restaurant,COPLANT Cafe | مقهى كوبلانت,26.398177,50.047303
restaurant,Sazona سازونا,26.391301,50.072902
restaurant,مطعم بنجاب الفيصلية,26.384546,50.058842
restaurant,دايز برجر DAYS BURGER,26.377036,50.060685
restaurant,Lemons | ورق عنب ليمونز,26.387884,50.062588
restaurant,Abs Kitchen ابز كيتشن الفيصلية,26.391068,50.074127
restaurant,Dome Pizzeria/دوم بيتزاريا,26.407632,50.066736
restaurant,منؤشة الريف,26.396322,50.042663
restaurant,smoke arts - سموك أرتس,26.391395,50.07282
restaurant,مكبوس اكسبرس الفيصلية,26.403656,50.057331
restaurant,Bangladeshi Restaurant,26.392617,50.072752
restaurant,McDonald's,26.404103,50.057978
restaurant,Leqana Restaurant,26.386684,50.060988
restaurant,Casapasta | كازاباستا,26.403783,50.05751
restaurant,قصدير,26.380436,50.057763
restaurant,بوفية عمر الفيصلية,26.40156,50.064066
restaurant,bin aqoul,26.393657,50.072373
restaurant,Kudu - King Fahd/alfaisaliah Plaza,26.403864,50.057632
restaurant,مسامي سوشي masami Sushi,26.398591,50.068069
restaurant,Dammam Hunger Orders,26.380491,50.056949
restaurant,Broasted Raaie,26.393591,50.072319
restaurant,Freshhouse فريش هاوس,26.395485,50.070508
restaurant,Epic Burger,26.378801,50.058668
restaurant,تقديمات,26.377328,50.059962
restaurant,مكبوس العقبة,26.378401,50.059525
restaurant,سوما | Soma,26.396938,50.044419
restaurant,خبزة شاورما,26.389628,50.065209
restaurant,Okashi,26.403771,50.0575
restaurant,24Cafe,26.393902,50.070775
mall,الفيصلية سكوير Al Faisaliah Square,26.391798,50.072787
mall,Alessa Village,26.393606,50.072051
mall,مجمع البسام,26.399467,50.067168
mall,Al Faisaliah Galleries - الفيصلية جاليريز,26.389669,50.050308
mall,Al Faisaliyah Plaza الفيصلية بلازا,26.40383,50.056884
school,Falah National Schools,26.380178,50.059663
school,مدارس المشكاة الأهلية للبنين,26.392043,50.068299
school,المدرسة الإبتدائية الحادية عشرة للبنات في الدمام,26.396071,50.068402
school,مدرسة رياض الفيصلية الاهليه,26.394924,50.032088
school,مدارس الأنوار الأهلية للبنات,26.397707,50.066244
school,30 secondary school,26.395465,50.068237
school,مجمع السيوطي التعليمي,26.390596,50.071998
school,المتوسطة الرابعة والعشرون بالدمام,26.396304,50.068078
school,إدارة الإشراف النسائي لمدارس التحفيظ بالدمام,26.402208,50.063013
school,Shakeel A Khan,26.391396,50.066354
school,الروضة القرآنية,26.401553,50.063042
school,مدرسة البيلسان الأهلية بالدمام,26.37303,50.032822
school,رياض المملكة - ابتدائي بنين,26.399783,50.057446
clinic,طوارئ عيادات رام الطبية,26.396838,50.068035
clinic,طب الاطفال-مراكز رام الطبية,26.397076,50.067921
clinic,جراحة العظام-مراكز رام الطبية,26.39603,50.069239
clinic,تقويم أسنان - التقويم الشفاف (انفيزالاين) - د.أيمن عبداللطيف,26.396978,50.068004
clinic,عيادة جلدية,26.386531,50.060764
clinic,عيادة اسنان,26.386592,50.06085
clinic,نوفا الفيصلية/عيادة الدكتور مهند الشريف لتقويم الأسنان,26.381206,50.057068
mosque,Mosque,26.39804,50.07438
park,ممشى الفيصليه,26.397153,50.072366
park,Al Banafsaj Park,26.401123,50.061859
park,Park,26.382499,50.056133
pharmacy,صيدلية الدواء,26.379349,50.050106
pharmacy,صيدلية الدواء,26.380713,50.057545
bank,Riyad ATM,26.385187,50.059557
bank,SAB الأول,26.3942,50.07143
bank,SNB AlAhli ATM,26.377698,50.060116
bank,SNB AlAhli ATM,26.398969,50.047457
bank,Al Rajhi Bank ATM,26.38485,50.054028
bank,Al Rajhi ATM مصرف الراجحي,26.398976,50.066319
bank,صراف متعدد العملات بنك البلاد | ATM Multi currency bank albilad,26.401159,50.051942
bank,SNB AlAhli ATM,26.385041,50.058632
bank,NCB ATM مصرف الأهلي,26.398742,50.066667
bank,Aljazira ATM,26.398063,50.068437
bank,SNB AlAhli ATM,26.398187,50.066938
bank,SNB AlAhli ATM,26.396187,50.069688
bank,ATM NCB,26.395058,50.076509
restaurant,ديوانية الديرة الدمام,26.399146,50.047881
restaurant,Lahza,26.37721,50.060512
restaurant,شاورمجي | SHAWERMAGY,26.377924,50.059852
restaurant,ميلتزون | Meltzone,26.377093,50.060645
restaurant,كبدة حجازي ، حي الفيصلية,26.382096,50.056331
restaurant,Herfy,26.401664,50.065109
restaurant,Shawrama Hlayel,26.377872,50.059965
restaurant,المضياف (الفيصلية),26.396635,50.042554
restaurant,Cinnabon,26.403569,50.057215
restaurant,Blue Sky Coffee بلو سكاي كوفي الفيصلية,26.385302,50.059786
restaurant,سمبوسة الشيف فرع الفيصلية,26.381451,50.056835
mall,American Eagle,26.386967,50.075176
mall,Al Faisaliyah,26.393687,50.071403
mosque,مسجد الفيصلية,26.379617,50.065976
park,حديقة الفيصلية 1,26.402083,50.068129
park,حديقة العائلات,26.396736,50.073868
park,حديقة عامر بن عبدالله العسيس يرحمه الله,26.400614,50.070476
park,حديقة السليمانية,26.378911,50.061481
park,حديقة السعادة,26.405982,50.064106
park,حديقة,26.378866,50.06137
park,Garden scents,26.376665,50.077804
park,مشتل بستان الفيصلية للزهور,26.391413,50.067894
park,ساحة الفيصلية (1),26.40519,50.065173
park,Garden,26.392235,50.075418
park,Alnafel park,26.396159,50.093817
park,حديقة نسمة,26.382332,50.070574
park,حديقة,26.394988,50.067069
park,حديقة,26.396705,50.066567
park,Al Wahah Park,26.385669,50.094404
park,حديقة,26.390536,50.071243
restaurant,Jawhara restaurant,26.417338,50.069576
restaurant,JANNAT RESTAURANT,26.422695,50.071049
restaurant,Al Basateen Pakistani Restaurant🇵🇰,26.422459,50.070577
restaurant,بوفية أميال الجنوب,26.419828,50.066023
restaurant,AL QADISIYAH,26.41699,50.069629
restaurant,بوفية ترويقة,26.419739,50.074324
restaurant,بوفية سهول المسيلة لتقديم الوجبات,26.422838,50.072342
restaurant,McDonald's,26.415106,50.076998
restaurant,مطعم مذوق ليالينا لتقديم الوجبات,26.417223,50.071119
restaurant,RAJDHANI Restaurant (রাজধানী হোটেল) সালেহ আহমেদ,26.419868,50.073984
restaurant,ام بندر للمأكولات الشعبية,26.418797,50.07187
restaurant,رزون | RZON,26.425022,50.068673
restaurant,مطعم فرتكا,26.421855,50.073539
restaurant,Taste Mix Restaurant,26.418214,50.075229
restaurant,مطعم بخاري,26.419278,50.073415
restaurant,مطعم طشة طعميه,26.415692,50.072422
restaurant,بوفية عائلة السعادة,26.418127,50.071273
restaurant,بوفيه اركان النعمه للوجبات السريعه,26.419514,50.074749
restaurant,بروستد الرازي,26.42265,50.072451
restaurant,شركة التكامل الذهبية لتجهيزات المطابخ والمطاعم والفنادق والكافيهات ( الخنبشي سابقاً ) الدمام .Al_takamil alzahabia co,26.416654,50.076181
restaurant,بوفيه مزايا القادسيه للوجبات الخفيفه,26.418236,50.071305
restaurant,قرمشة البطاطس,26.418643,50.072072
restaurant,بوفية جنائن عدن,26.418763,50.072402
restaurant,بوفيه عبدالرحمن الدوسري,26.420007,50.066391
restaurant,DBL10,26.413921,50.069443
restaurant,بوفيه اريج الورد,26.416257,50.074312
restaurant,بوفيه فلافل الاخوين,26.413823,50.073431
restaurant,مطعم عبدالله بخاري,26.417419,50.075759
restaurant,Bofiya,26.421187,50.073313
restaurant,مخبز نور الصباح,26.418068,50.075355
restaurant,شقق تاج المنيرة المخدومة,26.424764,50.0682
mall,Al Qadisiyah,26.418225,50.071049
mall,متحر القادسية - QADSIAH STORE,26.357254,50.186659
mall,رائدة الإنجاز للتجاره,26.415428,50.073829
mall,أكاديمية القادسية,26.356819,50.186736
mall,Tharaa,26.417778,50.070582
mall,Qurtuba Square,26.344317,50.185698
mall,المنيرة للرخام,26.415312,50.073562
mall,معرض النهضة الحديثة للمغاسل الرخام,26.415186,50.073255
mall,ديكورات جي ارسي.,26.415037,50.07183
mall,مؤسسة المعلم العربي التجارية,26.414844,50.072936
mall,منارة العمدة للتجاره,26.415489,50.073414
mall,سوق سهل,26.419293,50.074114
mall,سوق لسنزا,26.413638,50.070951
clinic,Al-Qadisiyah Health Center,26.420812,50.070604
mosque,جامع عمران بن حصين,26.417234,50.072223
mosque,مسجد مصلى,26.418518,50.065387
mosque,Alri'an Mosque,26.420108,50.069571
mosque,Imam Abu Hanifa Mosque,26.419212,50.067963
mosque,Awis Al Qarnai Mosque,26.417793,50.073995
mosque,Sufyan bin Uyaynah mosque,26.415963,50.070264
mosque,Mosque Disclaimers,26.420198,50.071028
mosque,مسجد صغير,26.414819,50.075972
mosque,Al Hidayah Mosque,26.417529,50.077352
mosque,مسجد نعيم بن مسعود (الحكمي),26.424759,50.068843
mosque,مسجد الايمان,26.420604,50.073196
mosque,مسجد سعد بن معاذ,26.415361,50.087305
bank,Albilad ATM | صراف البلاد,26.420308,50.073937
bank,AlRajhi Bank ATM,26.4185,50.071483
bank,AlRajhi Bank ATM,26.422982,50.0682
bank,AlRajhi Bank ATM,26.42045,50.073883
bank,صراف بنك الجزيره,26.418568,50.068591
bank,Western Union,26.420366,50.073951
bank,Riyad Bank,26.428959,50.068532
bank,Riyad Bank ATM,26.41319,50.07254
bank,Riyad Bank ATM,26.41286,50.07242
restaurant,مطعم ديره الاختيار لوجبات السريعه,26.425207,50.07089
restaurant,শাপলা হোটেল,26.426028,50.06972
restaurant,صيانه معدات المطاعم والأجهزة المنزليه,26.416665,50.076156
restaurant,بوفية فلافل مكة المكرمة,26.420886,50.073545
restaurant,مطعم مشويات لقانا للكباب العراقي,26.420439,50.074441
restaurant,حنيذ ومندي الجنوب حي القادسية,24.818853,46.810838
restaurant,محل فلافل وشباتي وعصائر طازجه,26.418187,50.071278
restaurant,كاتلكس للبطاطس والعصيرات,26.418648,50.072069
restaurant,Al waqas resturent branch 2,26.434924,50.093882
restaurant,Zamakan,26.43599,50.089464
restaurant,الريس جابر Race Jabber,26.436687,50.091995
restaurant,مطعم دار القزاز Dar Restaurant,26.436319,50.095509
restaurant,مطاعم ياسمين الشام القديمة,26.436008,50.089509
restaurant,Reef misr restaurant,26.434174,50.094331
restaurant,مستر مشاوي,26.437743,50.092919
restaurant,مطعم جحا المصري حي القزاز الدمام,26.43361,50.095483
restaurant,Qazaz,26.436083,50.094463
restaurant,مطعم المركب الدمام,26.436772,50.095601
restaurant,سيريه أقاشي لذيذ,26.436688,50.095188
restaurant,مطعم قمة المصريين للامأكولات المصريه بالدمام,26.436773,50.095742
restaurant,مطعم وقت المشويات -GRILL TIME RESTAURANT,26.435381,50.094374
restaurant,مستر نصف ضربة,26.436158,50.092111
restaurant,مسمط الركن المصري,26.435408,50.094371
restaurant,مطعم شاطئ الغردقة للأسماك,26.433388,50.095264
restaurant,مطعم فنار الجمهورية للأكلات المصرية,26.433009,50.094488
restaurant,مطعم الزول لتقديم الوجبات,26.436272,50.093252
restaurant,مطعم خان الخليلي,26.437782,50.092732
restaurant,بوفية عزيز ¹,26.433051,50.096183
restaurant,Jannat Hotel,26.436847,50.095503
restaurant,بوفية المكان الراقي لتقديم الوجبات,26.433901,50.093224
restaurant,مطعم البطانة لتقديم الوجبات السودانية,26.436165,50.093214
restaurant,فرايزون frizone (حي القزاز),26.437723,50.092881
restaurant,مطعم ليالي الهدى للاقاشي,26.435631,50.093032
restaurant,SAAD BOOFIYA,26.433446,50.095488
restaurant,مطعم وفوال الخرطوم 2,26.435842,50.093243
restaurant,kyan,26.435363,50.088312
restaurant,مطعم فول البطل,26.433055,50.093005
restaurant,Mister Grills,26.43769,50.092817
restaurant,مطعم سمك ومحار للمأكولات البحرية,26.435963,50.094476
restaurant,مطعم مصر القديمة الأكلات المصرية . الدمام,26.434907,50.094944
mall,قصة اناقه,26.437471,50.095394
mall,Max,26.440223,50.100142
school,Excellence International School - Girls Section,26.4127,50.111637
school,Baitul As'aar for discounted goods,26.437776,50.0915
clinic,مؤسسه قواعد الدمام للصيانات الطبية,26.420683,50.088794
mosque,جامع القزاز,26.436243,50.094135
mosque,جامع,26.436242,50.09551
pharmacy,صيدلية جنا 2,26.434729,50.096102
bank,Western Union,26.436757,50.096395
restaurant,Kazaz,30.110324,31.344259
restaurant,Al Qazaz,26.434762,50.092024
restaurant,Kazaz,30.047056,31.239245
restaurant,مطعم هندي,26.436737,50.096424
mall,Gazzaz - Maison Al-Khobar,26.288298,50.218637
mall,الغزال للعطور,26.427519,50.097126
mall,الرصاصي للعطور,26.438838,50.102172
mall,السنان للعطور,26.440012,50.102263
mall,عالم ديور للعطور وادوات التجميل,26.440302,50.102234
clinic,مؤسسة وسائل الصحة للمستلزمات الطبية,26.431934,50.085863
clinic,مركز العلاج الطبيعي بمجمع الدمام الطبي,26.431799,50.083709
clinic,Wellness home marma therapy center,26.437045,50.084332
park,حدائق صنعاء,26.438117,50.092518
park,الحدائق الراقية,26.437502,50.103242
park,"شركة حدائق العطور للتجارة - Hadaeeq Perfumes Trading Co.,LLC",26.439641,50.102348
park,حديقة,26.43682,50.082081
park,حديقة بني سومح,26.435661,50.074328
restaurant,NOVANTA Pizzeria - Dhahran نوفانتا بيتزيريا | بيتزا - باستا,26.338961,50.152533
restaurant,Papa Johns - Doha Center,26.34847,50.143168
restaurant,ورق عنب الشرقية,26.339856,50.151706
restaurant,8 Points,26.343674,50.147822
restaurant,زووبا ZOOBA,26.339763,50.151773
restaurant,Casapasta | كازاباستا,26.348162,50.143424
restaurant,Archi,26.336484,50.153824
restaurant,شاورما وبروستد القصور,26.288688,50.214864
restaurant,Doha Walk,26.339142,50.152375
restaurant,POSHAK Doha Plaza - Khobar| بوشاك,26.348054,50.143368
restaurant,Spot Chicken,26.339428,50.152467
restaurant,Five Guys,26.339089,50.152854
restaurant,Clean Protein | كلين بروتين,26.343194,50.148131
restaurant,Maestro Pizza,26.348339,50.143287
restaurant,Mgnad hills,26.337408,50.153851
restaurant,Green Apple Pie,26.344024,50.162815
restaurant,COSMO,26.336637,50.153944
restaurant,Frykit Restaurant doha,26.340162,50.154656
restaurant,Mishwar Express,26.344902,50.14658
restaurant,مطعم بخاري غير,26.345477,50.137064
restaurant,مو كوفي | Mo Cafe‏,26.336681,50.154109
restaurant,McDonald's,26.348572,50.143154
restaurant,Dovvy Bakery Bar 2,26.337368,50.1534
restaurant,Hala Eb Cafeteria,26.349077,50.142696
restaurant,BRNX Pizza,26.339135,50.152659
restaurant,مطعم أبو سمرة البخاري,26.344559,50.1385
mall,مجمع مطاعم ومقاهي عند أسواق التميمي,26.338664,50.152202
mall,Dawan Doha,26.343621,50.147875
mall,مجمع الموسى التجاري تلال الدوحة,26.345356,50.146422
mall,Naf,26.330524,50.16227
mall,فيلاجيو 2,26.328717,50.182141
mall,Serbal,26.32304,50.180408
mall,Brands For Less براندز فور لس - Amwaj Mall,26.310377,50.168975
mall,القصر الصغير للهدايا,26.419284,50.111185
mall,Sacoor Brothers,26.305627,50.170261
mall,مركز العلاج الطبيعي الأول Physio one,26.343406,50.148562
mall,Villaggio Restaurants Village,26.327939,50.179854
mall,Gravity Khobar - قرافيتي الخبر,26.331798,50.161457
mall,Qasr Alawani,26.333487,50.180392
mall,Munirah Commissary,26.315452,50.131561
mall,Villagio,26.327832,50.180808
school,مدرسة ثانوية الخنساء (بنات),26.347606,50.159149
school,Al Qusur,26.347338,50.150772
school,بيت القارئ الصغير لضيافة الأطفال,26.343391,50.149964
school,مدارس واحة الإبداع الأهلية بالظهران,26.34438,50.164301
clinic,المركز الصحي بحي القصور,26.346043,50.163519
clinic,U.S. Renal Care - Dhahran Branch,26.345811,50.150293
clinic,Mediserv Office,26.345341,50.14617
clinic,Dr.Herzallah Medical center,26.345903,50.150045
mosque,مسجد الأمير طلال,26.348789,50.152768
mosque,Mulhim Masjid,26.358386,50.147083
mosque,Jamilah Qahtani Mosque,26.339893,50.154233
mosque,Hamza Ibn Abdulmutalib Mosque,26.34619,50.155417
mosque,Norah Algonaian Mosque,26.353505,50.143146
mosque,Rahmaniyah Masjid,26.355802,50.151771
mosque,Munira AlZamil Masjid,26.318551,50.172998
mosque,Almishraq Mosque,26.34535,50.187741
mosque,Mohammed Bin Abdulwahab Mosque,26.343226,50.133211
mosque,Omar Ibn Alkhattab Mosque,26.357704,50.200658
park,ممشى القصور,26.352824,50.147754
park,Dhahran Hills Trail,26.348221,50.15068
park,Sunrise Park,26.339932,50.161779
park,ممشى الضي,26.347976,50.146839
park,حديقة جميلة القحطاني,26.339581,50.154726
park,عمارة تلال القصور,26.341588,50.15286
park,Walking Trail,26.348355,50.147522
park,Nada Park,26.340401,50.157119
pharmacy,صيدلية الدواء,26.327831,50.167673
pharmacy,صيدلية رام القصور,26.343201,50.16282
pharmacy,صيدلية الدواء,26.31237,50.177579
pharmacy,صيدلية تكرار العلاج ( إعادة صرف ),26.35811,50.176204
pharmacy,Alhayat Alsharqiah,26.316735,50.203831
pharmacy,JHAH Out Patients Department Pharmacy,26.309957,50.134673
pharmacy,إدارة التموين الطبي الهلال الأحمر السعودي,26.345162,50.164507
pharmacy,Whites,26.306476,50.183939
bank,Riyad Bank,26.32298,50.16244
bank,SAB الأول,26.331775,50.149372
bank,Fransi ATM,26.34689,50.135702
bank,SAB الأول,26.344886,50.186523
bank,صراف بنك الجزيره,26.344912,50.137851
restaurant,شركة قصر الرياض التجارية لمعدات المطاعم والمقاهي والمطابخ المركزية,26.442612,50.086659
restaurant,مطعم القصور الدمشقي,24.596154,46.756282
restaurant,Hijaz Al Bukhari مطعم قصر الحجاز المميز البخاري,26.423326,50.113794
restaurant,Broasted Al Kussour,33.52404,36.312421
restaurant,Broasted Al Qusur مطعم بروستد القصور,24.491515,54.371589
restaurant,بروستد القصور,33.498815,36.294667
restaurant,مطعم القصور,32.630275,36.105776
restaurant,مطعم قصور الشام,36.374206,37.511796
restaurant,بروستد القصور فرع دوما,33.568366,36.407474
restaurant,Sham palaces restaurant مطعم القصور الشامية,53.50912,-2.242546
restaurant,Full tamis,26.41905,50.089768
restaurant,نايف,26.420683,50.088794
clinic,Clinique El Ksours Ghardaia,32.481935,3.680068
mosque,Qusoor Mosque,26.354971,50.141157
park,فندق حديقة القصور,16.623239,42.917955
park,حديقة تلال الدوحة - حي القصور,26.340432,50.155583
restaurant,Malas Al Shyf,26.322893,50.158879
restaurant,Makbous Express Doha مكبوس اكسبرس الدوحة,26.323221,50.160259
restaurant,Moalem Alshami Barbecue,26.322894,50.158818
restaurant,Party Box,26.344521,50.145047
restaurant,Waleemat Al Sharqiah,26.345288,50.137251
restaurant,لاما الظهران - LLAMA Dhahran,26.340264,50.1549
restaurant,Hardee's,26.347379,50.143992
mall,Dhahran Plaza,26.337128,50.15387
school,Imam Saud Alkabeer Secondary School,26.328718,50.152051
school,Qairawan Elementary school,26.316731,50.168134
school,Tanveer Girls School,26.316178,50.163979
school,Orbits pioneers international school,26.321651,50.158552
school,Hunain Elementary School,26.337692,50.16349
school,Sun Gardens,26.328127,50.155962
school,1st Kindergaten in Dhahran,26.324734,50.149152
school,Prince Fahd Bin Salman Elementary School,26.338446,50.147397
school,المدرسة المتوسطة الثالثة للبنات بالظهران,26.33147,50.152639
school,الإبتدائية الأولى لتحفيظ القرآن بالظهران,26.326247,50.152945
school,4th Elementary School,26.326496,50.152511
school,Karama Elementary School,26.346785,50.130185
school,First Secondary School for Girls,26.333237,50.16843
school,Othman Ibn Affan School,26.366657,50.16238
school,المدرسة الابتدائية سمية بنت الخياط للبنات,26.348163,50.158732
school,Doha Elementary School,26.33701,50.164737
mosque,Mosque,26.344164,50.147393
park,حديقة الاريج,26.341203,50.141352
park,Alaseel Garden,26.343737,50.145142
park,دوار الغدير,26.486557,50.049947
park,الكيف العربي,26.339256,50.152643
park,Al doha Park,26.335774,50.154849
park,ORNJ,26.339726,50.151806
pharmacy,Riyadat Aldhahran Pharmacy,26.350229,50.132797
pharmacy,صيدلية رام مجمع الدوحة الطبي,26.323098,50.163782
pharmacy,Medical Center Pharmacy,26.305765,50.150018
bank,الأهلي,26.34474,50.146821
bank,Alinma ATM,26.349575,50.157178
bank,SNB AlAhli ATM,26.33236,50.148715
restaurant,Pizza Hut,26.339474,50.152586
restaurant,My mothers bakery,26.346206,50.159391
restaurant,كرك بلال,26.347432,50.141616
restaurant,KFC,26.347175,50.144267
restaurant,خلية المنزل,26.34704,50.141582
restaurant,Shawarma Teef,26.344683,50.138371
restaurant,فوال حمص زمان,26.347222,50.141454
restaurant,بوفيه هلا الربوة,26.344873,50.138492
school,المدرسة القرآنية بجامع ابن تيمية,26.341227,50.146894
school,مدرسة متوسطة أم عمارة (بنات),26.348582,50.159101
school,Khawla may Allah be pleased by the school for the memorization of the Holy Quran,26.343054,50.133505
school,المتوسطة الثالثة بالظهران,26.331936,50.153005
restaurant,ZUMA FOOD COURT,26.442369,50.062183
restaurant,SHAWERMIA || مطعم شاورميا لتقديم الوجبات,26.458843,50.061274
restaurant,فيكتوريا رول فرع المحمدية,26.462497,50.049448
restaurant,Yume Sushi,26.467748,50.059415
restaurant,مطعم الريحانتان,26.463011,50.05618
restaurant,مطعم شعلة الحطاب,26.45756,50.061511
restaurant,LAVISH BIRYANI,26.455156,50.053768
restaurant,New Tasty Family Restaurant,26.458357,50.051178
restaurant,مطعم احلى تحبيشة,26.456452,50.051882
restaurant,Liwan Restaurant,26.454249,50.060233
restaurant,فلافل شامية المحمدية - الدمام,26.460527,50.061164
restaurant,Reem Broasted muhammadiya,26.462309,50.056071
restaurant,Kebab restaurant and pastries pine,26.456672,50.061731
restaurant,Tikka House,26.456015,50.061751
restaurant,ورق عنب الشرقية,26.462701,50.049335
restaurant,SIP+ Damamm Almuhammadiyah,26.458165,50.061389
restaurant,TRAFFIC burger - ترافيك برقر,26.462277,50.049479
restaurant,كباب و طماط,26.458374,50.061352
restaurant,MATAM KHAIR AO BARKA (PAKISTANI ),26.454348,50.054301
restaurant,Baladi bukhari restaurants.,26.461894,50.049647
restaurant,مطعم الرغيف المصرى,26.456643,50.051832
restaurant,ورق عنب سويت اند ساور,26.4575,50.061524
restaurant,بوفيه عرائسي العائله ( بوفية ماجد ),26.461731,50.060922
restaurant,Broasted Box,26.464353,50.048659
mall,Boulevard Almohamadia,24.421837,39.636172
mall,Muhammadiyah Residence 150,26.347024,50.098635
mall,الفراس للارز والمواد الغذائية,26.450955,50.062481
mall,فيتنا ديزاين,26.463824,50.061144
mall,Mukadi Cold Store الله يرزق,26.44394,50.063748
mall,مستودع منافذ الحلويات,26.449359,50.059008
mall,Mohammedia Mall commercial center,36.735081,3.175149
mall,Muthawa bakala ...AL munawa shopping center,26.448903,50.054933
mall,مكتب مبيعات المحمدية,26.329895,50.040752
mall,مملكة الأخشاب,26.449145,50.054925
mall,شركة الذهب الأخضر للتجارة - فرع الدمام,26.452302,50.055145
mall,شركة قمة الحلويات التجاريه فرع المحمديه,26.449568,50.061763
mall,Car Polishing ساعة اللمعان,26.456548,50.05207
mall,شركة الافكار الذهبية,26.451938,50.061675
mall,معسلات شركة واحة القيصر للمعسلات,26.469718,50.058723
mall,Shining Light Center Car Polish,26.463562,50.049067
mall,مازا للفلاتر,26.457415,50.051464
mall,شركة قهوة العميد الأصيلة التجارية,26.447305,50.063006
mall,لينكو كلين,26.445069,50.063235
mall,Hadar Trading Gold Corporation,26.445557,50.056667
mall,QAMAR INTERNATIONAL TRADING EST,26.443333,50.057335
mall,ليالي الكيف لجميع مستلزمات الشيشه,26.469695,50.058732
school,مركز المعارف المشرقة,26.467473,50.048995
school,Nada International School,25.538688,49.606437
school,Saihat Middle School,26.483857,50.039217
school,Diamond Private Schools,26.472608,50.048592
school,Al Moktashef International School (MIS) - Al Naeem,21.634962,39.133669
school,Al Moktashef International School (MIS) - Al Mohammadiyyah,21.639464,39.141612
school,مركز بسمة حياة لضيافة الاطفال,26.457602,50.055729
school,مهابة عباية,26.461056,50.057277
pharmacy,صيدلية اكسير Exceer Pharmacy 14,26.454763,50.056751
pharmacy,RxByKS,26.474077,50.052164
bank,البنك الأول,26.440878,50.060523
restaurant,مطعم المضياف (الراكة),26.361242,50.193817
restaurant,معجناتي المحمديه/ مطعم فلافل الاحساء,26.464555,50.048596
restaurant,مطاعم المحمدية,24.711596,46.695394
restaurant,Alahmadi's Barbecue,24.668443,46.732588
restaurant,شاليهات المحمدية,26.330116,50.010099
restaurant,Your Escape يور اسكيب,26.466541,50.060187
restaurant,Fokhara Restaurant,26.467649,50.059116
mall,حي المحمديه,26.407375,50.1179
mall,Al Muhammadiyah,26.459617,50.055398
mall,مول المحمدية للسيراميك والبورسلين,31.117545,30.653549
mall,جزيرة التوفير,26.446884,50.063074
mall,المحمدية ريزدنس 621,26.347619,50.098058
mall,عالم الأقدام,26.461301,50.064939
mall,Bannotti,26.460676,50.064295
school,ابتدائية المحمدية,26.274882,50.210238
park,Muhammadiyah Garden,21.658823,39.129806
park,ساحة المحمدية 2,26.454405,50.052897
restaurant,كبدة حجازي، حي المحمدية,26.45835,50.061505
restaurant,Quill Cafe,26.456292,50.061702
restaurant,شركة البريكي للصيانة فرع الدمام,26.458186,50.061385
restaurant,Al Basot,26.424004,49.999758
restaurant,مطعم بيت التكا,26.514501,49.979905
mall,بهجة امل للمنتجات الطببعية,26.481281,50.046517
mall,أوراق الفواكة awraq alfawakah,26.458472,50.063102
mall,Femi9فيمي,26.46161,50.064661
mall,adidas Outlet Store,26.46205,50.064948
mall,AlHomaidhi Watches,26.454963,50.105564
mall,Fourth Milling Company (Dammam Branch),26.510076,50.203774
mall,Centre Commercial Mohamadia Mall,36.735063,3.175187
mall,Evans,26.462209,50.065445
mall,Fourth Milling Company HQ - شركة المطاحن الرابعة,26.37707,50.178485
park,ممنون,26.457662,50.061508
park,الفراش العربي,26.453901,50.058808
park,M.G Al MOHAMADIA GROUP,26.285882,50.182283
park,Parc de Mohammedia,33.704612,-7.398718
pharmacy,Whites,26.461562,50.064937
pharmacy,شركة خبراء الجودة الرائدة Pioneer Quality Experts,26.441292,50.062524
bank,Competitive price,26.451776,50.062144
mosque,مسجد,26.455644,50.058458
park,حديقة المحمدية,24.7378,46.654259
restaurant,Leafy,26.411252,50.109237
restaurant,سالدوتش | Saldwich,26.411194,50.109093
restaurant,Ennabi,26.411265,50.109324
restaurant,McDonald's,26.41561,50.108993
restaurant,مسامي سوشي,26.410925,50.109346
restaurant,رومانسي الشرقية - النزهة Romansi Al Sharqiya,26.406743,50.107722
restaurant,30 Days Cafe,26.415038,50.108174
restaurant,KFC,26.409755,50.108808
restaurant,ورق عنب - برانش عنب,26.414006,50.111022
restaurant,Manto Rose | مانتو روز,26.408851,50.108413
restaurant,EL TACORIA | ال تاكوريا,26.407262,50.10806
restaurant,Hardee's,26.409515,50.108715
restaurant,kav cafe,26.406447,50.104753
restaurant,Utti,26.408241,50.10869
restaurant,Mantorose Cafe,26.408842,50.108427
restaurant,Mafaz,26.40701,50.112852
school,2nd Middle School,26.417672,50.098908
school,مركز منارة علم وبناء,26.412173,50.112415
school,الابتدائية الخامسة عشر بالدمام,26.419765,50.103828
school,مدرسة مصعب ابن عمير الابتدائيه بنين,26.411557,50.103841
school,22nd High School,26.417414,50.098977
school,Club Deaf,26.420019,50.101637
school,Musaab bin Omair School,26.416023,50.095023
mosque,مصلى منتزة جبل المريكبات,26.415966,50.108924
mosque,KFSH Mosque,26.414337,50.100455
mosque,مسجد رقم 3,26.410911,50.099413
mosque,مسجد نورة العبدالكريم,26.4187,50.097172
mosque,Abbas Aome Mosque,26.420114,50.10031
mosque,مسجد مستشفى الولادة والأطفال,26.408026,50.103624
mosque,مسجد زيد آل سليمان,26.414232,50.098498
mosque,مسجد حمد الوابل رجال,26.410988,50.103378
mosque,مسجد الحصيني,26.418646,50.09594
mosque,مسجد كلية التربية,26.420071,50.106777
restaurant,ممشى المريكبات,26.416992,50.10469
restaurant,مطعم يحيى الذهبي البخاري,26.417424,50.092375
restaurant,منتزه ساحة المريكبات,26.414855,50.11013
restaurant,Krispy Kreme,26.409299,50.108575
restaurant,قريّب,26.384767,50.044808
restaurant,شوكولاين الدمام,26.412737,50.096945
restaurant,Subway,26.413552,50.110124
restaurant,Cinnabon,26.411253,50.109265
school,مدرسة الفيصل المتوسطة,26.418386,50.105114
school,مدرسة عبدالله بن حذافة السهمي,26.417849,50.09557
school,Abu Obadiah Ibn Aljarrah Elementary School,26.414306,50.113911
school,Abdullah Bin Abbas School,26.41478,50.113233
school,Nusaibah bint Kaab Shool,26.418713,50.092524
clinic,chamalrayan2,26.411557,50.103841
clinic,Charitable Society to Combat Smoking Dammam Branch,26.403299,50.106035
clinic,عياده دكتور محمد فاروق جراحه التجميل,26.405225,50.101975
clinic,مبنى 2 عيادات خارجية,26.412695,50.10233
restaurant,Deep Fries,26.451468,50.128838
restaurant,Barshaq Grill Corner.,26.442095,50.121903
restaurant,One Half Burger,26.451562,50.128214
restaurant,Chili's,26.45129,50.128825
restaurant,سوار الخيرات، sewar alkhairat,26.440745,50.123923
restaurant,BASTAH KARAK,26.451163,50.131487
restaurant,كشري هند,26.440998,50.123622
restaurant,wokkong,26.451413,50.128628
restaurant,Crosto,26.452428,50.12413
restaurant,Al-Quds (Hummus & Falafel Restaurant),26.440109,50.124554
restaurant,معجنات باب دمشق الدمام شارع الملك سعود حي المزروعية,26.440143,50.125027
restaurant,مطعم شاورما سكين | Skeen,26.440394,50.124558
restaurant,دايت بلان,26.440285,50.124763
restaurant,بيكرز بوكس,26.441537,50.1228
restaurant,الصاج اللبناني,26.440576,50.1243
restaurant,Papa Johns - Al Khaleej Center DMM,26.4428,50.11837
restaurant,McDonald's,26.442628,50.118421
restaurant,ABOOD RESTAURANT (A Taste of Hyderabad),26.439259,50.126334
restaurant,كرك زمان,26.439106,50.126717
mall,Albait al falastiney,26.440269,50.12435
mall,زماننا للتمور الفاخرة,26.441016,50.123157
mall,Othaim Markets (City),26.441341,50.12051
mall,مؤسسة أسيل الشرقية,26.441577,50.122218
mall,أوان غاليري | AWAN Gallery,26.451242,50.130184
mall,محامص جوجا للمكسرات,26.440199,50.124899
mall,عطر لاجلك,26.451202,50.130684
school,مدارس رياضدالمعرفة الأهلية الابتدائية بالدمام,26.441025,50.129356
school,متوسطة الامير سعود بن عبدالله بن جلوي,26.445017,50.12294
school,Twelfth Girls Elementary,26.444563,50.125907
school,مجموعة مس هبة,26.448485,50.127733
school,الروضة الأولى بالدمام,26.445486,50.12561
school,روضة أشبال الغد,26.440313,50.130688
clinic,Riviera 1 Complex,26.45136,50.128652
clinic,مركز صبا الجمال,26.444523,50.121162
clinic,د\ ندى المنباوى DR NADA ELMENBAWY,26.452529,50.123783
pharmacy,RXORA,26.473365,50.12446
bank,anb ATM صراف البنك العربي الوطني - Dammam Smart Branch,26.451308,50.129886
bank,AlRajhi Bank ATM,26.4482,50.123533
bank,Mobily Store - فرع موبايلي,26.441017,50.122911
bank,صراف الجزيرة,26.451695,50.127306
restaurant,مطعم البيت المقدسي - Al maqdisi,26.436761,50.1297
restaurant,BAZZA | بزه,26.437563,50.129152
restaurant,Juice Samdo,26.440444,50.12453
restaurant,بوفية الصنعاني,26.433666,50.12958
restaurant,Domino's Pizza دومينوز بيتزا,26.452625,50.123452
restaurant,Herfy,26.450249,50.119141
restaurant,منسف وطن,26.437593,50.129111
restaurant,شاورما سوار (أطيب شاورما),26.440823,50.123848
restaurant,Gate7,26.437441,50.129377
restaurant,Sana Shami Pizza's & Pastries,26.437626,50.123234
restaurant,Frutella Juices,26.440398,50.124012
mosque,مسجد مصلى المغفور لها بإذن الله (دليِّل بنت حسن العجمي),26.435575,50.128104
mosque,جامع الامام علي بن ابي طالب رضي الله عنه,26.445841,50.128989
mosque,Great Badr Mosque,26.438232,50.129377
mosque,Abdullah bin Omar Mosque,26.447933,50.13032
mosque,Musa bin Nusair Mosque,26.450893,50.124421
mosque,مسجد مجيديع,26.441241,50.124949
mosque,Sa'd Ibn Ubadah Mosque,26.433967,50.130224
mosque,مسجد المغفورلهاوالده رشيد الحصان,26.443331,50.120472
mosque,Mostafa Ismaeil,26.443223,50.118243
mosque,Al Mazrouiyah Mosque,25.369855,49.578698
mosque,جامع النعيم,25.371812,49.578509
mosque,Al Mazruiyah,26.444289,50.121797
mosque,مسجد نادي المنطقة الشرقية الأدبي,26.441266,50.124856
restaurant,مطبخ المنار,26.378577,50.037993
restaurant,بوفيه المنار,26.381094,50.024822
restaurant,مضغوط الشيف,26.366658,50.037056
restaurant,SALT,26.391665,50.036403
restaurant,Rommanah Restaurant,26.372564,50.041083
restaurant,مطعم ومطبخ وريف,26.372684,50.032501
restaurant,مطبخ مونتريال للحفلات و الولائم,26.372579,50.041117
restaurant,بوفية ذوق المنار,26.378728,50.049288
restaurant,مندي الجزيرة,26.367613,50.036942
restaurant,go burger | جو برجر - المنار,26.377489,50.047422
restaurant,سيرية وشية بلدنا,26.365955,50.038364
restaurant,بوفية بعد العاشرة لتقديم الوجبات,26.369203,50.036511
restaurant,Bab Bukhokha Restaurants & Kitchens,26.375333,50.030232
restaurant,مطبخ ام حلا حي المنار,26.362994,50.044413
restaurant,مطعم روزانا,26.363764,50.029775
restaurant,بوفية ركن توكلنا,26.360515,50.041517
restaurant,مطعم بيّاز,26.391195,50.039066
restaurant,مطعم أجواء الخضراء,26.368196,50.035628
restaurant,بوفية امتياز الفنار للسندويشات والعصيرات الطازجة,26.366262,50.03259
restaurant,KiiN,26.379842,50.057606
restaurant,مطعم جمان juman Restaurant,26.370878,50.034022
restaurant,Chick N' Dip تشيك ان ديب - Alnakheel Mall,26.390566,50.035982
restaurant,وايت ماء,26.365468,50.038084
restaurant,بوفيه شطيره المنار للوجبات السريعه,26.380511,50.048404
restaurant,بيف تاون BEEF TOWN,26.395442,50.041189
restaurant,Pakistani Restaurant,26.363705,50.029061
restaurant,مطعم أصول الشام,26.362986,50.0366
restaurant,BURGER SITE FAISALIYA,26.381878,50.047377
restaurant,مطاعم حنيذ الجنوب - المنار,26.370066,50.034784
restaurant,Concept Burger كونسبت برجر,26.368343,50.036144
restaurant,مطعم التنين الأخضر,26.363848,50.029777
restaurant,فول خلوفة الدمام,26.39525,50.041228
restaurant,Kyan,26.360891,50.042184
restaurant,Coffee Address | عنوان القهوة,26.373892,50.042072
restaurant,Paul Bakery & Restaurant,26.390136,50.037481
restaurant,مطعم نبراس الشام,26.367536,50.036604
restaurant,مطاعم ومحانذ بن عواض,26.367811,50.036773
restaurant,بوفية مدوّر,26.367399,50.03652
restaurant,Sushi Library,26.391537,50.03712
restaurant,Green Chillies Restaurant,26.370488,50.037334
restaurant,مطعم مقرن النيلين,26.365799,50.031137
restaurant,عريكه عم عادل,26.367195,50.0373
restaurant,سلة بيت الفلافل,26.37247,50.040205
restaurant,Poshak | بوشاك,26.39616,50.04281
restaurant,McDonald's,26.365385,50.047214
restaurant,Zam Zam Restaurant,26.366037,50.031476
restaurant,شاورما ريف,26.366602,50.033098
restaurant,مطعم الحطاب,26.370958,50.033971
restaurant,Poshak | بوشاك,26.390812,50.039383
restaurant,Khyber Restaurant - Dammam مطعم خيبر,26.366089,50.031595
mall,توب سنتر الدمام طريق الملك فهد حي المنار,26.394261,50.03812
mall,Al Manar Mall,24.460347,39.584907
school,مجمع مدارس منار المستقبل الأهلية,26.378069,50.037438
school,Mishkat al-Manar,26.387886,50.042859
school,حى المنار,26.432357,50.09073
school,Manar Almostaqbal Schools,26.404482,50.052174
school,مدارس نال النموذجية,26.394309,50.042274
school,مسلمه بن عبدالملك المتوسطه,26.377995,50.034643
school,Kindergarten eighteen Dammam,26.38177,50.040431
school,Al Manar,26.368932,50.035517
school,مدارس المنارات بنات,26.336499,50.191086
school,مدرسة عمرو بن الجموح الابتدائية,26.37849,50.033914
school,AL MANAR INTERNATIONAL SCHOOL YANBU,24.086779,38.08425
school,المدرسة الإبتدائية التاسعة والخمسون بالدمام,26.381731,50.039994
school,Masjid جامع منار الإسلام,26.368155,50.044164
school,Almanar Private School,26.089171,50.4956
school,المتوسطة الثامنة والثلاثون بالدمام,26.372192,50.039087
school,الثانوية الثالثة والثلاثون,26.372015,50.038985
school,ولاية زهران العناصي,26.379463,50.026283
school,اكاديمية هايبرس,26.38275,50.031108
school,Habiba Alkhozrgih School for the Memorization of Quran,26.375362,50.040401
school,AlManar schools,31.98666,35.949553
school,زاوية الطفل Kids corner,26.372987,50.039369
school,مدارس رياض المملكة الأهلية,26.378892,50.027606
school,روضة رياض الابداع,26.374624,50.058052
school,مدارس رواد الأصالة العالمية,26.364037,50.037402
school,مركز العمر كله لضياقة الطفولة,26.381155,50.047882
school,مركز مهارة ومرح للترفيه,26.378034,50.04889
school,المتوسطة الثامنة والثلاثون بنات,26.37228,50.039359
school,مدرسة عاتكة بنت زيد الابتدائية,26.367232,50.032258
clinic,مركز صحي المنار,26.370652,50.036745
mosque,جامع إمام الدعوة,26.376818,50.043699
mosque,مصلى المنار,26.381199,50.024039
pharmacy,Value Pharmacy - Manar صيدلية فاليو - المنار,26.367951,50.03613
pharmacy,صيدلية بيتا فارم فرع حي المنار - Beta pharm pharmacy Al manar,26.381179,50.047967
pharmacy,Nahdi,26.359122,50.061046
bank,Al Rajhi Bank ATM,26.384085,50.045452
bank,SNB AlAhli ATM,26.371193,50.03382
bank,صرّاف بنك البلاد,26.391573,50.03785
bank,Albilad ATM | صراف البلاد,26.37967,50.049112
bank,Emirates NBD ATM,26.391499,50.037441
bank,بنك السعودي الفرنسي,26.374101,50.042174
bank,BSF - Banque Saudi Fransi ATM - Saudi Fuel Gas Station - Cash withdrawal,26.378093,50.059307
bank,ATM Ahli Bank,26.368254,50.035136
bank,AlRajhi Bank ATM,26.37622,50.046305
bank,SNB AlAhli ATM,26.368175,50.035046
bank,ATM bank Farance,26.378052,50.059309
bank,Al Jazira ATM,26.395952,50.043938
bank,AlRajhi Bank ATM,26.366074,50.032323
bank,صراف آلي بنك الانماء,26.364564,50.038946
bank,SNB AlAhli ATM,26.378895,50.049598
bank,Al Rajhi ATM,26.40031,50.040416
bank,جمارة,26.372601,50.05538
bank,Sama Deeraty Restaurant Taybah,26.37049,50.056628
bank,صراف بنك الجزيره,26.365249,50.062114
bank,ضمان وخدمات جنتوشوب قوي للشواحن المحمولة والباور بنك واكسسوارت الهواتف,26.368098,50.036526
bank,ATM Ahli Bank,26.364634,50.038124
bank,شركة اليسر للإجارة والتمويل,26.398899,50.044146
bank,Riyadh Bank ATM صراف بنك الرياض,26.40995,50.033716
bank,SAB الأول,26.360897,50.044246
bank,معرض المنار للسيارات,26.397597,50.007553
restaurant,كافتيريا مدوّر,26.381075,50.056523
restaurant,مطعم النوخذة الشرقي فرع المنار,26.381377,50.047699
school,شركة مدارس منار المستقبل الأهلية,26.404489,50.054166
mosque,Mosque Of Al Manar,26.37956,50.047627
mall,المنتزه إكسبرس | Muntazah Express,26.484121,50.033332
mall,Sadiq Marketing Center | Muntazah Express,26.481055,50.050903
mall,Muntazah Markets,26.556821,50.036273
mall,Muntazah Markets,26.561667,49.969922
mall,AlMuntazah Supermarket 3,26.520717,49.999074
mall,Muntazah Markets‎,26.608475,50.007897
school,مدارس نهضة التعليم الأهلية,26.377239,50.14408
school,"Smart Auditorium Gate 4, Saudi International School for the Sciences and Arts",26.377073,50.138816
school,حضانة دار الإصباح للطفولة,26.372459,50.131556
school,National IT Academy (NITA),26.398,50.116435
clinic,Eradah Medical Rehabilitation Center مركز ارادة للتأهيل الطبي,26.376249,50.123975
clinic,مجمع الامتياز الطبي,26.560091,50.012694
clinic,Saffron Castle قلعة زعفران,26.491821,50.046053
clinic,مجمع شفاء المنتزه Hanan Medical Centre,21.4879,39.270828
clinic,Al Ryan Polyclinic’s Parking,26.444318,50.09508
mosque,جامع محمد بن عبدالله العرفج,26.374323,50.130556
mosque,مسجد ربعي بن عامر التميمي,26.381105,50.125605
mosque,Abdulrahman bin Zayd Mosque,26.381529,50.130759
mosque,مسجد حزام القحطاني,26.381489,50.130654
park,Algrob Park,26.386504,50.106462
park,Al Narjes Park,26.399529,50.106494
park,Al Nabeq Park,26.403174,50.107591
school,Al Muntazah,26.376711,50.12871
school,مدرسة المنتزة الخاصة,31.277244,30.008166
school,مدارس كيان الاهليه,26.49332,50.03741
school,حضانة حديقة المرح,26.511926,49.979817
school,My lovely desk,26.462746,50.003018
school,مركز تنمية مواهب الطفولة,26.492863,50.044073
school,পুরাব ধুলাউড়ি,26.385814,50.140547
school,اكاديمية راق الرياضية,26.37873,50.1358
school,الزي المحترف -فرع الدمام,26.377531,50.148116
school,Saql Center | مركز صقل المواهب للفنون,26.380606,50.147956
clinic,Padi Clinic - Dammam عيادات بداية الطفل لطب أسنان الأطفال الدمام,26.371535,50.124019
clinic,Aminatit Emergency Clinic,26.388265,50.131781
clinic,مركز السحيمي لاضطرابات النمو والسلوك,26.40549,50.105814
clinic,العيادات الخارجية- اطفال,26.405834,50.105819
clinic,Narsis clinic,26.40044,50.0965
bank,SAB الأول,26.39671,50.14272
bank,BSF - Banque Saudi Fransi ATM - Saudi Petroleum Services Polytechnic - Cash withdrawal,26.376348,50.109673
bank,صراف بنك الرياض,26.405901,50.10762
bank,بنك الرياض,26.40035,50.117263
school,Albanfsaj Park,26.389321,50.110686
clinic,Aledad Tower,26.376382,50.124496
restaurant,بوفية الميناء لتقديم الوجبات,26.45333,50.124591
restaurant,بوفية الميناء,26.331799,50.007333
restaurant,مطاعم البلدي البخاري الميناء,26.474817,50.191886
restaurant,مطعم عز الشرقية,26.416838,50.173161
restaurant,Munna boofiya,26.416259,50.173111
restaurant,Naia Lounge,26.493309,50.120727
restaurant,فوال ومطعم شعبيات الفخامه,26.452749,50.179922
restaurant,Al-Shola Bhukari Restaurant,26.415164,50.175551
restaurant,Madeena Restaurant,26.44511,50.067759
restaurant,مطعم زاد النواخذة للمأكولات البحرية,26.416731,50.114455
clinic,SGP Training Academy,26.47503,50.190874
clinic,Dispensary King Abdulaziz Port,26.474926,50.19077
mosque,جامع جمرك الميناء,26.486616,50.202513
mosque,Tamil Bayan Jummah Masjid (Dammam Port),26.464881,50.194218
pharmacy,Alhabib Hospital Pharmacy صيدلية الحبيب الخبر,26.310059,50.211672
pharmacy,Al Afyia Pharmacy,26.3107,50.213989
pharmacy,صيدلية الدواء,26.292143,50.207228
pharmacy,صيدلية الدواء,26.304431,50.199516
pharmacy,صيدلية الدواء,26.31921,50.208393
pharmacy,صيدلية الدواء,26.29819,50.196704
pharmacy,صيدلية الدواء,26.297551,50.213208
pharmacy,صيدلية الدواء,26.293902,50.217817
pharmacy,Al Ghadeer Pharmacy 8 صيدلية الغدير ٨,26.291527,50.21217
pharmacy,مستورد و مخفض,26.321949,50.21537
pharmacy,إدارة صيدليات الدواء,26.330635,50.203766
pharmacy,Al Nahdi Pharmacy,26.289032,50.215028
pharmacy,Al-Hokail Pharmacy,26.338208,50.199598
pharmacy,صيدلية وصف الدوائي 4,26.289694,50.198944
pharmacy,شركة الرعاية الفائقة المحدودة,26.298519,50.216298
bank,شركة مشاركة المالية,26.311552,50.224566
bank,SNB Alahli SME,26.323937,50.216062
bank,تمويل الأولى - مكتب التحصيل والشؤون القانونية,26.331017,50.213977
bank,Alinma Bank,26.320326,50.216251
bank,West Group Logistic Port Services Co,26.427713,50.173101
bank,SAB الأول,26.298858,50.223685
bank,SAB الأول,26.328193,50.21212
bank,SAB الأول,26.319318,50.215843
bank,The Saudi Investment Bank ATM,26.30381,50.21051
restaurant,أسماك المينا جده,21.496068,39.173459
school,مدرسة أمن وحماية المرافق البحرية,26.467648,50.194634
school,الابتدائية الثانية والستون للبنين,26.480341,50.186642
restaurant,بوفية بوابة الناصريه,26.424754,50.119053
restaurant,بوفية زاوية تسالي,26.426361,50.120161
restaurant,Boofiya shorooq بوفیة ارض الشروق,26.425104,50.119289
restaurant,Shaikh Al Sayadin Sea Food Restaurant,26.424767,50.114619
restaurant,إفطار صائم يوميا,26.42265,50.117068
restaurant,بوفية مصطفى يوسف,26.425112,50.119288
clinic,معمل نبض لتركيبات الأسنان,26.423287,50.119055
clinic,Health Care - الرعاية الصحية,26.429217,50.117167
clinic,مركز عناية الاطراف الطبي /Prosthetics & Orthotics,26.414083,50.116749
pharmacy,The first pharmacy,31.045052,46.252668
bank,anb ATM صراف البنك العربي الوطني - Institute Of Public Administration Dammam,26.427733,50.116883
bank,anb ATM صراف البنك العربي الوطني - Nami Building,26.423828,50.121223
restaurant,مطعم ابل سويت | Apple Sweet,26.424685,50.1146
restaurant,Aziz Restaurant,26.414225,50.11836
restaurant,بوفية الناصرية للوجبات السريعة,26.424765,50.11906
restaurant,شاورمجي | SHAWERMAGY,26.413828,50.119422
restaurant,Khaled Pastries,26.426209,50.120038
clinic,An Nasriyah,26.426676,50.119944
clinic,عيادة دكتور وليد أنس,26.412668,50.115583
clinic,مركز صحي الناصرة,26.579067,49.994957
clinic,East & West Nutrition and Wellness,26.4293,50.117181
clinic,نقاء الدمام,26.4192,50.110563
restaurant,مطعم نص مقمر,26.436906,50.088104
school,الابتدائة الرابعة عشر بالدمام حي النخيل,26.442681,50.092409
school,مدرسة المدائن المتوسطة,26.438728,50.09414
school,مدرسة النخيل الابتدائية,26.5523,50.008993
school,Al-emamm Al-gzali High school,26.440153,50.093421
clinic,مركز النخيل الطبي بالدمام,26.436662,50.086554
clinic,مجمع النخيل الطبي العام Alnakheel General Medical Center,22.795082,39.032665
clinic,Ayurveda treatment center dammam,26.437053,50.084352
clinic,مركز ديافيرم لغسيل الكلى - حي النخيل,26.435642,50.087547
clinic,دكتور امجد العمري,26.43703,50.090354
clinic,مركز صحي النخيل Al-Nakhil Medical Center,26.436136,50.086524
park,Palm Garden,26.324592,50.22461
pharmacy,Whites,26.391562,50.037687
restaurant,مطعم ظل النخيل,26.658637,49.967421
restaurant,مطعم ركن النخيل,26.406216,50.036943
restaurant,Al Nakheel Restaurant,21.564571,39.111922
restaurant,فوال النخيل,26.411837,50.017281
restaurant,بوفيه نخيل القيصوم,26.4416,50.091226
restaurant,مطعم النيل والنخيل,26.428899,50.093863
restaurant,WHATASLIDER ‎,26.390255,50.037823
restaurant,AL-Madhan Al-Yemeni restaurant مطعم المدهن للمأكولات اليمنية و الحجازية,26.390711,50.037446
restaurant,مطعم الرائد البخاري,26.436571,50.084304
restaurant,New york fries,26.389891,50.037033
restaurant,"L'ETO caffe - Nakheel Mall, Dammam",26.390215,50.037045
restaurant,Patchi,26.391308,50.038805
restaurant,AlNakheel Cafe | منتزه النخيل,26.626851,37.913458
restaurant,Crepe Affair,26.391171,50.037609
restaurant,مطعم طرح البحر للماكولات البحرية,26.441627,50.082172
restaurant,Siadat Almuhtarif,26.389958,50.037227
restaurant,Cafe Tutti,26.390667,50.039034
restaurant,Popeyes,26.390339,50.03764
restaurant,بوفية أصداف النخيل,26.437717,50.086031
restaurant,Sulaiman Boofiya Nakhil,26.438943,50.088508
restaurant,مطعم زين القاهرة للمأكولات المصرية,26.440329,50.082738
restaurant,Raising Cane's,26.391711,50.037574
restaurant,بلياردو و سنوكر ديلابيكس |مقهى | BILLIARD & SNOOKER DELAPAIX |coffee shop,26.442784,50.089047
restaurant,Dalla kirshak restaurant,26.439828,50.082967
restaurant,مطعم نجم الاسطورة,26.487155,50.038892
restaurant,Tawa restaurant,26.443245,50.096101
restaurant,مطعم لذة النخيل Palm Grove Restaurant,26.277194,50.212122
restaurant,قصب وعصير الباشا,26.439071,50.083209
school,مدرسة النخيل الإبتدائية بالقطيف,26.552713,50.009302
clinic,Al Nakheel Medical Centre (anmc),26.203723,50.497187
clinic,مجمع النخيل الطبي,24.691336,46.855459
park,حديقة النخيل,26.401914,50.021252
clinic,NOYA CLINIC - AL- NAKHEEL | عيادات نويا - النخيل,24.746878,46.615273
clinic,North Health Center,27.01678,49.64524
clinic,NOYA CLINIC - AL-FALAH | عيادات نويا - الفلاح,24.805792,46.71499
restaurant,The Peak,26.371353,50.089637
restaurant,بوفيه فخر الاسطورة حي الندى,26.364728,50.075429
restaurant,Papa Johns - Shulah Dammam,26.371852,50.089607
restaurant,JAM’d Dammam,26.375951,50.088712
restaurant,Wingstop 8th Avenue Dammam,26.378572,50.068776
restaurant,بوفية ناصر الصيعري,26.373132,50.090798
restaurant,Sikkat Karak,26.366278,50.075633
restaurant,PAKKA RESTAURANT (Indian Food),26.376023,50.088759
restaurant,مطعم نمط صحي للوجبات الصحية,26.369809,50.084136
restaurant,McDonald's,26.366403,50.069747
restaurant,باستارونا,26.3759,50.088296
restaurant,Baytoti | بيتوتي,26.366392,50.070221
restaurant,Wahed Brosted,26.364675,50.072083
restaurant,Mayar Al Nada Fast Food Buffet,26.367676,50.07787
restaurant,بوفية ريفي,26.361854,50.073174
restaurant,ستة رجب | الندى,26.371266,50.085792
restaurant,Pizza INN - بيتزا ان,26.365739,50.074896
restaurant,مطعم و فوال وادي الدور,26.369345,50.066289
restaurant,Tiklers تكا,26.366321,50.070453
restaurant,مطعم الياسمينة,26.37411,50.074536
restaurant,SHRUBS,26.374155,50.07466
restaurant,مقمر شاورما ومشوي فرع 2 الندى,26.375936,50.088669
restaurant,Ouden,26.375831,50.088132
restaurant,RATIO Speciality Coffee,26.371301,50.089834
restaurant,Tokuzo restaurant,26.369971,50.084322
restaurant,بوفية لذائذ الأسطورة,26.364682,50.075368
restaurant,صب واي,26.366163,50.070677
restaurant,Olabs Café Drive Thru,26.376374,50.088949
restaurant,San Chops By Tokuzo Restaurant,26.370003,50.084209
restaurant,مضغوط تهامه,26.372679,50.086042
restaurant,مطاعم التركستاني البخاري,26.36879,50.079601
restaurant,AlAsr AlHadith Restaurant,26.358922,50.064051
restaurant,مطعم طاهي الغروب,26.365207,50.07387
restaurant,كازاباستا,26.366522,50.070298
restaurant,برجر المشوي علی الفحم.,26.368408,50.081378
restaurant,الفروج بروستد,26.364245,50.074684
restaurant,مطعم عصيدة و مرق,26.371922,50.086839
mall,Mart Zone AlNada مارت زون الندى,26.365846,50.069876
mall,Anwar AlHazzaz Shopping Center,26.367805,50.068523
mall,اسواق العثيم | Othaim Markets,26.366079,50.07078
mall,ثمار الندى للخضار و الفواكهه,26.368687,50.079466
mall,My Store,26.379759,50.086588
mall,لمعان المنزل للمنظفات و البلاستيك,26.363568,50.063533
mall,UNIVERSAL COLD STORAGE 09,26.370092,50.08188
school,مدارس المشكاة الأهلية بحي الندى,26.367698,50.073875
school,مدارس معالي العلوم الأهلية,26.374674,50.079347
school,ءءء,26.366138,50.069693
school,Thirty-seventh Primary School for Girls,26.362749,50.065698
school,مدارس المنابر الأهلية بنات,26.367836,50.075009
school,المدرسة الابتدائية الرابعة و الخمسون بالدمام,26.374266,50.077475
school,متوسطة عبدالرحمن الغافقي,26.369799,50.078014
school,مجمع النزهة التعليمي ٢,26.373115,50.083043
school,"Abdul Rahman Ghaaf, rawdah",26.370035,50.078131
school,مدرسة إمامة بنت ابي العاص الابتدائية للبنات,26.373286,50.082954
school,المتوسطة السابعة والثلاثون,26.374006,50.078077
school,مدرسة سمراء بنت قيس الثانوية للبنات,26.373109,50.082602
school,مدرسة أم عبدالله المجدوعي لتعليم القرآن,26.369202,50.098691
school,مركز التباشير لضيافة الاطفال الاهلية,26.3701,50.080579
school,مدرسة الندى ‏الابتدائية للبنين,26.373324,50.07064
school,Girls schools,26.374561,50.077717
mosque,Mosque dew,26.373725,50.076346
mosque,Abdullah AlBugami Mosque,26.367032,50.072989
mosque,Yousef Al-Hamad Mosque,26.373491,50.07332
mosque,AlJaloud Mosque,26.370864,50.07136
mosque,مسجد,26.364834,50.072863
mosque,مسجد عمر الفاروق,26.374649,50.069452
mosque,مسجد المحارب,26.374613,50.069485
mosque,Zahrani Mosque,26.359087,50.052622
mosque,مسجد القحطاني,26.376483,50.083407
park,Alareig park,26.376638,50.077887
park,حديقة الندئ,26.380065,50.036491
park,AlAseel Park,26.371244,50.068459
bank,بنك الرياض,26.362076,50.064822
bank,ATM Bank Al Jazira,26.365664,50.076915
bank,Alinma ATM,26.367708,50.05933
bank,Alinma ATM,26.354236,50.04801
bank,SNB AlAhli ATM,26.369778,50.065887
restaurant,مطعم الندى للاسماك,21.486971,39.183933
restaurant,مطعم الندي,24.586364,46.544118
restaurant,سرد,26.368831,50.081855
restaurant,Balancd,26.371956,50.089472
restaurant,مضغوط الخزامى,26.369354,50.082778
restaurant,Falafel Amo Basil,26.363856,50.071018
restaurant,Mishwar,26.364545,50.070427
restaurant,الكرك ALKARAK,26.362862,50.072488
restaurant,فوال الطائف طيبة,26.362062,50.064682
restaurant,بوفية روان لتقديم الوجبات,26.370887,50.082407
restaurant,Curve Burger,26.368423,50.067058
restaurant,An Nada,26.373921,50.078501
restaurant,كيف التوأم,26.376198,50.089225
restaurant,Karak wa shapaty,26.372417,50.063745
restaurant,Pizza Hut,26.366312,50.070313
clinic,مركز ندى للعناية Nada care center,26.56767,50.004342
clinic,مجمع ندى ناصر العتيبي الطبي,21.772402,39.218934
clinic,مركز نافذ للحجامة,26.36508,50.075945
clinic,عيادة اطفال,26.386508,50.060539
clinic,مركز الندى,26.406862,50.041121
park,Alnada District Park,24.8002,46.679995
park,Al Nada Park,24.801657,46.69286
restaurant,قصدير حي النزهة | Qasder nuzha,26.401936,50.105225
restaurant,مكبوس إكسبرس النزهة,26.400304,50.115226
restaurant,مطعم راز تكا وبرياني,26.391709,50.104657
restaurant,كرك السبعينات ١٩٧٧ -الدمام,26.39355,50.104718
restaurant,Moroccan Taste,26.400825,50.115249
restaurant,Bonavida,26.393965,50.104743
restaurant,شاورما سنع,26.393812,50.104738
restaurant,Lghawees | لغاويص,26.401492,50.105034
restaurant,Kudu - Mohammed Bin Fahd Street - Dammam,26.40045,50.115044
restaurant,TAKE AWAY burger /تيك اواي برجر,26.393256,50.104646
restaurant,Hunger Bell Cafeteria كافتيريا جرس الجوع,26.393692,50.104716
restaurant,My station,26.401634,50.105092
restaurant,مقهى ومحمصة سمبلسيتي | Simplicity cafe & roastery,26.403173,50.105963
restaurant,Kebdat Hijazi,26.406444,50.107556
restaurant,حي النزهه شارع علي ابن ابي طالب,26.406195,50.109225
restaurant,Shawarmar near hospital,26.395019,50.104736
restaurant,My stand,26.401643,50.105093
restaurant,OMYO BURGER النزهه,26.40199,50.105241
restaurant,Soren Coffee Roasters مقهى ومحمصة سورن,26.396262,50.104763
restaurant,Lorenzo Pizza | لورينزو بيتزا,26.397064,50.104787
restaurant,Burg,26.390021,50.104562
restaurant,Burger King - Othaim Dammam,26.400591,50.114915
mall,سوبرماركت عالم هلا,26.389973,50.112704
mall,تراي بارك ( تحت الانشاء),26.403549,50.104882
school,مكتبة معرفة الاجيال التجارية,26.391662,50.104656
school,Girls middle school مدارس منارات الدمام - بنات,26.404545,50.111739
school,Manarat Alsharqia School,26.39454,50.108663
clinic,Al Nozha Medical Center,24.766949,46.712603
clinic,مركز كيور الطبي,26.39219,50.104836
mosque,مسجد مصلى,26.390004,50.112375
mosque,جامع سعود المدعج,26.389988,50.111182
mosque,مسجد مريم بنت عبدالله الدبل,26.398922,50.111298
mosque,مسجد حمد البو علي,26.392863,50.113338
mosque,SPSP Mosque - مسجد,26.376219,50.109431
mosque,مسجد مدلوله آل ضرمان,26.386582,50.107467
mosque,مسجد منيرة البراهيم المنصور,26.399565,50.115406
mosque,باريس النزهه,26.394973,50.110723
park,Cheerful garden,26.403114,50.111477
park,حديقة جامع النزهه,26.394402,50.106334
park,Al-Farouq Park,26.408154,50.110509
park,Parking Space,26.401855,50.114195
park,Free parking area,26.401359,50.11479
park,مظلم 55,26.407243,50.110387
park,كيدز بارك,26.403258,50.106418
park,Dammam,26.393231,50.111661
pharmacy,صيدلية دور الحكمة,26.404985,50.11398
bank,Rajhi ATM,26.389975,50.112705
bank,AlRajhi Bank ATM,26.390648,50.11277
restaurant,مطعم ومطبخ النزهة NUZHA RESTAURANT,27.468919,48.471201
restaurant,مطعم كواتم النزهة البخاري,26.437765,50.096714
restaurant,حي النزهه شارع الحنان,26.398814,50.108216
restaurant,معجنات حبق الشام,26.400824,50.104941
restaurant,خلية فوز,26.382046,50.104279
restaurant,سنيور كباب النزهة | SENORO,26.390615,50.104614
restaurant,دولمة | Dolma,26.382624,50.104327
restaurant,Karak Alhazah,26.393699,50.104734
restaurant,Herfy 215,26.400127,50.115581
restaurant,Restaurant AL NUZHA,21.913426,42.026487
restaurant,Herfy,26.400725,50.105035
restaurant,Chicken 65,26.408209,50.108669
restaurant,كوستا كوفي,26.391167,50.113772
restaurant,Al Hatab | الحطب,26.394245,50.104741
restaurant,مممنن,26.389939,50.111822
mall,Othaim crosswalks,26.40041,50.115426
mall,حديقة الروابي,26.398174,50.113693
mall,Milano,26.400429,50.117219
mall,نعومي العثيم مول الدمام,26.399932,50.116073
school,Bright Nozha Schools - BNS,30.113361,31.353661
school,Al Nuzha,26.398814,50.108216
school,Nozha Language Schools,30.152259,31.437581
school,نادي حي النزهة بمجمع النعمان بن بشير التعليمي,26.387218,50.108821
restaurant,سوما | Soma,26.381942,50.148243
restaurant,Nahar Buffet,26.400703,50.040204
restaurant,شركة الديك المقرمش لتقديم الوجبات,26.377787,50.14816
restaurant,FriesUp,26.371212,50.139603
restaurant,Gaslamp restaurant,26.371245,50.139587
restaurant,ليزا بيتزا | Lezapizza,26.3712,50.139615
restaurant,فول و تميس حسن يوسف,26.383983,50.141239
restaurant,Al Tazij Bukhari Restaurant,26.384051,50.141248
restaurant,Falafel pie,26.381665,50.148216
restaurant,مقهى همسة مزاج,26.377967,50.148328
park,Nahda Park,26.371544,50.139354
clinic,Al Nahdah,26.377084,50.143618
clinic,SABIC DAMMAM OFFICE,26.400682,50.143468
clinic,مركز ترياق البدن للحجامة,26.383391,50.104353
clinic,أولاد المنفصلين,26.405488,50.1137
clinic,شركة مجمع النهضة الطبي,21.757308,39.197833
mosque,مسجد حي النهضة (د),26.278149,50.136773
mosque,Nahda Mosque,26.355384,50.189024
mosque,مسجد تحت الانشاء,26.380486,50.146603
mosque,مسجد السلام,26.375376,50.145587
mosque,Arafat mosque/Masjid,26.413995,50.116457
mosque,مسجد الدامغ,26.378608,50.087564
mosque,جامع محمد بن علي الصانع رحمه الله,26.432719,50.034025
mosque,مسجد عمر بن عبدالعزيز العكاس وحرمه رحمهما الله,26.380651,50.146656
restaurant,ALMUMTAZ,26.423162,50.029327
restaurant,Leffah An Nur,26.427109,50.023751
restaurant,مشاوي الريم,26.422775,50.027573
restaurant,مطاعم أبو هلال,26.421022,50.023683
restaurant,Wreath Valley Restaurant,26.425379,50.024046
restaurant,فوال بصمة الافراح حي النور,26.425075,50.023968
restaurant,ربع شواية - فرع النور,26.42108,50.023837
restaurant,DAIZER,26.418564,50.017937
restaurant,بوفيه ليان السعادة,26.429918,50.011884
restaurant,بوفية خيرات النور للوجبات السريعة,26.432942,50.020578
restaurant,مطعم مخفوق,26.426109,50.024055
restaurant,مطعم باب صنعاء للأكلات الشعبية,26.426218,50.024006
restaurant,NAHID RESTAURANT,26.434865,50.017534
restaurant,بوفيه ليان السعادة الفرع (2),26.431746,50.02208
restaurant,سناعة امي لطيفه النور,26.422724,50.027587
restaurant,منؤشة الريف,26.42661,50.035326
restaurant,مطعم واستراحة الصقر للوجبات السريعه حي النور طريق دله,26.430746,50.039191
restaurant,برغرايززر | Burgerizzr,26.424042,50.030233
restaurant,مطعم بوعلي للمندي,26.426246,50.011816
restaurant,Anjar Restaurant,26.422915,50.027502
restaurant,مطعم عيش و حطب حي النور,26.424456,50.011836
restaurant,مطعم مندي كويك ميل - حي النور,26.427691,50.023294
restaurant,بوفية ذوق المسره لتقديم الوجبات,26.425238,50.024078
restaurant,Kudu - King Saud-Dammam,26.420823,50.023468
restaurant,فلافل قسمة دمشق,26.426002,50.023658
restaurant,Faris Broasted An Nur بروستد فرش(فارس) حي النور,26.424094,50.024959
restaurant,مطعم أبو النور,26.398989,50.041384
restaurant,خِمرة,26.426248,50.01701
restaurant,Al Deerah Foul Yemeni Restaurant,26.421956,50.026073
restaurant,برجر مشوي إيثار الشواء,26.418939,50.018824
restaurant,Des Pardes,26.435816,50.018851
restaurant,Shawarma Zone,26.42269,50.027609
restaurant,Classico Diet,26.418574,50.017964
restaurant,Lums,26.4301,50.021991
restaurant,Lilia Vineleaf - ورق عنب ليليا,26.422372,50.027877
restaurant,TIKKAH TIME GRILLS,26.426085,50.024068
restaurant,معجنات فطيرة وعنب الشام فرع 2,26.430498,50.021775
restaurant,Mantorose Cafe,26.42292,50.024977
restaurant,Maestro Pizza,26.4265,50.035404
restaurant,RUFUD Restaurant,26.434231,50.019605
restaurant,بوفيتزا,26.428224,50.02213
restaurant,مطعم أبو النور,26.384954,50.058479
restaurant,Racconto Burger,26.42675,50.01672
restaurant,مضغوط مذهل,26.422661,50.025192
restaurant,McDonald's,26.423391,50.029582
restaurant,مطعم قلعة النور,26.425856,50.01188
restaurant,Al Millas Al Hasawi Restaurant,26.426246,50.011893
restaurant,Herfy,26.419625,50.020081
restaurant,Shawarmer | شاورمر,26.423766,50.030791
school,Nur Primary School Boys,26.431767,50.033041
school,مدرسة أبو جعفر المنصور المتوسطة بالدمام حي النور,26.422727,50.013395
school,مدرسة الشموس بنت مالك (او ام الضحاك),26.428089,50.012921
school,مدرسه الرابعه والثلاثون حي النور الدمام,26.404401,50.023227
school,ابتدائية ذو النورين,26.434548,50.008524
school,مدرسة براعم نور الهدى الابتدائية للبنات,26.401429,50.031235
mosque,Masjid Al-Qahtani,26.429244,50.01903
mosque,جامع السبطين---,26.438741,50.028443
mosque,Naser Saleh Alogaiel Mosque,26.428663,50.016478
mosque,جامع عبدالكريم محمد اباحسين,26.432624,50.017859
mosque,Civil mosque,26.431433,50.03149
mosque,جامع مبارك عسكر الهاجري,26.42215,50.01478
mosque,Umm Ayman mosque,26.421152,50.017913
mosque,Mosque of Umm al-Darda,26.419907,50.015508
mosque,مسجد امنة طاهر عبدالحميد,26.426603,50.018706
mosque,مسجد مصلى,26.426702,50.022755
mosque,مصلى صغير حي النور,26.428008,50.023714
mosque,Al-Fayad and Shamali Mosque,26.416359,50.017961
mosque,مسجد,26.427759,50.023776
mosque,Qurean Alqahtani Mosque,26.432785,50.028031
mosque,جامع حامد القحطاني,26.435236,50.021297
mosque,مسجد النور,26.434724,50.029955
mosque,جامع عبدالله آل منير,26.4201,50.025288
mosque,مسجد جليبيب الأنصاري,26.424597,50.016076
mosque,Norah Al Huqail Mosque,26.409808,50.006598
mosque,مسجد,26.428623,50.037412
mosque,مسجد شمال النور ( ابو محمد الغامدي واخوانه ),26.425028,50.021585
mosque,مسجد ثنوى بنت عائض يرحمها الله,26.436162,50.02628
mosque,جامع الاخوين,26.435327,50.007137
mosque,مسجد محمد جابر الشنبري,26.426434,50.013709
mosque,مصلى,26.422558,50.031132
mosque,جامع,26.429992,50.037164
mosque,مسجد,26.422242,50.012421
mosque,مسجد المدينة,26.417288,50.031248
mosque,مسجد جامع جمعة وصلاة العيد,26.43688,50.031664
mosque,Umul Muminin Khadija Bint Khawlid Mosque.,26.414414,50.026658
mosque,Msadjadheik Suleiman Al-Shiha,26.424295,50.01325
mosque,Saleh bin Srdouh Mosque,26.410353,50.004209
mosque,مسجد أهل الخير,26.43016,50.037426
mosque,مسجد صغير جميل وهادئ,26.435831,50.034314
pharmacy,صيدلية دواء العرب بحي النور,26.426912,50.017266
pharmacy,الدمام حي النور شارع الملك سعود صيدليه النهدي,26.420268,50.018428
pharmacy,صيدلية الدواء ١٢٢٤,26.425914,50.017181
bank,SNB AlAhli ATM,26.420191,50.021572
bank,SAB الأول,26.423904,50.030543
bank,Riyad Bank ATM,26.436037,50.034559
bank,SAB الأول,26.426156,50.034418
bank,Al Rajhi ATM,26.422448,50.012084
bank,Al Rajhi ATM,26.432789,50.037326
bank,SNB AlAhli ATM,26.427056,50.036384
bank,صراف بنك الجزيره,26.42666,50.02337
restaurant,Noor Sham Pastries Restaurant,26.414696,50.030945
restaurant,ABO NOUR (BBQ),26.474941,50.053379
restaurant,مشكوك بحب فرع الدمام النور,26.423803,50.030737
restaurant,فوال نور الصباح,26.440171,50.124456
restaurant,معجنات نور الشام فرع2 الضاحية,26.415665,50.000795
restaurant,مطبق و معصوب مالح حلو | النور,26.419098,50.019194
restaurant,مطعم النور,30.991175,41.038844
restaurant,مطاعم موفين,26.421958,50.026572
restaurant,مطعم النور,21.630963,39.144256
restaurant,مطبخ ومطعم نور الدار,26.42104,50.047401
restaurant,مخبز و فوال نور الصباح,26.423139,50.11367
restaurant,فوال ومخبز تميس نور الصباح,26.424678,50.083552
restaurant,مخبز و فوال نور الصباح,26.419466,50.032329
restaurant,عصير صمدو ثمرة الفراولة – فرع النور، الدمام,26.422444,50.02534
restaurant,Alnoor Industrial Complex,26.436785,50.033127
restaurant,Shawerma OFF,26.418509,50.017762
restaurant,المشوى العنابي,26.426591,50.035351
restaurant,Elastien Protien,26.422791,50.027559
restaurant,نور الصباح,26.436305,50.019438
restaurant,لقيمات تاليا,26.418965,50.018771
clinic,لقط المنافع,26.420343,50.022592
clinic,رواد الامل للعلاج الطبيعي المكثف,26.42614,50.023305
restaurant,بوفية النورس الأولى,26.410794,50.180295
mall,ORA MALL,26.312485,50.177357
mall,Lifestyle - Dareen Mall,26.4622,50.0655
mall,TOTAL Warehouse Dammam,26.407437,50.168361
mall,Lightnings mountains,26.408117,50.186121
school,نورس,26.410038,50.187845
clinic,Al Nowras Clinics - عيادات النورس المتخصصة لطب الاسنان,21.576409,39.150954
clinic,Dr Faraz Mohammed Kasti (Oral & Maxillofacial Pathologist),26.408232,50.179817
clinic,Al Nawras Medical Center,25.254806,51.449928
clinic,An Nawras,26.411986,50.184691
clinic,Alnawras Health Center,26.40779,50.180346
clinic,MOH primary health center petromin,26.407791,50.180345
mosque,Al Bayan Mosque,26.410883,50.184217
mosque,Taibah Al Taibah Mosque,26.408382,50.186027
mosque,مسجد الحي,26.413358,50.187455
mosque,مصلى العيد,26.414516,50.178794
mosque,مسجد شيخة بنت علي ال كلثم رحمها الله,26.414548,50.184224
mosque,Majed Al-Harthy Mosque,26.408429,50.188269
mosque,مسجد حصة الدبل,26.410978,50.190905
pharmacy,"شركة الخدمات الطبية والصيدلانية ,بشير شكيب الجابري وشركاه المحدودة",26.40777,50.187967
pharmacy,شركة وارد للتجارة شركة شخص واحد,26.440398,50.102789
mall,شركة النورس Alnawars,26.342253,50.084377
mall,بنتي نوارة الدمام,26.455275,50.106117
mall,Riyal & More Company شركة ريال أو أكثرسابقاّ مركز شيخة,26.439721,50.103151
mall,ورشة النورس,26.452418,50.046179
mall,عبد الصمد القرشي للعطور والعود والمسك والبخور,26.460583,50.064667
mall,Arabian Oud,26.461089,50.065218
school,مدرسة مالك بن سنان المتوسطة,26.412543,50.177756
school,الثانوية العشرون,26.408799,50.184643
school,مدرسة أم المؤمنين ميمونة بنت الحارث رضي الله عنها,26.410105,50.187106
school,ابتدائية الاوزاعي,26.412412,50.177553
school,مركز مغامرات الصغار لضيافة الاطفال,26.411553,50.181761
school,المتوسطة الحادية والعشرون بالدمام,26.405276,50.181835
clinic,Petromin Business Center,26.407477,50.188108
clinic,مركز الهلال الاحمر,26.425996,50.167079
clinic,مدرسة ام المؤمنين ميمونة لتحفيظ القرآن,26.410091,50.187166
clinic,Bander Albadeen Business Center مركز بندر البدين للأعمال,26.400554,50.162861
clinic,Service Dept. Bashir Shakib Aljabri LTD & Co.قسم الصيانة شركة بشير شكيب,26.407382,50.188275
clinic,مركز الضياء المتطور للتجارة,26.407929,50.154948
clinic,مؤسسة وادي الفيض للتجارة,26.412935,50.157446
clinic,Al Waleed Business Center,26.391439,50.178196
clinic,Nawras Dental Clinic,23.637108,58.20157
clinic,Modern Care Car Maintenance Center,26.39967,50.167878
clinic,Arab Recycling Co - Dammam Branch,26.401284,50.162939
clinic,اليوبي اس,26.409537,50.172488
clinic,مركز سمور,26.41683,50.161453
clinic,مركز مرآب لصيانة السيارات _MerApp Saptco,26.398035,50.167084
clinic,Ielts Exam Centre A79 Entrance,26.405886,50.18075
clinic,مجلس الرماح,26.410623,50.186305
clinic,Autohous For Luxury Cars Services اوتو هاوس لصيانة السيارات الفاخرة,26.408411,50.16978
park,Nowras Art Park,26.31777,50.227071
park,حديقة الكروان,26.411791,50.178175
park,حديقة النورس,21.591075,39.119133
park,Al Nawras Garden,22.803644,38.984239
park,Alnawras park,26.412973,50.183778
restaurant,Durrat Alwaha,26.445487,50.001443
restaurant,بوفية جزر السعادة فرع الواحة,26.384502,50.096141
restaurant,SPICE 6,26.412102,50.115677
restaurant,Sajen - صاجن,26.376508,50.089088
restaurant,اسطوره الواحه,26.410688,50.033313
restaurant,Spice 6,26.372342,50.099047
restaurant,Etsu | ايتسو,26.385232,50.09636
restaurant,مطعم الضأن للأكلات الشعبية,26.37865,50.099781
restaurant,شافل شاورما واكثر Shafl,26.372878,50.099867
restaurant,سلطان الجمبري الدمام,26.379388,50.099459
restaurant,بوفيه رونق الإفطار,26.382043,50.097461
restaurant,Sufrat Baladna,26.386587,50.095464
restaurant,بوفية التنين الأزرق للوجبات,26.384991,50.095937
restaurant,LAMBDA | لامدا,26.381232,50.0989
restaurant,مطعم فريج السالمية للمأكولات الكويتية,26.379397,50.099386
restaurant,BASE,26.379059,50.100167
restaurant,بخاري الشباك,26.379004,50.099585
restaurant,برجرمشوي علي الفحم,26.385187,50.096391
restaurant,24Cafe,26.382779,50.097942
restaurant,شركة الأغذية العربية لخدمات الإعاشة,26.385427,50.100633
restaurant,Restaurant KNUZ AL-BACHAR AL-DHAHBIA For seafood,26.37923,50.099439
restaurant,Terminali تيرمنالي,26.375812,50.088466
restaurant,ام خلف دايت. فرع الدمام - UM KHALAF DIET. Dammam,26.385277,50.096386
restaurant,جباتي وكرك,26.383971,50.096489
restaurant,DUO,26.388517,50.098999
mall,مجمع الواحة الدمام,26.382767,50.097581
school,مركز كيان العلم لضيافة الاطفال الاهلية حي الواحة,26.378804,50.10267
school,Shaima Bint Harith Women's School for the Memorization of Quran,26.38129,50.099432
school,"Al waha private School for Girls,مدرسه الواحه الاهليه.",28.423813,45.984437
school,Alwaha Elementary School,27.15945,49.531718
school,Al Waha International School Jeddah,21.561344,39.217634
school,مدرسة ادماير مسار مصرى بنات,26.393256,50.086263
school,اكاديمية شمعة للتدريب,26.397188,50.080188
mosque,مسجد أمل الخير,26.386136,50.090336
mosque,مسجد عبدالوهاب أبوبشيت,26.38482,50.09788
mosque,مسجد التوحيد,26.385301,50.087743
mosque,مسجد الواحة (zone 7),26.353213,49.977687
mosque,Al Yaeesh Mosque,26.387377,50.095822
mosque,Alrahma Mosque,26.383344,50.096054
mosque,مسجد,26.376787,50.094586
mosque,مصلى محطة اومكو,26.382229,50.097384
bank,صرافة بنك الرياض ATM,26.382545,50.097999
restaurant,مطعم واحة كبسه البخاري,26.364073,50.039449
restaurant,مطعم واحة حضرموت للمندي والمظبي والمكتوم,26.42187,50.035947
school,Al Wahah,26.382767,50.097581
school,Al Waha School,21.55216,39.218161
school,مدرسة صحة البيئة,26.391072,50.086194
school,مركز واحة طفلي ضيافة الاطفال الاهليه,26.357676,50.04789
school,Al-Waha international school,30.001803,31.290525
school,مدارس واحة جدة الأهلية,21.569795,39.25145
school,Al Waha International School,29.966257,31.180563
school,Wahat Al-Ula International Schools,24.675665,46.686831
school,مدارس واحة المعرفة العالمية,30.986858,41.005259
school,محامص واحه النخبه,26.211792,50.207669
school,_,26.344227,50.164648
clinic,استراحه الواحه,26.343339,49.968763
clinic,مجمع عيادات ساشا,26.387597,50.089291
restaurant,مطعم الوسام بلس,26.371954,50.084708
restaurant,Wasam Buffet,26.295717,50.034253
restaurant,مطعم الوسام الذهبي لتقديم الوجبات,26.577794,50.083727
mall,مؤسسة ثلاجة الوسامة,26.418324,50.021456
mall,معرض الوسام الاول للسيارات بالدمام,26.400252,50.015071
mall,الوسام للتجارة مواد بلاستيكية وتمومينية,26.448785,50.027145
school,مدرّسة دورة الوسام للقدرات,26.436442,50.069358
school,Al Wisam School,26.215812,50.497188
school,مدارس الوسام العالمية Alwisam international school,26.352706,43.965797
clinic,مجمع الوسام,26.327451,50.151141
clinic,مركز الوسام,26.422989,50.087249
mosque,Amarah Ibn Shabib Mosque,26.411276,50.030015
mosque,"Saudi arabia dammam ,An nur ,Dammam",26.43589,50.020871
park,بوفيه الوسام المتميز,26.168113,49.924288
park,مؤسسة الوسام للتجارة,26.371282,50.04637
park,AlWisam,26.557299,50.073103
pharmacy,صيدلية وسام الدواء الطبية,24.802558,46.766026
pharmacy,صيدلية وسام الدواء الطبية,24.770307,46.829441
pharmacy,Wesam Pharmacy,27.184435,31.187682
mall,وسام الطيف للملابس الجاهزه,26.460752,50.065328
mall,Alam Al-Wisam,24.443418,39.569344
mall,الوسام مول,28.40998,45.968036
mall,Alam Al-Wisam,21.625853,39.162282
mall,عالم الوسام الحمدانية الفلاح,21.770096,39.19451
mall,عالم الوسام,24.492799,39.5941
mall,عالم الوسام جدة فرع الامير سلطان,21.599628,39.143101
mall,Dana Sun,26.422994,50.030788
mall,عالم الوسام الحمدانية الحرمين,21.772811,39.176289
mall,شركة عالم الوسام,18.23916,42.77711
mall,الماسة للأواني المنزلية,26.415952,50.079259
mall,عالم الوسام فرع ينبع,24.09798,38.08976
mall,Alam Al-Wisam Co.,24.72371,46.821742
mall,"EXTRA , كليكس الكترونيات من اكسترا",26.426151,50.034321
mall,Mihyar مهيار,26.391412,50.037358
clinic,وسام,26.4197,50.046556
clinic,مركز العيون_بمستشفى المواساة الدمام,26.409779,50.046669
clinic,alwisam united dental clinic,21.567051,39.180304
clinic,مركز اسس واي للمساج,26.411459,50.055645
clinic,شركة بن شيهون التجارية مركز خدمه,26.421175,50.047607
mosque,مسجد الوسام,26.301696,50.051143
park,ساحة البدور حي بدر,26.401556,50.03596
park,حديقة بدر حي بدر 91,26.410582,50.025932
park,Alanwar park,26.394707,50.026932
park,حديقة,26.390546,50.022481
park,حديقة طيبة,26.355074,50.03967
park,نبي حديقة,26.412784,50.042701
park,حديقة النواشره,26.415308,50.033285
park,حديقة,26.413833,50.027027
restaurant,KARAK AL BADR,26.411538,50.026028
restaurant,معجنات فطيرة وعنب الشام,26.406835,50.035871
restaurant,بوفية نوادر الفيتامين,26.407585,50.015186
restaurant,Enlightenment Almmmaz,26.415965,50.024374
restaurant,مطعم سمك ورز للمأكولات البحرية (Fish & Rice Seafood Restaurant),26.416729,50.026852
restaurant,مطعم بخاري غير,26.413291,50.031393
restaurant,Barsha Broast,26.401811,50.035461
restaurant,Popeyes | بوبايز,26.397077,50.018573
restaurant,مزاج البن,26.411627,50.016866
restaurant,مطبخ ومطعم ديار العز,26.40358,50.018486
restaurant,الرواق الشعبي - حي بدر,26.412181,50.032295
restaurant,مطعم دايترز للأكل الصحي | وجبات صحية | Dieters healthy food,26.419571,50.022335
restaurant,مطاعم صدفة,26.401749,50.039467
restaurant,مطعم ذوق الشعب البخاري,26.405934,50.015848
restaurant,مطعم أصالة السده,26.400838,50.01723
restaurant,كافتريا الجندول المميز,26.406977,50.015661
restaurant,برجر مشوي الشمري,26.413021,50.019581
restaurant,Buffet-end break,26.414735,50.022753
restaurant,Shobrah Al Bukhari Restaurant,26.39904,50.017959
restaurant,After Ten cafe مقهى بعد العاشرة,26.412644,50.013688
restaurant,بروستد غرب,26.411815,50.017238
restaurant,بوفية سحب سبأ للوجبات السريعة,26.396027,50.018582
restaurant,مطعم شاطي حضرموت 91,26.41627,50.025834
restaurant,بوفية تسالي الشرقية,26.404057,50.018531
restaurant,Burger Grilled,26.41416,50.021865
restaurant,لمة كرك Lammat Karak,26.392701,50.031414
restaurant,Taba Gardens Restaurant,26.41128,50.015309
restaurant,بوفية أحلى فطور,26.411955,50.014473
restaurant,Grill burger برجر مشوى,26.413656,50.020765
restaurant,حاشيكم,26.415191,50.022857
restaurant,بونه كافيه bonah cafe,26.405391,50.024858
restaurant,مطعم ملتقى الخرطوم للآكلات الشعبية,26.412052,50.0166
restaurant,مطعم ومشويات الطوفان لتقديم الوجبات,26.412035,50.017673
restaurant,بوفيه البندري,26.402599,50.027679
restaurant,Elene Cafe,26.411356,50.025422
restaurant,مطعم المزايا,26.413224,50.031411
restaurant,مطبخ نجد,26.398398,50.037338
restaurant,مطاعم فلفلة,26.403108,50.038579
restaurant,McDonald's,26.40444,50.03745
restaurant,Kudu,26.410236,50.033479
restaurant,كرك الحارة,26.411369,50.01541
restaurant,بوفية روابي الشلوي,26.402661,50.028321
restaurant,بوفية طعمية بدر,26.353864,50.09833
restaurant,مطعم قلعة الحصن,26.405772,50.036638
mall,بيت الاسعار الشامل حي بدر,26.419573,50.02695
mall,نسيم الغرب للأتصالات: ظافر للاتصالات,26.407864,50.035227
mall,نكتار,26.402473,50.027262
mall,Ladies tailoring,26.398792,50.028429
mall,موسسه نسايم لملابس النسائيه,26.402307,50.027103
mall,(بيوتي . بيوتي سيكريتس ),26.414705,50.021946
mall,مطاحن الكيف الجنوبي للقهوه وجميع انواع البر,26.415405,50.023257
mall,اصالة الكيف,26.415137,50.022652
mall,صفوة المالك لتمور- منتجات وشعبيات القصيم,26.418211,50.021524
mall,بدر سكوير,26.404826,50.037175
mall,جنوب الضاحية للتنجيد ٩١,26.412897,50.031627
school,مدرسة رواد المدارات الاهلية - الابتدائية,26.39763,50.022673
school,Arafat Primary,26.405761,50.018612
school,مدرسة عثمان بن عفان الابتدائية,26.394998,50.028418
school,مدرسة الجهاد الثانوية حي بدر,26.405832,50.02732
school,الابتدائية الرابعة والثلاثون بالدمام,26.411557,50.029045
school,16th Intermediate Girls School,26.395924,50.032081
school,42nd Primary,26.400026,50.021932
school,الابتدائية السابعة والأربعون بالدمام,26.39949,50.03852
school,الابتدائيه السادسه والاربعون بالدمام بنات,26.409925,50.015603
school,مدرسة الابتدائية المعالي حي بدر,26.411893,50.028618
school,الابتدائية 47 للبنات,26.399467,50.038943
school,المتوسطة السابعة عشر بالدمام,26.399967,50.022059
school,المدرسه,26.404401,50.023227
school,11th Secondary School,26.411881,50.029726
school,الابتدائية 46,26.410792,50.018724
school,المدرسة المتوسطة العشرون للبنات,26.412743,50.029263
school,مركز درب العلم لضيافة الأطفال,26.401081,50.033882
school,ابتدائية ابوداوود,26.412495,50.015172
school,ثانوية زيد بن ثابت مقررات,26.396081,50.028142
school,متوسطة عمير بن الحمام الانصاري,26.404858,50.026748
school,المتوسطة الثالثة لتحفيظ القرآن بالدمام,26.41006,50.021943
school,مدرسة عقبة بن عامر القسم المتوسط,26.411563,50.027261
school,Madarsha Riyadul Zanna,26.389719,50.024842
school,Kabir madarsa,26.41168,50.029974
school,مدرسة سفانه بنت حاتم رضي الله عنها لتحفيظ القران,26.410337,50.026936
school,المتوسطة العشرون بالدمام,26.412312,50.029088
school,مركز الطفل المتقدم لضيافة الاطفال الاهليه,26.415383,50.02224
school,Children's paradise,26.389592,50.024746
school,المدرسة المتوسطة الثامنة والعشرون (بنات),26.410246,50.02224
school,ابتدائية عثمان بن عفان,26.39528,50.027995
school,Secondary seventeen girls in Dammam 17,26.40003,50.038386
school,Al Quran,26.410049,50.022476
school,المتوسطة السادس عشر,26.394796,50.024715
school,ALQASIM BIN MOHAMMED BIN ABY BAKR SECONDARY SCHOOL,26.396292,50.027906
school,مدرسة ثانوية الشفاء بنت عبدالله,26.402555,50.02061
school,المدرسة المتوسطة ١٦ بالدمام,26.394611,50.024984
school,Amra God bless her school for memorizing the Koran,26.394989,50.025646
school,متوسطة زينب بنت خزيمة الهلالية,26.402445,50.021321
school,مدرسة سعاد الأنصارية القرآنية,26.416229,50.018414
school,المدرسة السادسة والاربعون الدمام,26.404237,50.030333
school,ثانوية السابعه والعشرون بنات,26.394399,50.02537
clinic,Badr District Clinic,26.401742,50.030528
mosque,Barrak Mosque,26.395214,50.02647
mosque,Mosque of the Caliphs,26.404219,50.019453
mosque,جامع محمد بن عبدالوهاب,26.397049,50.038308
mosque,مسجد بدرية بنت عبدالله الدوسري,26.357372,50.04307
mosque,Zaid bin Alsamet Mosque,26.413451,50.019023
mosque,Al Mubarak Mosque,26.39666,50.022649
mosque,Salih JarAllah Al Ojaymi Mosque,26.397874,50.018684
mosque,Um Almumineen Aisha Mosque,26.401208,50.021734
mosque,مسجد رياض الاسلام,26.391841,50.024074
mosque,Collector Khafrah,26.404824,50.036334
mosque,مسجد فهد بن شالح الرحماني,26.390662,50.02275
mosque,Hilal bin Saad mosque,26.397826,50.033948
mosque,Asma bint Abi Bakr Mosque,26.409915,50.016654
mosque,Thaalabah Mosque,26.398489,50.026894
mosque,جامع حراء,26.40644,50.016701
mosque,مسجد عروة بن الزبير,26.409745,50.020986
mosque,مسجد عبد الله بن سلمه,26.402437,50.017754
mosque,Khuzaima Ibn Thabit Mosque,26.399135,50.030149
mosque,Al Mohtasb mosque,26.407887,50.034699
mosque,Monthly Ahmed Mosque,26.415508,50.022566
mosque,Yousef bin Abdullah mosque peace,26.392202,50.027313
mosque,مسجد دلهام السهيمي و والديه,26.413911,50.029912
mosque,Salah Al-Suhaimi Mosque,26.413063,50.014731
mosque,مسجد دحية الكلبي,26.404143,50.029129
mosque,مسجد الحارث الأشعري,26.412846,50.023228
mosque,Jarir bin abdullah Mosque,26.4033,50.033482
mosque,مسجد عمرو بن الطفيل,26.406167,50.029739
mosque,Tariq bin Shihab Mosque,26.394828,50.030121
mosque,مسجد تميم الداري,26.406632,50.020968
mosque,مسجد الضياء,26.407854,50.031993
mosque,مسجد عبدالعزيز بن باز,26.406708,50.039743
pharmacy,United Pharmacy - صيدلية المتحدة,26.408464,50.015057
pharmacy,Lemon Pharmacy - صيدلية ليمون,26.418406,50.019474
pharmacy,الدمام حي الضاحيه العاشر,26.422497,50.000086
pharmacy,صيدلية لافندر - حي احد,26.404413,50.038187
bank,SNB AlAhli ATM,26.420313,50.024562
bank,SNB AlAhli ATM,26.411547,50.015444
bank,AlRajhi Bank ATM,26.407256,50.035563
bank,مرنة,26.398812,50.041562
bank,Aldrees,26.41684,50.0289
bank,ATM Bank Al Jazira,26.411093,50.014734
bank,Riyad Bank ATM,26.406925,50.01415
bank,Bank Albilad ATM,26.413048,50.019725
bank,SNB AlAhli ATM,26.396187,50.018813
bank,صراف البنك السعودي للإستثمار,26.406794,50.015389
bank,Albilad ATM | صراف البلاد,26.403655,50.038123
bank,efrewgtrgtwger,26.406833,50.023037
bank,SAB الأول,26.420116,50.023961
bank,صراف مصرف الراجحي,26.415109,50.022458
bank,صراف بنك الرياض,26.398049,50.03745
bank,مكتب الوسيط سداد قروض تسديد متعثرات,26.417435,50.02918
bank,صراف الإنماء | Alinma ATM,26.401283,50.017137
bank,AlJazira ATM,26.416714,50.028986
bank,Al Rajhi Bank ATM,26.399742,50.017703
bank,SNB AlAhli ATM,26.419797,50.032947
bank,anb ATM صراف البنك العربي الوطني - Alotaibi Gas Station,26.418271,50.02908
restaurant,طعمية بدر,26.417287,50.109807
restaurant,Foale and bakery south,26.391693,50.031898
restaurant,مطبخ ومندي ريم البوادي,26.399695,50.040881
restaurant,بوفية طعمية بدر,26.341184,50.034775
restaurant,بوفية طعمية بدر,26.418274,50.017192
mall,Bader Mall,26.443059,50.097407
school,المدرسة الابتدائية السابعة والاربعون بنات,26.399762,50.039017
school,Bader High School,21.580811,39.170937
school,Badr,26.404401,50.023227
school,Badr Al kubra Primary Boys School,26.167931,50.560474
school,متوسطة مجمع عقبه بن عامر التعليمي,26.411494,50.027236
restaurant,مطعم بيت الباشوات ‏الفاخرية,26.35938,50.067138
restaurant,East Khaled fast food,26.384219,50.058206
restaurant,ديوانية زعفران,26.420843,50.100605
mall,Dana Shopping Center,26.343248,50.138516
school,(ثانوية اليرموك الاهليه) بنين,26.357206,50.129259
park,Forgiveness Park,26.354571,50.127871
park,Aramco Environmental Park 1 Parking Lot,26.346768,50.126493
park,Aljamiah District Park,26.346934,50.126367
park,Jasmine Park,26.34759,50.13369
pharmacy,Almohanna Pharmacy,26.494222,50.035284
pharmacy,pharma home pharmacy,26.461519,50.081563
mall,ناتشورال تاتش - Natural Touch,26.46121,50.065356
mall,Plaza Premium Lounge Dammam (International Departures),26.468584,49.796207
mall,مول المغامراة,26.461301,50.064939
school,مدرسة تهامة الإبتدائية الأهلية,21.598257,39.149467
school,Tehama School,18.201262,42.81014
school,Tihamah,26.353393,50.130467
clinic,مركز تهامة الطبي,32.027476,36.018236
clinic,JEHA Bldg 9165 Mental clinic,26.308704,50.137708
clinic,Psychiatric and mental health services عيادات الصحه النفسيه,26.308437,50.137804
clinic,مجمع ساحل تهامة الطبي العام,19.141291,41.081982
clinic,عيادات الطب المتخصص للاسنان,26.32297,50.161882
mosque,Najla Almuraikhi Mosque,26.370587,50.119359
mosque,Ahmed Alsaeed Mosque,26.35659,50.128971
mosque,Gholoom Wife's Mosque,26.338249,50.132838
mosque,مسجد,26.382914,50.104992
mosque,Amnah Mosque,26.356579,50.128989
mosque,مسجد قماشه البداح وهيا العتيبي رحمة الله عليهم,26.372748,50.146248
mosque,جامع الفلاح,26.362481,50.102753
park,Tihama Park,21.549266,39.209102
